quarter,origin_country,destination_port,cargo_type,vessel_class,distance_nm,bdi_index_quarter_avg,bunker_price_quarter_avg_usd_per_mt,rate_usd_per_tonne
2019Q3,Australia,Paradip,Coal,Capesize,4400,2023.0,486.4,9.92
2019Q3,Australia,Paradip,Coal,Panamax,4400,2023.0,486.4,11.07
2019Q3,Australia,Paradip,Coal,Supramax,4400,2023.0,486.4,13.75
2019Q3,Australia,Paradip,Coal,Handysize,4400,2023.0,486.4,16.07
2019Q3,Australia,Paradip,Iron Ore,Capesize,4400,2023.0,486.4,8.23
2019Q3,Australia,Paradip,Iron Ore,Panamax,4400,2023.0,486.4,9.87
2019Q3,Australia,Paradip,Bauxite,Panamax,4400,2023.0,486.4,12.11
2019Q3,Australia,Paradip,Bauxite,Supramax,4400,2023.0,486.4,13.91
2019Q3,Australia,Paradip,Bauxite,Handysize,4400,2023.0,486.4,16.32
2019Q3,Australia,Paradip,Grain,Panamax,4400,2023.0,486.4,13.37
2019Q3,Australia,Paradip,Grain,Supramax,4400,2023.0,486.4,16.58
2019Q3,Australia,Paradip,Grain,Handysize,4400,2023.0,486.4,19.17
2019Q3,Australia,Dhamra,Coal,Capesize,4350,2023.0,486.4,9.48
2019Q3,Australia,Dhamra,Coal,Panamax,4350,2023.0,486.4,11.51
2019Q3,Australia,Dhamra,Coal,Supramax,4350,2023.0,486.4,13.13
2019Q3,Australia,Dhamra,Coal,Handysize,4350,2023.0,486.4,14.55
2019Q3,Australia,Dhamra,Iron Ore,Capesize,4350,2023.0,486.4,8.62
2019Q3,Australia,Dhamra,Iron Ore,Panamax,4350,2023.0,486.4,9.63
2019Q3,Australia,Dhamra,Bauxite,Panamax,4350,2023.0,486.4,11.99
2019Q3,Australia,Dhamra,Bauxite,Supramax,4350,2023.0,486.4,13.54
2019Q3,Australia,Dhamra,Bauxite,Handysize,4350,2023.0,486.4,15.65
2019Q3,Australia,Dhamra,Grain,Panamax,4350,2023.0,486.4,12.97
2019Q3,Australia,Dhamra,Grain,Supramax,4350,2023.0,486.4,16.17
2019Q3,Australia,Dhamra,Grain,Handysize,4350,2023.0,486.4,17.9
2019Q3,Australia,Vizag,Coal,Capesize,4250,2023.0,486.4,9.49
2019Q3,Australia,Vizag,Coal,Panamax,4250,2023.0,486.4,11.14
2019Q3,Australia,Vizag,Coal,Supramax,4250,2023.0,486.4,13.41
2019Q3,Australia,Vizag,Coal,Handysize,4250,2023.0,486.4,15.47
2019Q3,Australia,Vizag,Iron Ore,Capesize,4250,2023.0,486.4,8.8
2019Q3,Australia,Vizag,Iron Ore,Panamax,4250,2023.0,486.4,10.31
2019Q3,Australia,Vizag,Bauxite,Panamax,4250,2023.0,486.4,12.73
2019Q3,Australia,Vizag,Bauxite,Supramax,4250,2023.0,486.4,13.62
2019Q3,Australia,Vizag,Bauxite,Handysize,4250,2023.0,486.4,15.75
2019Q3,Australia,Vizag,Grain,Panamax,4250,2023.0,486.4,13.15
2019Q3,Australia,Vizag,Grain,Supramax,4250,2023.0,486.4,16.13
2019Q3,Australia,Vizag,Grain,Handysize,4250,2023.0,486.4,19.06
2019Q3,Australia,Haldia,Coal,Capesize,4520,2023.0,486.4,13.03
2019Q3,Australia,Haldia,Coal,Panamax,4520,2023.0,486.4,14.86
2019Q3,Australia,Haldia,Coal,Supramax,4520,2023.0,486.4,17.35
2019Q3,Australia,Haldia,Coal,Handysize,4520,2023.0,486.4,21.21
2019Q3,Australia,Haldia,Iron Ore,Capesize,4520,2023.0,486.4,12.08
2019Q3,Australia,Haldia,Iron Ore,Panamax,4520,2023.0,486.4,14.04
2019Q3,Australia,Haldia,Bauxite,Panamax,4520,2023.0,486.4,15.71
2019Q3,Australia,Haldia,Bauxite,Supramax,4520,2023.0,486.4,18.91
2019Q3,Australia,Haldia,Bauxite,Handysize,4520,2023.0,486.4,21.86
2019Q3,Australia,Haldia,Grain,Panamax,4520,2023.0,486.4,18.52
2019Q3,Australia,Haldia,Grain,Supramax,4520,2023.0,486.4,22.09
2019Q3,Australia,Haldia,Grain,Handysize,4520,2023.0,486.4,25.08
2019Q3,Australia,Kolkata,Coal,Capesize,4550,2023.0,486.4,15.07
2019Q3,Australia,Kolkata,Coal,Panamax,4550,2023.0,486.4,17.27
2019Q3,Australia,Kolkata,Coal,Supramax,4550,2023.0,486.4,20.3
2019Q3,Australia,Kolkata,Coal,Handysize,4550,2023.0,486.4,23.85
2019Q3,Australia,Kolkata,Iron Ore,Capesize,4550,2023.0,486.4,12.57
2019Q3,Australia,Kolkata,Iron Ore,Panamax,4550,2023.0,486.4,15.33
2019Q3,Australia,Kolkata,Bauxite,Panamax,4550,2023.0,486.4,17.79
2019Q3,Australia,Kolkata,Bauxite,Supramax,4550,2023.0,486.4,20.63
2019Q3,Australia,Kolkata,Bauxite,Handysize,4550,2023.0,486.4,24.26
2019Q3,Australia,Kolkata,Grain,Panamax,4550,2023.0,486.4,21.76
2019Q3,Australia,Kolkata,Grain,Supramax,4550,2023.0,486.4,23.39
2019Q3,Australia,Kolkata,Grain,Handysize,4550,2023.0,486.4,28.95
2019Q3,Indonesia,Paradip,Coal,Capesize,2800,2023.0,486.4,5.72
2019Q3,Indonesia,Paradip,Coal,Panamax,2800,2023.0,486.4,7.03
2019Q3,Indonesia,Paradip,Coal,Supramax,2800,2023.0,486.4,8.34
2019Q3,Indonesia,Paradip,Coal,Handysize,2800,2023.0,486.4,9.83
2019Q3,Indonesia,Paradip,Iron Ore,Capesize,2800,2023.0,486.4,5.6
2019Q3,Indonesia,Paradip,Iron Ore,Panamax,2800,2023.0,486.4,6.58
2019Q3,Indonesia,Paradip,Bauxite,Panamax,2800,2023.0,486.4,7.37
2019Q3,Indonesia,Paradip,Bauxite,Supramax,2800,2023.0,486.4,8.57
2019Q3,Indonesia,Paradip,Bauxite,Handysize,2800,2023.0,486.4,10.41
2019Q3,Indonesia,Paradip,Grain,Panamax,2800,2023.0,486.4,8.48
2019Q3,Indonesia,Paradip,Grain,Supramax,2800,2023.0,486.4,9.51
2019Q3,Indonesia,Paradip,Grain,Handysize,2800,2023.0,486.4,11.1
2019Q3,Indonesia,Dhamra,Coal,Capesize,2750,2023.0,486.4,5.54
2019Q3,Indonesia,Dhamra,Coal,Panamax,2750,2023.0,486.4,6.82
2019Q3,Indonesia,Dhamra,Coal,Supramax,2750,2023.0,486.4,7.86
2019Q3,Indonesia,Dhamra,Coal,Handysize,2750,2023.0,486.4,9.29
2019Q3,Indonesia,Dhamra,Iron Ore,Capesize,2750,2023.0,486.4,5.07
2019Q3,Indonesia,Dhamra,Iron Ore,Panamax,2750,2023.0,486.4,6.06
2019Q3,Indonesia,Dhamra,Bauxite,Panamax,2750,2023.0,486.4,7.19
2019Q3,Indonesia,Dhamra,Bauxite,Supramax,2750,2023.0,486.4,8.12
2019Q3,Indonesia,Dhamra,Bauxite,Handysize,2750,2023.0,486.4,9.68
2019Q3,Indonesia,Dhamra,Grain,Panamax,2750,2023.0,486.4,7.85
2019Q3,Indonesia,Dhamra,Grain,Supramax,2750,2023.0,486.4,9.26
2019Q3,Indonesia,Dhamra,Grain,Handysize,2750,2023.0,486.4,10.74
2019Q3,Indonesia,Vizag,Coal,Capesize,2650,2023.0,486.4,5.37
2019Q3,Indonesia,Vizag,Coal,Panamax,2650,2023.0,486.4,6.68
2019Q3,Indonesia,Vizag,Coal,Supramax,2650,2023.0,486.4,7.53
2019Q3,Indonesia,Vizag,Coal,Handysize,2650,2023.0,486.4,8.89
2019Q3,Indonesia,Vizag,Iron Ore,Capesize,2650,2023.0,486.4,5.13
2019Q3,Indonesia,Vizag,Iron Ore,Panamax,2650,2023.0,486.4,6.0
2019Q3,Indonesia,Vizag,Bauxite,Panamax,2650,2023.0,486.4,7.05
2019Q3,Indonesia,Vizag,Bauxite,Supramax,2650,2023.0,486.4,8.01
2019Q3,Indonesia,Vizag,Bauxite,Handysize,2650,2023.0,486.4,9.19
2019Q3,Indonesia,Vizag,Grain,Panamax,2650,2023.0,486.4,7.85
2019Q3,Indonesia,Vizag,Grain,Supramax,2650,2023.0,486.4,8.65
2019Q3,Indonesia,Vizag,Grain,Handysize,2650,2023.0,486.4,10.13
2019Q3,Indonesia,Haldia,Coal,Capesize,2920,2023.0,486.4,7.69
2019Q3,Indonesia,Haldia,Coal,Panamax,2920,2023.0,486.4,9.11
2019Q3,Indonesia,Haldia,Coal,Supramax,2920,2023.0,486.4,11.16
2019Q3,Indonesia,Haldia,Coal,Handysize,2920,2023.0,486.4,12.37
2019Q3,Indonesia,Haldia,Iron Ore,Capesize,2920,2023.0,486.4,7.16
2019Q3,Indonesia,Haldia,Iron Ore,Panamax,2920,2023.0,486.4,8.88
2019Q3,Indonesia,Haldia,Bauxite,Panamax,2920,2023.0,486.4,9.78
2019Q3,Indonesia,Haldia,Bauxite,Supramax,2920,2023.0,486.4,11.86
2019Q3,Indonesia,Haldia,Bauxite,Handysize,2920,2023.0,486.4,12.98
2019Q3,Indonesia,Haldia,Grain,Panamax,2920,2023.0,486.4,11.24
2019Q3,Indonesia,Haldia,Grain,Supramax,2920,2023.0,486.4,12.77
2019Q3,Indonesia,Haldia,Grain,Handysize,2920,2023.0,486.4,15.15
2019Q3,Indonesia,Kolkata,Coal,Capesize,2950,2023.0,486.4,9.56
2019Q3,Indonesia,Kolkata,Coal,Panamax,2950,2023.0,486.4,10.21
2019Q3,Indonesia,Kolkata,Coal,Supramax,2950,2023.0,486.4,12.88
2019Q3,Indonesia,Kolkata,Coal,Handysize,2950,2023.0,486.4,14.84
2019Q3,Indonesia,Kolkata,Iron Ore,Capesize,2950,2023.0,486.4,8.18
2019Q3,Indonesia,Kolkata,Iron Ore,Panamax,2950,2023.0,486.4,9.29
2019Q3,Indonesia,Kolkata,Bauxite,Panamax,2950,2023.0,486.4,11.44
2019Q3,Indonesia,Kolkata,Bauxite,Supramax,2950,2023.0,486.4,13.07
2019Q3,Indonesia,Kolkata,Bauxite,Handysize,2950,2023.0,486.4,15.58
2019Q3,Indonesia,Kolkata,Grain,Panamax,2950,2023.0,486.4,13.05
2019Q3,Indonesia,Kolkata,Grain,Supramax,2950,2023.0,486.4,16.07
2019Q3,Indonesia,Kolkata,Grain,Handysize,2950,2023.0,486.4,17.52
2019Q3,South Africa,Paradip,Coal,Capesize,5000,2023.0,486.4,9.85
2019Q3,South Africa,Paradip,Coal,Panamax,5000,2023.0,486.4,12.04
2019Q3,South Africa,Paradip,Coal,Supramax,5000,2023.0,486.4,14.07
2019Q3,South Africa,Paradip,Coal,Handysize,5000,2023.0,486.4,16.97
2019Q3,South Africa,Paradip,Iron Ore,Capesize,5000,2023.0,486.4,9.47
2019Q3,South Africa,Paradip,Iron Ore,Panamax,5000,2023.0,486.4,10.9
2019Q3,South Africa,Paradip,Bauxite,Panamax,5000,2023.0,486.4,13.21
2019Q3,South Africa,Paradip,Bauxite,Supramax,5000,2023.0,486.4,14.05
2019Q3,South Africa,Paradip,Bauxite,Handysize,5000,2023.0,486.4,16.63
2019Q3,South Africa,Paradip,Grain,Panamax,5000,2023.0,486.4,13.89
2019Q3,South Africa,Paradip,Grain,Supramax,5000,2023.0,486.4,16.52
2019Q3,South Africa,Paradip,Grain,Handysize,5000,2023.0,486.4,18.51
2019Q3,South Africa,Dhamra,Coal,Capesize,4950,2023.0,486.4,10.15
2019Q3,South Africa,Dhamra,Coal,Panamax,4950,2023.0,486.4,11.53
2019Q3,South Africa,Dhamra,Coal,Supramax,4950,2023.0,486.4,12.86
2019Q3,South Africa,Dhamra,Coal,Handysize,4950,2023.0,486.4,15.18
2019Q3,South Africa,Dhamra,Iron Ore,Capesize,4950,2023.0,486.4,9.03
2019Q3,South Africa,Dhamra,Iron Ore,Panamax,4950,2023.0,486.4,10.77
2019Q3,South Africa,Dhamra,Bauxite,Panamax,4950,2023.0,486.4,13.06
2019Q3,South Africa,Dhamra,Bauxite,Supramax,4950,2023.0,486.4,15.69
2019Q3,South Africa,Dhamra,Bauxite,Handysize,4950,2023.0,486.4,16.77
2019Q3,South Africa,Dhamra,Grain,Panamax,4950,2023.0,486.4,13.46
2019Q3,South Africa,Dhamra,Grain,Supramax,4950,2023.0,486.4,15.06
2019Q3,South Africa,Dhamra,Grain,Handysize,4950,2023.0,486.4,19.06
2019Q3,South Africa,Vizag,Coal,Capesize,4850,2023.0,486.4,9.53
2019Q3,South Africa,Vizag,Coal,Panamax,4850,2023.0,486.4,11.32
2019Q3,South Africa,Vizag,Coal,Supramax,4850,2023.0,486.4,13.11
2019Q3,South Africa,Vizag,Coal,Handysize,4850,2023.0,486.4,15.48
2019Q3,South Africa,Vizag,Iron Ore,Capesize,4850,2023.0,486.4,9.16
2019Q3,South Africa,Vizag,Iron Ore,Panamax,4850,2023.0,486.4,10.39
2019Q3,South Africa,Vizag,Bauxite,Panamax,4850,2023.0,486.4,11.99
2019Q3,South Africa,Vizag,Bauxite,Supramax,4850,2023.0,486.4,13.56
2019Q3,South Africa,Vizag,Bauxite,Handysize,4850,2023.0,486.4,15.37
2019Q3,South Africa,Vizag,Grain,Panamax,4850,2023.0,486.4,13.55
2019Q3,South Africa,Vizag,Grain,Supramax,4850,2023.0,486.4,16.05
2019Q3,South Africa,Vizag,Grain,Handysize,4850,2023.0,486.4,19.82
2019Q3,South Africa,Haldia,Coal,Capesize,5120,2023.0,486.4,13.38
2019Q3,South Africa,Haldia,Coal,Panamax,5120,2023.0,486.4,16.12
2019Q3,South Africa,Haldia,Coal,Supramax,5120,2023.0,486.4,17.87
2019Q3,South Africa,Haldia,Coal,Handysize,5120,2023.0,486.4,20.23
2019Q3,South Africa,Haldia,Iron Ore,Capesize,5120,2023.0,486.4,11.58
2019Q3,South Africa,Haldia,Iron Ore,Panamax,5120,2023.0,486.4,13.67
2019Q3,South Africa,Haldia,Bauxite,Panamax,5120,2023.0,486.4,17.59
2019Q3,South Africa,Haldia,Bauxite,Supramax,5120,2023.0,486.4,18.55
2019Q3,South Africa,Haldia,Bauxite,Handysize,5120,2023.0,486.4,22.81
2019Q3,South Africa,Haldia,Grain,Panamax,5120,2023.0,486.4,18.11
2019Q3,South Africa,Haldia,Grain,Supramax,5120,2023.0,486.4,22.53
2019Q3,South Africa,Haldia,Grain,Handysize,5120,2023.0,486.4,25.67
2019Q3,South Africa,Kolkata,Coal,Capesize,5150,2023.0,486.4,14.87
2019Q3,South Africa,Kolkata,Coal,Panamax,5150,2023.0,486.4,17.48
2019Q3,South Africa,Kolkata,Coal,Supramax,5150,2023.0,486.4,19.95
2019Q3,South Africa,Kolkata,Coal,Handysize,5150,2023.0,486.4,24.07
2019Q3,South Africa,Kolkata,Iron Ore,Capesize,5150,2023.0,486.4,13.24
2019Q3,South Africa,Kolkata,Iron Ore,Panamax,5150,2023.0,486.4,15.08
2019Q3,South Africa,Kolkata,Bauxite,Panamax,5150,2023.0,486.4,17.56
2019Q3,South Africa,Kolkata,Bauxite,Supramax,5150,2023.0,486.4,21.57
2019Q3,South Africa,Kolkata,Bauxite,Handysize,5150,2023.0,486.4,26.26
2019Q3,South Africa,Kolkata,Grain,Panamax,5150,2023.0,486.4,21.12
2019Q3,South Africa,Kolkata,Grain,Supramax,5150,2023.0,486.4,24.4
2019Q3,South Africa,Kolkata,Grain,Handysize,5150,2023.0,486.4,28.73
2019Q3,Mozambique,Paradip,Coal,Capesize,3600,2023.0,486.4,9.65
2019Q3,Mozambique,Paradip,Coal,Panamax,3600,2023.0,486.4,10.89
2019Q3,Mozambique,Paradip,Coal,Supramax,3600,2023.0,486.4,12.42
2019Q3,Mozambique,Paradip,Coal,Handysize,3600,2023.0,486.4,15.19
2019Q3,Mozambique,Paradip,Iron Ore,Capesize,3600,2023.0,486.4,8.43
2019Q3,Mozambique,Paradip,Iron Ore,Panamax,3600,2023.0,486.4,10.24
2019Q3,Mozambique,Paradip,Bauxite,Panamax,3600,2023.0,486.4,11.41
2019Q3,Mozambique,Paradip,Bauxite,Supramax,3600,2023.0,486.4,12.67
2019Q3,Mozambique,Paradip,Bauxite,Handysize,3600,2023.0,486.4,14.62
2019Q3,Mozambique,Paradip,Grain,Panamax,3600,2023.0,486.4,13.71
2019Q3,Mozambique,Paradip,Grain,Supramax,3600,2023.0,486.4,16.04
2019Q3,Mozambique,Paradip,Grain,Handysize,3600,2023.0,486.4,17.44
2019Q3,Mozambique,Dhamra,Coal,Capesize,3550,2023.0,486.4,8.81
2019Q3,Mozambique,Dhamra,Coal,Panamax,3550,2023.0,486.4,11.0
2019Q3,Mozambique,Dhamra,Coal,Supramax,3550,2023.0,486.4,11.73
2019Q3,Mozambique,Dhamra,Coal,Handysize,3550,2023.0,486.4,13.72
2019Q3,Mozambique,Dhamra,Iron Ore,Capesize,3550,2023.0,486.4,8.22
2019Q3,Mozambique,Dhamra,Iron Ore,Panamax,3550,2023.0,486.4,9.28
2019Q3,Mozambique,Dhamra,Bauxite,Panamax,3550,2023.0,486.4,10.98
2019Q3,Mozambique,Dhamra,Bauxite,Supramax,3550,2023.0,486.4,12.74
2019Q3,Mozambique,Dhamra,Bauxite,Handysize,3550,2023.0,486.4,15.05
2019Q3,Mozambique,Dhamra,Grain,Panamax,3550,2023.0,486.4,13.17
2019Q3,Mozambique,Dhamra,Grain,Supramax,3550,2023.0,486.4,14.69
2019Q3,Mozambique,Dhamra,Grain,Handysize,3550,2023.0,486.4,17.38
2019Q3,Mozambique,Vizag,Coal,Capesize,3450,2023.0,486.4,8.19
2019Q3,Mozambique,Vizag,Coal,Panamax,3450,2023.0,486.4,10.31
2019Q3,Mozambique,Vizag,Coal,Supramax,3450,2023.0,486.4,11.69
2019Q3,Mozambique,Vizag,Coal,Handysize,3450,2023.0,486.4,13.38
2019Q3,Mozambique,Vizag,Iron Ore,Capesize,3450,2023.0,486.4,7.69
2019Q3,Mozambique,Vizag,Iron Ore,Panamax,3450,2023.0,486.4,9.18
2019Q3,Mozambique,Vizag,Bauxite,Panamax,3450,2023.0,486.4,11.19
2019Q3,Mozambique,Vizag,Bauxite,Supramax,3450,2023.0,486.4,12.06
2019Q3,Mozambique,Vizag,Bauxite,Handysize,3450,2023.0,486.4,14.69
2019Q3,Mozambique,Vizag,Grain,Panamax,3450,2023.0,486.4,12.18
2019Q3,Mozambique,Vizag,Grain,Supramax,3450,2023.0,486.4,14.29
2019Q3,Mozambique,Vizag,Grain,Handysize,3450,2023.0,486.4,17.36
2019Q3,Mozambique,Haldia,Coal,Capesize,3720,2023.0,486.4,12.43
2019Q3,Mozambique,Haldia,Coal,Panamax,3720,2023.0,486.4,14.96
2019Q3,Mozambique,Haldia,Coal,Supramax,3720,2023.0,486.4,16.58
2019Q3,Mozambique,Haldia,Coal,Handysize,3720,2023.0,486.4,18.88
2019Q3,Mozambique,Haldia,Iron Ore,Capesize,3720,2023.0,486.4,10.9
2019Q3,Mozambique,Haldia,Iron Ore,Panamax,3720,2023.0,486.4,12.97
2019Q3,Mozambique,Haldia,Bauxite,Panamax,3720,2023.0,486.4,15.1
2019Q3,Mozambique,Haldia,Bauxite,Supramax,3720,2023.0,486.4,16.84
2019Q3,Mozambique,Haldia,Bauxite,Handysize,3720,2023.0,486.4,20.38
2019Q3,Mozambique,Haldia,Grain,Panamax,3720,2023.0,486.4,17.28
2019Q3,Mozambique,Haldia,Grain,Supramax,3720,2023.0,486.4,21.77
2019Q3,Mozambique,Haldia,Grain,Handysize,3720,2023.0,486.4,24.74
2019Q3,Mozambique,Kolkata,Coal,Capesize,3750,2023.0,486.4,13.48
2019Q3,Mozambique,Kolkata,Coal,Panamax,3750,2023.0,486.4,16.11
2019Q3,Mozambique,Kolkata,Coal,Supramax,3750,2023.0,486.4,18.01
2019Q3,Mozambique,Kolkata,Coal,Handysize,3750,2023.0,486.4,21.58
2019Q3,Mozambique,Kolkata,Iron Ore,Capesize,3750,2023.0,486.4,12.65
2019Q3,Mozambique,Kolkata,Iron Ore,Panamax,3750,2023.0,486.4,15.26
2019Q3,Mozambique,Kolkata,Bauxite,Panamax,3750,2023.0,486.4,16.65
2019Q3,Mozambique,Kolkata,Bauxite,Supramax,3750,2023.0,486.4,19.48
2019Q3,Mozambique,Kolkata,Bauxite,Handysize,3750,2023.0,486.4,21.4
2019Q3,Mozambique,Kolkata,Grain,Panamax,3750,2023.0,486.4,19.41
2019Q3,Mozambique,Kolkata,Grain,Supramax,3750,2023.0,486.4,21.93
2019Q3,Mozambique,Kolkata,Grain,Handysize,3750,2023.0,486.4,25.95
2019Q3,Russia,Paradip,Coal,Capesize,6000,2023.0,486.4,19.53
2019Q3,Russia,Paradip,Coal,Panamax,6000,2023.0,486.4,23.51
2019Q3,Russia,Paradip,Coal,Supramax,6000,2023.0,486.4,25.83
2019Q3,Russia,Paradip,Coal,Handysize,6000,2023.0,486.4,30.3
2019Q3,Russia,Paradip,Iron Ore,Capesize,6000,2023.0,486.4,19.48
2019Q3,Russia,Paradip,Iron Ore,Panamax,6000,2023.0,486.4,20.27
2019Q3,Russia,Paradip,Bauxite,Panamax,6000,2023.0,486.4,23.82
2019Q3,Russia,Paradip,Bauxite,Supramax,6000,2023.0,486.4,30.75
2019Q3,Russia,Paradip,Bauxite,Handysize,6000,2023.0,486.4,36.95
2019Q3,Russia,Paradip,Grain,Panamax,6000,2023.0,486.4,27.14
2019Q3,Russia,Paradip,Grain,Supramax,6000,2023.0,486.4,32.6
2019Q3,Russia,Paradip,Grain,Handysize,6000,2023.0,486.4,38.79
2019Q3,Russia,Dhamra,Coal,Capesize,5950,2023.0,486.4,20.93
2019Q3,Russia,Dhamra,Coal,Panamax,5950,2023.0,486.4,22.31
2019Q3,Russia,Dhamra,Coal,Supramax,5950,2023.0,486.4,26.73
2019Q3,Russia,Dhamra,Coal,Handysize,5950,2023.0,486.4,32.14
2019Q3,Russia,Dhamra,Iron Ore,Capesize,5950,2023.0,486.4,18.03
2019Q3,Russia,Dhamra,Iron Ore,Panamax,5950,2023.0,486.4,20.52
2019Q3,Russia,Dhamra,Bauxite,Panamax,5950,2023.0,486.4,24.15
2019Q3,Russia,Dhamra,Bauxite,Supramax,5950,2023.0,486.4,26.95
2019Q3,Russia,Dhamra,Bauxite,Handysize,5950,2023.0,486.4,32.58
2019Q3,Russia,Dhamra,Grain,Panamax,5950,2023.0,486.4,27.47
2019Q3,Russia,Dhamra,Grain,Supramax,5950,2023.0,486.4,32.61
2019Q3,Russia,Dhamra,Grain,Handysize,5950,2023.0,486.4,36.82
2019Q3,Russia,Vizag,Coal,Capesize,5850,2023.0,486.4,20.18
2019Q3,Russia,Vizag,Coal,Panamax,5850,2023.0,486.4,24.07
2019Q3,Russia,Vizag,Coal,Supramax,5850,2023.0,486.4,27.27
2019Q3,Russia,Vizag,Coal,Handysize,5850,2023.0,486.4,31.87
2019Q3,Russia,Vizag,Iron Ore,Capesize,5850,2023.0,486.4,17.9
2019Q3,Russia,Vizag,Iron Ore,Panamax,5850,2023.0,486.4,20.92
2019Q3,Russia,Vizag,Bauxite,Panamax,5850,2023.0,486.4,23.79
2019Q3,Russia,Vizag,Bauxite,Supramax,5850,2023.0,486.4,28.79
2019Q3,Russia,Vizag,Bauxite,Handysize,5850,2023.0,486.4,32.94
2019Q3,Russia,Vizag,Grain,Panamax,5850,2023.0,486.4,29.94
2019Q3,Russia,Vizag,Grain,Supramax,5850,2023.0,486.4,34.34
2019Q3,Russia,Vizag,Grain,Handysize,5850,2023.0,486.4,38.28
2019Q3,Russia,Haldia,Coal,Capesize,6120,2023.0,486.4,23.02
2019Q3,Russia,Haldia,Coal,Panamax,6120,2023.0,486.4,26.61
2019Q3,Russia,Haldia,Coal,Supramax,6120,2023.0,486.4,33.65
2019Q3,Russia,Haldia,Coal,Handysize,6120,2023.0,486.4,37.84
2019Q3,Russia,Haldia,Iron Ore,Capesize,6120,2023.0,486.4,21.64
2019Q3,Russia,Haldia,Iron Ore,Panamax,6120,2023.0,486.4,23.4
2019Q3,Russia,Haldia,Bauxite,Panamax,6120,2023.0,486.4,30.02
2019Q3,Russia,Haldia,Bauxite,Supramax,6120,2023.0,486.4,34.46
2019Q3,Russia,Haldia,Bauxite,Handysize,6120,2023.0,486.4,37.84
2019Q3,Russia,Haldia,Grain,Panamax,6120,2023.0,486.4,32.68
2019Q3,Russia,Haldia,Grain,Supramax,6120,2023.0,486.4,39.12
2019Q3,Russia,Haldia,Grain,Handysize,6120,2023.0,486.4,45.08
2019Q3,Russia,Kolkata,Coal,Capesize,6150,2023.0,486.4,25.32
2019Q3,Russia,Kolkata,Coal,Panamax,6150,2023.0,486.4,29.84
2019Q3,Russia,Kolkata,Coal,Supramax,6150,2023.0,486.4,34.63
2019Q3,Russia,Kolkata,Coal,Handysize,6150,2023.0,486.4,40.77
2019Q3,Russia,Kolkata,Iron Ore,Capesize,6150,2023.0,486.4,24.21
2019Q3,Russia,Kolkata,Iron Ore,Panamax,6150,2023.0,486.4,24.53
2019Q3,Russia,Kolkata,Bauxite,Panamax,6150,2023.0,486.4,31.18
2019Q3,Russia,Kolkata,Bauxite,Supramax,6150,2023.0,486.4,36.91
2019Q3,Russia,Kolkata,Bauxite,Handysize,6150,2023.0,486.4,43.02
2019Q3,Russia,Kolkata,Grain,Panamax,6150,2023.0,486.4,35.47
2019Q3,Russia,Kolkata,Grain,Supramax,6150,2023.0,486.4,39.35
2019Q3,Russia,Kolkata,Grain,Handysize,6150,2023.0,486.4,49.22
2019Q4,Australia,Paradip,Coal,Capesize,4400,1449.7,618.42,7.46
2019Q4,Australia,Paradip,Coal,Panamax,4400,1449.7,618.42,7.79
2019Q4,Australia,Paradip,Coal,Supramax,4400,1449.7,618.42,9.89
2019Q4,Australia,Paradip,Coal,Handysize,4400,1449.7,618.42,11.02
2019Q4,Australia,Paradip,Iron Ore,Capesize,4400,1449.7,618.42,6.31
2019Q4,Australia,Paradip,Iron Ore,Panamax,4400,1449.7,618.42,7.13
2019Q4,Australia,Paradip,Bauxite,Panamax,4400,1449.7,618.42,8.54
2019Q4,Australia,Paradip,Bauxite,Supramax,4400,1449.7,618.42,10.54
2019Q4,Australia,Paradip,Bauxite,Handysize,4400,1449.7,618.42,11.94
2019Q4,Australia,Paradip,Grain,Panamax,4400,1449.7,618.42,10.48
2019Q4,Australia,Paradip,Grain,Supramax,4400,1449.7,618.42,12.0
2019Q4,Australia,Paradip,Grain,Handysize,4400,1449.7,618.42,13.58
2019Q4,Australia,Dhamra,Coal,Capesize,4350,1449.7,618.42,7.19
2019Q4,Australia,Dhamra,Coal,Panamax,4350,1449.7,618.42,8.06
2019Q4,Australia,Dhamra,Coal,Supramax,4350,1449.7,618.42,9.53
2019Q4,Australia,Dhamra,Coal,Handysize,4350,1449.7,618.42,10.64
2019Q4,Australia,Dhamra,Iron Ore,Capesize,4350,1449.7,618.42,6.12
2019Q4,Australia,Dhamra,Iron Ore,Panamax,4350,1449.7,618.42,6.97
2019Q4,Australia,Dhamra,Bauxite,Panamax,4350,1449.7,618.42,8.62
2019Q4,Australia,Dhamra,Bauxite,Supramax,4350,1449.7,618.42,9.32
2019Q4,Australia,Dhamra,Bauxite,Handysize,4350,1449.7,618.42,11.59
2019Q4,Australia,Dhamra,Grain,Panamax,4350,1449.7,618.42,9.46
2019Q4,Australia,Dhamra,Grain,Supramax,4350,1449.7,618.42,11.57
2019Q4,Australia,Dhamra,Grain,Handysize,4350,1449.7,618.42,13.24
2019Q4,Australia,Vizag,Coal,Capesize,4250,1449.7,618.42,7.34
2019Q4,Australia,Vizag,Coal,Panamax,4250,1449.7,618.42,8.29
2019Q4,Australia,Vizag,Coal,Supramax,4250,1449.7,618.42,8.91
2019Q4,Australia,Vizag,Coal,Handysize,4250,1449.7,618.42,10.92
2019Q4,Australia,Vizag,Iron Ore,Capesize,4250,1449.7,618.42,5.96
2019Q4,Australia,Vizag,Iron Ore,Panamax,4250,1449.7,618.42,7.14
2019Q4,Australia,Vizag,Bauxite,Panamax,4250,1449.7,618.42,8.94
2019Q4,Australia,Vizag,Bauxite,Supramax,4250,1449.7,618.42,10.12
2019Q4,Australia,Vizag,Bauxite,Handysize,4250,1449.7,618.42,11.21
2019Q4,Australia,Vizag,Grain,Panamax,4250,1449.7,618.42,9.36
2019Q4,Australia,Vizag,Grain,Supramax,4250,1449.7,618.42,11.33
2019Q4,Australia,Vizag,Grain,Handysize,4250,1449.7,618.42,12.58
2019Q4,Australia,Haldia,Coal,Capesize,4520,1449.7,618.42,9.15
2019Q4,Australia,Haldia,Coal,Panamax,4520,1449.7,618.42,11.09
2019Q4,Australia,Haldia,Coal,Supramax,4520,1449.7,618.42,13.32
2019Q4,Australia,Haldia,Coal,Handysize,4520,1449.7,618.42,15.18
2019Q4,Australia,Haldia,Iron Ore,Capesize,4520,1449.7,618.42,7.76
2019Q4,Australia,Haldia,Iron Ore,Panamax,4520,1449.7,618.42,9.98
2019Q4,Australia,Haldia,Bauxite,Panamax,4520,1449.7,618.42,11.55
2019Q4,Australia,Haldia,Bauxite,Supramax,4520,1449.7,618.42,13.64
2019Q4,Australia,Haldia,Bauxite,Handysize,4520,1449.7,618.42,16.49
2019Q4,Australia,Haldia,Grain,Panamax,4520,1449.7,618.42,12.22
2019Q4,Australia,Haldia,Grain,Supramax,4520,1449.7,618.42,15.05
2019Q4,Australia,Haldia,Grain,Handysize,4520,1449.7,618.42,18.2
2019Q4,Australia,Kolkata,Coal,Capesize,4550,1449.7,618.42,9.96
2019Q4,Australia,Kolkata,Coal,Panamax,4550,1449.7,618.42,12.98
2019Q4,Australia,Kolkata,Coal,Supramax,4550,1449.7,618.42,14.59
2019Q4,Australia,Kolkata,Coal,Handysize,4550,1449.7,618.42,17.21
2019Q4,Australia,Kolkata,Iron Ore,Capesize,4550,1449.7,618.42,9.3
2019Q4,Australia,Kolkata,Iron Ore,Panamax,4550,1449.7,618.42,11.43
2019Q4,Australia,Kolkata,Bauxite,Panamax,4550,1449.7,618.42,13.45
2019Q4,Australia,Kolkata,Bauxite,Supramax,4550,1449.7,618.42,15.25
2019Q4,Australia,Kolkata,Bauxite,Handysize,4550,1449.7,618.42,17.7
2019Q4,Australia,Kolkata,Grain,Panamax,4550,1449.7,618.42,14.96
2019Q4,Australia,Kolkata,Grain,Supramax,4550,1449.7,618.42,16.76
2019Q4,Australia,Kolkata,Grain,Handysize,4550,1449.7,618.42,19.96
2019Q4,Indonesia,Paradip,Coal,Capesize,2800,1449.7,618.42,4.33
2019Q4,Indonesia,Paradip,Coal,Panamax,2800,1449.7,618.42,5.16
2019Q4,Indonesia,Paradip,Coal,Supramax,2800,1449.7,618.42,6.15
2019Q4,Indonesia,Paradip,Coal,Handysize,2800,1449.7,618.42,6.64
2019Q4,Indonesia,Paradip,Iron Ore,Capesize,2800,1449.7,618.42,4.0
2019Q4,Indonesia,Paradip,Iron Ore,Panamax,2800,1449.7,618.42,4.82
2019Q4,Indonesia,Paradip,Bauxite,Panamax,2800,1449.7,618.42,5.21
2019Q4,Indonesia,Paradip,Bauxite,Supramax,2800,1449.7,618.42,6.06
2019Q4,Indonesia,Paradip,Bauxite,Handysize,2800,1449.7,618.42,7.3
2019Q4,Indonesia,Paradip,Grain,Panamax,2800,1449.7,618.42,6.29
2019Q4,Indonesia,Paradip,Grain,Supramax,2800,1449.7,618.42,7.14
2019Q4,Indonesia,Paradip,Grain,Handysize,2800,1449.7,618.42,8.66
2019Q4,Indonesia,Dhamra,Coal,Capesize,2750,1449.7,618.42,4.22
2019Q4,Indonesia,Dhamra,Coal,Panamax,2750,1449.7,618.42,4.94
2019Q4,Indonesia,Dhamra,Coal,Supramax,2750,1449.7,618.42,5.71
2019Q4,Indonesia,Dhamra,Coal,Handysize,2750,1449.7,618.42,7.03
2019Q4,Indonesia,Dhamra,Iron Ore,Capesize,2750,1449.7,618.42,4.0
2019Q4,Indonesia,Dhamra,Iron Ore,Panamax,2750,1449.7,618.42,4.02
2019Q4,Indonesia,Dhamra,Bauxite,Panamax,2750,1449.7,618.42,5.32
2019Q4,Indonesia,Dhamra,Bauxite,Supramax,2750,1449.7,618.42,5.79
2019Q4,Indonesia,Dhamra,Bauxite,Handysize,2750,1449.7,618.42,6.85
2019Q4,Indonesia,Dhamra,Grain,Panamax,2750,1449.7,618.42,6.03
2019Q4,Indonesia,Dhamra,Grain,Supramax,2750,1449.7,618.42,6.34
2019Q4,Indonesia,Dhamra,Grain,Handysize,2750,1449.7,618.42,7.46
2019Q4,Indonesia,Vizag,Coal,Capesize,2650,1449.7,618.42,4.0
2019Q4,Indonesia,Vizag,Coal,Panamax,2650,1449.7,618.42,4.57
2019Q4,Indonesia,Vizag,Coal,Supramax,2650,1449.7,618.42,5.57
2019Q4,Indonesia,Vizag,Coal,Handysize,2650,1449.7,618.42,6.49
2019Q4,Indonesia,Vizag,Iron Ore,Capesize,2650,1449.7,618.42,4.0
2019Q4,Indonesia,Vizag,Iron Ore,Panamax,2650,1449.7,618.42,4.02
2019Q4,Indonesia,Vizag,Bauxite,Panamax,2650,1449.7,618.42,4.54
2019Q4,Indonesia,Vizag,Bauxite,Supramax,2650,1449.7,618.42,5.77
2019Q4,Indonesia,Vizag,Bauxite,Handysize,2650,1449.7,618.42,6.58
2019Q4,Indonesia,Vizag,Grain,Panamax,2650,1449.7,618.42,5.73
2019Q4,Indonesia,Vizag,Grain,Supramax,2650,1449.7,618.42,6.75
2019Q4,Indonesia,Vizag,Grain,Handysize,2650,1449.7,618.42,7.68
2019Q4,Indonesia,Haldia,Coal,Capesize,2920,1449.7,618.42,5.93
2019Q4,Indonesia,Haldia,Coal,Panamax,2920,1449.7,618.42,6.82
2019Q4,Indonesia,Haldia,Coal,Supramax,2920,1449.7,618.42,8.03
2019Q4,Indonesia,Haldia,Coal,Handysize,2920,1449.7,618.42,8.93
2019Q4,Indonesia,Haldia,Iron Ore,Capesize,2920,1449.7,618.42,5.16
2019Q4,Indonesia,Haldia,Iron Ore,Panamax,2920,1449.7,618.42,6.13
2019Q4,Indonesia,Haldia,Bauxite,Panamax,2920,1449.7,618.42,7.3
2019Q4,Indonesia,Haldia,Bauxite,Supramax,2920,1449.7,618.42,8.17
2019Q4,Indonesia,Haldia,Bauxite,Handysize,2920,1449.7,618.42,9.79
2019Q4,Indonesia,Haldia,Grain,Panamax,2920,1449.7,618.42,8.04
2019Q4,Indonesia,Haldia,Grain,Supramax,2920,1449.7,618.42,9.43
2019Q4,Indonesia,Haldia,Grain,Handysize,2920,1449.7,618.42,11.31
2019Q4,Indonesia,Kolkata,Coal,Capesize,2950,1449.7,618.42,6.19
2019Q4,Indonesia,Kolkata,Coal,Panamax,2950,1449.7,618.42,7.44
2019Q4,Indonesia,Kolkata,Coal,Supramax,2950,1449.7,618.42,8.62
2019Q4,Indonesia,Kolkata,Coal,Handysize,2950,1449.7,618.42,9.69
2019Q4,Indonesia,Kolkata,Iron Ore,Capesize,2950,1449.7,618.42,5.85
2019Q4,Indonesia,Kolkata,Iron Ore,Panamax,2950,1449.7,618.42,7.19
2019Q4,Indonesia,Kolkata,Bauxite,Panamax,2950,1449.7,618.42,8.1
2019Q4,Indonesia,Kolkata,Bauxite,Supramax,2950,1449.7,618.42,9.61
2019Q4,Indonesia,Kolkata,Bauxite,Handysize,2950,1449.7,618.42,11.5
2019Q4,Indonesia,Kolkata,Grain,Panamax,2950,1449.7,618.42,9.78
2019Q4,Indonesia,Kolkata,Grain,Supramax,2950,1449.7,618.42,10.88
2019Q4,Indonesia,Kolkata,Grain,Handysize,2950,1449.7,618.42,13.26
2019Q4,South Africa,Paradip,Coal,Capesize,5000,1449.7,618.42,7.35
2019Q4,South Africa,Paradip,Coal,Panamax,5000,1449.7,618.42,8.32
2019Q4,South Africa,Paradip,Coal,Supramax,5000,1449.7,618.42,9.79
2019Q4,South Africa,Paradip,Coal,Handysize,5000,1449.7,618.42,11.01
2019Q4,South Africa,Paradip,Iron Ore,Capesize,5000,1449.7,618.42,6.39
2019Q4,South Africa,Paradip,Iron Ore,Panamax,5000,1449.7,618.42,7.62
2019Q4,South Africa,Paradip,Bauxite,Panamax,5000,1449.7,618.42,9.26
2019Q4,South Africa,Paradip,Bauxite,Supramax,5000,1449.7,618.42,11.14
2019Q4,South Africa,Paradip,Bauxite,Handysize,5000,1449.7,618.42,11.6
2019Q4,South Africa,Paradip,Grain,Panamax,5000,1449.7,618.42,10.43
2019Q4,South Africa,Paradip,Grain,Supramax,5000,1449.7,618.42,11.57
2019Q4,South Africa,Paradip,Grain,Handysize,5000,1449.7,618.42,14.16
2019Q4,South Africa,Dhamra,Coal,Capesize,4950,1449.7,618.42,7.08
2019Q4,South Africa,Dhamra,Coal,Panamax,4950,1449.7,618.42,7.79
2019Q4,South Africa,Dhamra,Coal,Supramax,4950,1449.7,618.42,10.03
2019Q4,South Africa,Dhamra,Coal,Handysize,4950,1449.7,618.42,11.04
2019Q4,South Africa,Dhamra,Iron Ore,Capesize,4950,1449.7,618.42,6.28
2019Q4,South Africa,Dhamra,Iron Ore,Panamax,4950,1449.7,618.42,7.22
2019Q4,South Africa,Dhamra,Bauxite,Panamax,4950,1449.7,618.42,8.54
2019Q4,South Africa,Dhamra,Bauxite,Supramax,4950,1449.7,618.42,10.36
2019Q4,South Africa,Dhamra,Bauxite,Handysize,4950,1449.7,618.42,11.76
2019Q4,South Africa,Dhamra,Grain,Panamax,4950,1449.7,618.42,10.11
2019Q4,South Africa,Dhamra,Grain,Supramax,4950,1449.7,618.42,11.81
2019Q4,South Africa,Dhamra,Grain,Handysize,4950,1449.7,618.42,14.16
2019Q4,South Africa,Vizag,Coal,Capesize,4850,1449.7,618.42,6.95
2019Q4,South Africa,Vizag,Coal,Panamax,4850,1449.7,618.42,7.81
2019Q4,South Africa,Vizag,Coal,Supramax,4850,1449.7,618.42,9.96
2019Q4,South Africa,Vizag,Coal,Handysize,4850,1449.7,618.42,11.02
2019Q4,South Africa,Vizag,Iron Ore,Capesize,4850,1449.7,618.42,6.57
2019Q4,South Africa,Vizag,Iron Ore,Panamax,4850,1449.7,618.42,7.51
2019Q4,South Africa,Vizag,Bauxite,Panamax,4850,1449.7,618.42,8.6
2019Q4,South Africa,Vizag,Bauxite,Supramax,4850,1449.7,618.42,10.21
2019Q4,South Africa,Vizag,Bauxite,Handysize,4850,1449.7,618.42,12.5
2019Q4,South Africa,Vizag,Grain,Panamax,4850,1449.7,618.42,10.59
2019Q4,South Africa,Vizag,Grain,Supramax,4850,1449.7,618.42,11.55
2019Q4,South Africa,Vizag,Grain,Handysize,4850,1449.7,618.42,13.45
2019Q4,South Africa,Haldia,Coal,Capesize,5120,1449.7,618.42,9.9
2019Q4,South Africa,Haldia,Coal,Panamax,5120,1449.7,618.42,10.84
2019Q4,South Africa,Haldia,Coal,Supramax,5120,1449.7,618.42,13.18
2019Q4,South Africa,Haldia,Coal,Handysize,5120,1449.7,618.42,15.11
2019Q4,South Africa,Haldia,Iron Ore,Capesize,5120,1449.7,618.42,8.68
2019Q4,South Africa,Haldia,Iron Ore,Panamax,5120,1449.7,618.42,9.76
2019Q4,South Africa,Haldia,Bauxite,Panamax,5120,1449.7,618.42,11.08
2019Q4,South Africa,Haldia,Bauxite,Supramax,5120,1449.7,618.42,12.69
2019Q4,South Africa,Haldia,Bauxite,Handysize,5120,1449.7,618.42,15.26
2019Q4,South Africa,Haldia,Grain,Panamax,5120,1449.7,618.42,13.19
2019Q4,South Africa,Haldia,Grain,Supramax,5120,1449.7,618.42,15.48
2019Q4,South Africa,Haldia,Grain,Handysize,5120,1449.7,618.42,19.38
2019Q4,South Africa,Kolkata,Coal,Capesize,5150,1449.7,618.42,11.13
2019Q4,South Africa,Kolkata,Coal,Panamax,5150,1449.7,618.42,12.12
2019Q4,South Africa,Kolkata,Coal,Supramax,5150,1449.7,618.42,14.81
2019Q4,South Africa,Kolkata,Coal,Handysize,5150,1449.7,618.42,16.74
2019Q4,South Africa,Kolkata,Iron Ore,Capesize,5150,1449.7,618.42,9.55
2019Q4,South Africa,Kolkata,Iron Ore,Panamax,5150,1449.7,618.42,11.36
2019Q4,South Africa,Kolkata,Bauxite,Panamax,5150,1449.7,618.42,13.45
2019Q4,South Africa,Kolkata,Bauxite,Supramax,5150,1449.7,618.42,15.18
2019Q4,South Africa,Kolkata,Bauxite,Handysize,5150,1449.7,618.42,18.5
2019Q4,South Africa,Kolkata,Grain,Panamax,5150,1449.7,618.42,14.45
2019Q4,South Africa,Kolkata,Grain,Supramax,5150,1449.7,618.42,17.56
2019Q4,South Africa,Kolkata,Grain,Handysize,5150,1449.7,618.42,22.23
2019Q4,Mozambique,Paradip,Coal,Capesize,3600,1449.7,618.42,6.66
2019Q4,Mozambique,Paradip,Coal,Panamax,3600,1449.7,618.42,8.13
2019Q4,Mozambique,Paradip,Coal,Supramax,3600,1449.7,618.42,9.06
2019Q4,Mozambique,Paradip,Coal,Handysize,3600,1449.7,618.42,10.7
2019Q4,Mozambique,Paradip,Iron Ore,Capesize,3600,1449.7,618.42,5.94
2019Q4,Mozambique,Paradip,Iron Ore,Panamax,3600,1449.7,618.42,6.93
2019Q4,Mozambique,Paradip,Bauxite,Panamax,3600,1449.7,618.42,7.91
2019Q4,Mozambique,Paradip,Bauxite,Supramax,3600,1449.7,618.42,9.63
2019Q4,Mozambique,Paradip,Bauxite,Handysize,3600,1449.7,618.42,10.68
2019Q4,Mozambique,Paradip,Grain,Panamax,3600,1449.7,618.42,9.51
2019Q4,Mozambique,Paradip,Grain,Supramax,3600,1449.7,618.42,11.25
2019Q4,Mozambique,Paradip,Grain,Handysize,3600,1449.7,618.42,12.74
2019Q4,Mozambique,Dhamra,Coal,Capesize,3550,1449.7,618.42,6.34
2019Q4,Mozambique,Dhamra,Coal,Panamax,3550,1449.7,618.42,7.61
2019Q4,Mozambique,Dhamra,Coal,Supramax,3550,1449.7,618.42,8.65
2019Q4,Mozambique,Dhamra,Coal,Handysize,3550,1449.7,618.42,10.48
2019Q4,Mozambique,Dhamra,Iron Ore,Capesize,3550,1449.7,618.42,5.39
2019Q4,Mozambique,Dhamra,Iron Ore,Panamax,3550,1449.7,618.42,6.67
2019Q4,Mozambique,Dhamra,Bauxite,Panamax,3550,1449.7,618.42,7.32
2019Q4,Mozambique,Dhamra,Bauxite,Supramax,3550,1449.7,618.42,8.7
2019Q4,Mozambique,Dhamra,Bauxite,Handysize,3550,1449.7,618.42,11.17
2019Q4,Mozambique,Dhamra,Grain,Panamax,3550,1449.7,618.42,9.28
2019Q4,Mozambique,Dhamra,Grain,Supramax,3550,1449.7,618.42,10.23
2019Q4,Mozambique,Dhamra,Grain,Handysize,3550,1449.7,618.42,11.54
2019Q4,Mozambique,Vizag,Coal,Capesize,3450,1449.7,618.42,5.66
2019Q4,Mozambique,Vizag,Coal,Panamax,3450,1449.7,618.42,7.26
2019Q4,Mozambique,Vizag,Coal,Supramax,3450,1449.7,618.42,9.36
2019Q4,Mozambique,Vizag,Coal,Handysize,3450,1449.7,618.42,10.17
2019Q4,Mozambique,Vizag,Iron Ore,Capesize,3450,1449.7,618.42,5.58
2019Q4,Mozambique,Vizag,Iron Ore,Panamax,3450,1449.7,618.42,6.77
2019Q4,Mozambique,Vizag,Bauxite,Panamax,3450,1449.7,618.42,7.34
2019Q4,Mozambique,Vizag,Bauxite,Supramax,3450,1449.7,618.42,8.97
2019Q4,Mozambique,Vizag,Bauxite,Handysize,3450,1449.7,618.42,10.56
2019Q4,Mozambique,Vizag,Grain,Panamax,3450,1449.7,618.42,8.85
2019Q4,Mozambique,Vizag,Grain,Supramax,3450,1449.7,618.42,10.64
2019Q4,Mozambique,Vizag,Grain,Handysize,3450,1449.7,618.42,12.17
2019Q4,Mozambique,Haldia,Coal,Capesize,3720,1449.7,618.42,8.95
2019Q4,Mozambique,Haldia,Coal,Panamax,3720,1449.7,618.42,9.99
2019Q4,Mozambique,Haldia,Coal,Supramax,3720,1449.7,618.42,12.32
2019Q4,Mozambique,Haldia,Coal,Handysize,3720,1449.7,618.42,14.66
2019Q4,Mozambique,Haldia,Iron Ore,Capesize,3720,1449.7,618.42,7.6
2019Q4,Mozambique,Haldia,Iron Ore,Panamax,3720,1449.7,618.42,8.93
2019Q4,Mozambique,Haldia,Bauxite,Panamax,3720,1449.7,618.42,11.25
2019Q4,Mozambique,Haldia,Bauxite,Supramax,3720,1449.7,618.42,12.46
2019Q4,Mozambique,Haldia,Bauxite,Handysize,3720,1449.7,618.42,15.27
2019Q4,Mozambique,Haldia,Grain,Panamax,3720,1449.7,618.42,12.1
2019Q4,Mozambique,Haldia,Grain,Supramax,3720,1449.7,618.42,15.07
2019Q4,Mozambique,Haldia,Grain,Handysize,3720,1449.7,618.42,16.72
2019Q4,Mozambique,Kolkata,Coal,Capesize,3750,1449.7,618.42,10.05
2019Q4,Mozambique,Kolkata,Coal,Panamax,3750,1449.7,618.42,12.3
2019Q4,Mozambique,Kolkata,Coal,Supramax,3750,1449.7,618.42,13.43
2019Q4,Mozambique,Kolkata,Coal,Handysize,3750,1449.7,618.42,15.27
2019Q4,Mozambique,Kolkata,Iron Ore,Capesize,3750,1449.7,618.42,8.82
2019Q4,Mozambique,Kolkata,Iron Ore,Panamax,3750,1449.7,618.42,10.66
2019Q4,Mozambique,Kolkata,Bauxite,Panamax,3750,1449.7,618.42,11.57
2019Q4,Mozambique,Kolkata,Bauxite,Supramax,3750,1449.7,618.42,14.6
2019Q4,Mozambique,Kolkata,Bauxite,Handysize,3750,1449.7,618.42,16.27
2019Q4,Mozambique,Kolkata,Grain,Panamax,3750,1449.7,618.42,14.55
2019Q4,Mozambique,Kolkata,Grain,Supramax,3750,1449.7,618.42,14.96
2019Q4,Mozambique,Kolkata,Grain,Handysize,3750,1449.7,618.42,18.43
2019Q4,Russia,Paradip,Coal,Capesize,6000,1449.7,618.42,13.59
2019Q4,Russia,Paradip,Coal,Panamax,6000,1449.7,618.42,16.41
2019Q4,Russia,Paradip,Coal,Supramax,6000,1449.7,618.42,19.89
2019Q4,Russia,Paradip,Coal,Handysize,6000,1449.7,618.42,22.74
2019Q4,Russia,Paradip,Iron Ore,Capesize,6000,1449.7,618.42,12.88
2019Q4,Russia,Paradip,Iron Ore,Panamax,6000,1449.7,618.42,15.13
2019Q4,Russia,Paradip,Bauxite,Panamax,6000,1449.7,618.42,17.87
2019Q4,Russia,Paradip,Bauxite,Supramax,6000,1449.7,618.42,19.97
2019Q4,Russia,Paradip,Bauxite,Handysize,6000,1449.7,618.42,24.63
2019Q4,Russia,Paradip,Grain,Panamax,6000,1449.7,618.42,20.75
2019Q4,Russia,Paradip,Grain,Supramax,6000,1449.7,618.42,23.98
2019Q4,Russia,Paradip,Grain,Handysize,6000,1449.7,618.42,28.0
2019Q4,Russia,Dhamra,Coal,Capesize,5950,1449.7,618.42,14.29
2019Q4,Russia,Dhamra,Coal,Panamax,5950,1449.7,618.42,17.74
2019Q4,Russia,Dhamra,Coal,Supramax,5950,1449.7,618.42,19.26
2019Q4,Russia,Dhamra,Coal,Handysize,5950,1449.7,618.42,22.18
2019Q4,Russia,Dhamra,Iron Ore,Capesize,5950,1449.7,618.42,12.39
2019Q4,Russia,Dhamra,Iron Ore,Panamax,5950,1449.7,618.42,14.36
2019Q4,Russia,Dhamra,Bauxite,Panamax,5950,1449.7,618.42,16.63
2019Q4,Russia,Dhamra,Bauxite,Supramax,5950,1449.7,618.42,19.65
2019Q4,Russia,Dhamra,Bauxite,Handysize,5950,1449.7,618.42,23.49
2019Q4,Russia,Dhamra,Grain,Panamax,5950,1449.7,618.42,20.1
2019Q4,Russia,Dhamra,Grain,Supramax,5950,1449.7,618.42,23.22
2019Q4,Russia,Dhamra,Grain,Handysize,5950,1449.7,618.42,26.19
2019Q4,Russia,Vizag,Coal,Capesize,5850,1449.7,618.42,14.68
2019Q4,Russia,Vizag,Coal,Panamax,5850,1449.7,618.42,17.09
2019Q4,Russia,Vizag,Coal,Supramax,5850,1449.7,618.42,19.32
2019Q4,Russia,Vizag,Coal,Handysize,5850,1449.7,618.42,22.04
2019Q4,Russia,Vizag,Iron Ore,Capesize,5850,1449.7,618.42,13.05
2019Q4,Russia,Vizag,Iron Ore,Panamax,5850,1449.7,618.42,15.09
2019Q4,Russia,Vizag,Bauxite,Panamax,5850,1449.7,618.42,16.6
2019Q4,Russia,Vizag,Bauxite,Supramax,5850,1449.7,618.42,20.36
2019Q4,Russia,Vizag,Bauxite,Handysize,5850,1449.7,618.42,23.9
2019Q4,Russia,Vizag,Grain,Panamax,5850,1449.7,618.42,19.36
2019Q4,Russia,Vizag,Grain,Supramax,5850,1449.7,618.42,23.48
2019Q4,Russia,Vizag,Grain,Handysize,5850,1449.7,618.42,25.69
2019Q4,Russia,Haldia,Coal,Capesize,6120,1449.7,618.42,17.74
2019Q4,Russia,Haldia,Coal,Panamax,6120,1449.7,618.42,20.71
2019Q4,Russia,Haldia,Coal,Supramax,6120,1449.7,618.42,22.94
2019Q4,Russia,Haldia,Coal,Handysize,6120,1449.7,618.42,27.21
2019Q4,Russia,Haldia,Iron Ore,Capesize,6120,1449.7,618.42,13.97
2019Q4,Russia,Haldia,Iron Ore,Panamax,6120,1449.7,618.42,17.13
2019Q4,Russia,Haldia,Bauxite,Panamax,6120,1449.7,618.42,20.62
2019Q4,Russia,Haldia,Bauxite,Supramax,6120,1449.7,618.42,23.39
2019Q4,Russia,Haldia,Bauxite,Handysize,6120,1449.7,618.42,28.92
2019Q4,Russia,Haldia,Grain,Panamax,6120,1449.7,618.42,25.47
2019Q4,Russia,Haldia,Grain,Supramax,6120,1449.7,618.42,26.63
2019Q4,Russia,Haldia,Grain,Handysize,6120,1449.7,618.42,31.3
2019Q4,Russia,Kolkata,Coal,Capesize,6150,1449.7,618.42,18.48
2019Q4,Russia,Kolkata,Coal,Panamax,6150,1449.7,618.42,22.67
2019Q4,Russia,Kolkata,Coal,Supramax,6150,1449.7,618.42,23.96
2019Q4,Russia,Kolkata,Coal,Handysize,6150,1449.7,618.42,29.31
2019Q4,Russia,Kolkata,Iron Ore,Capesize,6150,1449.7,618.42,17.55
2019Q4,Russia,Kolkata,Iron Ore,Panamax,6150,1449.7,618.42,18.2
2019Q4,Russia,Kolkata,Bauxite,Panamax,6150,1449.7,618.42,21.52
2019Q4,Russia,Kolkata,Bauxite,Supramax,6150,1449.7,618.42,25.9
2019Q4,Russia,Kolkata,Bauxite,Handysize,6150,1449.7,618.42,29.96
2019Q4,Russia,Kolkata,Grain,Panamax,6150,1449.7,618.42,26.48
2019Q4,Russia,Kolkata,Grain,Supramax,6150,1449.7,618.42,30.3
2019Q4,Russia,Kolkata,Grain,Handysize,6150,1449.7,618.42,32.7
2020Q1,Australia,Paradip,Coal,Capesize,4400,549.3,555.57,4.0
2020Q1,Australia,Paradip,Coal,Panamax,4400,549.3,555.57,4.0
2020Q1,Australia,Paradip,Coal,Supramax,4400,549.3,555.57,4.0
2020Q1,Australia,Paradip,Coal,Handysize,4400,549.3,555.57,4.13
2020Q1,Australia,Paradip,Iron Ore,Capesize,4400,549.3,555.57,4.0
2020Q1,Australia,Paradip,Iron Ore,Panamax,4400,549.3,555.57,4.0
2020Q1,Australia,Paradip,Bauxite,Panamax,4400,549.3,555.57,4.0
2020Q1,Australia,Paradip,Bauxite,Supramax,4400,549.3,555.57,4.0
2020Q1,Australia,Paradip,Bauxite,Handysize,4400,549.3,555.57,4.17
2020Q1,Australia,Paradip,Grain,Panamax,4400,549.3,555.57,4.0
2020Q1,Australia,Paradip,Grain,Supramax,4400,549.3,555.57,4.21
2020Q1,Australia,Paradip,Grain,Handysize,4400,549.3,555.57,5.11
2020Q1,Australia,Dhamra,Coal,Capesize,4350,549.3,555.57,4.0
2020Q1,Australia,Dhamra,Coal,Panamax,4350,549.3,555.57,4.0
2020Q1,Australia,Dhamra,Coal,Supramax,4350,549.3,555.57,4.0
2020Q1,Australia,Dhamra,Coal,Handysize,4350,549.3,555.57,4.0
2020Q1,Australia,Dhamra,Iron Ore,Capesize,4350,549.3,555.57,4.0
2020Q1,Australia,Dhamra,Iron Ore,Panamax,4350,549.3,555.57,4.0
2020Q1,Australia,Dhamra,Bauxite,Panamax,4350,549.3,555.57,4.0
2020Q1,Australia,Dhamra,Bauxite,Supramax,4350,549.3,555.57,4.0
2020Q1,Australia,Dhamra,Bauxite,Handysize,4350,549.3,555.57,4.21
2020Q1,Australia,Dhamra,Grain,Panamax,4350,549.3,555.57,4.0
2020Q1,Australia,Dhamra,Grain,Supramax,4350,549.3,555.57,4.25
2020Q1,Australia,Dhamra,Grain,Handysize,4350,549.3,555.57,4.78
2020Q1,Australia,Vizag,Coal,Capesize,4250,549.3,555.57,4.0
2020Q1,Australia,Vizag,Coal,Panamax,4250,549.3,555.57,4.0
2020Q1,Australia,Vizag,Coal,Supramax,4250,549.3,555.57,4.0
2020Q1,Australia,Vizag,Coal,Handysize,4250,549.3,555.57,4.35
2020Q1,Australia,Vizag,Iron Ore,Capesize,4250,549.3,555.57,4.0
2020Q1,Australia,Vizag,Iron Ore,Panamax,4250,549.3,555.57,4.0
2020Q1,Australia,Vizag,Bauxite,Panamax,4250,549.3,555.57,4.0
2020Q1,Australia,Vizag,Bauxite,Supramax,4250,549.3,555.57,4.09
2020Q1,Australia,Vizag,Bauxite,Handysize,4250,549.3,555.57,4.29
2020Q1,Australia,Vizag,Grain,Panamax,4250,549.3,555.57,4.0
2020Q1,Australia,Vizag,Grain,Supramax,4250,549.3,555.57,4.24
2020Q1,Australia,Vizag,Grain,Handysize,4250,549.3,555.57,4.93
2020Q1,Australia,Haldia,Coal,Capesize,4520,549.3,555.57,4.0
2020Q1,Australia,Haldia,Coal,Panamax,4520,549.3,555.57,4.0
2020Q1,Australia,Haldia,Coal,Supramax,4520,549.3,555.57,4.95
2020Q1,Australia,Haldia,Coal,Handysize,4520,549.3,555.57,5.73
2020Q1,Australia,Haldia,Iron Ore,Capesize,4520,549.3,555.57,4.0
2020Q1,Australia,Haldia,Iron Ore,Panamax,4520,549.3,555.57,4.0
2020Q1,Australia,Haldia,Bauxite,Panamax,4520,549.3,555.57,4.68
2020Q1,Australia,Haldia,Bauxite,Supramax,4520,549.3,555.57,5.12
2020Q1,Australia,Haldia,Bauxite,Handysize,4520,549.3,555.57,5.84
2020Q1,Australia,Haldia,Grain,Panamax,4520,549.3,555.57,4.97
2020Q1,Australia,Haldia,Grain,Supramax,4520,549.3,555.57,5.95
2020Q1,Australia,Haldia,Grain,Handysize,4520,549.3,555.57,6.35
2020Q1,Australia,Kolkata,Coal,Capesize,4550,549.3,555.57,4.02
2020Q1,Australia,Kolkata,Coal,Panamax,4550,549.3,555.57,4.61
2020Q1,Australia,Kolkata,Coal,Supramax,4550,549.3,555.57,5.81
2020Q1,Australia,Kolkata,Coal,Handysize,4550,549.3,555.57,6.3
2020Q1,Australia,Kolkata,Iron Ore,Capesize,4550,549.3,555.57,4.0
2020Q1,Australia,Kolkata,Iron Ore,Panamax,4550,549.3,555.57,4.05
2020Q1,Australia,Kolkata,Bauxite,Panamax,4550,549.3,555.57,5.01
2020Q1,Australia,Kolkata,Bauxite,Supramax,4550,549.3,555.57,5.8
2020Q1,Australia,Kolkata,Bauxite,Handysize,4550,549.3,555.57,6.45
2020Q1,Australia,Kolkata,Grain,Panamax,4550,549.3,555.57,5.65
2020Q1,Australia,Kolkata,Grain,Supramax,4550,549.3,555.57,6.83
2020Q1,Australia,Kolkata,Grain,Handysize,4550,549.3,555.57,7.52
2020Q1,Indonesia,Paradip,Coal,Capesize,2800,549.3,555.57,4.0
2020Q1,Indonesia,Paradip,Coal,Panamax,2800,549.3,555.57,4.0
2020Q1,Indonesia,Paradip,Coal,Supramax,2800,549.3,555.57,4.0
2020Q1,Indonesia,Paradip,Coal,Handysize,2800,549.3,555.57,4.0
2020Q1,Indonesia,Paradip,Iron Ore,Capesize,2800,549.3,555.57,4.0
2020Q1,Indonesia,Paradip,Iron Ore,Panamax,2800,549.3,555.57,4.0
2020Q1,Indonesia,Paradip,Bauxite,Panamax,2800,549.3,555.57,4.0
2020Q1,Indonesia,Paradip,Bauxite,Supramax,2800,549.3,555.57,4.0
2020Q1,Indonesia,Paradip,Bauxite,Handysize,2800,549.3,555.57,4.0
2020Q1,Indonesia,Paradip,Grain,Panamax,2800,549.3,555.57,4.0
2020Q1,Indonesia,Paradip,Grain,Supramax,2800,549.3,555.57,4.0
2020Q1,Indonesia,Paradip,Grain,Handysize,2800,549.3,555.57,4.0
2020Q1,Indonesia,Dhamra,Coal,Capesize,2750,549.3,555.57,4.0
2020Q1,Indonesia,Dhamra,Coal,Panamax,2750,549.3,555.57,4.0
2020Q1,Indonesia,Dhamra,Coal,Supramax,2750,549.3,555.57,4.0
2020Q1,Indonesia,Dhamra,Coal,Handysize,2750,549.3,555.57,4.0
2020Q1,Indonesia,Dhamra,Iron Ore,Capesize,2750,549.3,555.57,4.0
2020Q1,Indonesia,Dhamra,Iron Ore,Panamax,2750,549.3,555.57,4.0
2020Q1,Indonesia,Dhamra,Bauxite,Panamax,2750,549.3,555.57,4.0
2020Q1,Indonesia,Dhamra,Bauxite,Supramax,2750,549.3,555.57,4.0
2020Q1,Indonesia,Dhamra,Bauxite,Handysize,2750,549.3,555.57,4.0
2020Q1,Indonesia,Dhamra,Grain,Panamax,2750,549.3,555.57,4.0
2020Q1,Indonesia,Dhamra,Grain,Supramax,2750,549.3,555.57,4.0
2020Q1,Indonesia,Dhamra,Grain,Handysize,2750,549.3,555.57,4.0
2020Q1,Indonesia,Vizag,Coal,Capesize,2650,549.3,555.57,4.0
2020Q1,Indonesia,Vizag,Coal,Panamax,2650,549.3,555.57,4.0
2020Q1,Indonesia,Vizag,Coal,Supramax,2650,549.3,555.57,4.0
2020Q1,Indonesia,Vizag,Coal,Handysize,2650,549.3,555.57,4.0
2020Q1,Indonesia,Vizag,Iron Ore,Capesize,2650,549.3,555.57,4.0
2020Q1,Indonesia,Vizag,Iron Ore,Panamax,2650,549.3,555.57,4.0
2020Q1,Indonesia,Vizag,Bauxite,Panamax,2650,549.3,555.57,4.0
2020Q1,Indonesia,Vizag,Bauxite,Supramax,2650,549.3,555.57,4.0
2020Q1,Indonesia,Vizag,Bauxite,Handysize,2650,549.3,555.57,4.0
2020Q1,Indonesia,Vizag,Grain,Panamax,2650,549.3,555.57,4.0
2020Q1,Indonesia,Vizag,Grain,Supramax,2650,549.3,555.57,4.0
2020Q1,Indonesia,Vizag,Grain,Handysize,2650,549.3,555.57,4.0
2020Q1,Indonesia,Haldia,Coal,Capesize,2920,549.3,555.57,4.0
2020Q1,Indonesia,Haldia,Coal,Panamax,2920,549.3,555.57,4.0
2020Q1,Indonesia,Haldia,Coal,Supramax,2920,549.3,555.57,4.0
2020Q1,Indonesia,Haldia,Coal,Handysize,2920,549.3,555.57,4.0
2020Q1,Indonesia,Haldia,Iron Ore,Capesize,2920,549.3,555.57,4.0
2020Q1,Indonesia,Haldia,Iron Ore,Panamax,2920,549.3,555.57,4.0
2020Q1,Indonesia,Haldia,Bauxite,Panamax,2920,549.3,555.57,4.0
2020Q1,Indonesia,Haldia,Bauxite,Supramax,2920,549.3,555.57,4.0
2020Q1,Indonesia,Haldia,Bauxite,Handysize,2920,549.3,555.57,4.0
2020Q1,Indonesia,Haldia,Grain,Panamax,2920,549.3,555.57,4.0
2020Q1,Indonesia,Haldia,Grain,Supramax,2920,549.3,555.57,4.0
2020Q1,Indonesia,Haldia,Grain,Handysize,2920,549.3,555.57,4.24
2020Q1,Indonesia,Kolkata,Coal,Capesize,2950,549.3,555.57,4.0
2020Q1,Indonesia,Kolkata,Coal,Panamax,2950,549.3,555.57,4.0
2020Q1,Indonesia,Kolkata,Coal,Supramax,2950,549.3,555.57,4.0
2020Q1,Indonesia,Kolkata,Coal,Handysize,2950,549.3,555.57,4.1
2020Q1,Indonesia,Kolkata,Iron Ore,Capesize,2950,549.3,555.57,4.0
2020Q1,Indonesia,Kolkata,Iron Ore,Panamax,2950,549.3,555.57,4.0
2020Q1,Indonesia,Kolkata,Bauxite,Panamax,2950,549.3,555.57,4.0
2020Q1,Indonesia,Kolkata,Bauxite,Supramax,2950,549.3,555.57,4.0
2020Q1,Indonesia,Kolkata,Bauxite,Handysize,2950,549.3,555.57,4.0
2020Q1,Indonesia,Kolkata,Grain,Panamax,2950,549.3,555.57,4.0
2020Q1,Indonesia,Kolkata,Grain,Supramax,2950,549.3,555.57,4.08
2020Q1,Indonesia,Kolkata,Grain,Handysize,2950,549.3,555.57,4.63
2020Q1,South Africa,Paradip,Coal,Capesize,5000,549.3,555.57,4.0
2020Q1,South Africa,Paradip,Coal,Panamax,5000,549.3,555.57,4.0
2020Q1,South Africa,Paradip,Coal,Supramax,5000,549.3,555.57,4.0
2020Q1,South Africa,Paradip,Coal,Handysize,5000,549.3,555.57,4.17
2020Q1,South Africa,Paradip,Iron Ore,Capesize,5000,549.3,555.57,4.0
2020Q1,South Africa,Paradip,Iron Ore,Panamax,5000,549.3,555.57,4.0
2020Q1,South Africa,Paradip,Bauxite,Panamax,5000,549.3,555.57,4.0
2020Q1,South Africa,Paradip,Bauxite,Supramax,5000,549.3,555.57,4.09
2020Q1,South Africa,Paradip,Bauxite,Handysize,5000,549.3,555.57,4.44
2020Q1,South Africa,Paradip,Grain,Panamax,5000,549.3,555.57,4.0
2020Q1,South Africa,Paradip,Grain,Supramax,5000,549.3,555.57,4.62
2020Q1,South Africa,Paradip,Grain,Handysize,5000,549.3,555.57,5.29
2020Q1,South Africa,Dhamra,Coal,Capesize,4950,549.3,555.57,4.0
2020Q1,South Africa,Dhamra,Coal,Panamax,4950,549.3,555.57,4.0
2020Q1,South Africa,Dhamra,Coal,Supramax,4950,549.3,555.57,4.0
2020Q1,South Africa,Dhamra,Coal,Handysize,4950,549.3,555.57,4.3
2020Q1,South Africa,Dhamra,Iron Ore,Capesize,4950,549.3,555.57,4.0
2020Q1,South Africa,Dhamra,Iron Ore,Panamax,4950,549.3,555.57,4.0
2020Q1,South Africa,Dhamra,Bauxite,Panamax,4950,549.3,555.57,4.0
2020Q1,South Africa,Dhamra,Bauxite,Supramax,4950,549.3,555.57,4.0
2020Q1,South Africa,Dhamra,Bauxite,Handysize,4950,549.3,555.57,4.64
2020Q1,South Africa,Dhamra,Grain,Panamax,4950,549.3,555.57,4.0
2020Q1,South Africa,Dhamra,Grain,Supramax,4950,549.3,555.57,4.26
2020Q1,South Africa,Dhamra,Grain,Handysize,4950,549.3,555.57,4.79
2020Q1,South Africa,Vizag,Coal,Capesize,4850,549.3,555.57,4.0
2020Q1,South Africa,Vizag,Coal,Panamax,4850,549.3,555.57,4.0
2020Q1,South Africa,Vizag,Coal,Supramax,4850,549.3,555.57,4.0
2020Q1,South Africa,Vizag,Coal,Handysize,4850,549.3,555.57,4.3
2020Q1,South Africa,Vizag,Iron Ore,Capesize,4850,549.3,555.57,4.0
2020Q1,South Africa,Vizag,Iron Ore,Panamax,4850,549.3,555.57,4.0
2020Q1,South Africa,Vizag,Bauxite,Panamax,4850,549.3,555.57,4.0
2020Q1,South Africa,Vizag,Bauxite,Supramax,4850,549.3,555.57,4.0
2020Q1,South Africa,Vizag,Bauxite,Handysize,4850,549.3,555.57,4.28
2020Q1,South Africa,Vizag,Grain,Panamax,4850,549.3,555.57,4.01
2020Q1,South Africa,Vizag,Grain,Supramax,4850,549.3,555.57,4.64
2020Q1,South Africa,Vizag,Grain,Handysize,4850,549.3,555.57,5.27
2020Q1,South Africa,Haldia,Coal,Capesize,5120,549.3,555.57,4.0
2020Q1,South Africa,Haldia,Coal,Panamax,5120,549.3,555.57,4.36
2020Q1,South Africa,Haldia,Coal,Supramax,5120,549.3,555.57,5.05
2020Q1,South Africa,Haldia,Coal,Handysize,5120,549.3,555.57,5.82
2020Q1,South Africa,Haldia,Iron Ore,Capesize,5120,549.3,555.57,4.0
2020Q1,South Africa,Haldia,Iron Ore,Panamax,5120,549.3,555.57,4.0
2020Q1,South Africa,Haldia,Bauxite,Panamax,5120,549.3,555.57,4.56
2020Q1,South Africa,Haldia,Bauxite,Supramax,5120,549.3,555.57,5.3
2020Q1,South Africa,Haldia,Bauxite,Handysize,5120,549.3,555.57,6.09
2020Q1,South Africa,Haldia,Grain,Panamax,5120,549.3,555.57,4.76
2020Q1,South Africa,Haldia,Grain,Supramax,5120,549.3,555.57,5.94
2020Q1,South Africa,Haldia,Grain,Handysize,5120,549.3,555.57,6.74
2020Q1,South Africa,Kolkata,Coal,Capesize,5150,549.3,555.57,4.0
2020Q1,South Africa,Kolkata,Coal,Panamax,5150,549.3,555.57,5.03
2020Q1,South Africa,Kolkata,Coal,Supramax,5150,549.3,555.57,5.88
2020Q1,South Africa,Kolkata,Coal,Handysize,5150,549.3,555.57,6.74
2020Q1,South Africa,Kolkata,Iron Ore,Capesize,5150,549.3,555.57,4.0
2020Q1,South Africa,Kolkata,Iron Ore,Panamax,5150,549.3,555.57,4.48
2020Q1,South Africa,Kolkata,Bauxite,Panamax,5150,549.3,555.57,4.99
2020Q1,South Africa,Kolkata,Bauxite,Supramax,5150,549.3,555.57,5.86
2020Q1,South Africa,Kolkata,Bauxite,Handysize,5150,549.3,555.57,6.5
2020Q1,South Africa,Kolkata,Grain,Panamax,5150,549.3,555.57,5.78
2020Q1,South Africa,Kolkata,Grain,Supramax,5150,549.3,555.57,6.67
2020Q1,South Africa,Kolkata,Grain,Handysize,5150,549.3,555.57,7.37
2020Q1,Mozambique,Paradip,Coal,Capesize,3600,549.3,555.57,4.0
2020Q1,Mozambique,Paradip,Coal,Panamax,3600,549.3,555.57,4.0
2020Q1,Mozambique,Paradip,Coal,Supramax,3600,549.3,555.57,4.0
2020Q1,Mozambique,Paradip,Coal,Handysize,3600,549.3,555.57,4.1
2020Q1,Mozambique,Paradip,Iron Ore,Capesize,3600,549.3,555.57,4.0
2020Q1,Mozambique,Paradip,Iron Ore,Panamax,3600,549.3,555.57,4.0
2020Q1,Mozambique,Paradip,Bauxite,Panamax,3600,549.3,555.57,4.0
2020Q1,Mozambique,Paradip,Bauxite,Supramax,3600,549.3,555.57,4.0
2020Q1,Mozambique,Paradip,Bauxite,Handysize,3600,549.3,555.57,4.01
2020Q1,Mozambique,Paradip,Grain,Panamax,3600,549.3,555.57,4.0
2020Q1,Mozambique,Paradip,Grain,Supramax,3600,549.3,555.57,4.0
2020Q1,Mozambique,Paradip,Grain,Handysize,3600,549.3,555.57,4.56
2020Q1,Mozambique,Dhamra,Coal,Capesize,3550,549.3,555.57,4.0
2020Q1,Mozambique,Dhamra,Coal,Panamax,3550,549.3,555.57,4.0
2020Q1,Mozambique,Dhamra,Coal,Supramax,3550,549.3,555.57,4.0
2020Q1,Mozambique,Dhamra,Coal,Handysize,3550,549.3,555.57,4.0
2020Q1,Mozambique,Dhamra,Iron Ore,Capesize,3550,549.3,555.57,4.0
2020Q1,Mozambique,Dhamra,Iron Ore,Panamax,3550,549.3,555.57,4.0
2020Q1,Mozambique,Dhamra,Bauxite,Panamax,3550,549.3,555.57,4.0
2020Q1,Mozambique,Dhamra,Bauxite,Supramax,3550,549.3,555.57,4.0
2020Q1,Mozambique,Dhamra,Bauxite,Handysize,3550,549.3,555.57,4.0
2020Q1,Mozambique,Dhamra,Grain,Panamax,3550,549.3,555.57,4.0
2020Q1,Mozambique,Dhamra,Grain,Supramax,3550,549.3,555.57,4.02
2020Q1,Mozambique,Dhamra,Grain,Handysize,3550,549.3,555.57,4.68
2020Q1,Mozambique,Vizag,Coal,Capesize,3450,549.3,555.57,4.0
2020Q1,Mozambique,Vizag,Coal,Panamax,3450,549.3,555.57,4.0
2020Q1,Mozambique,Vizag,Coal,Supramax,3450,549.3,555.57,4.0
2020Q1,Mozambique,Vizag,Coal,Handysize,3450,549.3,555.57,4.0
2020Q1,Mozambique,Vizag,Iron Ore,Capesize,3450,549.3,555.57,4.0
2020Q1,Mozambique,Vizag,Iron Ore,Panamax,3450,549.3,555.57,4.0
2020Q1,Mozambique,Vizag,Bauxite,Panamax,3450,549.3,555.57,4.0
2020Q1,Mozambique,Vizag,Bauxite,Supramax,3450,549.3,555.57,4.0
2020Q1,Mozambique,Vizag,Bauxite,Handysize,3450,549.3,555.57,4.02
2020Q1,Mozambique,Vizag,Grain,Panamax,3450,549.3,555.57,4.0
2020Q1,Mozambique,Vizag,Grain,Supramax,3450,549.3,555.57,4.0
2020Q1,Mozambique,Vizag,Grain,Handysize,3450,549.3,555.57,4.61
2020Q1,Mozambique,Haldia,Coal,Capesize,3720,549.3,555.57,4.0
2020Q1,Mozambique,Haldia,Coal,Panamax,3720,549.3,555.57,4.0
2020Q1,Mozambique,Haldia,Coal,Supramax,3720,549.3,555.57,4.57
2020Q1,Mozambique,Haldia,Coal,Handysize,3720,549.3,555.57,5.04
2020Q1,Mozambique,Haldia,Iron Ore,Capesize,3720,549.3,555.57,4.0
2020Q1,Mozambique,Haldia,Iron Ore,Panamax,3720,549.3,555.57,4.0
2020Q1,Mozambique,Haldia,Bauxite,Panamax,3720,549.3,555.57,4.0
2020Q1,Mozambique,Haldia,Bauxite,Supramax,3720,549.3,555.57,4.4
2020Q1,Mozambique,Haldia,Bauxite,Handysize,3720,549.3,555.57,5.16
2020Q1,Mozambique,Haldia,Grain,Panamax,3720,549.3,555.57,4.66
2020Q1,Mozambique,Haldia,Grain,Supramax,3720,549.3,555.57,5.44
2020Q1,Mozambique,Haldia,Grain,Handysize,3720,549.3,555.57,6.28
2020Q1,Mozambique,Kolkata,Coal,Capesize,3750,549.3,555.57,4.0
2020Q1,Mozambique,Kolkata,Coal,Panamax,3750,549.3,555.57,4.01
2020Q1,Mozambique,Kolkata,Coal,Supramax,3750,549.3,555.57,5.23
2020Q1,Mozambique,Kolkata,Coal,Handysize,3750,549.3,555.57,6.31
2020Q1,Mozambique,Kolkata,Iron Ore,Capesize,3750,549.3,555.57,4.0
2020Q1,Mozambique,Kolkata,Iron Ore,Panamax,3750,549.3,555.57,4.0
2020Q1,Mozambique,Kolkata,Bauxite,Panamax,3750,549.3,555.57,4.52
2020Q1,Mozambique,Kolkata,Bauxite,Supramax,3750,549.3,555.57,5.24
2020Q1,Mozambique,Kolkata,Bauxite,Handysize,3750,549.3,555.57,6.21
2020Q1,Mozambique,Kolkata,Grain,Panamax,3750,549.3,555.57,5.57
2020Q1,Mozambique,Kolkata,Grain,Supramax,3750,549.3,555.57,6.58
2020Q1,Mozambique,Kolkata,Grain,Handysize,3750,549.3,555.57,7.1
2020Q1,Russia,Paradip,Coal,Capesize,6000,549.3,555.57,5.84
2020Q1,Russia,Paradip,Coal,Panamax,6000,549.3,555.57,6.41
2020Q1,Russia,Paradip,Coal,Supramax,6000,549.3,555.57,7.93
2020Q1,Russia,Paradip,Coal,Handysize,6000,549.3,555.57,8.64
2020Q1,Russia,Paradip,Iron Ore,Capesize,6000,549.3,555.57,4.95
2020Q1,Russia,Paradip,Iron Ore,Panamax,6000,549.3,555.57,5.84
2020Q1,Russia,Paradip,Bauxite,Panamax,6000,549.3,555.57,7.47
2020Q1,Russia,Paradip,Bauxite,Supramax,6000,549.3,555.57,8.08
2020Q1,Russia,Paradip,Bauxite,Handysize,6000,549.3,555.57,8.88
2020Q1,Russia,Paradip,Grain,Panamax,6000,549.3,555.57,7.95
2020Q1,Russia,Paradip,Grain,Supramax,6000,549.3,555.57,8.85
2020Q1,Russia,Paradip,Grain,Handysize,6000,549.3,555.57,10.23
2020Q1,Russia,Dhamra,Coal,Capesize,5950,549.3,555.57,5.53
2020Q1,Russia,Dhamra,Coal,Panamax,5950,549.3,555.57,6.28
2020Q1,Russia,Dhamra,Coal,Supramax,5950,549.3,555.57,7.39
2020Q1,Russia,Dhamra,Coal,Handysize,5950,549.3,555.57,8.5
2020Q1,Russia,Dhamra,Iron Ore,Capesize,5950,549.3,555.57,4.88
2020Q1,Russia,Dhamra,Iron Ore,Panamax,5950,549.3,555.57,5.73
2020Q1,Russia,Dhamra,Bauxite,Panamax,5950,549.3,555.57,6.14
2020Q1,Russia,Dhamra,Bauxite,Supramax,5950,549.3,555.57,7.87
2020Q1,Russia,Dhamra,Bauxite,Handysize,5950,549.3,555.57,8.62
2020Q1,Russia,Dhamra,Grain,Panamax,5950,549.3,555.57,7.15
2020Q1,Russia,Dhamra,Grain,Supramax,5950,549.3,555.57,8.77
2020Q1,Russia,Dhamra,Grain,Handysize,5950,549.3,555.57,10.23
2020Q1,Russia,Vizag,Coal,Capesize,5850,549.3,555.57,5.26
2020Q1,Russia,Vizag,Coal,Panamax,5850,549.3,555.57,6.5
2020Q1,Russia,Vizag,Coal,Supramax,5850,549.3,555.57,7.02
2020Q1,Russia,Vizag,Coal,Handysize,5850,549.3,555.57,8.43
2020Q1,Russia,Vizag,Iron Ore,Capesize,5850,549.3,555.57,4.75
2020Q1,Russia,Vizag,Iron Ore,Panamax,5850,549.3,555.57,5.67
2020Q1,Russia,Vizag,Bauxite,Panamax,5850,549.3,555.57,6.69
2020Q1,Russia,Vizag,Bauxite,Supramax,5850,549.3,555.57,7.46
2020Q1,Russia,Vizag,Bauxite,Handysize,5850,549.3,555.57,9.2
2020Q1,Russia,Vizag,Grain,Panamax,5850,549.3,555.57,7.59
2020Q1,Russia,Vizag,Grain,Supramax,5850,549.3,555.57,8.25
2020Q1,Russia,Vizag,Grain,Handysize,5850,549.3,555.57,9.55
2020Q1,Russia,Haldia,Coal,Capesize,6120,549.3,555.57,6.42
2020Q1,Russia,Haldia,Coal,Panamax,6120,549.3,555.57,7.46
2020Q1,Russia,Haldia,Coal,Supramax,6120,549.3,555.57,8.74
2020Q1,Russia,Haldia,Coal,Handysize,6120,549.3,555.57,10.17
2020Q1,Russia,Haldia,Iron Ore,Capesize,6120,549.3,555.57,5.83
2020Q1,Russia,Haldia,Iron Ore,Panamax,6120,549.3,555.57,6.99
2020Q1,Russia,Haldia,Bauxite,Panamax,6120,549.3,555.57,7.59
2020Q1,Russia,Haldia,Bauxite,Supramax,6120,549.3,555.57,8.83
2020Q1,Russia,Haldia,Bauxite,Handysize,6120,549.3,555.57,10.28
2020Q1,Russia,Haldia,Grain,Panamax,6120,549.3,555.57,9.11
2020Q1,Russia,Haldia,Grain,Supramax,6120,549.3,555.57,10.98
2020Q1,Russia,Haldia,Grain,Handysize,6120,549.3,555.57,12.03
2020Q1,Russia,Kolkata,Coal,Capesize,6150,549.3,555.57,6.34
2020Q1,Russia,Kolkata,Coal,Panamax,6150,549.3,555.57,7.65
2020Q1,Russia,Kolkata,Coal,Supramax,6150,549.3,555.57,9.21
2020Q1,Russia,Kolkata,Coal,Handysize,6150,549.3,555.57,10.8
2020Q1,Russia,Kolkata,Iron Ore,Capesize,6150,549.3,555.57,6.16
2020Q1,Russia,Kolkata,Iron Ore,Panamax,6150,549.3,555.57,7.33
2020Q1,Russia,Kolkata,Bauxite,Panamax,6150,549.3,555.57,8.44
2020Q1,Russia,Kolkata,Bauxite,Supramax,6150,549.3,555.57,10.33
2020Q1,Russia,Kolkata,Bauxite,Handysize,6150,549.3,555.57,11.29
2020Q1,Russia,Kolkata,Grain,Panamax,6150,549.3,555.57,9.46
2020Q1,Russia,Kolkata,Grain,Supramax,6150,549.3,555.57,11.57
2020Q1,Russia,Kolkata,Grain,Handysize,6150,549.3,555.57,12.5
2020Q2,Australia,Paradip,Coal,Capesize,4400,979.3,222.17,4.81
2020Q2,Australia,Paradip,Coal,Panamax,4400,979.3,222.17,5.58
2020Q2,Australia,Paradip,Coal,Supramax,4400,979.3,222.17,6.45
2020Q2,Australia,Paradip,Coal,Handysize,4400,979.3,222.17,7.95
2020Q2,Australia,Paradip,Iron Ore,Capesize,4400,979.3,222.17,4.18
2020Q2,Australia,Paradip,Iron Ore,Panamax,4400,979.3,222.17,5.37
2020Q2,Australia,Paradip,Bauxite,Panamax,4400,979.3,222.17,5.79
2020Q2,Australia,Paradip,Bauxite,Supramax,4400,979.3,222.17,6.51
2020Q2,Australia,Paradip,Bauxite,Handysize,4400,979.3,222.17,7.93
2020Q2,Australia,Paradip,Grain,Panamax,4400,979.3,222.17,6.42
2020Q2,Australia,Paradip,Grain,Supramax,4400,979.3,222.17,7.58
2020Q2,Australia,Paradip,Grain,Handysize,4400,979.3,222.17,9.16
2020Q2,Australia,Dhamra,Coal,Capesize,4350,979.3,222.17,4.67
2020Q2,Australia,Dhamra,Coal,Panamax,4350,979.3,222.17,5.24
2020Q2,Australia,Dhamra,Coal,Supramax,4350,979.3,222.17,6.47
2020Q2,Australia,Dhamra,Coal,Handysize,4350,979.3,222.17,7.55
2020Q2,Australia,Dhamra,Iron Ore,Capesize,4350,979.3,222.17,4.33
2020Q2,Australia,Dhamra,Iron Ore,Panamax,4350,979.3,222.17,4.91
2020Q2,Australia,Dhamra,Bauxite,Panamax,4350,979.3,222.17,5.9
2020Q2,Australia,Dhamra,Bauxite,Supramax,4350,979.3,222.17,6.14
2020Q2,Australia,Dhamra,Bauxite,Handysize,4350,979.3,222.17,7.54
2020Q2,Australia,Dhamra,Grain,Panamax,4350,979.3,222.17,6.24
2020Q2,Australia,Dhamra,Grain,Supramax,4350,979.3,222.17,7.54
2020Q2,Australia,Dhamra,Grain,Handysize,4350,979.3,222.17,8.54
2020Q2,Australia,Vizag,Coal,Capesize,4250,979.3,222.17,4.64
2020Q2,Australia,Vizag,Coal,Panamax,4250,979.3,222.17,5.82
2020Q2,Australia,Vizag,Coal,Supramax,4250,979.3,222.17,6.33
2020Q2,Australia,Vizag,Coal,Handysize,4250,979.3,222.17,7.5
2020Q2,Australia,Vizag,Iron Ore,Capesize,4250,979.3,222.17,4.16
2020Q2,Australia,Vizag,Iron Ore,Panamax,4250,979.3,222.17,4.93
2020Q2,Australia,Vizag,Bauxite,Panamax,4250,979.3,222.17,5.74
2020Q2,Australia,Vizag,Bauxite,Supramax,4250,979.3,222.17,6.79
2020Q2,Australia,Vizag,Bauxite,Handysize,4250,979.3,222.17,8.08
2020Q2,Australia,Vizag,Grain,Panamax,4250,979.3,222.17,6.93
2020Q2,Australia,Vizag,Grain,Supramax,4250,979.3,222.17,7.73
2020Q2,Australia,Vizag,Grain,Handysize,4250,979.3,222.17,9.06
2020Q2,Australia,Haldia,Coal,Capesize,4520,979.3,222.17,6.08
2020Q2,Australia,Haldia,Coal,Panamax,4520,979.3,222.17,7.39
2020Q2,Australia,Haldia,Coal,Supramax,4520,979.3,222.17,8.93
2020Q2,Australia,Haldia,Coal,Handysize,4520,979.3,222.17,10.34
2020Q2,Australia,Haldia,Iron Ore,Capesize,4520,979.3,222.17,5.74
2020Q2,Australia,Haldia,Iron Ore,Panamax,4520,979.3,222.17,6.88
2020Q2,Australia,Haldia,Bauxite,Panamax,4520,979.3,222.17,7.92
2020Q2,Australia,Haldia,Bauxite,Supramax,4520,979.3,222.17,9.46
2020Q2,Australia,Haldia,Bauxite,Handysize,4520,979.3,222.17,10.65
2020Q2,Australia,Haldia,Grain,Panamax,4520,979.3,222.17,8.79
2020Q2,Australia,Haldia,Grain,Supramax,4520,979.3,222.17,10.5
2020Q2,Australia,Haldia,Grain,Handysize,4520,979.3,222.17,10.81
2020Q2,Australia,Kolkata,Coal,Capesize,4550,979.3,222.17,7.22
2020Q2,Australia,Kolkata,Coal,Panamax,4550,979.3,222.17,7.28
2020Q2,Australia,Kolkata,Coal,Supramax,4550,979.3,222.17,9.14
2020Q2,Australia,Kolkata,Coal,Handysize,4550,979.3,222.17,11.47
2020Q2,Australia,Kolkata,Iron Ore,Capesize,4550,979.3,222.17,6.52
2020Q2,Australia,Kolkata,Iron Ore,Panamax,4550,979.3,222.17,7.2
2020Q2,Australia,Kolkata,Bauxite,Panamax,4550,979.3,222.17,8.54
2020Q2,Australia,Kolkata,Bauxite,Supramax,4550,979.3,222.17,10.71
2020Q2,Australia,Kolkata,Bauxite,Handysize,4550,979.3,222.17,11.66
2020Q2,Australia,Kolkata,Grain,Panamax,4550,979.3,222.17,10.79
2020Q2,Australia,Kolkata,Grain,Supramax,4550,979.3,222.17,11.68
2020Q2,Australia,Kolkata,Grain,Handysize,4550,979.3,222.17,13.75
2020Q2,Indonesia,Paradip,Coal,Capesize,2800,979.3,222.17,4.0
2020Q2,Indonesia,Paradip,Coal,Panamax,2800,979.3,222.17,4.0
2020Q2,Indonesia,Paradip,Coal,Supramax,2800,979.3,222.17,4.0
2020Q2,Indonesia,Paradip,Coal,Handysize,2800,979.3,222.17,4.64
2020Q2,Indonesia,Paradip,Iron Ore,Capesize,2800,979.3,222.17,4.0
2020Q2,Indonesia,Paradip,Iron Ore,Panamax,2800,979.3,222.17,4.0
2020Q2,Indonesia,Paradip,Bauxite,Panamax,2800,979.3,222.17,4.0
2020Q2,Indonesia,Paradip,Bauxite,Supramax,2800,979.3,222.17,4.11
2020Q2,Indonesia,Paradip,Bauxite,Handysize,2800,979.3,222.17,5.05
2020Q2,Indonesia,Paradip,Grain,Panamax,2800,979.3,222.17,4.14
2020Q2,Indonesia,Paradip,Grain,Supramax,2800,979.3,222.17,4.77
2020Q2,Indonesia,Paradip,Grain,Handysize,2800,979.3,222.17,5.57
2020Q2,Indonesia,Dhamra,Coal,Capesize,2750,979.3,222.17,4.0
2020Q2,Indonesia,Dhamra,Coal,Panamax,2750,979.3,222.17,4.0
2020Q2,Indonesia,Dhamra,Coal,Supramax,2750,979.3,222.17,4.0
2020Q2,Indonesia,Dhamra,Coal,Handysize,2750,979.3,222.17,4.23
2020Q2,Indonesia,Dhamra,Iron Ore,Capesize,2750,979.3,222.17,4.0
2020Q2,Indonesia,Dhamra,Iron Ore,Panamax,2750,979.3,222.17,4.0
2020Q2,Indonesia,Dhamra,Bauxite,Panamax,2750,979.3,222.17,4.0
2020Q2,Indonesia,Dhamra,Bauxite,Supramax,2750,979.3,222.17,4.03
2020Q2,Indonesia,Dhamra,Bauxite,Handysize,2750,979.3,222.17,4.69
2020Q2,Indonesia,Dhamra,Grain,Panamax,2750,979.3,222.17,4.0
2020Q2,Indonesia,Dhamra,Grain,Supramax,2750,979.3,222.17,4.58
2020Q2,Indonesia,Dhamra,Grain,Handysize,2750,979.3,222.17,5.41
2020Q2,Indonesia,Vizag,Coal,Capesize,2650,979.3,222.17,4.0
2020Q2,Indonesia,Vizag,Coal,Panamax,2650,979.3,222.17,4.0
2020Q2,Indonesia,Vizag,Coal,Supramax,2650,979.3,222.17,4.0
2020Q2,Indonesia,Vizag,Coal,Handysize,2650,979.3,222.17,4.35
2020Q2,Indonesia,Vizag,Iron Ore,Capesize,2650,979.3,222.17,4.0
2020Q2,Indonesia,Vizag,Iron Ore,Panamax,2650,979.3,222.17,4.0
2020Q2,Indonesia,Vizag,Bauxite,Panamax,2650,979.3,222.17,4.0
2020Q2,Indonesia,Vizag,Bauxite,Supramax,2650,979.3,222.17,4.09
2020Q2,Indonesia,Vizag,Bauxite,Handysize,2650,979.3,222.17,4.8
2020Q2,Indonesia,Vizag,Grain,Panamax,2650,979.3,222.17,4.0
2020Q2,Indonesia,Vizag,Grain,Supramax,2650,979.3,222.17,4.43
2020Q2,Indonesia,Vizag,Grain,Handysize,2650,979.3,222.17,5.23
2020Q2,Indonesia,Haldia,Coal,Capesize,2920,979.3,222.17,4.01
2020Q2,Indonesia,Haldia,Coal,Panamax,2920,979.3,222.17,4.59
2020Q2,Indonesia,Haldia,Coal,Supramax,2920,979.3,222.17,5.35
2020Q2,Indonesia,Haldia,Coal,Handysize,2920,979.3,222.17,6.36
2020Q2,Indonesia,Haldia,Iron Ore,Capesize,2920,979.3,222.17,4.0
2020Q2,Indonesia,Haldia,Iron Ore,Panamax,2920,979.3,222.17,4.01
2020Q2,Indonesia,Haldia,Bauxite,Panamax,2920,979.3,222.17,4.73
2020Q2,Indonesia,Haldia,Bauxite,Supramax,2920,979.3,222.17,5.72
2020Q2,Indonesia,Haldia,Bauxite,Handysize,2920,979.3,222.17,6.49
2020Q2,Indonesia,Haldia,Grain,Panamax,2920,979.3,222.17,5.55
2020Q2,Indonesia,Haldia,Grain,Supramax,2920,979.3,222.17,6.54
2020Q2,Indonesia,Haldia,Grain,Handysize,2920,979.3,222.17,7.32
2020Q2,Indonesia,Kolkata,Coal,Capesize,2950,979.3,222.17,4.61
2020Q2,Indonesia,Kolkata,Coal,Panamax,2950,979.3,222.17,5.33
2020Q2,Indonesia,Kolkata,Coal,Supramax,2950,979.3,222.17,5.87
2020Q2,Indonesia,Kolkata,Coal,Handysize,2950,979.3,222.17,7.49
2020Q2,Indonesia,Kolkata,Iron Ore,Capesize,2950,979.3,222.17,4.0
2020Q2,Indonesia,Kolkata,Iron Ore,Panamax,2950,979.3,222.17,4.46
2020Q2,Indonesia,Kolkata,Bauxite,Panamax,2950,979.3,222.17,5.32
2020Q2,Indonesia,Kolkata,Bauxite,Supramax,2950,979.3,222.17,6.22
2020Q2,Indonesia,Kolkata,Bauxite,Handysize,2950,979.3,222.17,7.5
2020Q2,Indonesia,Kolkata,Grain,Panamax,2950,979.3,222.17,6.25
2020Q2,Indonesia,Kolkata,Grain,Supramax,2950,979.3,222.17,7.28
2020Q2,Indonesia,Kolkata,Grain,Handysize,2950,979.3,222.17,8.74
2020Q2,South Africa,Paradip,Coal,Capesize,5000,979.3,222.17,5.01
2020Q2,South Africa,Paradip,Coal,Panamax,5000,979.3,222.17,5.86
2020Q2,South Africa,Paradip,Coal,Supramax,5000,979.3,222.17,6.85
2020Q2,South Africa,Paradip,Coal,Handysize,5000,979.3,222.17,8.01
2020Q2,South Africa,Paradip,Iron Ore,Capesize,5000,979.3,222.17,4.12
2020Q2,South Africa,Paradip,Iron Ore,Panamax,5000,979.3,222.17,5.15
2020Q2,South Africa,Paradip,Bauxite,Panamax,5000,979.3,222.17,5.62
2020Q2,South Africa,Paradip,Bauxite,Supramax,5000,979.3,222.17,7.1
2020Q2,South Africa,Paradip,Bauxite,Handysize,5000,979.3,222.17,8.23
2020Q2,South Africa,Paradip,Grain,Panamax,5000,979.3,222.17,7.2
2020Q2,South Africa,Paradip,Grain,Supramax,5000,979.3,222.17,8.45
2020Q2,South Africa,Paradip,Grain,Handysize,5000,979.3,222.17,9.48
2020Q2,South Africa,Dhamra,Coal,Capesize,4950,979.3,222.17,4.72
2020Q2,South Africa,Dhamra,Coal,Panamax,4950,979.3,222.17,5.72
2020Q2,South Africa,Dhamra,Coal,Supramax,4950,979.3,222.17,6.44
2020Q2,South Africa,Dhamra,Coal,Handysize,4950,979.3,222.17,7.62
2020Q2,South Africa,Dhamra,Iron Ore,Capesize,4950,979.3,222.17,4.47
2020Q2,South Africa,Dhamra,Iron Ore,Panamax,4950,979.3,222.17,4.96
2020Q2,South Africa,Dhamra,Bauxite,Panamax,4950,979.3,222.17,6.07
2020Q2,South Africa,Dhamra,Bauxite,Supramax,4950,979.3,222.17,7.06
2020Q2,South Africa,Dhamra,Bauxite,Handysize,4950,979.3,222.17,7.73
2020Q2,South Africa,Dhamra,Grain,Panamax,4950,979.3,222.17,6.98
2020Q2,South Africa,Dhamra,Grain,Supramax,4950,979.3,222.17,8.07
2020Q2,South Africa,Dhamra,Grain,Handysize,4950,979.3,222.17,9.18
2020Q2,South Africa,Vizag,Coal,Capesize,4850,979.3,222.17,4.62
2020Q2,South Africa,Vizag,Coal,Panamax,4850,979.3,222.17,5.39
2020Q2,South Africa,Vizag,Coal,Supramax,4850,979.3,222.17,6.36
2020Q2,South Africa,Vizag,Coal,Handysize,4850,979.3,222.17,7.67
2020Q2,South Africa,Vizag,Iron Ore,Capesize,4850,979.3,222.17,4.13
2020Q2,South Africa,Vizag,Iron Ore,Panamax,4850,979.3,222.17,5.08
2020Q2,South Africa,Vizag,Bauxite,Panamax,4850,979.3,222.17,5.58
2020Q2,South Africa,Vizag,Bauxite,Supramax,4850,979.3,222.17,6.76
2020Q2,South Africa,Vizag,Bauxite,Handysize,4850,979.3,222.17,7.94
2020Q2,South Africa,Vizag,Grain,Panamax,4850,979.3,222.17,7.24
2020Q2,South Africa,Vizag,Grain,Supramax,4850,979.3,222.17,7.41
2020Q2,South Africa,Vizag,Grain,Handysize,4850,979.3,222.17,9.5
2020Q2,South Africa,Haldia,Coal,Capesize,5120,979.3,222.17,6.48
2020Q2,South Africa,Haldia,Coal,Panamax,5120,979.3,222.17,7.65
2020Q2,South Africa,Haldia,Coal,Supramax,5120,979.3,222.17,8.84
2020Q2,South Africa,Haldia,Coal,Handysize,5120,979.3,222.17,10.38
2020Q2,South Africa,Haldia,Iron Ore,Capesize,5120,979.3,222.17,5.77
2020Q2,South Africa,Haldia,Iron Ore,Panamax,5120,979.3,222.17,7.14
2020Q2,South Africa,Haldia,Bauxite,Panamax,5120,979.3,222.17,7.8
2020Q2,South Africa,Haldia,Bauxite,Supramax,5120,979.3,222.17,9.61
2020Q2,South Africa,Haldia,Bauxite,Handysize,5120,979.3,222.17,10.49
2020Q2,South Africa,Haldia,Grain,Panamax,5120,979.3,222.17,9.04
2020Q2,South Africa,Haldia,Grain,Supramax,5120,979.3,222.17,10.17
2020Q2,South Africa,Haldia,Grain,Handysize,5120,979.3,222.17,12.46
2020Q2,South Africa,Kolkata,Coal,Capesize,5150,979.3,222.17,7.6
2020Q2,South Africa,Kolkata,Coal,Panamax,5150,979.3,222.17,8.45
2020Q2,South Africa,Kolkata,Coal,Supramax,5150,979.3,222.17,9.82
2020Q2,South Africa,Kolkata,Coal,Handysize,5150,979.3,222.17,11.03
2020Q2,South Africa,Kolkata,Iron Ore,Capesize,5150,979.3,222.17,6.46
2020Q2,South Africa,Kolkata,Iron Ore,Panamax,5150,979.3,222.17,7.2
2020Q2,South Africa,Kolkata,Bauxite,Panamax,5150,979.3,222.17,8.61
2020Q2,South Africa,Kolkata,Bauxite,Supramax,5150,979.3,222.17,10.46
2020Q2,South Africa,Kolkata,Bauxite,Handysize,5150,979.3,222.17,12.6
2020Q2,South Africa,Kolkata,Grain,Panamax,5150,979.3,222.17,11.17
2020Q2,South Africa,Kolkata,Grain,Supramax,5150,979.3,222.17,11.62
2020Q2,South Africa,Kolkata,Grain,Handysize,5150,979.3,222.17,14.46
2020Q2,Mozambique,Paradip,Coal,Capesize,3600,979.3,222.17,4.5
2020Q2,Mozambique,Paradip,Coal,Panamax,3600,979.3,222.17,5.2
2020Q2,Mozambique,Paradip,Coal,Supramax,3600,979.3,222.17,6.19
2020Q2,Mozambique,Paradip,Coal,Handysize,3600,979.3,222.17,7.1
2020Q2,Mozambique,Paradip,Iron Ore,Capesize,3600,979.3,222.17,4.04
2020Q2,Mozambique,Paradip,Iron Ore,Panamax,3600,979.3,222.17,4.64
2020Q2,Mozambique,Paradip,Bauxite,Panamax,3600,979.3,222.17,5.22
2020Q2,Mozambique,Paradip,Bauxite,Supramax,3600,979.3,222.17,6.06
2020Q2,Mozambique,Paradip,Bauxite,Handysize,3600,979.3,222.17,7.61
2020Q2,Mozambique,Paradip,Grain,Panamax,3600,979.3,222.17,6.21
2020Q2,Mozambique,Paradip,Grain,Supramax,3600,979.3,222.17,7.17
2020Q2,Mozambique,Paradip,Grain,Handysize,3600,979.3,222.17,8.5
2020Q2,Mozambique,Dhamra,Coal,Capesize,3550,979.3,222.17,4.45
2020Q2,Mozambique,Dhamra,Coal,Panamax,3550,979.3,222.17,5.1
2020Q2,Mozambique,Dhamra,Coal,Supramax,3550,979.3,222.17,5.77
2020Q2,Mozambique,Dhamra,Coal,Handysize,3550,979.3,222.17,7.15
2020Q2,Mozambique,Dhamra,Iron Ore,Capesize,3550,979.3,222.17,4.11
2020Q2,Mozambique,Dhamra,Iron Ore,Panamax,3550,979.3,222.17,4.64
2020Q2,Mozambique,Dhamra,Bauxite,Panamax,3550,979.3,222.17,5.5
2020Q2,Mozambique,Dhamra,Bauxite,Supramax,3550,979.3,222.17,6.47
2020Q2,Mozambique,Dhamra,Bauxite,Handysize,3550,979.3,222.17,7.48
2020Q2,Mozambique,Dhamra,Grain,Panamax,3550,979.3,222.17,6.21
2020Q2,Mozambique,Dhamra,Grain,Supramax,3550,979.3,222.17,7.24
2020Q2,Mozambique,Dhamra,Grain,Handysize,3550,979.3,222.17,8.38
2020Q2,Mozambique,Vizag,Coal,Capesize,3450,979.3,222.17,4.1
2020Q2,Mozambique,Vizag,Coal,Panamax,3450,979.3,222.17,5.12
2020Q2,Mozambique,Vizag,Coal,Supramax,3450,979.3,222.17,5.55
2020Q2,Mozambique,Vizag,Coal,Handysize,3450,979.3,222.17,6.58
2020Q2,Mozambique,Vizag,Iron Ore,Capesize,3450,979.3,222.17,4.02
2020Q2,Mozambique,Vizag,Iron Ore,Panamax,3450,979.3,222.17,4.63
2020Q2,Mozambique,Vizag,Bauxite,Panamax,3450,979.3,222.17,5.52
2020Q2,Mozambique,Vizag,Bauxite,Supramax,3450,979.3,222.17,6.06
2020Q2,Mozambique,Vizag,Bauxite,Handysize,3450,979.3,222.17,6.82
2020Q2,Mozambique,Vizag,Grain,Panamax,3450,979.3,222.17,5.95
2020Q2,Mozambique,Vizag,Grain,Supramax,3450,979.3,222.17,7.02
2020Q2,Mozambique,Vizag,Grain,Handysize,3450,979.3,222.17,8.14
2020Q2,Mozambique,Haldia,Coal,Capesize,3720,979.3,222.17,6.14
2020Q2,Mozambique,Haldia,Coal,Panamax,3720,979.3,222.17,6.83
2020Q2,Mozambique,Haldia,Coal,Supramax,3720,979.3,222.17,8.17
2020Q2,Mozambique,Haldia,Coal,Handysize,3720,979.3,222.17,9.04
2020Q2,Mozambique,Haldia,Iron Ore,Capesize,3720,979.3,222.17,5.4
2020Q2,Mozambique,Haldia,Iron Ore,Panamax,3720,979.3,222.17,6.23
2020Q2,Mozambique,Haldia,Bauxite,Panamax,3720,979.3,222.17,7.07
2020Q2,Mozambique,Haldia,Bauxite,Supramax,3720,979.3,222.17,8.4
2020Q2,Mozambique,Haldia,Bauxite,Handysize,3720,979.3,222.17,9.77
2020Q2,Mozambique,Haldia,Grain,Panamax,3720,979.3,222.17,8.22
2020Q2,Mozambique,Haldia,Grain,Supramax,3720,979.3,222.17,10.28
2020Q2,Mozambique,Haldia,Grain,Handysize,3720,979.3,222.17,11.2
2020Q2,Mozambique,Kolkata,Coal,Capesize,3750,979.3,222.17,6.67
2020Q2,Mozambique,Kolkata,Coal,Panamax,3750,979.3,222.17,7.3
2020Q2,Mozambique,Kolkata,Coal,Supramax,3750,979.3,222.17,8.9
2020Q2,Mozambique,Kolkata,Coal,Handysize,3750,979.3,222.17,10.57
2020Q2,Mozambique,Kolkata,Iron Ore,Capesize,3750,979.3,222.17,5.91
2020Q2,Mozambique,Kolkata,Iron Ore,Panamax,3750,979.3,222.17,7.43
2020Q2,Mozambique,Kolkata,Bauxite,Panamax,3750,979.3,222.17,8.22
2020Q2,Mozambique,Kolkata,Bauxite,Supramax,3750,979.3,222.17,10.08
2020Q2,Mozambique,Kolkata,Bauxite,Handysize,3750,979.3,222.17,11.22
2020Q2,Mozambique,Kolkata,Grain,Panamax,3750,979.3,222.17,9.46
2020Q2,Mozambique,Kolkata,Grain,Supramax,3750,979.3,222.17,10.99
2020Q2,Mozambique,Kolkata,Grain,Handysize,3750,979.3,222.17,12.8
2020Q2,Russia,Paradip,Coal,Capesize,6000,979.3,222.17,10.34
2020Q2,Russia,Paradip,Coal,Panamax,6000,979.3,222.17,10.49
2020Q2,Russia,Paradip,Coal,Supramax,6000,979.3,222.17,12.39
2020Q2,Russia,Paradip,Coal,Handysize,6000,979.3,222.17,15.17
2020Q2,Russia,Paradip,Iron Ore,Capesize,6000,979.3,222.17,8.78
2020Q2,Russia,Paradip,Iron Ore,Panamax,6000,979.3,222.17,10.52
2020Q2,Russia,Paradip,Bauxite,Panamax,6000,979.3,222.17,12.19
2020Q2,Russia,Paradip,Bauxite,Supramax,6000,979.3,222.17,13.8
2020Q2,Russia,Paradip,Bauxite,Handysize,6000,979.3,222.17,16.81
2020Q2,Russia,Paradip,Grain,Panamax,6000,979.3,222.17,14.2
2020Q2,Russia,Paradip,Grain,Supramax,6000,979.3,222.17,16.09
2020Q2,Russia,Paradip,Grain,Handysize,6000,979.3,222.17,19.18
2020Q2,Russia,Dhamra,Coal,Capesize,5950,979.3,222.17,9.65
2020Q2,Russia,Dhamra,Coal,Panamax,5950,979.3,222.17,10.97
2020Q2,Russia,Dhamra,Coal,Supramax,5950,979.3,222.17,13.37
2020Q2,Russia,Dhamra,Coal,Handysize,5950,979.3,222.17,15.21
2020Q2,Russia,Dhamra,Iron Ore,Capesize,5950,979.3,222.17,8.6
2020Q2,Russia,Dhamra,Iron Ore,Panamax,5950,979.3,222.17,10.59
2020Q2,Russia,Dhamra,Bauxite,Panamax,5950,979.3,222.17,10.74
2020Q2,Russia,Dhamra,Bauxite,Supramax,5950,979.3,222.17,13.02
2020Q2,Russia,Dhamra,Bauxite,Handysize,5950,979.3,222.17,15.25
2020Q2,Russia,Dhamra,Grain,Panamax,5950,979.3,222.17,13.25
2020Q2,Russia,Dhamra,Grain,Supramax,5950,979.3,222.17,15.52
2020Q2,Russia,Dhamra,Grain,Handysize,5950,979.3,222.17,17.22
2020Q2,Russia,Vizag,Coal,Capesize,5850,979.3,222.17,9.28
2020Q2,Russia,Vizag,Coal,Panamax,5850,979.3,222.17,10.91
2020Q2,Russia,Vizag,Coal,Supramax,5850,979.3,222.17,14.26
2020Q2,Russia,Vizag,Coal,Handysize,5850,979.3,222.17,16.2
2020Q2,Russia,Vizag,Iron Ore,Capesize,5850,979.3,222.17,8.53
2020Q2,Russia,Vizag,Iron Ore,Panamax,5850,979.3,222.17,10.0
2020Q2,Russia,Vizag,Bauxite,Panamax,5850,979.3,222.17,11.34
2020Q2,Russia,Vizag,Bauxite,Supramax,5850,979.3,222.17,12.86
2020Q2,Russia,Vizag,Bauxite,Handysize,5850,979.3,222.17,15.93
2020Q2,Russia,Vizag,Grain,Panamax,5850,979.3,222.17,13.03
2020Q2,Russia,Vizag,Grain,Supramax,5850,979.3,222.17,15.71
2020Q2,Russia,Vizag,Grain,Handysize,5850,979.3,222.17,17.26
2020Q2,Russia,Haldia,Coal,Capesize,6120,979.3,222.17,11.14
2020Q2,Russia,Haldia,Coal,Panamax,6120,979.3,222.17,13.47
2020Q2,Russia,Haldia,Coal,Supramax,6120,979.3,222.17,15.84
2020Q2,Russia,Haldia,Coal,Handysize,6120,979.3,222.17,18.42
2020Q2,Russia,Haldia,Iron Ore,Capesize,6120,979.3,222.17,9.83
2020Q2,Russia,Haldia,Iron Ore,Panamax,6120,979.3,222.17,12.42
2020Q2,Russia,Haldia,Bauxite,Panamax,6120,979.3,222.17,13.68
2020Q2,Russia,Haldia,Bauxite,Supramax,6120,979.3,222.17,16.78
2020Q2,Russia,Haldia,Bauxite,Handysize,6120,979.3,222.17,19.05
2020Q2,Russia,Haldia,Grain,Panamax,6120,979.3,222.17,15.31
2020Q2,Russia,Haldia,Grain,Supramax,6120,979.3,222.17,18.56
2020Q2,Russia,Haldia,Grain,Handysize,6120,979.3,222.17,22.06
2020Q2,Russia,Kolkata,Coal,Capesize,6150,979.3,222.17,12.65
2020Q2,Russia,Kolkata,Coal,Panamax,6150,979.3,222.17,14.42
2020Q2,Russia,Kolkata,Coal,Supramax,6150,979.3,222.17,17.82
2020Q2,Russia,Kolkata,Coal,Handysize,6150,979.3,222.17,20.32
2020Q2,Russia,Kolkata,Iron Ore,Capesize,6150,979.3,222.17,11.04
2020Q2,Russia,Kolkata,Iron Ore,Panamax,6150,979.3,222.17,13.39
2020Q2,Russia,Kolkata,Bauxite,Panamax,6150,979.3,222.17,16.25
2020Q2,Russia,Kolkata,Bauxite,Supramax,6150,979.3,222.17,18.98
2020Q2,Russia,Kolkata,Bauxite,Handysize,6150,979.3,222.17,19.73
2020Q2,Russia,Kolkata,Grain,Panamax,6150,979.3,222.17,16.83
2020Q2,Russia,Kolkata,Grain,Supramax,6150,979.3,222.17,21.35
2020Q2,Russia,Kolkata,Grain,Handysize,6150,979.3,222.17,22.68
2020Q3,Australia,Paradip,Coal,Capesize,4400,1521.0,292.93,7.03
2020Q3,Australia,Paradip,Coal,Panamax,4400,1521.0,292.93,8.49
2020Q3,Australia,Paradip,Coal,Supramax,4400,1521.0,292.93,10.22
2020Q3,Australia,Paradip,Coal,Handysize,4400,1521.0,292.93,11.65
2020Q3,Australia,Paradip,Iron Ore,Capesize,4400,1521.0,292.93,6.49
2020Q3,Australia,Paradip,Iron Ore,Panamax,4400,1521.0,292.93,7.59
2020Q3,Australia,Paradip,Bauxite,Panamax,4400,1521.0,292.93,8.84
2020Q3,Australia,Paradip,Bauxite,Supramax,4400,1521.0,292.93,10.25
2020Q3,Australia,Paradip,Bauxite,Handysize,4400,1521.0,292.93,13.26
2020Q3,Australia,Paradip,Grain,Panamax,4400,1521.0,292.93,10.47
2020Q3,Australia,Paradip,Grain,Supramax,4400,1521.0,292.93,12.47
2020Q3,Australia,Paradip,Grain,Handysize,4400,1521.0,292.93,13.79
2020Q3,Australia,Dhamra,Coal,Capesize,4350,1521.0,292.93,7.07
2020Q3,Australia,Dhamra,Coal,Panamax,4350,1521.0,292.93,8.12
2020Q3,Australia,Dhamra,Coal,Supramax,4350,1521.0,292.93,8.81
2020Q3,Australia,Dhamra,Coal,Handysize,4350,1521.0,292.93,10.73
2020Q3,Australia,Dhamra,Iron Ore,Capesize,4350,1521.0,292.93,6.0
2020Q3,Australia,Dhamra,Iron Ore,Panamax,4350,1521.0,292.93,6.9
2020Q3,Australia,Dhamra,Bauxite,Panamax,4350,1521.0,292.93,8.38
2020Q3,Australia,Dhamra,Bauxite,Supramax,4350,1521.0,292.93,10.67
2020Q3,Australia,Dhamra,Bauxite,Handysize,4350,1521.0,292.93,11.82
2020Q3,Australia,Dhamra,Grain,Panamax,4350,1521.0,292.93,10.44
2020Q3,Australia,Dhamra,Grain,Supramax,4350,1521.0,292.93,11.83
2020Q3,Australia,Dhamra,Grain,Handysize,4350,1521.0,292.93,13.9
2020Q3,Australia,Vizag,Coal,Capesize,4250,1521.0,292.93,7.02
2020Q3,Australia,Vizag,Coal,Panamax,4250,1521.0,292.93,8.64
2020Q3,Australia,Vizag,Coal,Supramax,4250,1521.0,292.93,10.15
2020Q3,Australia,Vizag,Coal,Handysize,4250,1521.0,292.93,11.25
2020Q3,Australia,Vizag,Iron Ore,Capesize,4250,1521.0,292.93,6.65
2020Q3,Australia,Vizag,Iron Ore,Panamax,4250,1521.0,292.93,7.78
2020Q3,Australia,Vizag,Bauxite,Panamax,4250,1521.0,292.93,8.73
2020Q3,Australia,Vizag,Bauxite,Supramax,4250,1521.0,292.93,9.98
2020Q3,Australia,Vizag,Bauxite,Handysize,4250,1521.0,292.93,11.56
2020Q3,Australia,Vizag,Grain,Panamax,4250,1521.0,292.93,10.21
2020Q3,Australia,Vizag,Grain,Supramax,4250,1521.0,292.93,12.01
2020Q3,Australia,Vizag,Grain,Handysize,4250,1521.0,292.93,13.4
2020Q3,Australia,Haldia,Coal,Capesize,4520,1521.0,292.93,9.84
2020Q3,Australia,Haldia,Coal,Panamax,4520,1521.0,292.93,11.74
2020Q3,Australia,Haldia,Coal,Supramax,4520,1521.0,292.93,13.72
2020Q3,Australia,Haldia,Coal,Handysize,4520,1521.0,292.93,16.44
2020Q3,Australia,Haldia,Iron Ore,Capesize,4520,1521.0,292.93,9.25
2020Q3,Australia,Haldia,Iron Ore,Panamax,4520,1521.0,292.93,10.0
2020Q3,Australia,Haldia,Bauxite,Panamax,4520,1521.0,292.93,12.8
2020Q3,Australia,Haldia,Bauxite,Supramax,4520,1521.0,292.93,13.84
2020Q3,Australia,Haldia,Bauxite,Handysize,4520,1521.0,292.93,16.97
2020Q3,Australia,Haldia,Grain,Panamax,4520,1521.0,292.93,13.85
2020Q3,Australia,Haldia,Grain,Supramax,4520,1521.0,292.93,15.89
2020Q3,Australia,Haldia,Grain,Handysize,4520,1521.0,292.93,17.53
2020Q3,Australia,Kolkata,Coal,Capesize,4550,1521.0,292.93,11.0
2020Q3,Australia,Kolkata,Coal,Panamax,4550,1521.0,292.93,12.25
2020Q3,Australia,Kolkata,Coal,Supramax,4550,1521.0,292.93,15.62
2020Q3,Australia,Kolkata,Coal,Handysize,4550,1521.0,292.93,18.47
2020Q3,Australia,Kolkata,Iron Ore,Capesize,4550,1521.0,292.93,9.68
2020Q3,Australia,Kolkata,Iron Ore,Panamax,4550,1521.0,292.93,11.78
2020Q3,Australia,Kolkata,Bauxite,Panamax,4550,1521.0,292.93,13.26
2020Q3,Australia,Kolkata,Bauxite,Supramax,4550,1521.0,292.93,15.52
2020Q3,Australia,Kolkata,Bauxite,Handysize,4550,1521.0,292.93,18.92
2020Q3,Australia,Kolkata,Grain,Panamax,4550,1521.0,292.93,15.52
2020Q3,Australia,Kolkata,Grain,Supramax,4550,1521.0,292.93,19.24
2020Q3,Australia,Kolkata,Grain,Handysize,4550,1521.0,292.93,20.69
2020Q3,Indonesia,Paradip,Coal,Capesize,2800,1521.0,292.93,4.73
2020Q3,Indonesia,Paradip,Coal,Panamax,2800,1521.0,292.93,5.36
2020Q3,Indonesia,Paradip,Coal,Supramax,2800,1521.0,292.93,6.41
2020Q3,Indonesia,Paradip,Coal,Handysize,2800,1521.0,292.93,7.13
2020Q3,Indonesia,Paradip,Iron Ore,Capesize,2800,1521.0,292.93,4.1
2020Q3,Indonesia,Paradip,Iron Ore,Panamax,2800,1521.0,292.93,4.79
2020Q3,Indonesia,Paradip,Bauxite,Panamax,2800,1521.0,292.93,5.45
2020Q3,Indonesia,Paradip,Bauxite,Supramax,2800,1521.0,292.93,6.7
2020Q3,Indonesia,Paradip,Bauxite,Handysize,2800,1521.0,292.93,7.77
2020Q3,Indonesia,Paradip,Grain,Panamax,2800,1521.0,292.93,6.55
2020Q3,Indonesia,Paradip,Grain,Supramax,2800,1521.0,292.93,7.89
2020Q3,Indonesia,Paradip,Grain,Handysize,2800,1521.0,292.93,9.13
2020Q3,Indonesia,Dhamra,Coal,Capesize,2750,1521.0,292.93,4.25
2020Q3,Indonesia,Dhamra,Coal,Panamax,2750,1521.0,292.93,5.1
2020Q3,Indonesia,Dhamra,Coal,Supramax,2750,1521.0,292.93,5.75
2020Q3,Indonesia,Dhamra,Coal,Handysize,2750,1521.0,292.93,6.83
2020Q3,Indonesia,Dhamra,Iron Ore,Capesize,2750,1521.0,292.93,4.0
2020Q3,Indonesia,Dhamra,Iron Ore,Panamax,2750,1521.0,292.93,4.79
2020Q3,Indonesia,Dhamra,Bauxite,Panamax,2750,1521.0,292.93,5.36
2020Q3,Indonesia,Dhamra,Bauxite,Supramax,2750,1521.0,292.93,6.12
2020Q3,Indonesia,Dhamra,Bauxite,Handysize,2750,1521.0,292.93,7.46
2020Q3,Indonesia,Dhamra,Grain,Panamax,2750,1521.0,292.93,5.59
2020Q3,Indonesia,Dhamra,Grain,Supramax,2750,1521.0,292.93,6.56
2020Q3,Indonesia,Dhamra,Grain,Handysize,2750,1521.0,292.93,8.41
2020Q3,Indonesia,Vizag,Coal,Capesize,2650,1521.0,292.93,4.22
2020Q3,Indonesia,Vizag,Coal,Panamax,2650,1521.0,292.93,4.98
2020Q3,Indonesia,Vizag,Coal,Supramax,2650,1521.0,292.93,5.49
2020Q3,Indonesia,Vizag,Coal,Handysize,2650,1521.0,292.93,6.68
2020Q3,Indonesia,Vizag,Iron Ore,Capesize,2650,1521.0,292.93,4.06
2020Q3,Indonesia,Vizag,Iron Ore,Panamax,2650,1521.0,292.93,4.57
2020Q3,Indonesia,Vizag,Bauxite,Panamax,2650,1521.0,292.93,5.21
2020Q3,Indonesia,Vizag,Bauxite,Supramax,2650,1521.0,292.93,5.95
2020Q3,Indonesia,Vizag,Bauxite,Handysize,2650,1521.0,292.93,6.92
2020Q3,Indonesia,Vizag,Grain,Panamax,2650,1521.0,292.93,5.48
2020Q3,Indonesia,Vizag,Grain,Supramax,2650,1521.0,292.93,6.97
2020Q3,Indonesia,Vizag,Grain,Handysize,2650,1521.0,292.93,8.26
2020Q3,Indonesia,Haldia,Coal,Capesize,2920,1521.0,292.93,5.72
2020Q3,Indonesia,Haldia,Coal,Panamax,2920,1521.0,292.93,6.93
2020Q3,Indonesia,Haldia,Coal,Supramax,2920,1521.0,292.93,7.94
2020Q3,Indonesia,Haldia,Coal,Handysize,2920,1521.0,292.93,9.28
2020Q3,Indonesia,Haldia,Iron Ore,Capesize,2920,1521.0,292.93,5.46
2020Q3,Indonesia,Haldia,Iron Ore,Panamax,2920,1521.0,292.93,5.92
2020Q3,Indonesia,Haldia,Bauxite,Panamax,2920,1521.0,292.93,7.61
2020Q3,Indonesia,Haldia,Bauxite,Supramax,2920,1521.0,292.93,8.92
2020Q3,Indonesia,Haldia,Bauxite,Handysize,2920,1521.0,292.93,10.0
2020Q3,Indonesia,Haldia,Grain,Panamax,2920,1521.0,292.93,7.77
2020Q3,Indonesia,Haldia,Grain,Supramax,2920,1521.0,292.93,9.58
2020Q3,Indonesia,Haldia,Grain,Handysize,2920,1521.0,292.93,12.02
2020Q3,Indonesia,Kolkata,Coal,Capesize,2950,1521.0,292.93,6.3
2020Q3,Indonesia,Kolkata,Coal,Panamax,2950,1521.0,292.93,8.07
2020Q3,Indonesia,Kolkata,Coal,Supramax,2950,1521.0,292.93,9.14
2020Q3,Indonesia,Kolkata,Coal,Handysize,2950,1521.0,292.93,11.38
2020Q3,Indonesia,Kolkata,Iron Ore,Capesize,2950,1521.0,292.93,6.13
2020Q3,Indonesia,Kolkata,Iron Ore,Panamax,2950,1521.0,292.93,7.46
2020Q3,Indonesia,Kolkata,Bauxite,Panamax,2950,1521.0,292.93,8.75
2020Q3,Indonesia,Kolkata,Bauxite,Supramax,2950,1521.0,292.93,10.66
2020Q3,Indonesia,Kolkata,Bauxite,Handysize,2950,1521.0,292.93,11.54
2020Q3,Indonesia,Kolkata,Grain,Panamax,2950,1521.0,292.93,9.94
2020Q3,Indonesia,Kolkata,Grain,Supramax,2950,1521.0,292.93,10.85
2020Q3,Indonesia,Kolkata,Grain,Handysize,2950,1521.0,292.93,13.83
2020Q3,South Africa,Paradip,Coal,Capesize,5000,1521.0,292.93,7.48
2020Q3,South Africa,Paradip,Coal,Panamax,5000,1521.0,292.93,8.82
2020Q3,South Africa,Paradip,Coal,Supramax,5000,1521.0,292.93,10.49
2020Q3,South Africa,Paradip,Coal,Handysize,5000,1521.0,292.93,11.51
2020Q3,South Africa,Paradip,Iron Ore,Capesize,5000,1521.0,292.93,6.97
2020Q3,South Africa,Paradip,Iron Ore,Panamax,5000,1521.0,292.93,8.37
2020Q3,South Africa,Paradip,Bauxite,Panamax,5000,1521.0,292.93,9.54
2020Q3,South Africa,Paradip,Bauxite,Supramax,5000,1521.0,292.93,10.41
2020Q3,South Africa,Paradip,Bauxite,Handysize,5000,1521.0,292.93,12.73
2020Q3,South Africa,Paradip,Grain,Panamax,5000,1521.0,292.93,11.07
2020Q3,South Africa,Paradip,Grain,Supramax,5000,1521.0,292.93,11.77
2020Q3,South Africa,Paradip,Grain,Handysize,5000,1521.0,292.93,14.07
2020Q3,South Africa,Dhamra,Coal,Capesize,4950,1521.0,292.93,7.69
2020Q3,South Africa,Dhamra,Coal,Panamax,4950,1521.0,292.93,8.82
2020Q3,South Africa,Dhamra,Coal,Supramax,4950,1521.0,292.93,10.34
2020Q3,South Africa,Dhamra,Coal,Handysize,4950,1521.0,292.93,12.6
2020Q3,South Africa,Dhamra,Iron Ore,Capesize,4950,1521.0,292.93,6.83
2020Q3,South Africa,Dhamra,Iron Ore,Panamax,4950,1521.0,292.93,8.05
2020Q3,South Africa,Dhamra,Bauxite,Panamax,4950,1521.0,292.93,10.05
2020Q3,South Africa,Dhamra,Bauxite,Supramax,4950,1521.0,292.93,10.62
2020Q3,South Africa,Dhamra,Bauxite,Handysize,4950,1521.0,292.93,12.08
2020Q3,South Africa,Dhamra,Grain,Panamax,4950,1521.0,292.93,10.64
2020Q3,South Africa,Dhamra,Grain,Supramax,4950,1521.0,292.93,12.42
2020Q3,South Africa,Dhamra,Grain,Handysize,4950,1521.0,292.93,13.94
2020Q3,South Africa,Vizag,Coal,Capesize,4850,1521.0,292.93,7.11
2020Q3,South Africa,Vizag,Coal,Panamax,4850,1521.0,292.93,9.33
2020Q3,South Africa,Vizag,Coal,Supramax,4850,1521.0,292.93,10.19
2020Q3,South Africa,Vizag,Coal,Handysize,4850,1521.0,292.93,11.39
2020Q3,South Africa,Vizag,Iron Ore,Capesize,4850,1521.0,292.93,6.85
2020Q3,South Africa,Vizag,Iron Ore,Panamax,4850,1521.0,292.93,7.74
2020Q3,South Africa,Vizag,Bauxite,Panamax,4850,1521.0,292.93,8.99
2020Q3,South Africa,Vizag,Bauxite,Supramax,4850,1521.0,292.93,10.79
2020Q3,South Africa,Vizag,Bauxite,Handysize,4850,1521.0,292.93,11.72
2020Q3,South Africa,Vizag,Grain,Panamax,4850,1521.0,292.93,10.49
2020Q3,South Africa,Vizag,Grain,Supramax,4850,1521.0,292.93,12.9
2020Q3,South Africa,Vizag,Grain,Handysize,4850,1521.0,292.93,14.26
2020Q3,South Africa,Haldia,Coal,Capesize,5120,1521.0,292.93,9.88
2020Q3,South Africa,Haldia,Coal,Panamax,5120,1521.0,292.93,11.51
2020Q3,South Africa,Haldia,Coal,Supramax,5120,1521.0,292.93,13.48
2020Q3,South Africa,Haldia,Coal,Handysize,5120,1521.0,292.93,15.73
2020Q3,South Africa,Haldia,Iron Ore,Capesize,5120,1521.0,292.93,8.89
2020Q3,South Africa,Haldia,Iron Ore,Panamax,5120,1521.0,292.93,10.89
2020Q3,South Africa,Haldia,Bauxite,Panamax,5120,1521.0,292.93,11.56
2020Q3,South Africa,Haldia,Bauxite,Supramax,5120,1521.0,292.93,14.79
2020Q3,South Africa,Haldia,Bauxite,Handysize,5120,1521.0,292.93,16.44
2020Q3,South Africa,Haldia,Grain,Panamax,5120,1521.0,292.93,14.25
2020Q3,South Africa,Haldia,Grain,Supramax,5120,1521.0,292.93,15.76
2020Q3,South Africa,Haldia,Grain,Handysize,5120,1521.0,292.93,19.93
2020Q3,South Africa,Kolkata,Coal,Capesize,5150,1521.0,292.93,11.73
2020Q3,South Africa,Kolkata,Coal,Panamax,5150,1521.0,292.93,13.6
2020Q3,South Africa,Kolkata,Coal,Supramax,5150,1521.0,292.93,14.54
2020Q3,South Africa,Kolkata,Coal,Handysize,5150,1521.0,292.93,18.34
2020Q3,South Africa,Kolkata,Iron Ore,Capesize,5150,1521.0,292.93,10.26
2020Q3,South Africa,Kolkata,Iron Ore,Panamax,5150,1521.0,292.93,11.18
2020Q3,South Africa,Kolkata,Bauxite,Panamax,5150,1521.0,292.93,13.81
2020Q3,South Africa,Kolkata,Bauxite,Supramax,5150,1521.0,292.93,16.33
2020Q3,South Africa,Kolkata,Bauxite,Handysize,5150,1521.0,292.93,19.07
2020Q3,South Africa,Kolkata,Grain,Panamax,5150,1521.0,292.93,15.89
2020Q3,South Africa,Kolkata,Grain,Supramax,5150,1521.0,292.93,18.61
2020Q3,South Africa,Kolkata,Grain,Handysize,5150,1521.0,292.93,22.49
2020Q3,Mozambique,Paradip,Coal,Capesize,3600,1521.0,292.93,7.23
2020Q3,Mozambique,Paradip,Coal,Panamax,3600,1521.0,292.93,7.31
2020Q3,Mozambique,Paradip,Coal,Supramax,3600,1521.0,292.93,9.37
2020Q3,Mozambique,Paradip,Coal,Handysize,3600,1521.0,292.93,10.93
2020Q3,Mozambique,Paradip,Iron Ore,Capesize,3600,1521.0,292.93,5.86
2020Q3,Mozambique,Paradip,Iron Ore,Panamax,3600,1521.0,292.93,7.33
2020Q3,Mozambique,Paradip,Bauxite,Panamax,3600,1521.0,292.93,8.9
2020Q3,Mozambique,Paradip,Bauxite,Supramax,3600,1521.0,292.93,9.57
2020Q3,Mozambique,Paradip,Bauxite,Handysize,3600,1521.0,292.93,11.68
2020Q3,Mozambique,Paradip,Grain,Panamax,3600,1521.0,292.93,9.43
2020Q3,Mozambique,Paradip,Grain,Supramax,3600,1521.0,292.93,11.1
2020Q3,Mozambique,Paradip,Grain,Handysize,3600,1521.0,292.93,13.88
2020Q3,Mozambique,Dhamra,Coal,Capesize,3550,1521.0,292.93,6.59
2020Q3,Mozambique,Dhamra,Coal,Panamax,3550,1521.0,292.93,7.99
2020Q3,Mozambique,Dhamra,Coal,Supramax,3550,1521.0,292.93,8.57
2020Q3,Mozambique,Dhamra,Coal,Handysize,3550,1521.0,292.93,11.34
2020Q3,Mozambique,Dhamra,Iron Ore,Capesize,3550,1521.0,292.93,6.17
2020Q3,Mozambique,Dhamra,Iron Ore,Panamax,3550,1521.0,292.93,7.03
2020Q3,Mozambique,Dhamra,Bauxite,Panamax,3550,1521.0,292.93,8.42
2020Q3,Mozambique,Dhamra,Bauxite,Supramax,3550,1521.0,292.93,9.16
2020Q3,Mozambique,Dhamra,Bauxite,Handysize,3550,1521.0,292.93,11.65
2020Q3,Mozambique,Dhamra,Grain,Panamax,3550,1521.0,292.93,9.33
2020Q3,Mozambique,Dhamra,Grain,Supramax,3550,1521.0,292.93,10.93
2020Q3,Mozambique,Dhamra,Grain,Handysize,3550,1521.0,292.93,12.56
2020Q3,Mozambique,Vizag,Coal,Capesize,3450,1521.0,292.93,6.5
2020Q3,Mozambique,Vizag,Coal,Panamax,3450,1521.0,292.93,7.95
2020Q3,Mozambique,Vizag,Coal,Supramax,3450,1521.0,292.93,9.14
2020Q3,Mozambique,Vizag,Coal,Handysize,3450,1521.0,292.93,10.75
2020Q3,Mozambique,Vizag,Iron Ore,Capesize,3450,1521.0,292.93,5.97
2020Q3,Mozambique,Vizag,Iron Ore,Panamax,3450,1521.0,292.93,7.11
2020Q3,Mozambique,Vizag,Bauxite,Panamax,3450,1521.0,292.93,8.03
2020Q3,Mozambique,Vizag,Bauxite,Supramax,3450,1521.0,292.93,10.25
2020Q3,Mozambique,Vizag,Bauxite,Handysize,3450,1521.0,292.93,10.43
2020Q3,Mozambique,Vizag,Grain,Panamax,3450,1521.0,292.93,9.73
2020Q3,Mozambique,Vizag,Grain,Supramax,3450,1521.0,292.93,11.39
2020Q3,Mozambique,Vizag,Grain,Handysize,3450,1521.0,292.93,12.24
2020Q3,Mozambique,Haldia,Coal,Capesize,3720,1521.0,292.93,9.89
2020Q3,Mozambique,Haldia,Coal,Panamax,3720,1521.0,292.93,11.12
2020Q3,Mozambique,Haldia,Coal,Supramax,3720,1521.0,292.93,12.96
2020Q3,Mozambique,Haldia,Coal,Handysize,3720,1521.0,292.93,14.56
2020Q3,Mozambique,Haldia,Iron Ore,Capesize,3720,1521.0,292.93,8.2
2020Q3,Mozambique,Haldia,Iron Ore,Panamax,3720,1521.0,292.93,9.6
2020Q3,Mozambique,Haldia,Bauxite,Panamax,3720,1521.0,292.93,11.43
2020Q3,Mozambique,Haldia,Bauxite,Supramax,3720,1521.0,292.93,13.81
2020Q3,Mozambique,Haldia,Bauxite,Handysize,3720,1521.0,292.93,15.37
2020Q3,Mozambique,Haldia,Grain,Panamax,3720,1521.0,292.93,12.48
2020Q3,Mozambique,Haldia,Grain,Supramax,3720,1521.0,292.93,15.47
2020Q3,Mozambique,Haldia,Grain,Handysize,3720,1521.0,292.93,18.02
2020Q3,Mozambique,Kolkata,Coal,Capesize,3750,1521.0,292.93,10.69
2020Q3,Mozambique,Kolkata,Coal,Panamax,3750,1521.0,292.93,12.55
2020Q3,Mozambique,Kolkata,Coal,Supramax,3750,1521.0,292.93,14.14
2020Q3,Mozambique,Kolkata,Coal,Handysize,3750,1521.0,292.93,16.03
2020Q3,Mozambique,Kolkata,Iron Ore,Capesize,3750,1521.0,292.93,9.12
2020Q3,Mozambique,Kolkata,Iron Ore,Panamax,3750,1521.0,292.93,10.38
2020Q3,Mozambique,Kolkata,Bauxite,Panamax,3750,1521.0,292.93,12.95
2020Q3,Mozambique,Kolkata,Bauxite,Supramax,3750,1521.0,292.93,14.94
2020Q3,Mozambique,Kolkata,Bauxite,Handysize,3750,1521.0,292.93,17.13
2020Q3,Mozambique,Kolkata,Grain,Panamax,3750,1521.0,292.93,13.16
2020Q3,Mozambique,Kolkata,Grain,Supramax,3750,1521.0,292.93,16.38
2020Q3,Mozambique,Kolkata,Grain,Handysize,3750,1521.0,292.93,20.66
2020Q3,Russia,Paradip,Coal,Capesize,6000,1521.0,292.93,14.8
2020Q3,Russia,Paradip,Coal,Panamax,6000,1521.0,292.93,17.96
2020Q3,Russia,Paradip,Coal,Supramax,6000,1521.0,292.93,19.68
2020Q3,Russia,Paradip,Coal,Handysize,6000,1521.0,292.93,25.22
2020Q3,Russia,Paradip,Iron Ore,Capesize,6000,1521.0,292.93,13.56
2020Q3,Russia,Paradip,Iron Ore,Panamax,6000,1521.0,292.93,16.12
2020Q3,Russia,Paradip,Bauxite,Panamax,6000,1521.0,292.93,20.14
2020Q3,Russia,Paradip,Bauxite,Supramax,6000,1521.0,292.93,22.88
2020Q3,Russia,Paradip,Bauxite,Handysize,6000,1521.0,292.93,24.94
2020Q3,Russia,Paradip,Grain,Panamax,6000,1521.0,292.93,20.84
2020Q3,Russia,Paradip,Grain,Supramax,6000,1521.0,292.93,24.54
2020Q3,Russia,Paradip,Grain,Handysize,6000,1521.0,292.93,29.33
2020Q3,Russia,Dhamra,Coal,Capesize,5950,1521.0,292.93,14.79
2020Q3,Russia,Dhamra,Coal,Panamax,5950,1521.0,292.93,17.13
2020Q3,Russia,Dhamra,Coal,Supramax,5950,1521.0,292.93,21.31
2020Q3,Russia,Dhamra,Coal,Handysize,5950,1521.0,292.93,23.43
2020Q3,Russia,Dhamra,Iron Ore,Capesize,5950,1521.0,292.93,14.43
2020Q3,Russia,Dhamra,Iron Ore,Panamax,5950,1521.0,292.93,15.69
2020Q3,Russia,Dhamra,Bauxite,Panamax,5950,1521.0,292.93,19.38
2020Q3,Russia,Dhamra,Bauxite,Supramax,5950,1521.0,292.93,21.55
2020Q3,Russia,Dhamra,Bauxite,Handysize,5950,1521.0,292.93,25.54
2020Q3,Russia,Dhamra,Grain,Panamax,5950,1521.0,292.93,20.32
2020Q3,Russia,Dhamra,Grain,Supramax,5950,1521.0,292.93,23.6
2020Q3,Russia,Dhamra,Grain,Handysize,5950,1521.0,292.93,28.69
2020Q3,Russia,Vizag,Coal,Capesize,5850,1521.0,292.93,15.44
2020Q3,Russia,Vizag,Coal,Panamax,5850,1521.0,292.93,17.5
2020Q3,Russia,Vizag,Coal,Supramax,5850,1521.0,292.93,19.47
2020Q3,Russia,Vizag,Coal,Handysize,5850,1521.0,292.93,22.54
2020Q3,Russia,Vizag,Iron Ore,Capesize,5850,1521.0,292.93,12.76
2020Q3,Russia,Vizag,Iron Ore,Panamax,5850,1521.0,292.93,14.76
2020Q3,Russia,Vizag,Bauxite,Panamax,5850,1521.0,292.93,18.42
2020Q3,Russia,Vizag,Bauxite,Supramax,5850,1521.0,292.93,22.25
2020Q3,Russia,Vizag,Bauxite,Handysize,5850,1521.0,292.93,24.84
2020Q3,Russia,Vizag,Grain,Panamax,5850,1521.0,292.93,19.31
2020Q3,Russia,Vizag,Grain,Supramax,5850,1521.0,292.93,24.3
2020Q3,Russia,Vizag,Grain,Handysize,5850,1521.0,292.93,28.24
2020Q3,Russia,Haldia,Coal,Capesize,6120,1521.0,292.93,19.09
2020Q3,Russia,Haldia,Coal,Panamax,6120,1521.0,292.93,19.76
2020Q3,Russia,Haldia,Coal,Supramax,6120,1521.0,292.93,23.96
2020Q3,Russia,Haldia,Coal,Handysize,6120,1521.0,292.93,29.87
2020Q3,Russia,Haldia,Iron Ore,Capesize,6120,1521.0,292.93,16.26
2020Q3,Russia,Haldia,Iron Ore,Panamax,6120,1521.0,292.93,19.11
2020Q3,Russia,Haldia,Bauxite,Panamax,6120,1521.0,292.93,21.95
2020Q3,Russia,Haldia,Bauxite,Supramax,6120,1521.0,292.93,25.8
2020Q3,Russia,Haldia,Bauxite,Handysize,6120,1521.0,292.93,30.41
2020Q3,Russia,Haldia,Grain,Panamax,6120,1521.0,292.93,24.27
2020Q3,Russia,Haldia,Grain,Supramax,6120,1521.0,292.93,30.04
2020Q3,Russia,Haldia,Grain,Handysize,6120,1521.0,292.93,32.2
2020Q3,Russia,Kolkata,Coal,Capesize,6150,1521.0,292.93,19.45
2020Q3,Russia,Kolkata,Coal,Panamax,6150,1521.0,292.93,22.66
2020Q3,Russia,Kolkata,Coal,Supramax,6150,1521.0,292.93,25.7
2020Q3,Russia,Kolkata,Coal,Handysize,6150,1521.0,292.93,30.46
2020Q3,Russia,Kolkata,Iron Ore,Capesize,6150,1521.0,292.93,16.93
2020Q3,Russia,Kolkata,Iron Ore,Panamax,6150,1521.0,292.93,19.5
2020Q3,Russia,Kolkata,Bauxite,Panamax,6150,1521.0,292.93,23.35
2020Q3,Russia,Kolkata,Bauxite,Supramax,6150,1521.0,292.93,26.51
2020Q3,Russia,Kolkata,Bauxite,Handysize,6150,1521.0,292.93,32.37
2020Q3,Russia,Kolkata,Grain,Panamax,6150,1521.0,292.93,25.93
2020Q3,Russia,Kolkata,Grain,Supramax,6150,1521.0,292.93,32.31
2020Q3,Russia,Kolkata,Grain,Handysize,6150,1521.0,292.93,35.07
2020Q4,Australia,Paradip,Coal,Capesize,4400,1292.0,402.03,6.14
2020Q4,Australia,Paradip,Coal,Panamax,4400,1292.0,402.03,7.18
2020Q4,Australia,Paradip,Coal,Supramax,4400,1292.0,402.03,8.95
2020Q4,Australia,Paradip,Coal,Handysize,4400,1292.0,402.03,10.05
2020Q4,Australia,Paradip,Iron Ore,Capesize,4400,1292.0,402.03,5.6
2020Q4,Australia,Paradip,Iron Ore,Panamax,4400,1292.0,402.03,6.72
2020Q4,Australia,Paradip,Bauxite,Panamax,4400,1292.0,402.03,7.13
2020Q4,Australia,Paradip,Bauxite,Supramax,4400,1292.0,402.03,8.97
2020Q4,Australia,Paradip,Bauxite,Handysize,4400,1292.0,402.03,11.16
2020Q4,Australia,Paradip,Grain,Panamax,4400,1292.0,402.03,8.84
2020Q4,Australia,Paradip,Grain,Supramax,4400,1292.0,402.03,10.29
2020Q4,Australia,Paradip,Grain,Handysize,4400,1292.0,402.03,12.15
2020Q4,Australia,Dhamra,Coal,Capesize,4350,1292.0,402.03,6.23
2020Q4,Australia,Dhamra,Coal,Panamax,4350,1292.0,402.03,6.58
2020Q4,Australia,Dhamra,Coal,Supramax,4350,1292.0,402.03,7.77
2020Q4,Australia,Dhamra,Coal,Handysize,4350,1292.0,402.03,9.65
2020Q4,Australia,Dhamra,Iron Ore,Capesize,4350,1292.0,402.03,5.3
2020Q4,Australia,Dhamra,Iron Ore,Panamax,4350,1292.0,402.03,6.66
2020Q4,Australia,Dhamra,Bauxite,Panamax,4350,1292.0,402.03,7.35
2020Q4,Australia,Dhamra,Bauxite,Supramax,4350,1292.0,402.03,8.08
2020Q4,Australia,Dhamra,Bauxite,Handysize,4350,1292.0,402.03,9.61
2020Q4,Australia,Dhamra,Grain,Panamax,4350,1292.0,402.03,7.67
2020Q4,Australia,Dhamra,Grain,Supramax,4350,1292.0,402.03,9.82
2020Q4,Australia,Dhamra,Grain,Handysize,4350,1292.0,402.03,11.42
2020Q4,Australia,Vizag,Coal,Capesize,4250,1292.0,402.03,6.06
2020Q4,Australia,Vizag,Coal,Panamax,4250,1292.0,402.03,7.48
2020Q4,Australia,Vizag,Coal,Supramax,4250,1292.0,402.03,8.76
2020Q4,Australia,Vizag,Coal,Handysize,4250,1292.0,402.03,9.7
2020Q4,Australia,Vizag,Iron Ore,Capesize,4250,1292.0,402.03,5.12
2020Q4,Australia,Vizag,Iron Ore,Panamax,4250,1292.0,402.03,6.62
2020Q4,Australia,Vizag,Bauxite,Panamax,4250,1292.0,402.03,7.71
2020Q4,Australia,Vizag,Bauxite,Supramax,4250,1292.0,402.03,8.92
2020Q4,Australia,Vizag,Bauxite,Handysize,4250,1292.0,402.03,10.6
2020Q4,Australia,Vizag,Grain,Panamax,4250,1292.0,402.03,8.29
2020Q4,Australia,Vizag,Grain,Supramax,4250,1292.0,402.03,10.8
2020Q4,Australia,Vizag,Grain,Handysize,4250,1292.0,402.03,11.31
2020Q4,Australia,Haldia,Coal,Capesize,4520,1292.0,402.03,8.57
2020Q4,Australia,Haldia,Coal,Panamax,4520,1292.0,402.03,9.2
2020Q4,Australia,Haldia,Coal,Supramax,4520,1292.0,402.03,11.04
2020Q4,Australia,Haldia,Coal,Handysize,4520,1292.0,402.03,13.95
2020Q4,Australia,Haldia,Iron Ore,Capesize,4520,1292.0,402.03,7.45
2020Q4,Australia,Haldia,Iron Ore,Panamax,4520,1292.0,402.03,9.06
2020Q4,Australia,Haldia,Bauxite,Panamax,4520,1292.0,402.03,10.35
2020Q4,Australia,Haldia,Bauxite,Supramax,4520,1292.0,402.03,11.94
2020Q4,Australia,Haldia,Bauxite,Handysize,4520,1292.0,402.03,14.57
2020Q4,Australia,Haldia,Grain,Panamax,4520,1292.0,402.03,11.64
2020Q4,Australia,Haldia,Grain,Supramax,4520,1292.0,402.03,12.84
2020Q4,Australia,Haldia,Grain,Handysize,4520,1292.0,402.03,15.45
2020Q4,Australia,Kolkata,Coal,Capesize,4550,1292.0,402.03,9.58
2020Q4,Australia,Kolkata,Coal,Panamax,4550,1292.0,402.03,11.16
2020Q4,Australia,Kolkata,Coal,Supramax,4550,1292.0,402.03,12.13
2020Q4,Australia,Kolkata,Coal,Handysize,4550,1292.0,402.03,14.52
2020Q4,Australia,Kolkata,Iron Ore,Capesize,4550,1292.0,402.03,8.29
2020Q4,Australia,Kolkata,Iron Ore,Panamax,4550,1292.0,402.03,9.78
2020Q4,Australia,Kolkata,Bauxite,Panamax,4550,1292.0,402.03,11.0
2020Q4,Australia,Kolkata,Bauxite,Supramax,4550,1292.0,402.03,13.18
2020Q4,Australia,Kolkata,Bauxite,Handysize,4550,1292.0,402.03,15.25
2020Q4,Australia,Kolkata,Grain,Panamax,4550,1292.0,402.03,13.56
2020Q4,Australia,Kolkata,Grain,Supramax,4550,1292.0,402.03,15.84
2020Q4,Australia,Kolkata,Grain,Handysize,4550,1292.0,402.03,17.79
2020Q4,Indonesia,Paradip,Coal,Capesize,2800,1292.0,402.03,4.0
2020Q4,Indonesia,Paradip,Coal,Panamax,2800,1292.0,402.03,4.56
2020Q4,Indonesia,Paradip,Coal,Supramax,2800,1292.0,402.03,5.15
2020Q4,Indonesia,Paradip,Coal,Handysize,2800,1292.0,402.03,5.9
2020Q4,Indonesia,Paradip,Iron Ore,Capesize,2800,1292.0,402.03,4.0
2020Q4,Indonesia,Paradip,Iron Ore,Panamax,2800,1292.0,402.03,4.0
2020Q4,Indonesia,Paradip,Bauxite,Panamax,2800,1292.0,402.03,4.57
2020Q4,Indonesia,Paradip,Bauxite,Supramax,2800,1292.0,402.03,5.59
2020Q4,Indonesia,Paradip,Bauxite,Handysize,2800,1292.0,402.03,6.62
2020Q4,Indonesia,Paradip,Grain,Panamax,2800,1292.0,402.03,5.15
2020Q4,Indonesia,Paradip,Grain,Supramax,2800,1292.0,402.03,6.36
2020Q4,Indonesia,Paradip,Grain,Handysize,2800,1292.0,402.03,7.32
2020Q4,Indonesia,Dhamra,Coal,Capesize,2750,1292.0,402.03,4.0
2020Q4,Indonesia,Dhamra,Coal,Panamax,2750,1292.0,402.03,4.28
2020Q4,Indonesia,Dhamra,Coal,Supramax,2750,1292.0,402.03,4.74
2020Q4,Indonesia,Dhamra,Coal,Handysize,2750,1292.0,402.03,5.54
2020Q4,Indonesia,Dhamra,Iron Ore,Capesize,2750,1292.0,402.03,4.0
2020Q4,Indonesia,Dhamra,Iron Ore,Panamax,2750,1292.0,402.03,4.0
2020Q4,Indonesia,Dhamra,Bauxite,Panamax,2750,1292.0,402.03,4.14
2020Q4,Indonesia,Dhamra,Bauxite,Supramax,2750,1292.0,402.03,5.31
2020Q4,Indonesia,Dhamra,Bauxite,Handysize,2750,1292.0,402.03,6.34
2020Q4,Indonesia,Dhamra,Grain,Panamax,2750,1292.0,402.03,5.11
2020Q4,Indonesia,Dhamra,Grain,Supramax,2750,1292.0,402.03,6.11
2020Q4,Indonesia,Dhamra,Grain,Handysize,2750,1292.0,402.03,6.78
2020Q4,Indonesia,Vizag,Coal,Capesize,2650,1292.0,402.03,4.0
2020Q4,Indonesia,Vizag,Coal,Panamax,2650,1292.0,402.03,4.0
2020Q4,Indonesia,Vizag,Coal,Supramax,2650,1292.0,402.03,4.49
2020Q4,Indonesia,Vizag,Coal,Handysize,2650,1292.0,402.03,5.86
2020Q4,Indonesia,Vizag,Iron Ore,Capesize,2650,1292.0,402.03,4.0
2020Q4,Indonesia,Vizag,Iron Ore,Panamax,2650,1292.0,402.03,4.0
2020Q4,Indonesia,Vizag,Bauxite,Panamax,2650,1292.0,402.03,4.19
2020Q4,Indonesia,Vizag,Bauxite,Supramax,2650,1292.0,402.03,4.88
2020Q4,Indonesia,Vizag,Bauxite,Handysize,2650,1292.0,402.03,5.92
2020Q4,Indonesia,Vizag,Grain,Panamax,2650,1292.0,402.03,4.9
2020Q4,Indonesia,Vizag,Grain,Supramax,2650,1292.0,402.03,5.95
2020Q4,Indonesia,Vizag,Grain,Handysize,2650,1292.0,402.03,6.92
2020Q4,Indonesia,Haldia,Coal,Capesize,2920,1292.0,402.03,5.2
2020Q4,Indonesia,Haldia,Coal,Panamax,2920,1292.0,402.03,6.08
2020Q4,Indonesia,Haldia,Coal,Supramax,2920,1292.0,402.03,7.42
2020Q4,Indonesia,Haldia,Coal,Handysize,2920,1292.0,402.03,7.85
2020Q4,Indonesia,Haldia,Iron Ore,Capesize,2920,1292.0,402.03,4.62
2020Q4,Indonesia,Haldia,Iron Ore,Panamax,2920,1292.0,402.03,5.64
2020Q4,Indonesia,Haldia,Bauxite,Panamax,2920,1292.0,402.03,6.61
2020Q4,Indonesia,Haldia,Bauxite,Supramax,2920,1292.0,402.03,7.01
2020Q4,Indonesia,Haldia,Bauxite,Handysize,2920,1292.0,402.03,8.47
2020Q4,Indonesia,Haldia,Grain,Panamax,2920,1292.0,402.03,7.57
2020Q4,Indonesia,Haldia,Grain,Supramax,2920,1292.0,402.03,8.59
2020Q4,Indonesia,Haldia,Grain,Handysize,2920,1292.0,402.03,9.86
2020Q4,Indonesia,Kolkata,Coal,Capesize,2950,1292.0,402.03,5.88
2020Q4,Indonesia,Kolkata,Coal,Panamax,2950,1292.0,402.03,6.85
2020Q4,Indonesia,Kolkata,Coal,Supramax,2950,1292.0,402.03,8.18
2020Q4,Indonesia,Kolkata,Coal,Handysize,2950,1292.0,402.03,9.32
2020Q4,Indonesia,Kolkata,Iron Ore,Capesize,2950,1292.0,402.03,5.33
2020Q4,Indonesia,Kolkata,Iron Ore,Panamax,2950,1292.0,402.03,6.27
2020Q4,Indonesia,Kolkata,Bauxite,Panamax,2950,1292.0,402.03,7.12
2020Q4,Indonesia,Kolkata,Bauxite,Supramax,2950,1292.0,402.03,8.66
2020Q4,Indonesia,Kolkata,Bauxite,Handysize,2950,1292.0,402.03,10.88
2020Q4,Indonesia,Kolkata,Grain,Panamax,2950,1292.0,402.03,7.81
2020Q4,Indonesia,Kolkata,Grain,Supramax,2950,1292.0,402.03,9.83
2020Q4,Indonesia,Kolkata,Grain,Handysize,2950,1292.0,402.03,10.98
2020Q4,South Africa,Paradip,Coal,Capesize,5000,1292.0,402.03,6.66
2020Q4,South Africa,Paradip,Coal,Panamax,5000,1292.0,402.03,7.65
2020Q4,South Africa,Paradip,Coal,Supramax,5000,1292.0,402.03,9.15
2020Q4,South Africa,Paradip,Coal,Handysize,5000,1292.0,402.03,10.77
2020Q4,South Africa,Paradip,Iron Ore,Capesize,5000,1292.0,402.03,5.91
2020Q4,South Africa,Paradip,Iron Ore,Panamax,5000,1292.0,402.03,7.15
2020Q4,South Africa,Paradip,Bauxite,Panamax,5000,1292.0,402.03,7.36
2020Q4,South Africa,Paradip,Bauxite,Supramax,5000,1292.0,402.03,9.88
2020Q4,South Africa,Paradip,Bauxite,Handysize,5000,1292.0,402.03,11.01
2020Q4,South Africa,Paradip,Grain,Panamax,5000,1292.0,402.03,9.52
2020Q4,South Africa,Paradip,Grain,Supramax,5000,1292.0,402.03,10.24
2020Q4,South Africa,Paradip,Grain,Handysize,5000,1292.0,402.03,12.06
2020Q4,South Africa,Dhamra,Coal,Capesize,4950,1292.0,402.03,6.37
2020Q4,South Africa,Dhamra,Coal,Panamax,4950,1292.0,402.03,7.42
2020Q4,South Africa,Dhamra,Coal,Supramax,4950,1292.0,402.03,8.75
2020Q4,South Africa,Dhamra,Coal,Handysize,4950,1292.0,402.03,10.43
2020Q4,South Africa,Dhamra,Iron Ore,Capesize,4950,1292.0,402.03,5.35
2020Q4,South Africa,Dhamra,Iron Ore,Panamax,4950,1292.0,402.03,6.91
2020Q4,South Africa,Dhamra,Bauxite,Panamax,4950,1292.0,402.03,7.8
2020Q4,South Africa,Dhamra,Bauxite,Supramax,4950,1292.0,402.03,9.03
2020Q4,South Africa,Dhamra,Bauxite,Handysize,4950,1292.0,402.03,10.01
2020Q4,South Africa,Dhamra,Grain,Panamax,4950,1292.0,402.03,9.06
2020Q4,South Africa,Dhamra,Grain,Supramax,4950,1292.0,402.03,9.51
2020Q4,South Africa,Dhamra,Grain,Handysize,4950,1292.0,402.03,12.34
2020Q4,South Africa,Vizag,Coal,Capesize,4850,1292.0,402.03,5.94
2020Q4,South Africa,Vizag,Coal,Panamax,4850,1292.0,402.03,7.35
2020Q4,South Africa,Vizag,Coal,Supramax,4850,1292.0,402.03,8.52
2020Q4,South Africa,Vizag,Coal,Handysize,4850,1292.0,402.03,10.34
2020Q4,South Africa,Vizag,Iron Ore,Capesize,4850,1292.0,402.03,5.6
2020Q4,South Africa,Vizag,Iron Ore,Panamax,4850,1292.0,402.03,6.44
2020Q4,South Africa,Vizag,Bauxite,Panamax,4850,1292.0,402.03,7.57
2020Q4,South Africa,Vizag,Bauxite,Supramax,4850,1292.0,402.03,9.39
2020Q4,South Africa,Vizag,Bauxite,Handysize,4850,1292.0,402.03,10.63
2020Q4,South Africa,Vizag,Grain,Panamax,4850,1292.0,402.03,8.68
2020Q4,South Africa,Vizag,Grain,Supramax,4850,1292.0,402.03,10.18
2020Q4,South Africa,Vizag,Grain,Handysize,4850,1292.0,402.03,11.27
2020Q4,South Africa,Haldia,Coal,Capesize,5120,1292.0,402.03,8.62
2020Q4,South Africa,Haldia,Coal,Panamax,5120,1292.0,402.03,9.34
2020Q4,South Africa,Haldia,Coal,Supramax,5120,1292.0,402.03,11.92
2020Q4,South Africa,Haldia,Coal,Handysize,5120,1292.0,402.03,13.54
2020Q4,South Africa,Haldia,Iron Ore,Capesize,5120,1292.0,402.03,8.29
2020Q4,South Africa,Haldia,Iron Ore,Panamax,5120,1292.0,402.03,8.61
2020Q4,South Africa,Haldia,Bauxite,Panamax,5120,1292.0,402.03,10.42
2020Q4,South Africa,Haldia,Bauxite,Supramax,5120,1292.0,402.03,12.96
2020Q4,South Africa,Haldia,Bauxite,Handysize,5120,1292.0,402.03,14.75
2020Q4,South Africa,Haldia,Grain,Panamax,5120,1292.0,402.03,11.66
2020Q4,South Africa,Haldia,Grain,Supramax,5120,1292.0,402.03,14.05
2020Q4,South Africa,Haldia,Grain,Handysize,5120,1292.0,402.03,16.18
2020Q4,South Africa,Kolkata,Coal,Capesize,5150,1292.0,402.03,9.64
2020Q4,South Africa,Kolkata,Coal,Panamax,5150,1292.0,402.03,10.9
2020Q4,South Africa,Kolkata,Coal,Supramax,5150,1292.0,402.03,13.0
2020Q4,South Africa,Kolkata,Coal,Handysize,5150,1292.0,402.03,14.29
2020Q4,South Africa,Kolkata,Iron Ore,Capesize,5150,1292.0,402.03,8.63
2020Q4,South Africa,Kolkata,Iron Ore,Panamax,5150,1292.0,402.03,10.22
2020Q4,South Africa,Kolkata,Bauxite,Panamax,5150,1292.0,402.03,11.64
2020Q4,South Africa,Kolkata,Bauxite,Supramax,5150,1292.0,402.03,12.92
2020Q4,South Africa,Kolkata,Bauxite,Handysize,5150,1292.0,402.03,16.44
2020Q4,South Africa,Kolkata,Grain,Panamax,5150,1292.0,402.03,13.58
2020Q4,South Africa,Kolkata,Grain,Supramax,5150,1292.0,402.03,15.25
2020Q4,South Africa,Kolkata,Grain,Handysize,5150,1292.0,402.03,17.99
2020Q4,Mozambique,Paradip,Coal,Capesize,3600,1292.0,402.03,5.58
2020Q4,Mozambique,Paradip,Coal,Panamax,3600,1292.0,402.03,6.65
2020Q4,Mozambique,Paradip,Coal,Supramax,3600,1292.0,402.03,7.9
2020Q4,Mozambique,Paradip,Coal,Handysize,3600,1292.0,402.03,9.74
2020Q4,Mozambique,Paradip,Iron Ore,Capesize,3600,1292.0,402.03,5.18
2020Q4,Mozambique,Paradip,Iron Ore,Panamax,3600,1292.0,402.03,6.35
2020Q4,Mozambique,Paradip,Bauxite,Panamax,3600,1292.0,402.03,7.11
2020Q4,Mozambique,Paradip,Bauxite,Supramax,3600,1292.0,402.03,8.52
2020Q4,Mozambique,Paradip,Bauxite,Handysize,3600,1292.0,402.03,9.76
2020Q4,Mozambique,Paradip,Grain,Panamax,3600,1292.0,402.03,8.53
2020Q4,Mozambique,Paradip,Grain,Supramax,3600,1292.0,402.03,9.48
2020Q4,Mozambique,Paradip,Grain,Handysize,3600,1292.0,402.03,10.59
2020Q4,Mozambique,Dhamra,Coal,Capesize,3550,1292.0,402.03,5.43
2020Q4,Mozambique,Dhamra,Coal,Panamax,3550,1292.0,402.03,6.56
2020Q4,Mozambique,Dhamra,Coal,Supramax,3550,1292.0,402.03,7.45
2020Q4,Mozambique,Dhamra,Coal,Handysize,3550,1292.0,402.03,9.18
2020Q4,Mozambique,Dhamra,Iron Ore,Capesize,3550,1292.0,402.03,5.05
2020Q4,Mozambique,Dhamra,Iron Ore,Panamax,3550,1292.0,402.03,6.51
2020Q4,Mozambique,Dhamra,Bauxite,Panamax,3550,1292.0,402.03,6.59
2020Q4,Mozambique,Dhamra,Bauxite,Supramax,3550,1292.0,402.03,8.24
2020Q4,Mozambique,Dhamra,Bauxite,Handysize,3550,1292.0,402.03,9.12
2020Q4,Mozambique,Dhamra,Grain,Panamax,3550,1292.0,402.03,7.88
2020Q4,Mozambique,Dhamra,Grain,Supramax,3550,1292.0,402.03,9.4
2020Q4,Mozambique,Dhamra,Grain,Handysize,3550,1292.0,402.03,9.97
2020Q4,Mozambique,Vizag,Coal,Capesize,3450,1292.0,402.03,5.68
2020Q4,Mozambique,Vizag,Coal,Panamax,3450,1292.0,402.03,7.03
2020Q4,Mozambique,Vizag,Coal,Supramax,3450,1292.0,402.03,7.57
2020Q4,Mozambique,Vizag,Coal,Handysize,3450,1292.0,402.03,9.01
2020Q4,Mozambique,Vizag,Iron Ore,Capesize,3450,1292.0,402.03,5.25
2020Q4,Mozambique,Vizag,Iron Ore,Panamax,3450,1292.0,402.03,5.9
2020Q4,Mozambique,Vizag,Bauxite,Panamax,3450,1292.0,402.03,6.78
2020Q4,Mozambique,Vizag,Bauxite,Supramax,3450,1292.0,402.03,7.43
2020Q4,Mozambique,Vizag,Bauxite,Handysize,3450,1292.0,402.03,9.58
2020Q4,Mozambique,Vizag,Grain,Panamax,3450,1292.0,402.03,7.88
2020Q4,Mozambique,Vizag,Grain,Supramax,3450,1292.0,402.03,8.9
2020Q4,Mozambique,Vizag,Grain,Handysize,3450,1292.0,402.03,10.76
2020Q4,Mozambique,Haldia,Coal,Capesize,3720,1292.0,402.03,7.64
2020Q4,Mozambique,Haldia,Coal,Panamax,3720,1292.0,402.03,8.96
2020Q4,Mozambique,Haldia,Coal,Supramax,3720,1292.0,402.03,10.87
2020Q4,Mozambique,Haldia,Coal,Handysize,3720,1292.0,402.03,11.78
2020Q4,Mozambique,Haldia,Iron Ore,Capesize,3720,1292.0,402.03,7.27
2020Q4,Mozambique,Haldia,Iron Ore,Panamax,3720,1292.0,402.03,7.81
2020Q4,Mozambique,Haldia,Bauxite,Panamax,3720,1292.0,402.03,9.36
2020Q4,Mozambique,Haldia,Bauxite,Supramax,3720,1292.0,402.03,11.93
2020Q4,Mozambique,Haldia,Bauxite,Handysize,3720,1292.0,402.03,13.49
2020Q4,Mozambique,Haldia,Grain,Panamax,3720,1292.0,402.03,10.99
2020Q4,Mozambique,Haldia,Grain,Supramax,3720,1292.0,402.03,12.36
2020Q4,Mozambique,Haldia,Grain,Handysize,3720,1292.0,402.03,14.55
2020Q4,Mozambique,Kolkata,Coal,Capesize,3750,1292.0,402.03,8.9
2020Q4,Mozambique,Kolkata,Coal,Panamax,3750,1292.0,402.03,10.41
2020Q4,Mozambique,Kolkata,Coal,Supramax,3750,1292.0,402.03,12.09
2020Q4,Mozambique,Kolkata,Coal,Handysize,3750,1292.0,402.03,14.06
2020Q4,Mozambique,Kolkata,Iron Ore,Capesize,3750,1292.0,402.03,7.93
2020Q4,Mozambique,Kolkata,Iron Ore,Panamax,3750,1292.0,402.03,8.88
2020Q4,Mozambique,Kolkata,Bauxite,Panamax,3750,1292.0,402.03,10.71
2020Q4,Mozambique,Kolkata,Bauxite,Supramax,3750,1292.0,402.03,13.14
2020Q4,Mozambique,Kolkata,Bauxite,Handysize,3750,1292.0,402.03,14.07
2020Q4,Mozambique,Kolkata,Grain,Panamax,3750,1292.0,402.03,12.39
2020Q4,Mozambique,Kolkata,Grain,Supramax,3750,1292.0,402.03,14.13
2020Q4,Mozambique,Kolkata,Grain,Handysize,3750,1292.0,402.03,16.95
2020Q4,Russia,Paradip,Coal,Capesize,6000,1292.0,402.03,12.69
2020Q4,Russia,Paradip,Coal,Panamax,6000,1292.0,402.03,15.84
2020Q4,Russia,Paradip,Coal,Supramax,6000,1292.0,402.03,17.89
2020Q4,Russia,Paradip,Coal,Handysize,6000,1292.0,402.03,19.46
2020Q4,Russia,Paradip,Iron Ore,Capesize,6000,1292.0,402.03,11.85
2020Q4,Russia,Paradip,Iron Ore,Panamax,6000,1292.0,402.03,13.19
2020Q4,Russia,Paradip,Bauxite,Panamax,6000,1292.0,402.03,15.5
2020Q4,Russia,Paradip,Bauxite,Supramax,6000,1292.0,402.03,18.66
2020Q4,Russia,Paradip,Bauxite,Handysize,6000,1292.0,402.03,21.05
2020Q4,Russia,Paradip,Grain,Panamax,6000,1292.0,402.03,18.64
2020Q4,Russia,Paradip,Grain,Supramax,6000,1292.0,402.03,20.52
2020Q4,Russia,Paradip,Grain,Handysize,6000,1292.0,402.03,23.95
2020Q4,Russia,Dhamra,Coal,Capesize,5950,1292.0,402.03,12.32
2020Q4,Russia,Dhamra,Coal,Panamax,5950,1292.0,402.03,14.47
2020Q4,Russia,Dhamra,Coal,Supramax,5950,1292.0,402.03,17.88
2020Q4,Russia,Dhamra,Coal,Handysize,5950,1292.0,402.03,20.42
2020Q4,Russia,Dhamra,Iron Ore,Capesize,5950,1292.0,402.03,12.02
2020Q4,Russia,Dhamra,Iron Ore,Panamax,5950,1292.0,402.03,14.34
2020Q4,Russia,Dhamra,Bauxite,Panamax,5950,1292.0,402.03,14.94
2020Q4,Russia,Dhamra,Bauxite,Supramax,5950,1292.0,402.03,18.12
2020Q4,Russia,Dhamra,Bauxite,Handysize,5950,1292.0,402.03,20.12
2020Q4,Russia,Dhamra,Grain,Panamax,5950,1292.0,402.03,17.23
2020Q4,Russia,Dhamra,Grain,Supramax,5950,1292.0,402.03,20.21
2020Q4,Russia,Dhamra,Grain,Handysize,5950,1292.0,402.03,23.09
2020Q4,Russia,Vizag,Coal,Capesize,5850,1292.0,402.03,12.21
2020Q4,Russia,Vizag,Coal,Panamax,5850,1292.0,402.03,14.77
2020Q4,Russia,Vizag,Coal,Supramax,5850,1292.0,402.03,16.58
2020Q4,Russia,Vizag,Coal,Handysize,5850,1292.0,402.03,20.7
2020Q4,Russia,Vizag,Iron Ore,Capesize,5850,1292.0,402.03,11.05
2020Q4,Russia,Vizag,Iron Ore,Panamax,5850,1292.0,402.03,14.67
2020Q4,Russia,Vizag,Bauxite,Panamax,5850,1292.0,402.03,15.34
2020Q4,Russia,Vizag,Bauxite,Supramax,5850,1292.0,402.03,18.23
2020Q4,Russia,Vizag,Bauxite,Handysize,5850,1292.0,402.03,20.15
2020Q4,Russia,Vizag,Grain,Panamax,5850,1292.0,402.03,18.88
2020Q4,Russia,Vizag,Grain,Supramax,5850,1292.0,402.03,21.6
2020Q4,Russia,Vizag,Grain,Handysize,5850,1292.0,402.03,24.37
2020Q4,Russia,Haldia,Coal,Capesize,6120,1292.0,402.03,14.39
2020Q4,Russia,Haldia,Coal,Panamax,6120,1292.0,402.03,17.81
2020Q4,Russia,Haldia,Coal,Supramax,6120,1292.0,402.03,19.82
2020Q4,Russia,Haldia,Coal,Handysize,6120,1292.0,402.03,25.17
2020Q4,Russia,Haldia,Iron Ore,Capesize,6120,1292.0,402.03,13.98
2020Q4,Russia,Haldia,Iron Ore,Panamax,6120,1292.0,402.03,15.97
2020Q4,Russia,Haldia,Bauxite,Panamax,6120,1292.0,402.03,16.98
2020Q4,Russia,Haldia,Bauxite,Supramax,6120,1292.0,402.03,20.92
2020Q4,Russia,Haldia,Bauxite,Handysize,6120,1292.0,402.03,25.75
2020Q4,Russia,Haldia,Grain,Panamax,6120,1292.0,402.03,22.12
2020Q4,Russia,Haldia,Grain,Supramax,6120,1292.0,402.03,25.72
2020Q4,Russia,Haldia,Grain,Handysize,6120,1292.0,402.03,27.13
2020Q4,Russia,Kolkata,Coal,Capesize,6150,1292.0,402.03,16.51
2020Q4,Russia,Kolkata,Coal,Panamax,6150,1292.0,402.03,19.8
2020Q4,Russia,Kolkata,Coal,Supramax,6150,1292.0,402.03,21.02
2020Q4,Russia,Kolkata,Coal,Handysize,6150,1292.0,402.03,25.89
2020Q4,Russia,Kolkata,Iron Ore,Capesize,6150,1292.0,402.03,14.84
2020Q4,Russia,Kolkata,Iron Ore,Panamax,6150,1292.0,402.03,17.03
2020Q4,Russia,Kolkata,Bauxite,Panamax,6150,1292.0,402.03,18.78
2020Q4,Russia,Kolkata,Bauxite,Supramax,6150,1292.0,402.03,23.16
2020Q4,Russia,Kolkata,Bauxite,Handysize,6150,1292.0,402.03,26.88
2020Q4,Russia,Kolkata,Grain,Panamax,6150,1292.0,402.03,22.83
2020Q4,Russia,Kolkata,Grain,Supramax,6150,1292.0,402.03,26.25
2020Q4,Russia,Kolkata,Grain,Handysize,6150,1292.0,402.03,30.6
2021Q1,Australia,Paradip,Coal,Capesize,4400,1724.3,533.02,8.35
2021Q1,Australia,Paradip,Coal,Panamax,4400,1724.3,533.02,9.94
2021Q1,Australia,Paradip,Coal,Supramax,4400,1724.3,533.02,11.3
2021Q1,Australia,Paradip,Coal,Handysize,4400,1724.3,533.02,13.07
2021Q1,Australia,Paradip,Iron Ore,Capesize,4400,1724.3,533.02,7.55
2021Q1,Australia,Paradip,Iron Ore,Panamax,4400,1724.3,533.02,8.22
2021Q1,Australia,Paradip,Bauxite,Panamax,4400,1724.3,533.02,10.45
2021Q1,Australia,Paradip,Bauxite,Supramax,4400,1724.3,533.02,11.99
2021Q1,Australia,Paradip,Bauxite,Handysize,4400,1724.3,533.02,13.94
2021Q1,Australia,Paradip,Grain,Panamax,4400,1724.3,533.02,12.14
2021Q1,Australia,Paradip,Grain,Supramax,4400,1724.3,533.02,12.77
2021Q1,Australia,Paradip,Grain,Handysize,4400,1724.3,533.02,14.81
2021Q1,Australia,Dhamra,Coal,Capesize,4350,1724.3,533.02,8.14
2021Q1,Australia,Dhamra,Coal,Panamax,4350,1724.3,533.02,9.44
2021Q1,Australia,Dhamra,Coal,Supramax,4350,1724.3,533.02,11.08
2021Q1,Australia,Dhamra,Coal,Handysize,4350,1724.3,533.02,12.58
2021Q1,Australia,Dhamra,Iron Ore,Capesize,4350,1724.3,533.02,7.43
2021Q1,Australia,Dhamra,Iron Ore,Panamax,4350,1724.3,533.02,8.77
2021Q1,Australia,Dhamra,Bauxite,Panamax,4350,1724.3,533.02,10.08
2021Q1,Australia,Dhamra,Bauxite,Supramax,4350,1724.3,533.02,11.46
2021Q1,Australia,Dhamra,Bauxite,Handysize,4350,1724.3,533.02,12.43
2021Q1,Australia,Dhamra,Grain,Panamax,4350,1724.3,533.02,11.63
2021Q1,Australia,Dhamra,Grain,Supramax,4350,1724.3,533.02,13.78
2021Q1,Australia,Dhamra,Grain,Handysize,4350,1724.3,533.02,15.69
2021Q1,Australia,Vizag,Coal,Capesize,4250,1724.3,533.02,7.96
2021Q1,Australia,Vizag,Coal,Panamax,4250,1724.3,533.02,9.84
2021Q1,Australia,Vizag,Coal,Supramax,4250,1724.3,533.02,11.56
2021Q1,Australia,Vizag,Coal,Handysize,4250,1724.3,533.02,13.73
2021Q1,Australia,Vizag,Iron Ore,Capesize,4250,1724.3,533.02,7.17
2021Q1,Australia,Vizag,Iron Ore,Panamax,4250,1724.3,533.02,8.59
2021Q1,Australia,Vizag,Bauxite,Panamax,4250,1724.3,533.02,10.36
2021Q1,Australia,Vizag,Bauxite,Supramax,4250,1724.3,533.02,11.8
2021Q1,Australia,Vizag,Bauxite,Handysize,4250,1724.3,533.02,13.14
2021Q1,Australia,Vizag,Grain,Panamax,4250,1724.3,533.02,11.71
2021Q1,Australia,Vizag,Grain,Supramax,4250,1724.3,533.02,13.73
2021Q1,Australia,Vizag,Grain,Handysize,4250,1724.3,533.02,15.67
2021Q1,Australia,Haldia,Coal,Capesize,4520,1724.3,533.02,11.24
2021Q1,Australia,Haldia,Coal,Panamax,4520,1724.3,533.02,12.94
2021Q1,Australia,Haldia,Coal,Supramax,4520,1724.3,533.02,16.02
2021Q1,Australia,Haldia,Coal,Handysize,4520,1724.3,533.02,17.12
2021Q1,Australia,Haldia,Iron Ore,Capesize,4520,1724.3,533.02,9.83
2021Q1,Australia,Haldia,Iron Ore,Panamax,4520,1724.3,533.02,11.75
2021Q1,Australia,Haldia,Bauxite,Panamax,4520,1724.3,533.02,14.13
2021Q1,Australia,Haldia,Bauxite,Supramax,4520,1724.3,533.02,15.15
2021Q1,Australia,Haldia,Bauxite,Handysize,4520,1724.3,533.02,17.71
2021Q1,Australia,Haldia,Grain,Panamax,4520,1724.3,533.02,14.55
2021Q1,Australia,Haldia,Grain,Supramax,4520,1724.3,533.02,18.3
2021Q1,Australia,Haldia,Grain,Handysize,4520,1724.3,533.02,20.38
2021Q1,Australia,Kolkata,Coal,Capesize,4550,1724.3,533.02,12.37
2021Q1,Australia,Kolkata,Coal,Panamax,4550,1724.3,533.02,15.03
2021Q1,Australia,Kolkata,Coal,Supramax,4550,1724.3,533.02,16.75
2021Q1,Australia,Kolkata,Coal,Handysize,4550,1724.3,533.02,20.05
2021Q1,Australia,Kolkata,Iron Ore,Capesize,4550,1724.3,533.02,11.17
2021Q1,Australia,Kolkata,Iron Ore,Panamax,4550,1724.3,533.02,13.53
2021Q1,Australia,Kolkata,Bauxite,Panamax,4550,1724.3,533.02,15.68
2021Q1,Australia,Kolkata,Bauxite,Supramax,4550,1724.3,533.02,17.55
2021Q1,Australia,Kolkata,Bauxite,Handysize,4550,1724.3,533.02,20.76
2021Q1,Australia,Kolkata,Grain,Panamax,4550,1724.3,533.02,18.27
2021Q1,Australia,Kolkata,Grain,Supramax,4550,1724.3,533.02,20.84
2021Q1,Australia,Kolkata,Grain,Handysize,4550,1724.3,533.02,22.7
2021Q1,Indonesia,Paradip,Coal,Capesize,2800,1724.3,533.02,5.3
2021Q1,Indonesia,Paradip,Coal,Panamax,2800,1724.3,533.02,5.83
2021Q1,Indonesia,Paradip,Coal,Supramax,2800,1724.3,533.02,7.42
2021Q1,Indonesia,Paradip,Coal,Handysize,2800,1724.3,533.02,8.5
2021Q1,Indonesia,Paradip,Iron Ore,Capesize,2800,1724.3,533.02,4.71
2021Q1,Indonesia,Paradip,Iron Ore,Panamax,2800,1724.3,533.02,5.48
2021Q1,Indonesia,Paradip,Bauxite,Panamax,2800,1724.3,533.02,6.32
2021Q1,Indonesia,Paradip,Bauxite,Supramax,2800,1724.3,533.02,7.6
2021Q1,Indonesia,Paradip,Bauxite,Handysize,2800,1724.3,533.02,8.51
2021Q1,Indonesia,Paradip,Grain,Panamax,2800,1724.3,533.02,7.33
2021Q1,Indonesia,Paradip,Grain,Supramax,2800,1724.3,533.02,8.74
2021Q1,Indonesia,Paradip,Grain,Handysize,2800,1724.3,533.02,9.65
2021Q1,Indonesia,Dhamra,Coal,Capesize,2750,1724.3,533.02,4.77
2021Q1,Indonesia,Dhamra,Coal,Panamax,2750,1724.3,533.02,5.47
2021Q1,Indonesia,Dhamra,Coal,Supramax,2750,1724.3,533.02,6.41
2021Q1,Indonesia,Dhamra,Coal,Handysize,2750,1724.3,533.02,7.24
2021Q1,Indonesia,Dhamra,Iron Ore,Capesize,2750,1724.3,533.02,4.5
2021Q1,Indonesia,Dhamra,Iron Ore,Panamax,2750,1724.3,533.02,5.47
2021Q1,Indonesia,Dhamra,Bauxite,Panamax,2750,1724.3,533.02,6.3
2021Q1,Indonesia,Dhamra,Bauxite,Supramax,2750,1724.3,533.02,6.6
2021Q1,Indonesia,Dhamra,Bauxite,Handysize,2750,1724.3,533.02,8.33
2021Q1,Indonesia,Dhamra,Grain,Panamax,2750,1724.3,533.02,7.19
2021Q1,Indonesia,Dhamra,Grain,Supramax,2750,1724.3,533.02,7.87
2021Q1,Indonesia,Dhamra,Grain,Handysize,2750,1724.3,533.02,9.31
2021Q1,Indonesia,Vizag,Coal,Capesize,2650,1724.3,533.02,4.44
2021Q1,Indonesia,Vizag,Coal,Panamax,2650,1724.3,533.02,5.65
2021Q1,Indonesia,Vizag,Coal,Supramax,2650,1724.3,533.02,6.28
2021Q1,Indonesia,Vizag,Coal,Handysize,2650,1724.3,533.02,7.63
2021Q1,Indonesia,Vizag,Iron Ore,Capesize,2650,1724.3,533.02,4.07
2021Q1,Indonesia,Vizag,Iron Ore,Panamax,2650,1724.3,533.02,5.13
2021Q1,Indonesia,Vizag,Bauxite,Panamax,2650,1724.3,533.02,6.08
2021Q1,Indonesia,Vizag,Bauxite,Supramax,2650,1724.3,533.02,6.67
2021Q1,Indonesia,Vizag,Bauxite,Handysize,2650,1724.3,533.02,7.64
2021Q1,Indonesia,Vizag,Grain,Panamax,2650,1724.3,533.02,6.21
2021Q1,Indonesia,Vizag,Grain,Supramax,2650,1724.3,533.02,7.76
2021Q1,Indonesia,Vizag,Grain,Handysize,2650,1724.3,533.02,8.91
2021Q1,Indonesia,Haldia,Coal,Capesize,2920,1724.3,533.02,6.5
2021Q1,Indonesia,Haldia,Coal,Panamax,2920,1724.3,533.02,8.17
2021Q1,Indonesia,Haldia,Coal,Supramax,2920,1724.3,533.02,9.23
2021Q1,Indonesia,Haldia,Coal,Handysize,2920,1724.3,533.02,10.48
2021Q1,Indonesia,Haldia,Iron Ore,Capesize,2920,1724.3,533.02,6.06
2021Q1,Indonesia,Haldia,Iron Ore,Panamax,2920,1724.3,533.02,7.51
2021Q1,Indonesia,Haldia,Bauxite,Panamax,2920,1724.3,533.02,8.62
2021Q1,Indonesia,Haldia,Bauxite,Supramax,2920,1724.3,533.02,9.81
2021Q1,Indonesia,Haldia,Bauxite,Handysize,2920,1724.3,533.02,11.68
2021Q1,Indonesia,Haldia,Grain,Panamax,2920,1724.3,533.02,9.26
2021Q1,Indonesia,Haldia,Grain,Supramax,2920,1724.3,533.02,11.27
2021Q1,Indonesia,Haldia,Grain,Handysize,2920,1724.3,533.02,13.14
2021Q1,Indonesia,Kolkata,Coal,Capesize,2950,1724.3,533.02,7.78
2021Q1,Indonesia,Kolkata,Coal,Panamax,2950,1724.3,533.02,9.41
2021Q1,Indonesia,Kolkata,Coal,Supramax,2950,1724.3,533.02,10.51
2021Q1,Indonesia,Kolkata,Coal,Handysize,2950,1724.3,533.02,12.77
2021Q1,Indonesia,Kolkata,Iron Ore,Capesize,2950,1724.3,533.02,7.26
2021Q1,Indonesia,Kolkata,Iron Ore,Panamax,2950,1724.3,533.02,7.49
2021Q1,Indonesia,Kolkata,Bauxite,Panamax,2950,1724.3,533.02,10.13
2021Q1,Indonesia,Kolkata,Bauxite,Supramax,2950,1724.3,533.02,10.14
2021Q1,Indonesia,Kolkata,Bauxite,Handysize,2950,1724.3,533.02,12.89
2021Q1,Indonesia,Kolkata,Grain,Panamax,2950,1724.3,533.02,11.52
2021Q1,Indonesia,Kolkata,Grain,Supramax,2950,1724.3,533.02,12.83
2021Q1,Indonesia,Kolkata,Grain,Handysize,2950,1724.3,533.02,14.28
2021Q1,South Africa,Paradip,Coal,Capesize,5000,1724.3,533.02,8.38
2021Q1,South Africa,Paradip,Coal,Panamax,5000,1724.3,533.02,10.56
2021Q1,South Africa,Paradip,Coal,Supramax,5000,1724.3,533.02,11.1
2021Q1,South Africa,Paradip,Coal,Handysize,5000,1724.3,533.02,14.36
2021Q1,South Africa,Paradip,Iron Ore,Capesize,5000,1724.3,533.02,7.82
2021Q1,South Africa,Paradip,Iron Ore,Panamax,5000,1724.3,533.02,8.8
2021Q1,South Africa,Paradip,Bauxite,Panamax,5000,1724.3,533.02,10.49
2021Q1,South Africa,Paradip,Bauxite,Supramax,5000,1724.3,533.02,12.05
2021Q1,South Africa,Paradip,Bauxite,Handysize,5000,1724.3,533.02,14.94
2021Q1,South Africa,Paradip,Grain,Panamax,5000,1724.3,533.02,12.55
2021Q1,South Africa,Paradip,Grain,Supramax,5000,1724.3,533.02,13.42
2021Q1,South Africa,Paradip,Grain,Handysize,5000,1724.3,533.02,16.34
2021Q1,South Africa,Dhamra,Coal,Capesize,4950,1724.3,533.02,8.21
2021Q1,South Africa,Dhamra,Coal,Panamax,4950,1724.3,533.02,10.36
2021Q1,South Africa,Dhamra,Coal,Supramax,4950,1724.3,533.02,11.01
2021Q1,South Africa,Dhamra,Coal,Handysize,4950,1724.3,533.02,14.17
2021Q1,South Africa,Dhamra,Iron Ore,Capesize,4950,1724.3,533.02,7.61
2021Q1,South Africa,Dhamra,Iron Ore,Panamax,4950,1724.3,533.02,8.55
2021Q1,South Africa,Dhamra,Bauxite,Panamax,4950,1724.3,533.02,10.16
2021Q1,South Africa,Dhamra,Bauxite,Supramax,4950,1724.3,533.02,11.8
2021Q1,South Africa,Dhamra,Bauxite,Handysize,4950,1724.3,533.02,13.46
2021Q1,South Africa,Dhamra,Grain,Panamax,4950,1724.3,533.02,11.93
2021Q1,South Africa,Dhamra,Grain,Supramax,4950,1724.3,533.02,13.27
2021Q1,South Africa,Dhamra,Grain,Handysize,4950,1724.3,533.02,14.87
2021Q1,South Africa,Vizag,Coal,Capesize,4850,1724.3,533.02,8.25
2021Q1,South Africa,Vizag,Coal,Panamax,4850,1724.3,533.02,9.17
2021Q1,South Africa,Vizag,Coal,Supramax,4850,1724.3,533.02,11.12
2021Q1,South Africa,Vizag,Coal,Handysize,4850,1724.3,533.02,12.84
2021Q1,South Africa,Vizag,Iron Ore,Capesize,4850,1724.3,533.02,7.3
2021Q1,South Africa,Vizag,Iron Ore,Panamax,4850,1724.3,533.02,9.43
2021Q1,South Africa,Vizag,Bauxite,Panamax,4850,1724.3,533.02,10.3
2021Q1,South Africa,Vizag,Bauxite,Supramax,4850,1724.3,533.02,12.1
2021Q1,South Africa,Vizag,Bauxite,Handysize,4850,1724.3,533.02,13.05
2021Q1,South Africa,Vizag,Grain,Panamax,4850,1724.3,533.02,11.48
2021Q1,South Africa,Vizag,Grain,Supramax,4850,1724.3,533.02,13.81
2021Q1,South Africa,Vizag,Grain,Handysize,4850,1724.3,533.02,15.34
2021Q1,South Africa,Haldia,Coal,Capesize,5120,1724.3,533.02,11.71
2021Q1,South Africa,Haldia,Coal,Panamax,5120,1724.3,533.02,12.73
2021Q1,South Africa,Haldia,Coal,Supramax,5120,1724.3,533.02,15.35
2021Q1,South Africa,Haldia,Coal,Handysize,5120,1724.3,533.02,17.62
2021Q1,South Africa,Haldia,Iron Ore,Capesize,5120,1724.3,533.02,10.27
2021Q1,South Africa,Haldia,Iron Ore,Panamax,5120,1724.3,533.02,11.69
2021Q1,South Africa,Haldia,Bauxite,Panamax,5120,1724.3,533.02,13.82
2021Q1,South Africa,Haldia,Bauxite,Supramax,5120,1724.3,533.02,16.14
2021Q1,South Africa,Haldia,Bauxite,Handysize,5120,1724.3,533.02,18.41
2021Q1,South Africa,Haldia,Grain,Panamax,5120,1724.3,533.02,16.21
2021Q1,South Africa,Haldia,Grain,Supramax,5120,1724.3,533.02,18.76
2021Q1,South Africa,Haldia,Grain,Handysize,5120,1724.3,533.02,21.52
2021Q1,South Africa,Kolkata,Coal,Capesize,5150,1724.3,533.02,12.55
2021Q1,South Africa,Kolkata,Coal,Panamax,5150,1724.3,533.02,15.33
2021Q1,South Africa,Kolkata,Coal,Supramax,5150,1724.3,533.02,17.26
2021Q1,South Africa,Kolkata,Coal,Handysize,5150,1724.3,533.02,19.98
2021Q1,South Africa,Kolkata,Iron Ore,Capesize,5150,1724.3,533.02,11.51
2021Q1,South Africa,Kolkata,Iron Ore,Panamax,5150,1724.3,533.02,14.22
2021Q1,South Africa,Kolkata,Bauxite,Panamax,5150,1724.3,533.02,14.93
2021Q1,South Africa,Kolkata,Bauxite,Supramax,5150,1724.3,533.02,18.77
2021Q1,South Africa,Kolkata,Bauxite,Handysize,5150,1724.3,533.02,19.81
2021Q1,South Africa,Kolkata,Grain,Panamax,5150,1724.3,533.02,18.04
2021Q1,South Africa,Kolkata,Grain,Supramax,5150,1724.3,533.02,22.04
2021Q1,South Africa,Kolkata,Grain,Handysize,5150,1724.3,533.02,24.66
2021Q1,Mozambique,Paradip,Coal,Capesize,3600,1724.3,533.02,7.91
2021Q1,Mozambique,Paradip,Coal,Panamax,3600,1724.3,533.02,9.03
2021Q1,Mozambique,Paradip,Coal,Supramax,3600,1724.3,533.02,10.75
2021Q1,Mozambique,Paradip,Coal,Handysize,3600,1724.3,533.02,12.36
2021Q1,Mozambique,Paradip,Iron Ore,Capesize,3600,1724.3,533.02,6.88
2021Q1,Mozambique,Paradip,Iron Ore,Panamax,3600,1724.3,533.02,8.2
2021Q1,Mozambique,Paradip,Bauxite,Panamax,3600,1724.3,533.02,9.73
2021Q1,Mozambique,Paradip,Bauxite,Supramax,3600,1724.3,533.02,10.98
2021Q1,Mozambique,Paradip,Bauxite,Handysize,3600,1724.3,533.02,12.72
2021Q1,Mozambique,Paradip,Grain,Panamax,3600,1724.3,533.02,10.52
2021Q1,Mozambique,Paradip,Grain,Supramax,3600,1724.3,533.02,13.07
2021Q1,Mozambique,Paradip,Grain,Handysize,3600,1724.3,533.02,15.25
2021Q1,Mozambique,Dhamra,Coal,Capesize,3550,1724.3,533.02,7.68
2021Q1,Mozambique,Dhamra,Coal,Panamax,3550,1724.3,533.02,9.22
2021Q1,Mozambique,Dhamra,Coal,Supramax,3550,1724.3,533.02,10.43
2021Q1,Mozambique,Dhamra,Coal,Handysize,3550,1724.3,533.02,12.24
2021Q1,Mozambique,Dhamra,Iron Ore,Capesize,3550,1724.3,533.02,6.93
2021Q1,Mozambique,Dhamra,Iron Ore,Panamax,3550,1724.3,533.02,8.0
2021Q1,Mozambique,Dhamra,Bauxite,Panamax,3550,1724.3,533.02,9.19
2021Q1,Mozambique,Dhamra,Bauxite,Supramax,3550,1724.3,533.02,11.77
2021Q1,Mozambique,Dhamra,Bauxite,Handysize,3550,1724.3,533.02,12.48
2021Q1,Mozambique,Dhamra,Grain,Panamax,3550,1724.3,533.02,10.45
2021Q1,Mozambique,Dhamra,Grain,Supramax,3550,1724.3,533.02,12.67
2021Q1,Mozambique,Dhamra,Grain,Handysize,3550,1724.3,533.02,14.62
2021Q1,Mozambique,Vizag,Coal,Capesize,3450,1724.3,533.02,7.15
2021Q1,Mozambique,Vizag,Coal,Panamax,3450,1724.3,533.02,9.15
2021Q1,Mozambique,Vizag,Coal,Supramax,3450,1724.3,533.02,10.23
2021Q1,Mozambique,Vizag,Coal,Handysize,3450,1724.3,533.02,11.45
2021Q1,Mozambique,Vizag,Iron Ore,Capesize,3450,1724.3,533.02,7.05
2021Q1,Mozambique,Vizag,Iron Ore,Panamax,3450,1724.3,533.02,8.09
2021Q1,Mozambique,Vizag,Bauxite,Panamax,3450,1724.3,533.02,8.83
2021Q1,Mozambique,Vizag,Bauxite,Supramax,3450,1724.3,533.02,11.45
2021Q1,Mozambique,Vizag,Bauxite,Handysize,3450,1724.3,533.02,12.8
2021Q1,Mozambique,Vizag,Grain,Panamax,3450,1724.3,533.02,10.56
2021Q1,Mozambique,Vizag,Grain,Supramax,3450,1724.3,533.02,13.0
2021Q1,Mozambique,Vizag,Grain,Handysize,3450,1724.3,533.02,14.38
2021Q1,Mozambique,Haldia,Coal,Capesize,3720,1724.3,533.02,10.39
2021Q1,Mozambique,Haldia,Coal,Panamax,3720,1724.3,533.02,11.9
2021Q1,Mozambique,Haldia,Coal,Supramax,3720,1724.3,533.02,14.5
2021Q1,Mozambique,Haldia,Coal,Handysize,3720,1724.3,533.02,16.77
2021Q1,Mozambique,Haldia,Iron Ore,Capesize,3720,1724.3,533.02,9.37
2021Q1,Mozambique,Haldia,Iron Ore,Panamax,3720,1724.3,533.02,10.66
2021Q1,Mozambique,Haldia,Bauxite,Panamax,3720,1724.3,533.02,12.85
2021Q1,Mozambique,Haldia,Bauxite,Supramax,3720,1724.3,533.02,14.88
2021Q1,Mozambique,Haldia,Bauxite,Handysize,3720,1724.3,533.02,16.51
2021Q1,Mozambique,Haldia,Grain,Panamax,3720,1724.3,533.02,13.86
2021Q1,Mozambique,Haldia,Grain,Supramax,3720,1724.3,533.02,17.39
2021Q1,Mozambique,Haldia,Grain,Handysize,3720,1724.3,533.02,17.99
2021Q1,Mozambique,Kolkata,Coal,Capesize,3750,1724.3,533.02,11.93
2021Q1,Mozambique,Kolkata,Coal,Panamax,3750,1724.3,533.02,13.64
2021Q1,Mozambique,Kolkata,Coal,Supramax,3750,1724.3,533.02,16.92
2021Q1,Mozambique,Kolkata,Coal,Handysize,3750,1724.3,533.02,18.46
2021Q1,Mozambique,Kolkata,Iron Ore,Capesize,3750,1724.3,533.02,10.91
2021Q1,Mozambique,Kolkata,Iron Ore,Panamax,3750,1724.3,533.02,12.31
2021Q1,Mozambique,Kolkata,Bauxite,Panamax,3750,1724.3,533.02,14.62
2021Q1,Mozambique,Kolkata,Bauxite,Supramax,3750,1724.3,533.02,17.43
2021Q1,Mozambique,Kolkata,Bauxite,Handysize,3750,1724.3,533.02,19.4
2021Q1,Mozambique,Kolkata,Grain,Panamax,3750,1724.3,533.02,17.22
2021Q1,Mozambique,Kolkata,Grain,Supramax,3750,1724.3,533.02,18.74
2021Q1,Mozambique,Kolkata,Grain,Handysize,3750,1724.3,533.02,22.77
2021Q1,Russia,Paradip,Coal,Capesize,6000,1724.3,533.02,17.73
2021Q1,Russia,Paradip,Coal,Panamax,6000,1724.3,533.02,20.57
2021Q1,Russia,Paradip,Coal,Supramax,6000,1724.3,533.02,25.03
2021Q1,Russia,Paradip,Coal,Handysize,6000,1724.3,533.02,26.5
2021Q1,Russia,Paradip,Iron Ore,Capesize,6000,1724.3,533.02,14.71
2021Q1,Russia,Paradip,Iron Ore,Panamax,6000,1724.3,533.02,17.46
2021Q1,Russia,Paradip,Bauxite,Panamax,6000,1724.3,533.02,21.6
2021Q1,Russia,Paradip,Bauxite,Supramax,6000,1724.3,533.02,25.06
2021Q1,Russia,Paradip,Bauxite,Handysize,6000,1724.3,533.02,28.69
2021Q1,Russia,Paradip,Grain,Panamax,6000,1724.3,533.02,23.18
2021Q1,Russia,Paradip,Grain,Supramax,6000,1724.3,533.02,28.9
2021Q1,Russia,Paradip,Grain,Handysize,6000,1724.3,533.02,31.27
2021Q1,Russia,Dhamra,Coal,Capesize,5950,1724.3,533.02,17.51
2021Q1,Russia,Dhamra,Coal,Panamax,5950,1724.3,533.02,21.67
2021Q1,Russia,Dhamra,Coal,Supramax,5950,1724.3,533.02,23.27
2021Q1,Russia,Dhamra,Coal,Handysize,5950,1724.3,533.02,27.22
2021Q1,Russia,Dhamra,Iron Ore,Capesize,5950,1724.3,533.02,14.88
2021Q1,Russia,Dhamra,Iron Ore,Panamax,5950,1724.3,533.02,16.6
2021Q1,Russia,Dhamra,Bauxite,Panamax,5950,1724.3,533.02,20.25
2021Q1,Russia,Dhamra,Bauxite,Supramax,5950,1724.3,533.02,23.21
2021Q1,Russia,Dhamra,Bauxite,Handysize,5950,1724.3,533.02,26.59
2021Q1,Russia,Dhamra,Grain,Panamax,5950,1724.3,533.02,25.06
2021Q1,Russia,Dhamra,Grain,Supramax,5950,1724.3,533.02,27.84
2021Q1,Russia,Dhamra,Grain,Handysize,5950,1724.3,533.02,32.43
2021Q1,Russia,Vizag,Coal,Capesize,5850,1724.3,533.02,16.74
2021Q1,Russia,Vizag,Coal,Panamax,5850,1724.3,533.02,19.69
2021Q1,Russia,Vizag,Coal,Supramax,5850,1724.3,533.02,23.9
2021Q1,Russia,Vizag,Coal,Handysize,5850,1724.3,533.02,26.8
2021Q1,Russia,Vizag,Iron Ore,Capesize,5850,1724.3,533.02,15.51
2021Q1,Russia,Vizag,Iron Ore,Panamax,5850,1724.3,533.02,17.71
2021Q1,Russia,Vizag,Bauxite,Panamax,5850,1724.3,533.02,20.55
2021Q1,Russia,Vizag,Bauxite,Supramax,5850,1724.3,533.02,23.08
2021Q1,Russia,Vizag,Bauxite,Handysize,5850,1724.3,533.02,26.22
2021Q1,Russia,Vizag,Grain,Panamax,5850,1724.3,533.02,23.56
2021Q1,Russia,Vizag,Grain,Supramax,5850,1724.3,533.02,27.79
2021Q1,Russia,Vizag,Grain,Handysize,5850,1724.3,533.02,30.75
2021Q1,Russia,Haldia,Coal,Capesize,6120,1724.3,533.02,20.13
2021Q1,Russia,Haldia,Coal,Panamax,6120,1724.3,533.02,23.65
2021Q1,Russia,Haldia,Coal,Supramax,6120,1724.3,533.02,25.46
2021Q1,Russia,Haldia,Coal,Handysize,6120,1724.3,533.02,30.94
2021Q1,Russia,Haldia,Iron Ore,Capesize,6120,1724.3,533.02,18.4
2021Q1,Russia,Haldia,Iron Ore,Panamax,6120,1724.3,533.02,21.53
2021Q1,Russia,Haldia,Bauxite,Panamax,6120,1724.3,533.02,23.78
2021Q1,Russia,Haldia,Bauxite,Supramax,6120,1724.3,533.02,29.07
2021Q1,Russia,Haldia,Bauxite,Handysize,6120,1724.3,533.02,34.76
2021Q1,Russia,Haldia,Grain,Panamax,6120,1724.3,533.02,29.09
2021Q1,Russia,Haldia,Grain,Supramax,6120,1724.3,533.02,32.93
2021Q1,Russia,Haldia,Grain,Handysize,6120,1724.3,533.02,37.72
2021Q1,Russia,Kolkata,Coal,Capesize,6150,1724.3,533.02,21.32
2021Q1,Russia,Kolkata,Coal,Panamax,6150,1724.3,533.02,25.94
2021Q1,Russia,Kolkata,Coal,Supramax,6150,1724.3,533.02,29.98
2021Q1,Russia,Kolkata,Coal,Handysize,6150,1724.3,533.02,35.33
2021Q1,Russia,Kolkata,Iron Ore,Capesize,6150,1724.3,533.02,19.71
2021Q1,Russia,Kolkata,Iron Ore,Panamax,6150,1724.3,533.02,23.63
2021Q1,Russia,Kolkata,Bauxite,Panamax,6150,1724.3,533.02,26.89
2021Q1,Russia,Kolkata,Bauxite,Supramax,6150,1724.3,533.02,32.13
2021Q1,Russia,Kolkata,Bauxite,Handysize,6150,1724.3,533.02,37.4
2021Q1,Russia,Kolkata,Grain,Panamax,6150,1724.3,533.02,29.77
2021Q1,Russia,Kolkata,Grain,Supramax,6150,1724.3,533.02,33.47
2021Q1,Russia,Kolkata,Grain,Handysize,6150,1724.3,533.02,43.72
2021Q2,Australia,Paradip,Coal,Capesize,4400,3010.7,588.05,14.73
2021Q2,Australia,Paradip,Coal,Panamax,4400,3010.7,588.05,16.07
2021Q2,Australia,Paradip,Coal,Supramax,4400,3010.7,588.05,19.44
2021Q2,Australia,Paradip,Coal,Handysize,4400,3010.7,588.05,23.77
2021Q2,Australia,Paradip,Iron Ore,Capesize,4400,3010.7,588.05,13.01
2021Q2,Australia,Paradip,Iron Ore,Panamax,4400,3010.7,588.05,15.11
2021Q2,Australia,Paradip,Bauxite,Panamax,4400,3010.7,588.05,18.83
2021Q2,Australia,Paradip,Bauxite,Supramax,4400,3010.7,588.05,20.17
2021Q2,Australia,Paradip,Bauxite,Handysize,4400,3010.7,588.05,23.63
2021Q2,Australia,Paradip,Grain,Panamax,4400,3010.7,588.05,20.66
2021Q2,Australia,Paradip,Grain,Supramax,4400,3010.7,588.05,24.26
2021Q2,Australia,Paradip,Grain,Handysize,4400,3010.7,588.05,28.26
2021Q2,Australia,Dhamra,Coal,Capesize,4350,3010.7,588.05,14.53
2021Q2,Australia,Dhamra,Coal,Panamax,4350,3010.7,588.05,16.6
2021Q2,Australia,Dhamra,Coal,Supramax,4350,3010.7,588.05,19.56
2021Q2,Australia,Dhamra,Coal,Handysize,4350,3010.7,588.05,22.12
2021Q2,Australia,Dhamra,Iron Ore,Capesize,4350,3010.7,588.05,12.7
2021Q2,Australia,Dhamra,Iron Ore,Panamax,4350,3010.7,588.05,14.89
2021Q2,Australia,Dhamra,Bauxite,Panamax,4350,3010.7,588.05,17.44
2021Q2,Australia,Dhamra,Bauxite,Supramax,4350,3010.7,588.05,20.74
2021Q2,Australia,Dhamra,Bauxite,Handysize,4350,3010.7,588.05,23.89
2021Q2,Australia,Dhamra,Grain,Panamax,4350,3010.7,588.05,19.81
2021Q2,Australia,Dhamra,Grain,Supramax,4350,3010.7,588.05,22.42
2021Q2,Australia,Dhamra,Grain,Handysize,4350,3010.7,588.05,26.85
2021Q2,Australia,Vizag,Coal,Capesize,4250,3010.7,588.05,14.33
2021Q2,Australia,Vizag,Coal,Panamax,4250,3010.7,588.05,16.9
2021Q2,Australia,Vizag,Coal,Supramax,4250,3010.7,588.05,21.1
2021Q2,Australia,Vizag,Coal,Handysize,4250,3010.7,588.05,22.32
2021Q2,Australia,Vizag,Iron Ore,Capesize,4250,3010.7,588.05,13.1
2021Q2,Australia,Vizag,Iron Ore,Panamax,4250,3010.7,588.05,15.67
2021Q2,Australia,Vizag,Bauxite,Panamax,4250,3010.7,588.05,17.69
2021Q2,Australia,Vizag,Bauxite,Supramax,4250,3010.7,588.05,22.25
2021Q2,Australia,Vizag,Bauxite,Handysize,4250,3010.7,588.05,23.55
2021Q2,Australia,Vizag,Grain,Panamax,4250,3010.7,588.05,20.37
2021Q2,Australia,Vizag,Grain,Supramax,4250,3010.7,588.05,22.85
2021Q2,Australia,Vizag,Grain,Handysize,4250,3010.7,588.05,26.95
2021Q2,Australia,Haldia,Coal,Capesize,4520,3010.7,588.05,19.64
2021Q2,Australia,Haldia,Coal,Panamax,4520,3010.7,588.05,23.47
2021Q2,Australia,Haldia,Coal,Supramax,4520,3010.7,588.05,26.89
2021Q2,Australia,Haldia,Coal,Handysize,4520,3010.7,588.05,32.22
2021Q2,Australia,Haldia,Iron Ore,Capesize,4520,3010.7,588.05,17.46
2021Q2,Australia,Haldia,Iron Ore,Panamax,4520,3010.7,588.05,20.27
2021Q2,Australia,Haldia,Bauxite,Panamax,4520,3010.7,588.05,26.2
2021Q2,Australia,Haldia,Bauxite,Supramax,4520,3010.7,588.05,28.3
2021Q2,Australia,Haldia,Bauxite,Handysize,4520,3010.7,588.05,31.59
2021Q2,Australia,Haldia,Grain,Panamax,4520,3010.7,588.05,26.68
2021Q2,Australia,Haldia,Grain,Supramax,4520,3010.7,588.05,30.85
2021Q2,Australia,Haldia,Grain,Handysize,4520,3010.7,588.05,38.25
2021Q2,Australia,Kolkata,Coal,Capesize,4550,3010.7,588.05,21.62
2021Q2,Australia,Kolkata,Coal,Panamax,4550,3010.7,588.05,25.75
2021Q2,Australia,Kolkata,Coal,Supramax,4550,3010.7,588.05,29.85
2021Q2,Australia,Kolkata,Coal,Handysize,4550,3010.7,588.05,35.61
2021Q2,Australia,Kolkata,Iron Ore,Capesize,4550,3010.7,588.05,19.13
2021Q2,Australia,Kolkata,Iron Ore,Panamax,4550,3010.7,588.05,22.21
2021Q2,Australia,Kolkata,Bauxite,Panamax,4550,3010.7,588.05,27.13
2021Q2,Australia,Kolkata,Bauxite,Supramax,4550,3010.7,588.05,32.07
2021Q2,Australia,Kolkata,Bauxite,Handysize,4550,3010.7,588.05,36.88
2021Q2,Australia,Kolkata,Grain,Panamax,4550,3010.7,588.05,29.9
2021Q2,Australia,Kolkata,Grain,Supramax,4550,3010.7,588.05,36.75
2021Q2,Australia,Kolkata,Grain,Handysize,4550,3010.7,588.05,40.58
2021Q2,Indonesia,Paradip,Coal,Capesize,2800,3010.7,588.05,8.87
2021Q2,Indonesia,Paradip,Coal,Panamax,2800,3010.7,588.05,10.23
2021Q2,Indonesia,Paradip,Coal,Supramax,2800,3010.7,588.05,12.91
2021Q2,Indonesia,Paradip,Coal,Handysize,2800,3010.7,588.05,14.65
2021Q2,Indonesia,Paradip,Iron Ore,Capesize,2800,3010.7,588.05,8.31
2021Q2,Indonesia,Paradip,Iron Ore,Panamax,2800,3010.7,588.05,9.94
2021Q2,Indonesia,Paradip,Bauxite,Panamax,2800,3010.7,588.05,12.2
2021Q2,Indonesia,Paradip,Bauxite,Supramax,2800,3010.7,588.05,12.19
2021Q2,Indonesia,Paradip,Bauxite,Handysize,2800,3010.7,588.05,14.66
2021Q2,Indonesia,Paradip,Grain,Panamax,2800,3010.7,588.05,12.42
2021Q2,Indonesia,Paradip,Grain,Supramax,2800,3010.7,588.05,14.37
2021Q2,Indonesia,Paradip,Grain,Handysize,2800,3010.7,588.05,16.55
2021Q2,Indonesia,Dhamra,Coal,Capesize,2750,3010.7,588.05,8.43
2021Q2,Indonesia,Dhamra,Coal,Panamax,2750,3010.7,588.05,9.55
2021Q2,Indonesia,Dhamra,Coal,Supramax,2750,3010.7,588.05,11.77
2021Q2,Indonesia,Dhamra,Coal,Handysize,2750,3010.7,588.05,13.53
2021Q2,Indonesia,Dhamra,Iron Ore,Capesize,2750,3010.7,588.05,7.79
2021Q2,Indonesia,Dhamra,Iron Ore,Panamax,2750,3010.7,588.05,9.13
2021Q2,Indonesia,Dhamra,Bauxite,Panamax,2750,3010.7,588.05,10.69
2021Q2,Indonesia,Dhamra,Bauxite,Supramax,2750,3010.7,588.05,12.05
2021Q2,Indonesia,Dhamra,Bauxite,Handysize,2750,3010.7,588.05,15.23
2021Q2,Indonesia,Dhamra,Grain,Panamax,2750,3010.7,588.05,12.06
2021Q2,Indonesia,Dhamra,Grain,Supramax,2750,3010.7,588.05,13.05
2021Q2,Indonesia,Dhamra,Grain,Handysize,2750,3010.7,588.05,15.63
2021Q2,Indonesia,Vizag,Coal,Capesize,2650,3010.7,588.05,7.83
2021Q2,Indonesia,Vizag,Coal,Panamax,2650,3010.7,588.05,9.77
2021Q2,Indonesia,Vizag,Coal,Supramax,2650,3010.7,588.05,11.35
2021Q2,Indonesia,Vizag,Coal,Handysize,2650,3010.7,588.05,13.01
2021Q2,Indonesia,Vizag,Iron Ore,Capesize,2650,3010.7,588.05,8.04
2021Q2,Indonesia,Vizag,Iron Ore,Panamax,2650,3010.7,588.05,8.96
2021Q2,Indonesia,Vizag,Bauxite,Panamax,2650,3010.7,588.05,10.52
2021Q2,Indonesia,Vizag,Bauxite,Supramax,2650,3010.7,588.05,11.58
2021Q2,Indonesia,Vizag,Bauxite,Handysize,2650,3010.7,588.05,13.4
2021Q2,Indonesia,Vizag,Grain,Panamax,2650,3010.7,588.05,11.74
2021Q2,Indonesia,Vizag,Grain,Supramax,2650,3010.7,588.05,13.76
2021Q2,Indonesia,Vizag,Grain,Handysize,2650,3010.7,588.05,14.84
2021Q2,Indonesia,Haldia,Coal,Capesize,2920,3010.7,588.05,11.92
2021Q2,Indonesia,Haldia,Coal,Panamax,2920,3010.7,588.05,14.05
2021Q2,Indonesia,Haldia,Coal,Supramax,2920,3010.7,588.05,16.26
2021Q2,Indonesia,Haldia,Coal,Handysize,2920,3010.7,588.05,18.47
2021Q2,Indonesia,Haldia,Iron Ore,Capesize,2920,3010.7,588.05,10.59
2021Q2,Indonesia,Haldia,Iron Ore,Panamax,2920,3010.7,588.05,12.56
2021Q2,Indonesia,Haldia,Bauxite,Panamax,2920,3010.7,588.05,14.79
2021Q2,Indonesia,Haldia,Bauxite,Supramax,2920,3010.7,588.05,17.56
2021Q2,Indonesia,Haldia,Bauxite,Handysize,2920,3010.7,588.05,20.72
2021Q2,Indonesia,Haldia,Grain,Panamax,2920,3010.7,588.05,16.68
2021Q2,Indonesia,Haldia,Grain,Supramax,2920,3010.7,588.05,19.34
2021Q2,Indonesia,Haldia,Grain,Handysize,2920,3010.7,588.05,23.17
2021Q2,Indonesia,Kolkata,Coal,Capesize,2950,3010.7,588.05,14.11
2021Q2,Indonesia,Kolkata,Coal,Panamax,2950,3010.7,588.05,15.93
2021Q2,Indonesia,Kolkata,Coal,Supramax,2950,3010.7,588.05,19.4
2021Q2,Indonesia,Kolkata,Coal,Handysize,2950,3010.7,588.05,22.66
2021Q2,Indonesia,Kolkata,Iron Ore,Capesize,2950,3010.7,588.05,13.0
2021Q2,Indonesia,Kolkata,Iron Ore,Panamax,2950,3010.7,588.05,15.47
2021Q2,Indonesia,Kolkata,Bauxite,Panamax,2950,3010.7,588.05,16.47
2021Q2,Indonesia,Kolkata,Bauxite,Supramax,2950,3010.7,588.05,19.83
2021Q2,Indonesia,Kolkata,Bauxite,Handysize,2950,3010.7,588.05,23.01
2021Q2,Indonesia,Kolkata,Grain,Panamax,2950,3010.7,588.05,19.35
2021Q2,Indonesia,Kolkata,Grain,Supramax,2950,3010.7,588.05,22.13
2021Q2,Indonesia,Kolkata,Grain,Handysize,2950,3010.7,588.05,24.92
2021Q2,South Africa,Paradip,Coal,Capesize,5000,3010.7,588.05,15.26
2021Q2,South Africa,Paradip,Coal,Panamax,5000,3010.7,588.05,17.33
2021Q2,South Africa,Paradip,Coal,Supramax,5000,3010.7,588.05,20.84
2021Q2,South Africa,Paradip,Coal,Handysize,5000,3010.7,588.05,23.44
2021Q2,South Africa,Paradip,Iron Ore,Capesize,5000,3010.7,588.05,13.16
2021Q2,South Africa,Paradip,Iron Ore,Panamax,5000,3010.7,588.05,16.16
2021Q2,South Africa,Paradip,Bauxite,Panamax,5000,3010.7,588.05,18.79
2021Q2,South Africa,Paradip,Bauxite,Supramax,5000,3010.7,588.05,22.25
2021Q2,South Africa,Paradip,Bauxite,Handysize,5000,3010.7,588.05,27.25
2021Q2,South Africa,Paradip,Grain,Panamax,5000,3010.7,588.05,21.57
2021Q2,South Africa,Paradip,Grain,Supramax,5000,3010.7,588.05,25.35
2021Q2,South Africa,Paradip,Grain,Handysize,5000,3010.7,588.05,27.84
2021Q2,South Africa,Dhamra,Coal,Capesize,4950,3010.7,588.05,14.11
2021Q2,South Africa,Dhamra,Coal,Panamax,4950,3010.7,588.05,18.26
2021Q2,South Africa,Dhamra,Coal,Supramax,4950,3010.7,588.05,19.53
2021Q2,South Africa,Dhamra,Coal,Handysize,4950,3010.7,588.05,22.57
2021Q2,South Africa,Dhamra,Iron Ore,Capesize,4950,3010.7,588.05,13.28
2021Q2,South Africa,Dhamra,Iron Ore,Panamax,4950,3010.7,588.05,15.52
2021Q2,South Africa,Dhamra,Bauxite,Panamax,4950,3010.7,588.05,17.59
2021Q2,South Africa,Dhamra,Bauxite,Supramax,4950,3010.7,588.05,20.96
2021Q2,South Africa,Dhamra,Bauxite,Handysize,4950,3010.7,588.05,25.65
2021Q2,South Africa,Dhamra,Grain,Panamax,4950,3010.7,588.05,20.17
2021Q2,South Africa,Dhamra,Grain,Supramax,4950,3010.7,588.05,23.03
2021Q2,South Africa,Dhamra,Grain,Handysize,4950,3010.7,588.05,29.03
2021Q2,South Africa,Vizag,Coal,Capesize,4850,3010.7,588.05,14.85
2021Q2,South Africa,Vizag,Coal,Panamax,4850,3010.7,588.05,16.72
2021Q2,South Africa,Vizag,Coal,Supramax,4850,3010.7,588.05,18.84
2021Q2,South Africa,Vizag,Coal,Handysize,4850,3010.7,588.05,22.54
2021Q2,South Africa,Vizag,Iron Ore,Capesize,4850,3010.7,588.05,13.12
2021Q2,South Africa,Vizag,Iron Ore,Panamax,4850,3010.7,588.05,16.01
2021Q2,South Africa,Vizag,Bauxite,Panamax,4850,3010.7,588.05,17.3
2021Q2,South Africa,Vizag,Bauxite,Supramax,4850,3010.7,588.05,20.88
2021Q2,South Africa,Vizag,Bauxite,Handysize,4850,3010.7,588.05,24.88
2021Q2,South Africa,Vizag,Grain,Panamax,4850,3010.7,588.05,18.8
2021Q2,South Africa,Vizag,Grain,Supramax,4850,3010.7,588.05,24.8
2021Q2,South Africa,Vizag,Grain,Handysize,4850,3010.7,588.05,26.63
2021Q2,South Africa,Haldia,Coal,Capesize,5120,3010.7,588.05,20.05
2021Q2,South Africa,Haldia,Coal,Panamax,5120,3010.7,588.05,23.4
2021Q2,South Africa,Haldia,Coal,Supramax,5120,3010.7,588.05,28.09
2021Q2,South Africa,Haldia,Coal,Handysize,5120,3010.7,588.05,32.02
2021Q2,South Africa,Haldia,Iron Ore,Capesize,5120,3010.7,588.05,16.35
2021Q2,South Africa,Haldia,Iron Ore,Panamax,5120,3010.7,588.05,20.3
2021Q2,South Africa,Haldia,Bauxite,Panamax,5120,3010.7,588.05,24.48
2021Q2,South Africa,Haldia,Bauxite,Supramax,5120,3010.7,588.05,28.22
2021Q2,South Africa,Haldia,Bauxite,Handysize,5120,3010.7,588.05,33.54
2021Q2,South Africa,Haldia,Grain,Panamax,5120,3010.7,588.05,28.61
2021Q2,South Africa,Haldia,Grain,Supramax,5120,3010.7,588.05,33.17
2021Q2,South Africa,Haldia,Grain,Handysize,5120,3010.7,588.05,37.41
2021Q2,South Africa,Kolkata,Coal,Capesize,5150,3010.7,588.05,20.81
2021Q2,South Africa,Kolkata,Coal,Panamax,5150,3010.7,588.05,25.63
2021Q2,South Africa,Kolkata,Coal,Supramax,5150,3010.7,588.05,30.83
2021Q2,South Africa,Kolkata,Coal,Handysize,5150,3010.7,588.05,33.93
2021Q2,South Africa,Kolkata,Iron Ore,Capesize,5150,3010.7,588.05,20.47
2021Q2,South Africa,Kolkata,Iron Ore,Panamax,5150,3010.7,588.05,24.19
2021Q2,South Africa,Kolkata,Bauxite,Panamax,5150,3010.7,588.05,27.47
2021Q2,South Africa,Kolkata,Bauxite,Supramax,5150,3010.7,588.05,28.49
2021Q2,South Africa,Kolkata,Bauxite,Handysize,5150,3010.7,588.05,35.38
2021Q2,South Africa,Kolkata,Grain,Panamax,5150,3010.7,588.05,33.32
2021Q2,South Africa,Kolkata,Grain,Supramax,5150,3010.7,588.05,35.77
2021Q2,South Africa,Kolkata,Grain,Handysize,5150,3010.7,588.05,39.39
2021Q2,Mozambique,Paradip,Coal,Capesize,3600,3010.7,588.05,14.33
2021Q2,Mozambique,Paradip,Coal,Panamax,3600,3010.7,588.05,16.08
2021Q2,Mozambique,Paradip,Coal,Supramax,3600,3010.7,588.05,19.48
2021Q2,Mozambique,Paradip,Coal,Handysize,3600,3010.7,588.05,21.98
2021Q2,Mozambique,Paradip,Iron Ore,Capesize,3600,3010.7,588.05,12.56
2021Q2,Mozambique,Paradip,Iron Ore,Panamax,3600,3010.7,588.05,14.65
2021Q2,Mozambique,Paradip,Bauxite,Panamax,3600,3010.7,588.05,17.29
2021Q2,Mozambique,Paradip,Bauxite,Supramax,3600,3010.7,588.05,21.26
2021Q2,Mozambique,Paradip,Bauxite,Handysize,3600,3010.7,588.05,23.63
2021Q2,Mozambique,Paradip,Grain,Panamax,3600,3010.7,588.05,18.22
2021Q2,Mozambique,Paradip,Grain,Supramax,3600,3010.7,588.05,22.86
2021Q2,Mozambique,Paradip,Grain,Handysize,3600,3010.7,588.05,27.17
2021Q2,Mozambique,Dhamra,Coal,Capesize,3550,3010.7,588.05,13.86
2021Q2,Mozambique,Dhamra,Coal,Panamax,3550,3010.7,588.05,15.33
2021Q2,Mozambique,Dhamra,Coal,Supramax,3550,3010.7,588.05,18.9
2021Q2,Mozambique,Dhamra,Coal,Handysize,3550,3010.7,588.05,21.77
2021Q2,Mozambique,Dhamra,Iron Ore,Capesize,3550,3010.7,588.05,13.04
2021Q2,Mozambique,Dhamra,Iron Ore,Panamax,3550,3010.7,588.05,13.64
2021Q2,Mozambique,Dhamra,Bauxite,Panamax,3550,3010.7,588.05,16.06
2021Q2,Mozambique,Dhamra,Bauxite,Supramax,3550,3010.7,588.05,18.87
2021Q2,Mozambique,Dhamra,Bauxite,Handysize,3550,3010.7,588.05,21.75
2021Q2,Mozambique,Dhamra,Grain,Panamax,3550,3010.7,588.05,18.1
2021Q2,Mozambique,Dhamra,Grain,Supramax,3550,3010.7,588.05,19.69
2021Q2,Mozambique,Dhamra,Grain,Handysize,3550,3010.7,588.05,24.91
2021Q2,Mozambique,Vizag,Coal,Capesize,3450,3010.7,588.05,13.29
2021Q2,Mozambique,Vizag,Coal,Panamax,3450,3010.7,588.05,15.1
2021Q2,Mozambique,Vizag,Coal,Supramax,3450,3010.7,588.05,19.14
2021Q2,Mozambique,Vizag,Coal,Handysize,3450,3010.7,588.05,20.81
2021Q2,Mozambique,Vizag,Iron Ore,Capesize,3450,3010.7,588.05,12.34
2021Q2,Mozambique,Vizag,Iron Ore,Panamax,3450,3010.7,588.05,13.95
2021Q2,Mozambique,Vizag,Bauxite,Panamax,3450,3010.7,588.05,16.6
2021Q2,Mozambique,Vizag,Bauxite,Supramax,3450,3010.7,588.05,19.0
2021Q2,Mozambique,Vizag,Bauxite,Handysize,3450,3010.7,588.05,22.89
2021Q2,Mozambique,Vizag,Grain,Panamax,3450,3010.7,588.05,18.47
2021Q2,Mozambique,Vizag,Grain,Supramax,3450,3010.7,588.05,21.88
2021Q2,Mozambique,Vizag,Grain,Handysize,3450,3010.7,588.05,25.29
2021Q2,Mozambique,Haldia,Coal,Capesize,3720,3010.7,588.05,17.98
2021Q2,Mozambique,Haldia,Coal,Panamax,3720,3010.7,588.05,21.57
2021Q2,Mozambique,Haldia,Coal,Supramax,3720,3010.7,588.05,26.75
2021Q2,Mozambique,Haldia,Coal,Handysize,3720,3010.7,588.05,28.52
2021Q2,Mozambique,Haldia,Iron Ore,Capesize,3720,3010.7,588.05,16.59
2021Q2,Mozambique,Haldia,Iron Ore,Panamax,3720,3010.7,588.05,19.98
2021Q2,Mozambique,Haldia,Bauxite,Panamax,3720,3010.7,588.05,23.22
2021Q2,Mozambique,Haldia,Bauxite,Supramax,3720,3010.7,588.05,26.06
2021Q2,Mozambique,Haldia,Bauxite,Handysize,3720,3010.7,588.05,27.71
2021Q2,Mozambique,Haldia,Grain,Panamax,3720,3010.7,588.05,25.98
2021Q2,Mozambique,Haldia,Grain,Supramax,3720,3010.7,588.05,27.46
2021Q2,Mozambique,Haldia,Grain,Handysize,3720,3010.7,588.05,36.33
2021Q2,Mozambique,Kolkata,Coal,Capesize,3750,3010.7,588.05,20.81
2021Q2,Mozambique,Kolkata,Coal,Panamax,3750,3010.7,588.05,25.06
2021Q2,Mozambique,Kolkata,Coal,Supramax,3750,3010.7,588.05,27.36
2021Q2,Mozambique,Kolkata,Coal,Handysize,3750,3010.7,588.05,31.01
2021Q2,Mozambique,Kolkata,Iron Ore,Capesize,3750,3010.7,588.05,18.79
2021Q2,Mozambique,Kolkata,Iron Ore,Panamax,3750,3010.7,588.05,21.77
2021Q2,Mozambique,Kolkata,Bauxite,Panamax,3750,3010.7,588.05,24.99
2021Q2,Mozambique,Kolkata,Bauxite,Supramax,3750,3010.7,588.05,29.75
2021Q2,Mozambique,Kolkata,Bauxite,Handysize,3750,3010.7,588.05,37.77
2021Q2,Mozambique,Kolkata,Grain,Panamax,3750,3010.7,588.05,29.91
2021Q2,Mozambique,Kolkata,Grain,Supramax,3750,3010.7,588.05,35.15
2021Q2,Mozambique,Kolkata,Grain,Handysize,3750,3010.7,588.05,40.51
2021Q2,Russia,Paradip,Coal,Capesize,6000,3010.7,588.05,31.54
2021Q2,Russia,Paradip,Coal,Panamax,6000,3010.7,588.05,34.87
2021Q2,Russia,Paradip,Coal,Supramax,6000,3010.7,588.05,38.01
2021Q2,Russia,Paradip,Coal,Handysize,6000,3010.7,588.05,47.22
2021Q2,Russia,Paradip,Iron Ore,Capesize,6000,3010.7,588.05,27.75
2021Q2,Russia,Paradip,Iron Ore,Panamax,6000,3010.7,588.05,30.52
2021Q2,Russia,Paradip,Bauxite,Panamax,6000,3010.7,588.05,36.63
2021Q2,Russia,Paradip,Bauxite,Supramax,6000,3010.7,588.05,41.96
2021Q2,Russia,Paradip,Bauxite,Handysize,6000,3010.7,588.05,52.54
2021Q2,Russia,Paradip,Grain,Panamax,6000,3010.7,588.05,43.23
2021Q2,Russia,Paradip,Grain,Supramax,6000,3010.7,588.05,50.26
2021Q2,Russia,Paradip,Grain,Handysize,6000,3010.7,588.05,58.28
2021Q2,Russia,Dhamra,Coal,Capesize,5950,3010.7,588.05,29.34
2021Q2,Russia,Dhamra,Coal,Panamax,5950,3010.7,588.05,34.63
2021Q2,Russia,Dhamra,Coal,Supramax,5950,3010.7,588.05,38.46
2021Q2,Russia,Dhamra,Coal,Handysize,5950,3010.7,588.05,43.01
2021Q2,Russia,Dhamra,Iron Ore,Capesize,5950,3010.7,588.05,26.58
2021Q2,Russia,Dhamra,Iron Ore,Panamax,5950,3010.7,588.05,31.3
2021Q2,Russia,Dhamra,Bauxite,Panamax,5950,3010.7,588.05,37.64
2021Q2,Russia,Dhamra,Bauxite,Supramax,5950,3010.7,588.05,44.44
2021Q2,Russia,Dhamra,Bauxite,Handysize,5950,3010.7,588.05,51.59
2021Q2,Russia,Dhamra,Grain,Panamax,5950,3010.7,588.05,39.83
2021Q2,Russia,Dhamra,Grain,Supramax,5950,3010.7,588.05,47.55
2021Q2,Russia,Dhamra,Grain,Handysize,5950,3010.7,588.05,56.82
2021Q2,Russia,Vizag,Coal,Capesize,5850,3010.7,588.05,32.17
2021Q2,Russia,Vizag,Coal,Panamax,5850,3010.7,588.05,36.39
2021Q2,Russia,Vizag,Coal,Supramax,5850,3010.7,588.05,41.94
2021Q2,Russia,Vizag,Coal,Handysize,5850,3010.7,588.05,46.21
2021Q2,Russia,Vizag,Iron Ore,Capesize,5850,3010.7,588.05,25.77
2021Q2,Russia,Vizag,Iron Ore,Panamax,5850,3010.7,588.05,31.99
2021Q2,Russia,Vizag,Bauxite,Panamax,5850,3010.7,588.05,34.92
2021Q2,Russia,Vizag,Bauxite,Supramax,5850,3010.7,588.05,42.02
2021Q2,Russia,Vizag,Bauxite,Handysize,5850,3010.7,588.05,48.99
2021Q2,Russia,Vizag,Grain,Panamax,5850,3010.7,588.05,43.83
2021Q2,Russia,Vizag,Grain,Supramax,5850,3010.7,588.05,47.83
2021Q2,Russia,Vizag,Grain,Handysize,5850,3010.7,588.05,51.42
2021Q2,Russia,Haldia,Coal,Capesize,6120,3010.7,588.05,35.82
2021Q2,Russia,Haldia,Coal,Panamax,6120,3010.7,588.05,40.2
2021Q2,Russia,Haldia,Coal,Supramax,6120,3010.7,588.05,48.15
2021Q2,Russia,Haldia,Coal,Handysize,6120,3010.7,588.05,55.63
2021Q2,Russia,Haldia,Iron Ore,Capesize,6120,3010.7,588.05,31.37
2021Q2,Russia,Haldia,Iron Ore,Panamax,6120,3010.7,588.05,38.11
2021Q2,Russia,Haldia,Bauxite,Panamax,6120,3010.7,588.05,40.95
2021Q2,Russia,Haldia,Bauxite,Supramax,6120,3010.7,588.05,49.57
2021Q2,Russia,Haldia,Bauxite,Handysize,6120,3010.7,588.05,59.99
2021Q2,Russia,Haldia,Grain,Panamax,6120,3010.7,588.05,48.39
2021Q2,Russia,Haldia,Grain,Supramax,6120,3010.7,588.05,54.44
2021Q2,Russia,Haldia,Grain,Handysize,6120,3010.7,588.05,68.53
2021Q2,Russia,Kolkata,Coal,Capesize,6150,3010.7,588.05,39.56
2021Q2,Russia,Kolkata,Coal,Panamax,6150,3010.7,588.05,44.49
2021Q2,Russia,Kolkata,Coal,Supramax,6150,3010.7,588.05,48.42
2021Q2,Russia,Kolkata,Coal,Handysize,6150,3010.7,588.05,61.84
2021Q2,Russia,Kolkata,Iron Ore,Capesize,6150,3010.7,588.05,32.27
2021Q2,Russia,Kolkata,Iron Ore,Panamax,6150,3010.7,588.05,40.54
2021Q2,Russia,Kolkata,Bauxite,Panamax,6150,3010.7,588.05,45.34
2021Q2,Russia,Kolkata,Bauxite,Supramax,6150,3010.7,588.05,52.38
2021Q2,Russia,Kolkata,Bauxite,Handysize,6150,3010.7,588.05,62.39
2021Q2,Russia,Kolkata,Grain,Panamax,6150,3010.7,588.05,53.13
2021Q2,Russia,Kolkata,Grain,Supramax,6150,3010.7,588.05,60.98
2021Q2,Russia,Kolkata,Grain,Handysize,6150,3010.7,588.05,73.91
2021Q3,Australia,Paradip,Coal,Capesize,4400,4197.0,634.09,20.04
2021Q3,Australia,Paradip,Coal,Panamax,4400,4197.0,634.09,24.65
2021Q3,Australia,Paradip,Coal,Supramax,4400,4197.0,634.09,28.07
2021Q3,Australia,Paradip,Coal,Handysize,4400,4197.0,634.09,31.48
2021Q3,Australia,Paradip,Iron Ore,Capesize,4400,4197.0,634.09,17.76
2021Q3,Australia,Paradip,Iron Ore,Panamax,4400,4197.0,634.09,20.21
2021Q3,Australia,Paradip,Bauxite,Panamax,4400,4197.0,634.09,25.27
2021Q3,Australia,Paradip,Bauxite,Supramax,4400,4197.0,634.09,28.83
2021Q3,Australia,Paradip,Bauxite,Handysize,4400,4197.0,634.09,31.07
2021Q3,Australia,Paradip,Grain,Panamax,4400,4197.0,634.09,28.06
2021Q3,Australia,Paradip,Grain,Supramax,4400,4197.0,634.09,32.31
2021Q3,Australia,Paradip,Grain,Handysize,4400,4197.0,634.09,40.86
2021Q3,Australia,Dhamra,Coal,Capesize,4350,4197.0,634.09,18.46
2021Q3,Australia,Dhamra,Coal,Panamax,4350,4197.0,634.09,21.82
2021Q3,Australia,Dhamra,Coal,Supramax,4350,4197.0,634.09,27.85
2021Q3,Australia,Dhamra,Coal,Handysize,4350,4197.0,634.09,32.59
2021Q3,Australia,Dhamra,Iron Ore,Capesize,4350,4197.0,634.09,17.2
2021Q3,Australia,Dhamra,Iron Ore,Panamax,4350,4197.0,634.09,20.22
2021Q3,Australia,Dhamra,Bauxite,Panamax,4350,4197.0,634.09,24.65
2021Q3,Australia,Dhamra,Bauxite,Supramax,4350,4197.0,634.09,25.86
2021Q3,Australia,Dhamra,Bauxite,Handysize,4350,4197.0,634.09,30.54
2021Q3,Australia,Dhamra,Grain,Panamax,4350,4197.0,634.09,27.3
2021Q3,Australia,Dhamra,Grain,Supramax,4350,4197.0,634.09,33.91
2021Q3,Australia,Dhamra,Grain,Handysize,4350,4197.0,634.09,36.77
2021Q3,Australia,Vizag,Coal,Capesize,4250,4197.0,634.09,20.06
2021Q3,Australia,Vizag,Coal,Panamax,4250,4197.0,634.09,24.33
2021Q3,Australia,Vizag,Coal,Supramax,4250,4197.0,634.09,29.32
2021Q3,Australia,Vizag,Coal,Handysize,4250,4197.0,634.09,31.05
2021Q3,Australia,Vizag,Iron Ore,Capesize,4250,4197.0,634.09,17.98
2021Q3,Australia,Vizag,Iron Ore,Panamax,4250,4197.0,634.09,22.41
2021Q3,Australia,Vizag,Bauxite,Panamax,4250,4197.0,634.09,23.26
2021Q3,Australia,Vizag,Bauxite,Supramax,4250,4197.0,634.09,29.7
2021Q3,Australia,Vizag,Bauxite,Handysize,4250,4197.0,634.09,32.09
2021Q3,Australia,Vizag,Grain,Panamax,4250,4197.0,634.09,28.18
2021Q3,Australia,Vizag,Grain,Supramax,4250,4197.0,634.09,32.49
2021Q3,Australia,Vizag,Grain,Handysize,4250,4197.0,634.09,36.76
2021Q3,Australia,Haldia,Coal,Capesize,4520,4197.0,634.09,26.2
2021Q3,Australia,Haldia,Coal,Panamax,4520,4197.0,634.09,32.08
2021Q3,Australia,Haldia,Coal,Supramax,4520,4197.0,634.09,38.36
2021Q3,Australia,Haldia,Coal,Handysize,4520,4197.0,634.09,42.83
2021Q3,Australia,Haldia,Iron Ore,Capesize,4520,4197.0,634.09,24.48
2021Q3,Australia,Haldia,Iron Ore,Panamax,4520,4197.0,634.09,29.17
2021Q3,Australia,Haldia,Bauxite,Panamax,4520,4197.0,634.09,32.23
2021Q3,Australia,Haldia,Bauxite,Supramax,4520,4197.0,634.09,39.93
2021Q3,Australia,Haldia,Bauxite,Handysize,4520,4197.0,634.09,46.47
2021Q3,Australia,Haldia,Grain,Panamax,4520,4197.0,634.09,41.6
2021Q3,Australia,Haldia,Grain,Supramax,4520,4197.0,634.09,43.9
2021Q3,Australia,Haldia,Grain,Handysize,4520,4197.0,634.09,50.8
2021Q3,Australia,Kolkata,Coal,Capesize,4550,4197.0,634.09,31.35
2021Q3,Australia,Kolkata,Coal,Panamax,4550,4197.0,634.09,36.77
2021Q3,Australia,Kolkata,Coal,Supramax,4550,4197.0,634.09,40.92
2021Q3,Australia,Kolkata,Coal,Handysize,4550,4197.0,634.09,47.72
2021Q3,Australia,Kolkata,Iron Ore,Capesize,4550,4197.0,634.09,28.0
2021Q3,Australia,Kolkata,Iron Ore,Panamax,4550,4197.0,634.09,31.24
2021Q3,Australia,Kolkata,Bauxite,Panamax,4550,4197.0,634.09,36.99
2021Q3,Australia,Kolkata,Bauxite,Supramax,4550,4197.0,634.09,43.92
2021Q3,Australia,Kolkata,Bauxite,Handysize,4550,4197.0,634.09,52.59
2021Q3,Australia,Kolkata,Grain,Panamax,4550,4197.0,634.09,41.98
2021Q3,Australia,Kolkata,Grain,Supramax,4550,4197.0,634.09,46.81
2021Q3,Australia,Kolkata,Grain,Handysize,4550,4197.0,634.09,54.19
2021Q3,Indonesia,Paradip,Coal,Capesize,2800,4197.0,634.09,12.04
2021Q3,Indonesia,Paradip,Coal,Panamax,2800,4197.0,634.09,14.07
2021Q3,Indonesia,Paradip,Coal,Supramax,2800,4197.0,634.09,17.12
2021Q3,Indonesia,Paradip,Coal,Handysize,2800,4197.0,634.09,19.14
2021Q3,Indonesia,Paradip,Iron Ore,Capesize,2800,4197.0,634.09,11.06
2021Q3,Indonesia,Paradip,Iron Ore,Panamax,2800,4197.0,634.09,12.92
2021Q3,Indonesia,Paradip,Bauxite,Panamax,2800,4197.0,634.09,15.25
2021Q3,Indonesia,Paradip,Bauxite,Supramax,2800,4197.0,634.09,18.91
2021Q3,Indonesia,Paradip,Bauxite,Handysize,2800,4197.0,634.09,21.46
2021Q3,Indonesia,Paradip,Grain,Panamax,2800,4197.0,634.09,17.71
2021Q3,Indonesia,Paradip,Grain,Supramax,2800,4197.0,634.09,20.32
2021Q3,Indonesia,Paradip,Grain,Handysize,2800,4197.0,634.09,23.61
2021Q3,Indonesia,Dhamra,Coal,Capesize,2750,4197.0,634.09,12.01
2021Q3,Indonesia,Dhamra,Coal,Panamax,2750,4197.0,634.09,14.18
2021Q3,Indonesia,Dhamra,Coal,Supramax,2750,4197.0,634.09,15.7
2021Q3,Indonesia,Dhamra,Coal,Handysize,2750,4197.0,634.09,18.85
2021Q3,Indonesia,Dhamra,Iron Ore,Capesize,2750,4197.0,634.09,9.93
2021Q3,Indonesia,Dhamra,Iron Ore,Panamax,2750,4197.0,634.09,12.6
2021Q3,Indonesia,Dhamra,Bauxite,Panamax,2750,4197.0,634.09,14.98
2021Q3,Indonesia,Dhamra,Bauxite,Supramax,2750,4197.0,634.09,16.86
2021Q3,Indonesia,Dhamra,Bauxite,Handysize,2750,4197.0,634.09,21.02
2021Q3,Indonesia,Dhamra,Grain,Panamax,2750,4197.0,634.09,16.17
2021Q3,Indonesia,Dhamra,Grain,Supramax,2750,4197.0,634.09,19.61
2021Q3,Indonesia,Dhamra,Grain,Handysize,2750,4197.0,634.09,22.56
2021Q3,Indonesia,Vizag,Coal,Capesize,2650,4197.0,634.09,11.59
2021Q3,Indonesia,Vizag,Coal,Panamax,2650,4197.0,634.09,13.56
2021Q3,Indonesia,Vizag,Coal,Supramax,2650,4197.0,634.09,15.95
2021Q3,Indonesia,Vizag,Coal,Handysize,2650,4197.0,634.09,18.99
2021Q3,Indonesia,Vizag,Iron Ore,Capesize,2650,4197.0,634.09,10.97
2021Q3,Indonesia,Vizag,Iron Ore,Panamax,2650,4197.0,634.09,12.25
2021Q3,Indonesia,Vizag,Bauxite,Panamax,2650,4197.0,634.09,14.71
2021Q3,Indonesia,Vizag,Bauxite,Supramax,2650,4197.0,634.09,16.27
2021Q3,Indonesia,Vizag,Bauxite,Handysize,2650,4197.0,634.09,19.88
2021Q3,Indonesia,Vizag,Grain,Panamax,2650,4197.0,634.09,15.9
2021Q3,Indonesia,Vizag,Grain,Supramax,2650,4197.0,634.09,19.79
2021Q3,Indonesia,Vizag,Grain,Handysize,2650,4197.0,634.09,23.84
2021Q3,Indonesia,Haldia,Coal,Capesize,2920,4197.0,634.09,16.65
2021Q3,Indonesia,Haldia,Coal,Panamax,2920,4197.0,634.09,18.07
2021Q3,Indonesia,Haldia,Coal,Supramax,2920,4197.0,634.09,22.4
2021Q3,Indonesia,Haldia,Coal,Handysize,2920,4197.0,634.09,27.65
2021Q3,Indonesia,Haldia,Iron Ore,Capesize,2920,4197.0,634.09,15.34
2021Q3,Indonesia,Haldia,Iron Ore,Panamax,2920,4197.0,634.09,17.77
2021Q3,Indonesia,Haldia,Bauxite,Panamax,2920,4197.0,634.09,21.28
2021Q3,Indonesia,Haldia,Bauxite,Supramax,2920,4197.0,634.09,24.38
2021Q3,Indonesia,Haldia,Bauxite,Handysize,2920,4197.0,634.09,29.02
2021Q3,Indonesia,Haldia,Grain,Panamax,2920,4197.0,634.09,24.24
2021Q3,Indonesia,Haldia,Grain,Supramax,2920,4197.0,634.09,28.86
2021Q3,Indonesia,Haldia,Grain,Handysize,2920,4197.0,634.09,32.21
2021Q3,Indonesia,Kolkata,Coal,Capesize,2950,4197.0,634.09,19.87
2021Q3,Indonesia,Kolkata,Coal,Panamax,2950,4197.0,634.09,22.31
2021Q3,Indonesia,Kolkata,Coal,Supramax,2950,4197.0,634.09,25.76
2021Q3,Indonesia,Kolkata,Coal,Handysize,2950,4197.0,634.09,32.36
2021Q3,Indonesia,Kolkata,Iron Ore,Capesize,2950,4197.0,634.09,17.47
2021Q3,Indonesia,Kolkata,Iron Ore,Panamax,2950,4197.0,634.09,20.87
2021Q3,Indonesia,Kolkata,Bauxite,Panamax,2950,4197.0,634.09,23.78
2021Q3,Indonesia,Kolkata,Bauxite,Supramax,2950,4197.0,634.09,27.06
2021Q3,Indonesia,Kolkata,Bauxite,Handysize,2950,4197.0,634.09,32.08
2021Q3,Indonesia,Kolkata,Grain,Panamax,2950,4197.0,634.09,28.42
2021Q3,Indonesia,Kolkata,Grain,Supramax,2950,4197.0,634.09,32.19
2021Q3,Indonesia,Kolkata,Grain,Handysize,2950,4197.0,634.09,34.45
2021Q3,South Africa,Paradip,Coal,Capesize,5000,4197.0,634.09,21.04
2021Q3,South Africa,Paradip,Coal,Panamax,5000,4197.0,634.09,26.37
2021Q3,South Africa,Paradip,Coal,Supramax,5000,4197.0,634.09,28.74
2021Q3,South Africa,Paradip,Coal,Handysize,5000,4197.0,634.09,31.49
2021Q3,South Africa,Paradip,Iron Ore,Capesize,5000,4197.0,634.09,20.35
2021Q3,South Africa,Paradip,Iron Ore,Panamax,5000,4197.0,634.09,22.87
2021Q3,South Africa,Paradip,Bauxite,Panamax,5000,4197.0,634.09,26.0
2021Q3,South Africa,Paradip,Bauxite,Supramax,5000,4197.0,634.09,30.01
2021Q3,South Africa,Paradip,Bauxite,Handysize,5000,4197.0,634.09,36.63
2021Q3,South Africa,Paradip,Grain,Panamax,5000,4197.0,634.09,29.22
2021Q3,South Africa,Paradip,Grain,Supramax,5000,4197.0,634.09,36.15
2021Q3,South Africa,Paradip,Grain,Handysize,5000,4197.0,634.09,41.1
2021Q3,South Africa,Dhamra,Coal,Capesize,4950,4197.0,634.09,20.77
2021Q3,South Africa,Dhamra,Coal,Panamax,4950,4197.0,634.09,24.24
2021Q3,South Africa,Dhamra,Coal,Supramax,4950,4197.0,634.09,27.96
2021Q3,South Africa,Dhamra,Coal,Handysize,4950,4197.0,634.09,33.85
2021Q3,South Africa,Dhamra,Iron Ore,Capesize,4950,4197.0,634.09,17.98
2021Q3,South Africa,Dhamra,Iron Ore,Panamax,4950,4197.0,634.09,20.47
2021Q3,South Africa,Dhamra,Bauxite,Panamax,4950,4197.0,634.09,25.86
2021Q3,South Africa,Dhamra,Bauxite,Supramax,4950,4197.0,634.09,30.19
2021Q3,South Africa,Dhamra,Bauxite,Handysize,4950,4197.0,634.09,34.86
2021Q3,South Africa,Dhamra,Grain,Panamax,4950,4197.0,634.09,29.35
2021Q3,South Africa,Dhamra,Grain,Supramax,4950,4197.0,634.09,33.38
2021Q3,South Africa,Dhamra,Grain,Handysize,4950,4197.0,634.09,40.26
2021Q3,South Africa,Vizag,Coal,Capesize,4850,4197.0,634.09,20.32
2021Q3,South Africa,Vizag,Coal,Panamax,4850,4197.0,634.09,23.42
2021Q3,South Africa,Vizag,Coal,Supramax,4850,4197.0,634.09,27.5
2021Q3,South Africa,Vizag,Coal,Handysize,4850,4197.0,634.09,34.55
2021Q3,South Africa,Vizag,Iron Ore,Capesize,4850,4197.0,634.09,17.21
2021Q3,South Africa,Vizag,Iron Ore,Panamax,4850,4197.0,634.09,21.82
2021Q3,South Africa,Vizag,Bauxite,Panamax,4850,4197.0,634.09,23.55
2021Q3,South Africa,Vizag,Bauxite,Supramax,4850,4197.0,634.09,29.08
2021Q3,South Africa,Vizag,Bauxite,Handysize,4850,4197.0,634.09,33.37
2021Q3,South Africa,Vizag,Grain,Panamax,4850,4197.0,634.09,26.51
2021Q3,South Africa,Vizag,Grain,Supramax,4850,4197.0,634.09,33.81
2021Q3,South Africa,Vizag,Grain,Handysize,4850,4197.0,634.09,38.21
2021Q3,South Africa,Haldia,Coal,Capesize,5120,4197.0,634.09,25.59
2021Q3,South Africa,Haldia,Coal,Panamax,5120,4197.0,634.09,33.29
2021Q3,South Africa,Haldia,Coal,Supramax,5120,4197.0,634.09,39.62
2021Q3,South Africa,Haldia,Coal,Handysize,5120,4197.0,634.09,46.08
2021Q3,South Africa,Haldia,Iron Ore,Capesize,5120,4197.0,634.09,25.17
2021Q3,South Africa,Haldia,Iron Ore,Panamax,5120,4197.0,634.09,29.15
2021Q3,South Africa,Haldia,Bauxite,Panamax,5120,4197.0,634.09,35.53
2021Q3,South Africa,Haldia,Bauxite,Supramax,5120,4197.0,634.09,41.95
2021Q3,South Africa,Haldia,Bauxite,Handysize,5120,4197.0,634.09,47.81
2021Q3,South Africa,Haldia,Grain,Panamax,5120,4197.0,634.09,37.53
2021Q3,South Africa,Haldia,Grain,Supramax,5120,4197.0,634.09,45.59
2021Q3,South Africa,Haldia,Grain,Handysize,5120,4197.0,634.09,53.36
2021Q3,South Africa,Kolkata,Coal,Capesize,5150,4197.0,634.09,29.05
2021Q3,South Africa,Kolkata,Coal,Panamax,5150,4197.0,634.09,36.91
2021Q3,South Africa,Kolkata,Coal,Supramax,5150,4197.0,634.09,45.73
2021Q3,South Africa,Kolkata,Coal,Handysize,5150,4197.0,634.09,50.27
2021Q3,South Africa,Kolkata,Iron Ore,Capesize,5150,4197.0,634.09,29.35
2021Q3,South Africa,Kolkata,Iron Ore,Panamax,5150,4197.0,634.09,32.89
2021Q3,South Africa,Kolkata,Bauxite,Panamax,5150,4197.0,634.09,38.03
2021Q3,South Africa,Kolkata,Bauxite,Supramax,5150,4197.0,634.09,45.07
2021Q3,South Africa,Kolkata,Bauxite,Handysize,5150,4197.0,634.09,50.15
2021Q3,South Africa,Kolkata,Grain,Panamax,5150,4197.0,634.09,42.1
2021Q3,South Africa,Kolkata,Grain,Supramax,5150,4197.0,634.09,53.09
2021Q3,South Africa,Kolkata,Grain,Handysize,5150,4197.0,634.09,61.84
2021Q3,Mozambique,Paradip,Coal,Capesize,3600,4197.0,634.09,18.48
2021Q3,Mozambique,Paradip,Coal,Panamax,3600,4197.0,634.09,23.17
2021Q3,Mozambique,Paradip,Coal,Supramax,3600,4197.0,634.09,26.07
2021Q3,Mozambique,Paradip,Coal,Handysize,3600,4197.0,634.09,30.71
2021Q3,Mozambique,Paradip,Iron Ore,Capesize,3600,4197.0,634.09,17.51
2021Q3,Mozambique,Paradip,Iron Ore,Panamax,3600,4197.0,634.09,20.87
2021Q3,Mozambique,Paradip,Bauxite,Panamax,3600,4197.0,634.09,23.6
2021Q3,Mozambique,Paradip,Bauxite,Supramax,3600,4197.0,634.09,28.81
2021Q3,Mozambique,Paradip,Bauxite,Handysize,3600,4197.0,634.09,32.21
2021Q3,Mozambique,Paradip,Grain,Panamax,3600,4197.0,634.09,27.48
2021Q3,Mozambique,Paradip,Grain,Supramax,3600,4197.0,634.09,30.46
2021Q3,Mozambique,Paradip,Grain,Handysize,3600,4197.0,634.09,39.17
2021Q3,Mozambique,Dhamra,Coal,Capesize,3550,4197.0,634.09,18.84
2021Q3,Mozambique,Dhamra,Coal,Panamax,3550,4197.0,634.09,22.24
2021Q3,Mozambique,Dhamra,Coal,Supramax,3550,4197.0,634.09,23.89
2021Q3,Mozambique,Dhamra,Coal,Handysize,3550,4197.0,634.09,28.54
2021Q3,Mozambique,Dhamra,Iron Ore,Capesize,3550,4197.0,634.09,17.41
2021Q3,Mozambique,Dhamra,Iron Ore,Panamax,3550,4197.0,634.09,19.73
2021Q3,Mozambique,Dhamra,Bauxite,Panamax,3550,4197.0,634.09,21.26
2021Q3,Mozambique,Dhamra,Bauxite,Supramax,3550,4197.0,634.09,27.55
2021Q3,Mozambique,Dhamra,Bauxite,Handysize,3550,4197.0,634.09,30.27
2021Q3,Mozambique,Dhamra,Grain,Panamax,3550,4197.0,634.09,27.33
2021Q3,Mozambique,Dhamra,Grain,Supramax,3550,4197.0,634.09,30.29
2021Q3,Mozambique,Dhamra,Grain,Handysize,3550,4197.0,634.09,35.52
2021Q3,Mozambique,Vizag,Coal,Capesize,3450,4197.0,634.09,19.05
2021Q3,Mozambique,Vizag,Coal,Panamax,3450,4197.0,634.09,20.74
2021Q3,Mozambique,Vizag,Coal,Supramax,3450,4197.0,634.09,24.12
2021Q3,Mozambique,Vizag,Coal,Handysize,3450,4197.0,634.09,28.8
2021Q3,Mozambique,Vizag,Iron Ore,Capesize,3450,4197.0,634.09,16.94
2021Q3,Mozambique,Vizag,Iron Ore,Panamax,3450,4197.0,634.09,18.38
2021Q3,Mozambique,Vizag,Bauxite,Panamax,3450,4197.0,634.09,21.18
2021Q3,Mozambique,Vizag,Bauxite,Supramax,3450,4197.0,634.09,26.99
2021Q3,Mozambique,Vizag,Bauxite,Handysize,3450,4197.0,634.09,29.81
2021Q3,Mozambique,Vizag,Grain,Panamax,3450,4197.0,634.09,25.35
2021Q3,Mozambique,Vizag,Grain,Supramax,3450,4197.0,634.09,28.04
2021Q3,Mozambique,Vizag,Grain,Handysize,3450,4197.0,634.09,33.98
2021Q3,Mozambique,Haldia,Coal,Capesize,3720,4197.0,634.09,25.31
2021Q3,Mozambique,Haldia,Coal,Panamax,3720,4197.0,634.09,30.61
2021Q3,Mozambique,Haldia,Coal,Supramax,3720,4197.0,634.09,33.65
2021Q3,Mozambique,Haldia,Coal,Handysize,3720,4197.0,634.09,42.47
2021Q3,Mozambique,Haldia,Iron Ore,Capesize,3720,4197.0,634.09,22.24
2021Q3,Mozambique,Haldia,Iron Ore,Panamax,3720,4197.0,634.09,26.04
2021Q3,Mozambique,Haldia,Bauxite,Panamax,3720,4197.0,634.09,32.8
2021Q3,Mozambique,Haldia,Bauxite,Supramax,3720,4197.0,634.09,36.58
2021Q3,Mozambique,Haldia,Bauxite,Handysize,3720,4197.0,634.09,41.34
2021Q3,Mozambique,Haldia,Grain,Panamax,3720,4197.0,634.09,35.38
2021Q3,Mozambique,Haldia,Grain,Supramax,3720,4197.0,634.09,43.47
2021Q3,Mozambique,Haldia,Grain,Handysize,3720,4197.0,634.09,50.64
2021Q3,Mozambique,Kolkata,Coal,Capesize,3750,4197.0,634.09,28.01
2021Q3,Mozambique,Kolkata,Coal,Panamax,3750,4197.0,634.09,33.71
2021Q3,Mozambique,Kolkata,Coal,Supramax,3750,4197.0,634.09,39.51
2021Q3,Mozambique,Kolkata,Coal,Handysize,3750,4197.0,634.09,44.14
2021Q3,Mozambique,Kolkata,Iron Ore,Capesize,3750,4197.0,634.09,25.9
2021Q3,Mozambique,Kolkata,Iron Ore,Panamax,3750,4197.0,634.09,30.39
2021Q3,Mozambique,Kolkata,Bauxite,Panamax,3750,4197.0,634.09,36.86
2021Q3,Mozambique,Kolkata,Bauxite,Supramax,3750,4197.0,634.09,43.1
2021Q3,Mozambique,Kolkata,Bauxite,Handysize,3750,4197.0,634.09,47.45
2021Q3,Mozambique,Kolkata,Grain,Panamax,3750,4197.0,634.09,40.21
2021Q3,Mozambique,Kolkata,Grain,Supramax,3750,4197.0,634.09,48.36
2021Q3,Mozambique,Kolkata,Grain,Handysize,3750,4197.0,634.09,53.73
2021Q3,Russia,Paradip,Coal,Capesize,6000,4197.0,634.09,42.66
2021Q3,Russia,Paradip,Coal,Panamax,6000,4197.0,634.09,48.78
2021Q3,Russia,Paradip,Coal,Supramax,6000,4197.0,634.09,55.15
2021Q3,Russia,Paradip,Coal,Handysize,6000,4197.0,634.09,64.05
2021Q3,Russia,Paradip,Iron Ore,Capesize,6000,4197.0,634.09,39.52
2021Q3,Russia,Paradip,Iron Ore,Panamax,6000,4197.0,634.09,43.8
2021Q3,Russia,Paradip,Bauxite,Panamax,6000,4197.0,634.09,54.33
2021Q3,Russia,Paradip,Bauxite,Supramax,6000,4197.0,634.09,58.87
2021Q3,Russia,Paradip,Bauxite,Handysize,6000,4197.0,634.09,70.29
2021Q3,Russia,Paradip,Grain,Panamax,6000,4197.0,634.09,63.64
2021Q3,Russia,Paradip,Grain,Supramax,6000,4197.0,634.09,65.97
2021Q3,Russia,Paradip,Grain,Handysize,6000,4197.0,634.09,74.24
2021Q3,Russia,Dhamra,Coal,Capesize,5950,4197.0,634.09,42.79
2021Q3,Russia,Dhamra,Coal,Panamax,5950,4197.0,634.09,46.55
2021Q3,Russia,Dhamra,Coal,Supramax,5950,4197.0,634.09,55.89
2021Q3,Russia,Dhamra,Coal,Handysize,5950,4197.0,634.09,63.59
2021Q3,Russia,Dhamra,Iron Ore,Capesize,5950,4197.0,634.09,37.2
2021Q3,Russia,Dhamra,Iron Ore,Panamax,5950,4197.0,634.09,41.71
2021Q3,Russia,Dhamra,Bauxite,Panamax,5950,4197.0,634.09,50.02
2021Q3,Russia,Dhamra,Bauxite,Supramax,5950,4197.0,634.09,59.65
2021Q3,Russia,Dhamra,Bauxite,Handysize,5950,4197.0,634.09,65.76
2021Q3,Russia,Dhamra,Grain,Panamax,5950,4197.0,634.09,56.12
2021Q3,Russia,Dhamra,Grain,Supramax,5950,4197.0,634.09,66.3
2021Q3,Russia,Dhamra,Grain,Handysize,5950,4197.0,634.09,74.01
2021Q3,Russia,Vizag,Coal,Capesize,5850,4197.0,634.09,40.58
2021Q3,Russia,Vizag,Coal,Panamax,5850,4197.0,634.09,48.43
2021Q3,Russia,Vizag,Coal,Supramax,5850,4197.0,634.09,55.48
2021Q3,Russia,Vizag,Coal,Handysize,5850,4197.0,634.09,64.68
2021Q3,Russia,Vizag,Iron Ore,Capesize,5850,4197.0,634.09,37.05
2021Q3,Russia,Vizag,Iron Ore,Panamax,5850,4197.0,634.09,42.41
2021Q3,Russia,Vizag,Bauxite,Panamax,5850,4197.0,634.09,51.86
2021Q3,Russia,Vizag,Bauxite,Supramax,5850,4197.0,634.09,62.04
2021Q3,Russia,Vizag,Bauxite,Handysize,5850,4197.0,634.09,67.46
2021Q3,Russia,Vizag,Grain,Panamax,5850,4197.0,634.09,58.85
2021Q3,Russia,Vizag,Grain,Supramax,5850,4197.0,634.09,66.95
2021Q3,Russia,Vizag,Grain,Handysize,5850,4197.0,634.09,79.37
2021Q3,Russia,Haldia,Coal,Capesize,6120,4197.0,634.09,51.76
2021Q3,Russia,Haldia,Coal,Panamax,6120,4197.0,634.09,58.47
2021Q3,Russia,Haldia,Coal,Supramax,6120,4197.0,634.09,62.86
2021Q3,Russia,Haldia,Coal,Handysize,6120,4197.0,634.09,79.03
2021Q3,Russia,Haldia,Iron Ore,Capesize,6120,4197.0,634.09,46.07
2021Q3,Russia,Haldia,Iron Ore,Panamax,6120,4197.0,634.09,51.3
2021Q3,Russia,Haldia,Bauxite,Panamax,6120,4197.0,634.09,62.42
2021Q3,Russia,Haldia,Bauxite,Supramax,6120,4197.0,634.09,68.67
2021Q3,Russia,Haldia,Bauxite,Handysize,6120,4197.0,634.09,77.43
2021Q3,Russia,Haldia,Grain,Panamax,6120,4197.0,634.09,69.27
2021Q3,Russia,Haldia,Grain,Supramax,6120,4197.0,634.09,75.48
2021Q3,Russia,Haldia,Grain,Handysize,6120,4197.0,634.09,92.56
2021Q3,Russia,Kolkata,Coal,Capesize,6150,4197.0,634.09,55.46
2021Q3,Russia,Kolkata,Coal,Panamax,6150,4197.0,634.09,57.97
2021Q3,Russia,Kolkata,Coal,Supramax,6150,4197.0,634.09,69.23
2021Q3,Russia,Kolkata,Coal,Handysize,6150,4197.0,634.09,81.09
2021Q3,Russia,Kolkata,Iron Ore,Capesize,6150,4197.0,634.09,47.65
2021Q3,Russia,Kolkata,Iron Ore,Panamax,6150,4197.0,634.09,55.2
2021Q3,Russia,Kolkata,Bauxite,Panamax,6150,4197.0,634.09,68.43
2021Q3,Russia,Kolkata,Bauxite,Supramax,6150,4197.0,634.09,78.65
2021Q3,Russia,Kolkata,Bauxite,Handysize,6150,4197.0,634.09,89.87
2021Q3,Russia,Kolkata,Grain,Panamax,6150,4197.0,634.09,74.93
2021Q3,Russia,Kolkata,Grain,Supramax,6150,4197.0,634.09,88.17
2021Q3,Russia,Kolkata,Grain,Handysize,6150,4197.0,634.09,97.91
2021Q4,Australia,Paradip,Coal,Capesize,4400,2918.0,694.16,14.58
2021Q4,Australia,Paradip,Coal,Panamax,4400,2918.0,694.16,15.92
2021Q4,Australia,Paradip,Coal,Supramax,4400,2918.0,694.16,19.89
2021Q4,Australia,Paradip,Coal,Handysize,4400,2918.0,694.16,23.37
2021Q4,Australia,Paradip,Iron Ore,Capesize,4400,2918.0,694.16,12.83
2021Q4,Australia,Paradip,Iron Ore,Panamax,4400,2918.0,694.16,14.82
2021Q4,Australia,Paradip,Bauxite,Panamax,4400,2918.0,694.16,17.64
2021Q4,Australia,Paradip,Bauxite,Supramax,4400,2918.0,694.16,18.26
2021Q4,Australia,Paradip,Bauxite,Handysize,4400,2918.0,694.16,23.81
2021Q4,Australia,Paradip,Grain,Panamax,4400,2918.0,694.16,19.8
2021Q4,Australia,Paradip,Grain,Supramax,4400,2918.0,694.16,23.15
2021Q4,Australia,Paradip,Grain,Handysize,4400,2918.0,694.16,27.59
2021Q4,Australia,Dhamra,Coal,Capesize,4350,2918.0,694.16,13.61
2021Q4,Australia,Dhamra,Coal,Panamax,4350,2918.0,694.16,15.34
2021Q4,Australia,Dhamra,Coal,Supramax,4350,2918.0,694.16,18.55
2021Q4,Australia,Dhamra,Coal,Handysize,4350,2918.0,694.16,21.68
2021Q4,Australia,Dhamra,Iron Ore,Capesize,4350,2918.0,694.16,12.33
2021Q4,Australia,Dhamra,Iron Ore,Panamax,4350,2918.0,694.16,14.46
2021Q4,Australia,Dhamra,Bauxite,Panamax,4350,2918.0,694.16,17.38
2021Q4,Australia,Dhamra,Bauxite,Supramax,4350,2918.0,694.16,18.83
2021Q4,Australia,Dhamra,Bauxite,Handysize,4350,2918.0,694.16,22.85
2021Q4,Australia,Dhamra,Grain,Panamax,4350,2918.0,694.16,20.04
2021Q4,Australia,Dhamra,Grain,Supramax,4350,2918.0,694.16,21.01
2021Q4,Australia,Dhamra,Grain,Handysize,4350,2918.0,694.16,26.12
2021Q4,Australia,Vizag,Coal,Capesize,4250,2918.0,694.16,13.61
2021Q4,Australia,Vizag,Coal,Panamax,4250,2918.0,694.16,16.06
2021Q4,Australia,Vizag,Coal,Supramax,4250,2918.0,694.16,18.38
2021Q4,Australia,Vizag,Coal,Handysize,4250,2918.0,694.16,21.9
2021Q4,Australia,Vizag,Iron Ore,Capesize,4250,2918.0,694.16,13.31
2021Q4,Australia,Vizag,Iron Ore,Panamax,4250,2918.0,694.16,14.0
2021Q4,Australia,Vizag,Bauxite,Panamax,4250,2918.0,694.16,16.39
2021Q4,Australia,Vizag,Bauxite,Supramax,4250,2918.0,694.16,19.02
2021Q4,Australia,Vizag,Bauxite,Handysize,4250,2918.0,694.16,24.53
2021Q4,Australia,Vizag,Grain,Panamax,4250,2918.0,694.16,19.21
2021Q4,Australia,Vizag,Grain,Supramax,4250,2918.0,694.16,22.76
2021Q4,Australia,Vizag,Grain,Handysize,4250,2918.0,694.16,26.07
2021Q4,Australia,Haldia,Coal,Capesize,4520,2918.0,694.16,18.24
2021Q4,Australia,Haldia,Coal,Panamax,4520,2918.0,694.16,21.91
2021Q4,Australia,Haldia,Coal,Supramax,4520,2918.0,694.16,27.99
2021Q4,Australia,Haldia,Coal,Handysize,4520,2918.0,694.16,31.37
2021Q4,Australia,Haldia,Iron Ore,Capesize,4520,2918.0,694.16,16.47
2021Q4,Australia,Haldia,Iron Ore,Panamax,4520,2918.0,694.16,20.33
2021Q4,Australia,Haldia,Bauxite,Panamax,4520,2918.0,694.16,22.52
2021Q4,Australia,Haldia,Bauxite,Supramax,4520,2918.0,694.16,25.38
2021Q4,Australia,Haldia,Bauxite,Handysize,4520,2918.0,694.16,32.53
2021Q4,Australia,Haldia,Grain,Panamax,4520,2918.0,694.16,27.58
2021Q4,Australia,Haldia,Grain,Supramax,4520,2918.0,694.16,32.06
2021Q4,Australia,Haldia,Grain,Handysize,4520,2918.0,694.16,35.31
2021Q4,Australia,Kolkata,Coal,Capesize,4550,2918.0,694.16,21.1
2021Q4,Australia,Kolkata,Coal,Panamax,4550,2918.0,694.16,25.5
2021Q4,Australia,Kolkata,Coal,Supramax,4550,2918.0,694.16,29.39
2021Q4,Australia,Kolkata,Coal,Handysize,4550,2918.0,694.16,33.19
2021Q4,Australia,Kolkata,Iron Ore,Capesize,4550,2918.0,694.16,18.02
2021Q4,Australia,Kolkata,Iron Ore,Panamax,4550,2918.0,694.16,22.45
2021Q4,Australia,Kolkata,Bauxite,Panamax,4550,2918.0,694.16,27.08
2021Q4,Australia,Kolkata,Bauxite,Supramax,4550,2918.0,694.16,29.17
2021Q4,Australia,Kolkata,Bauxite,Handysize,4550,2918.0,694.16,36.12
2021Q4,Australia,Kolkata,Grain,Panamax,4550,2918.0,694.16,30.17
2021Q4,Australia,Kolkata,Grain,Supramax,4550,2918.0,694.16,35.7
2021Q4,Australia,Kolkata,Grain,Handysize,4550,2918.0,694.16,41.62
2021Q4,Indonesia,Paradip,Coal,Capesize,2800,2918.0,694.16,8.55
2021Q4,Indonesia,Paradip,Coal,Panamax,2800,2918.0,694.16,9.68
2021Q4,Indonesia,Paradip,Coal,Supramax,2800,2918.0,694.16,11.74
2021Q4,Indonesia,Paradip,Coal,Handysize,2800,2918.0,694.16,14.32
2021Q4,Indonesia,Paradip,Iron Ore,Capesize,2800,2918.0,694.16,7.73
2021Q4,Indonesia,Paradip,Iron Ore,Panamax,2800,2918.0,694.16,9.01
2021Q4,Indonesia,Paradip,Bauxite,Panamax,2800,2918.0,694.16,10.08
2021Q4,Indonesia,Paradip,Bauxite,Supramax,2800,2918.0,694.16,13.33
2021Q4,Indonesia,Paradip,Bauxite,Handysize,2800,2918.0,694.16,15.0
2021Q4,Indonesia,Paradip,Grain,Panamax,2800,2918.0,694.16,12.64
2021Q4,Indonesia,Paradip,Grain,Supramax,2800,2918.0,694.16,14.84
2021Q4,Indonesia,Paradip,Grain,Handysize,2800,2918.0,694.16,17.0
2021Q4,Indonesia,Dhamra,Coal,Capesize,2750,2918.0,694.16,8.18
2021Q4,Indonesia,Dhamra,Coal,Panamax,2750,2918.0,694.16,9.61
2021Q4,Indonesia,Dhamra,Coal,Supramax,2750,2918.0,694.16,11.11
2021Q4,Indonesia,Dhamra,Coal,Handysize,2750,2918.0,694.16,14.29
2021Q4,Indonesia,Dhamra,Iron Ore,Capesize,2750,2918.0,694.16,7.57
2021Q4,Indonesia,Dhamra,Iron Ore,Panamax,2750,2918.0,694.16,8.56
2021Q4,Indonesia,Dhamra,Bauxite,Panamax,2750,2918.0,694.16,10.31
2021Q4,Indonesia,Dhamra,Bauxite,Supramax,2750,2918.0,694.16,11.42
2021Q4,Indonesia,Dhamra,Bauxite,Handysize,2750,2918.0,694.16,14.46
2021Q4,Indonesia,Dhamra,Grain,Panamax,2750,2918.0,694.16,11.33
2021Q4,Indonesia,Dhamra,Grain,Supramax,2750,2918.0,694.16,13.77
2021Q4,Indonesia,Dhamra,Grain,Handysize,2750,2918.0,694.16,16.29
2021Q4,Indonesia,Vizag,Coal,Capesize,2650,2918.0,694.16,8.2
2021Q4,Indonesia,Vizag,Coal,Panamax,2650,2918.0,694.16,9.5
2021Q4,Indonesia,Vizag,Coal,Supramax,2650,2918.0,694.16,11.05
2021Q4,Indonesia,Vizag,Coal,Handysize,2650,2918.0,694.16,12.79
2021Q4,Indonesia,Vizag,Iron Ore,Capesize,2650,2918.0,694.16,7.13
2021Q4,Indonesia,Vizag,Iron Ore,Panamax,2650,2918.0,694.16,8.39
2021Q4,Indonesia,Vizag,Bauxite,Panamax,2650,2918.0,694.16,10.46
2021Q4,Indonesia,Vizag,Bauxite,Supramax,2650,2918.0,694.16,11.55
2021Q4,Indonesia,Vizag,Bauxite,Handysize,2650,2918.0,694.16,13.09
2021Q4,Indonesia,Vizag,Grain,Panamax,2650,2918.0,694.16,11.16
2021Q4,Indonesia,Vizag,Grain,Supramax,2650,2918.0,694.16,13.76
2021Q4,Indonesia,Vizag,Grain,Handysize,2650,2918.0,694.16,15.75
2021Q4,Indonesia,Haldia,Coal,Capesize,2920,2918.0,694.16,11.85
2021Q4,Indonesia,Haldia,Coal,Panamax,2920,2918.0,694.16,13.49
2021Q4,Indonesia,Haldia,Coal,Supramax,2920,2918.0,694.16,16.2
2021Q4,Indonesia,Haldia,Coal,Handysize,2920,2918.0,694.16,18.01
2021Q4,Indonesia,Haldia,Iron Ore,Capesize,2920,2918.0,694.16,10.37
2021Q4,Indonesia,Haldia,Iron Ore,Panamax,2920,2918.0,694.16,12.66
2021Q4,Indonesia,Haldia,Bauxite,Panamax,2920,2918.0,694.16,14.73
2021Q4,Indonesia,Haldia,Bauxite,Supramax,2920,2918.0,694.16,16.1
2021Q4,Indonesia,Haldia,Bauxite,Handysize,2920,2918.0,694.16,18.77
2021Q4,Indonesia,Haldia,Grain,Panamax,2920,2918.0,694.16,16.39
2021Q4,Indonesia,Haldia,Grain,Supramax,2920,2918.0,694.16,20.2
2021Q4,Indonesia,Haldia,Grain,Handysize,2920,2918.0,694.16,20.63
2021Q4,Indonesia,Kolkata,Coal,Capesize,2950,2918.0,694.16,13.52
2021Q4,Indonesia,Kolkata,Coal,Panamax,2950,2918.0,694.16,14.92
2021Q4,Indonesia,Kolkata,Coal,Supramax,2950,2918.0,694.16,17.89
2021Q4,Indonesia,Kolkata,Coal,Handysize,2950,2918.0,694.16,20.96
2021Q4,Indonesia,Kolkata,Iron Ore,Capesize,2950,2918.0,694.16,11.88
2021Q4,Indonesia,Kolkata,Iron Ore,Panamax,2950,2918.0,694.16,13.85
2021Q4,Indonesia,Kolkata,Bauxite,Panamax,2950,2918.0,694.16,16.47
2021Q4,Indonesia,Kolkata,Bauxite,Supramax,2950,2918.0,694.16,18.85
2021Q4,Indonesia,Kolkata,Bauxite,Handysize,2950,2918.0,694.16,21.15
2021Q4,Indonesia,Kolkata,Grain,Panamax,2950,2918.0,694.16,19.33
2021Q4,Indonesia,Kolkata,Grain,Supramax,2950,2918.0,694.16,22.53
2021Q4,Indonesia,Kolkata,Grain,Handysize,2950,2918.0,694.16,26.23
2021Q4,South Africa,Paradip,Coal,Capesize,5000,2918.0,694.16,13.95
2021Q4,South Africa,Paradip,Coal,Panamax,5000,2918.0,694.16,17.44
2021Q4,South Africa,Paradip,Coal,Supramax,5000,2918.0,694.16,20.61
2021Q4,South Africa,Paradip,Coal,Handysize,5000,2918.0,694.16,22.53
2021Q4,South Africa,Paradip,Iron Ore,Capesize,5000,2918.0,694.16,13.27
2021Q4,South Africa,Paradip,Iron Ore,Panamax,5000,2918.0,694.16,15.47
2021Q4,South Africa,Paradip,Bauxite,Panamax,5000,2918.0,694.16,19.29
2021Q4,South Africa,Paradip,Bauxite,Supramax,5000,2918.0,694.16,22.56
2021Q4,South Africa,Paradip,Bauxite,Handysize,5000,2918.0,694.16,23.11
2021Q4,South Africa,Paradip,Grain,Panamax,5000,2918.0,694.16,22.52
2021Q4,South Africa,Paradip,Grain,Supramax,5000,2918.0,694.16,23.39
2021Q4,South Africa,Paradip,Grain,Handysize,5000,2918.0,694.16,29.01
2021Q4,South Africa,Dhamra,Coal,Capesize,4950,2918.0,694.16,14.81
2021Q4,South Africa,Dhamra,Coal,Panamax,4950,2918.0,694.16,16.18
2021Q4,South Africa,Dhamra,Coal,Supramax,4950,2918.0,694.16,19.9
2021Q4,South Africa,Dhamra,Coal,Handysize,4950,2918.0,694.16,22.62
2021Q4,South Africa,Dhamra,Iron Ore,Capesize,4950,2918.0,694.16,13.14
2021Q4,South Africa,Dhamra,Iron Ore,Panamax,4950,2918.0,694.16,15.21
2021Q4,South Africa,Dhamra,Bauxite,Panamax,4950,2918.0,694.16,18.34
2021Q4,South Africa,Dhamra,Bauxite,Supramax,4950,2918.0,694.16,20.59
2021Q4,South Africa,Dhamra,Bauxite,Handysize,4950,2918.0,694.16,23.7
2021Q4,South Africa,Dhamra,Grain,Panamax,4950,2918.0,694.16,20.89
2021Q4,South Africa,Dhamra,Grain,Supramax,4950,2918.0,694.16,23.95
2021Q4,South Africa,Dhamra,Grain,Handysize,4950,2918.0,694.16,27.94
2021Q4,South Africa,Vizag,Coal,Capesize,4850,2918.0,694.16,13.82
2021Q4,South Africa,Vizag,Coal,Panamax,4850,2918.0,694.16,15.96
2021Q4,South Africa,Vizag,Coal,Supramax,4850,2918.0,694.16,18.94
2021Q4,South Africa,Vizag,Coal,Handysize,4850,2918.0,694.16,21.95
2021Q4,South Africa,Vizag,Iron Ore,Capesize,4850,2918.0,694.16,13.09
2021Q4,South Africa,Vizag,Iron Ore,Panamax,4850,2918.0,694.16,15.42
2021Q4,South Africa,Vizag,Bauxite,Panamax,4850,2918.0,694.16,17.3
2021Q4,South Africa,Vizag,Bauxite,Supramax,4850,2918.0,694.16,21.31
2021Q4,South Africa,Vizag,Bauxite,Handysize,4850,2918.0,694.16,24.68
2021Q4,South Africa,Vizag,Grain,Panamax,4850,2918.0,694.16,20.05
2021Q4,South Africa,Vizag,Grain,Supramax,4850,2918.0,694.16,22.53
2021Q4,South Africa,Vizag,Grain,Handysize,4850,2918.0,694.16,28.41
2021Q4,South Africa,Haldia,Coal,Capesize,5120,2918.0,694.16,19.16
2021Q4,South Africa,Haldia,Coal,Panamax,5120,2918.0,694.16,22.58
2021Q4,South Africa,Haldia,Coal,Supramax,5120,2918.0,694.16,25.92
2021Q4,South Africa,Haldia,Coal,Handysize,5120,2918.0,694.16,29.5
2021Q4,South Africa,Haldia,Iron Ore,Capesize,5120,2918.0,694.16,16.4
2021Q4,South Africa,Haldia,Iron Ore,Panamax,5120,2918.0,694.16,20.68
2021Q4,South Africa,Haldia,Bauxite,Panamax,5120,2918.0,694.16,22.96
2021Q4,South Africa,Haldia,Bauxite,Supramax,5120,2918.0,694.16,30.49
2021Q4,South Africa,Haldia,Bauxite,Handysize,5120,2918.0,694.16,30.75
2021Q4,South Africa,Haldia,Grain,Panamax,5120,2918.0,694.16,25.79
2021Q4,South Africa,Haldia,Grain,Supramax,5120,2918.0,694.16,32.04
2021Q4,South Africa,Haldia,Grain,Handysize,5120,2918.0,694.16,38.49
2021Q4,South Africa,Kolkata,Coal,Capesize,5150,2918.0,694.16,21.61
2021Q4,South Africa,Kolkata,Coal,Panamax,5150,2918.0,694.16,25.75
2021Q4,South Africa,Kolkata,Coal,Supramax,5150,2918.0,694.16,27.55
2021Q4,South Africa,Kolkata,Coal,Handysize,5150,2918.0,694.16,33.38
2021Q4,South Africa,Kolkata,Iron Ore,Capesize,5150,2918.0,694.16,18.68
2021Q4,South Africa,Kolkata,Iron Ore,Panamax,5150,2918.0,694.16,21.21
2021Q4,South Africa,Kolkata,Bauxite,Panamax,5150,2918.0,694.16,26.62
2021Q4,South Africa,Kolkata,Bauxite,Supramax,5150,2918.0,694.16,28.5
2021Q4,South Africa,Kolkata,Bauxite,Handysize,5150,2918.0,694.16,34.23
2021Q4,South Africa,Kolkata,Grain,Panamax,5150,2918.0,694.16,29.72
2021Q4,South Africa,Kolkata,Grain,Supramax,5150,2918.0,694.16,34.32
2021Q4,South Africa,Kolkata,Grain,Handysize,5150,2918.0,694.16,41.59
2021Q4,Mozambique,Paradip,Coal,Capesize,3600,2918.0,694.16,13.45
2021Q4,Mozambique,Paradip,Coal,Panamax,3600,2918.0,694.16,16.07
2021Q4,Mozambique,Paradip,Coal,Supramax,3600,2918.0,694.16,18.66
2021Q4,Mozambique,Paradip,Coal,Handysize,3600,2918.0,694.16,21.94
2021Q4,Mozambique,Paradip,Iron Ore,Capesize,3600,2918.0,694.16,11.98
2021Q4,Mozambique,Paradip,Iron Ore,Panamax,3600,2918.0,694.16,14.17
2021Q4,Mozambique,Paradip,Bauxite,Panamax,3600,2918.0,694.16,16.65
2021Q4,Mozambique,Paradip,Bauxite,Supramax,3600,2918.0,694.16,19.18
2021Q4,Mozambique,Paradip,Bauxite,Handysize,3600,2918.0,694.16,21.85
2021Q4,Mozambique,Paradip,Grain,Panamax,3600,2918.0,694.16,18.48
2021Q4,Mozambique,Paradip,Grain,Supramax,3600,2918.0,694.16,21.19
2021Q4,Mozambique,Paradip,Grain,Handysize,3600,2918.0,694.16,25.69
2021Q4,Mozambique,Dhamra,Coal,Capesize,3550,2918.0,694.16,12.85
2021Q4,Mozambique,Dhamra,Coal,Panamax,3550,2918.0,694.16,14.74
2021Q4,Mozambique,Dhamra,Coal,Supramax,3550,2918.0,694.16,17.19
2021Q4,Mozambique,Dhamra,Coal,Handysize,3550,2918.0,694.16,19.57
2021Q4,Mozambique,Dhamra,Iron Ore,Capesize,3550,2918.0,694.16,12.0
2021Q4,Mozambique,Dhamra,Iron Ore,Panamax,3550,2918.0,694.16,13.62
2021Q4,Mozambique,Dhamra,Bauxite,Panamax,3550,2918.0,694.16,15.36
2021Q4,Mozambique,Dhamra,Bauxite,Supramax,3550,2918.0,694.16,19.01
2021Q4,Mozambique,Dhamra,Bauxite,Handysize,3550,2918.0,694.16,21.03
2021Q4,Mozambique,Dhamra,Grain,Panamax,3550,2918.0,694.16,17.21
2021Q4,Mozambique,Dhamra,Grain,Supramax,3550,2918.0,694.16,21.88
2021Q4,Mozambique,Dhamra,Grain,Handysize,3550,2918.0,694.16,24.06
2021Q4,Mozambique,Vizag,Coal,Capesize,3450,2918.0,694.16,12.54
2021Q4,Mozambique,Vizag,Coal,Panamax,3450,2918.0,694.16,14.91
2021Q4,Mozambique,Vizag,Coal,Supramax,3450,2918.0,694.16,18.07
2021Q4,Mozambique,Vizag,Coal,Handysize,3450,2918.0,694.16,20.18
2021Q4,Mozambique,Vizag,Iron Ore,Capesize,3450,2918.0,694.16,10.97
2021Q4,Mozambique,Vizag,Iron Ore,Panamax,3450,2918.0,694.16,13.66
2021Q4,Mozambique,Vizag,Bauxite,Panamax,3450,2918.0,694.16,15.37
2021Q4,Mozambique,Vizag,Bauxite,Supramax,3450,2918.0,694.16,19.45
2021Q4,Mozambique,Vizag,Bauxite,Handysize,3450,2918.0,694.16,21.17
2021Q4,Mozambique,Vizag,Grain,Panamax,3450,2918.0,694.16,16.47
2021Q4,Mozambique,Vizag,Grain,Supramax,3450,2918.0,694.16,21.11
2021Q4,Mozambique,Vizag,Grain,Handysize,3450,2918.0,694.16,25.84
2021Q4,Mozambique,Haldia,Coal,Capesize,3720,2918.0,694.16,18.58
2021Q4,Mozambique,Haldia,Coal,Panamax,3720,2918.0,694.16,21.93
2021Q4,Mozambique,Haldia,Coal,Supramax,3720,2918.0,694.16,23.19
2021Q4,Mozambique,Haldia,Coal,Handysize,3720,2918.0,694.16,28.8
2021Q4,Mozambique,Haldia,Iron Ore,Capesize,3720,2918.0,694.16,15.44
2021Q4,Mozambique,Haldia,Iron Ore,Panamax,3720,2918.0,694.16,18.69
2021Q4,Mozambique,Haldia,Bauxite,Panamax,3720,2918.0,694.16,20.68
2021Q4,Mozambique,Haldia,Bauxite,Supramax,3720,2918.0,694.16,24.68
2021Q4,Mozambique,Haldia,Bauxite,Handysize,3720,2918.0,694.16,28.61
2021Q4,Mozambique,Haldia,Grain,Panamax,3720,2918.0,694.16,25.51
2021Q4,Mozambique,Haldia,Grain,Supramax,3720,2918.0,694.16,29.66
2021Q4,Mozambique,Haldia,Grain,Handysize,3720,2918.0,694.16,33.82
2021Q4,Mozambique,Kolkata,Coal,Capesize,3750,2918.0,694.16,19.1
2021Q4,Mozambique,Kolkata,Coal,Panamax,3750,2918.0,694.16,23.21
2021Q4,Mozambique,Kolkata,Coal,Supramax,3750,2918.0,694.16,26.67
2021Q4,Mozambique,Kolkata,Coal,Handysize,3750,2918.0,694.16,32.75
2021Q4,Mozambique,Kolkata,Iron Ore,Capesize,3750,2918.0,694.16,18.79
2021Q4,Mozambique,Kolkata,Iron Ore,Panamax,3750,2918.0,694.16,21.9
2021Q4,Mozambique,Kolkata,Bauxite,Panamax,3750,2918.0,694.16,23.99
2021Q4,Mozambique,Kolkata,Bauxite,Supramax,3750,2918.0,694.16,25.99
2021Q4,Mozambique,Kolkata,Bauxite,Handysize,3750,2918.0,694.16,31.31
2021Q4,Mozambique,Kolkata,Grain,Panamax,3750,2918.0,694.16,29.57
2021Q4,Mozambique,Kolkata,Grain,Supramax,3750,2918.0,694.16,32.4
2021Q4,Mozambique,Kolkata,Grain,Handysize,3750,2918.0,694.16,37.14
2021Q4,Russia,Paradip,Coal,Capesize,6000,2918.0,694.16,30.73
2021Q4,Russia,Paradip,Coal,Panamax,6000,2918.0,694.16,35.53
2021Q4,Russia,Paradip,Coal,Supramax,6000,2918.0,694.16,39.73
2021Q4,Russia,Paradip,Coal,Handysize,6000,2918.0,694.16,45.6
2021Q4,Russia,Paradip,Iron Ore,Capesize,6000,2918.0,694.16,26.03
2021Q4,Russia,Paradip,Iron Ore,Panamax,6000,2918.0,694.16,30.86
2021Q4,Russia,Paradip,Bauxite,Panamax,6000,2918.0,694.16,37.72
2021Q4,Russia,Paradip,Bauxite,Supramax,6000,2918.0,694.16,42.29
2021Q4,Russia,Paradip,Bauxite,Handysize,6000,2918.0,694.16,49.6
2021Q4,Russia,Paradip,Grain,Panamax,6000,2918.0,694.16,42.5
2021Q4,Russia,Paradip,Grain,Supramax,6000,2918.0,694.16,45.68
2021Q4,Russia,Paradip,Grain,Handysize,6000,2918.0,694.16,56.75
2021Q4,Russia,Dhamra,Coal,Capesize,5950,2918.0,694.16,28.18
2021Q4,Russia,Dhamra,Coal,Panamax,5950,2918.0,694.16,30.4
2021Q4,Russia,Dhamra,Coal,Supramax,5950,2918.0,694.16,35.99
2021Q4,Russia,Dhamra,Coal,Handysize,5950,2918.0,694.16,43.53
2021Q4,Russia,Dhamra,Iron Ore,Capesize,5950,2918.0,694.16,26.1
2021Q4,Russia,Dhamra,Iron Ore,Panamax,5950,2918.0,694.16,30.12
2021Q4,Russia,Dhamra,Bauxite,Panamax,5950,2918.0,694.16,35.22
2021Q4,Russia,Dhamra,Bauxite,Supramax,5950,2918.0,694.16,43.62
2021Q4,Russia,Dhamra,Bauxite,Handysize,5950,2918.0,694.16,45.29
2021Q4,Russia,Dhamra,Grain,Panamax,5950,2918.0,694.16,39.96
2021Q4,Russia,Dhamra,Grain,Supramax,5950,2918.0,694.16,47.16
2021Q4,Russia,Dhamra,Grain,Handysize,5950,2918.0,694.16,52.77
2021Q4,Russia,Vizag,Coal,Capesize,5850,2918.0,694.16,28.67
2021Q4,Russia,Vizag,Coal,Panamax,5850,2918.0,694.16,31.65
2021Q4,Russia,Vizag,Coal,Supramax,5850,2918.0,694.16,41.05
2021Q4,Russia,Vizag,Coal,Handysize,5850,2918.0,694.16,44.32
2021Q4,Russia,Vizag,Iron Ore,Capesize,5850,2918.0,694.16,27.61
2021Q4,Russia,Vizag,Iron Ore,Panamax,5850,2918.0,694.16,30.14
2021Q4,Russia,Vizag,Bauxite,Panamax,5850,2918.0,694.16,36.47
2021Q4,Russia,Vizag,Bauxite,Supramax,5850,2918.0,694.16,41.0
2021Q4,Russia,Vizag,Bauxite,Handysize,5850,2918.0,694.16,47.62
2021Q4,Russia,Vizag,Grain,Panamax,5850,2918.0,694.16,39.41
2021Q4,Russia,Vizag,Grain,Supramax,5850,2918.0,694.16,47.14
2021Q4,Russia,Vizag,Grain,Handysize,5850,2918.0,694.16,55.09
2021Q4,Russia,Haldia,Coal,Capesize,6120,2918.0,694.16,33.18
2021Q4,Russia,Haldia,Coal,Panamax,6120,2918.0,694.16,39.76
2021Q4,Russia,Haldia,Coal,Supramax,6120,2918.0,694.16,45.6
2021Q4,Russia,Haldia,Coal,Handysize,6120,2918.0,694.16,58.44
2021Q4,Russia,Haldia,Iron Ore,Capesize,6120,2918.0,694.16,30.61
2021Q4,Russia,Haldia,Iron Ore,Panamax,6120,2918.0,694.16,37.89
2021Q4,Russia,Haldia,Bauxite,Panamax,6120,2918.0,694.16,41.65
2021Q4,Russia,Haldia,Bauxite,Supramax,6120,2918.0,694.16,49.37
2021Q4,Russia,Haldia,Bauxite,Handysize,6120,2918.0,694.16,54.16
2021Q4,Russia,Haldia,Grain,Panamax,6120,2918.0,694.16,47.18
2021Q4,Russia,Haldia,Grain,Supramax,6120,2918.0,694.16,56.33
2021Q4,Russia,Haldia,Grain,Handysize,6120,2918.0,694.16,68.5
2021Q4,Russia,Kolkata,Coal,Capesize,6150,2918.0,694.16,37.18
2021Q4,Russia,Kolkata,Coal,Panamax,6150,2918.0,694.16,45.28
2021Q4,Russia,Kolkata,Coal,Supramax,6150,2918.0,694.16,51.52
2021Q4,Russia,Kolkata,Coal,Handysize,6150,2918.0,694.16,61.82
2021Q4,Russia,Kolkata,Iron Ore,Capesize,6150,2918.0,694.16,33.14
2021Q4,Russia,Kolkata,Iron Ore,Panamax,6150,2918.0,694.16,42.13
2021Q4,Russia,Kolkata,Bauxite,Panamax,6150,2918.0,694.16,44.58
2021Q4,Russia,Kolkata,Bauxite,Supramax,6150,2918.0,694.16,51.49
2021Q4,Russia,Kolkata,Bauxite,Handysize,6150,2918.0,694.16,58.81
2021Q4,Russia,Kolkata,Grain,Panamax,6150,2918.0,694.16,56.06
2021Q4,Russia,Kolkata,Grain,Supramax,6150,2918.0,694.16,62.2
2021Q4,Russia,Kolkata,Grain,Handysize,6150,2918.0,694.16,69.37
2022Q1,Australia,Paradip,Coal,Capesize,4400,1938.7,785.98,9.81
2022Q1,Australia,Paradip,Coal,Panamax,4400,1938.7,785.98,11.27
2022Q1,Australia,Paradip,Coal,Supramax,4400,1938.7,785.98,13.73
2022Q1,Australia,Paradip,Coal,Handysize,4400,1938.7,785.98,14.1
2022Q1,Australia,Paradip,Iron Ore,Capesize,4400,1938.7,785.98,8.38
2022Q1,Australia,Paradip,Iron Ore,Panamax,4400,1938.7,785.98,9.75
2022Q1,Australia,Paradip,Bauxite,Panamax,4400,1938.7,785.98,10.76
2022Q1,Australia,Paradip,Bauxite,Supramax,4400,1938.7,785.98,13.98
2022Q1,Australia,Paradip,Bauxite,Handysize,4400,1938.7,785.98,15.5
2022Q1,Australia,Paradip,Grain,Panamax,4400,1938.7,785.98,13.55
2022Q1,Australia,Paradip,Grain,Supramax,4400,1938.7,785.98,16.68
2022Q1,Australia,Paradip,Grain,Handysize,4400,1938.7,785.98,17.67
2022Q1,Australia,Dhamra,Coal,Capesize,4350,1938.7,785.98,8.93
2022Q1,Australia,Dhamra,Coal,Panamax,4350,1938.7,785.98,10.66
2022Q1,Australia,Dhamra,Coal,Supramax,4350,1938.7,785.98,12.81
2022Q1,Australia,Dhamra,Coal,Handysize,4350,1938.7,785.98,14.09
2022Q1,Australia,Dhamra,Iron Ore,Capesize,4350,1938.7,785.98,7.98
2022Q1,Australia,Dhamra,Iron Ore,Panamax,4350,1938.7,785.98,9.91
2022Q1,Australia,Dhamra,Bauxite,Panamax,4350,1938.7,785.98,11.29
2022Q1,Australia,Dhamra,Bauxite,Supramax,4350,1938.7,785.98,12.07
2022Q1,Australia,Dhamra,Bauxite,Handysize,4350,1938.7,785.98,14.44
2022Q1,Australia,Dhamra,Grain,Panamax,4350,1938.7,785.98,13.41
2022Q1,Australia,Dhamra,Grain,Supramax,4350,1938.7,785.98,15.07
2022Q1,Australia,Dhamra,Grain,Handysize,4350,1938.7,785.98,16.79
2022Q1,Australia,Vizag,Coal,Capesize,4250,1938.7,785.98,9.18
2022Q1,Australia,Vizag,Coal,Panamax,4250,1938.7,785.98,10.82
2022Q1,Australia,Vizag,Coal,Supramax,4250,1938.7,785.98,12.94
2022Q1,Australia,Vizag,Coal,Handysize,4250,1938.7,785.98,13.94
2022Q1,Australia,Vizag,Iron Ore,Capesize,4250,1938.7,785.98,8.07
2022Q1,Australia,Vizag,Iron Ore,Panamax,4250,1938.7,785.98,9.82
2022Q1,Australia,Vizag,Bauxite,Panamax,4250,1938.7,785.98,11.31
2022Q1,Australia,Vizag,Bauxite,Supramax,4250,1938.7,785.98,13.51
2022Q1,Australia,Vizag,Bauxite,Handysize,4250,1938.7,785.98,14.71
2022Q1,Australia,Vizag,Grain,Panamax,4250,1938.7,785.98,13.13
2022Q1,Australia,Vizag,Grain,Supramax,4250,1938.7,785.98,15.71
2022Q1,Australia,Vizag,Grain,Handysize,4250,1938.7,785.98,17.87
2022Q1,Australia,Haldia,Coal,Capesize,4520,1938.7,785.98,12.6
2022Q1,Australia,Haldia,Coal,Panamax,4520,1938.7,785.98,14.63
2022Q1,Australia,Haldia,Coal,Supramax,4520,1938.7,785.98,16.62
2022Q1,Australia,Haldia,Coal,Handysize,4520,1938.7,785.98,19.82
2022Q1,Australia,Haldia,Iron Ore,Capesize,4520,1938.7,785.98,11.78
2022Q1,Australia,Haldia,Iron Ore,Panamax,4520,1938.7,785.98,13.15
2022Q1,Australia,Haldia,Bauxite,Panamax,4520,1938.7,785.98,14.93
2022Q1,Australia,Haldia,Bauxite,Supramax,4520,1938.7,785.98,17.67
2022Q1,Australia,Haldia,Bauxite,Handysize,4520,1938.7,785.98,21.01
2022Q1,Australia,Haldia,Grain,Panamax,4520,1938.7,785.98,17.38
2022Q1,Australia,Haldia,Grain,Supramax,4520,1938.7,785.98,20.9
2022Q1,Australia,Haldia,Grain,Handysize,4520,1938.7,785.98,24.28
2022Q1,Australia,Kolkata,Coal,Capesize,4550,1938.7,785.98,14.54
2022Q1,Australia,Kolkata,Coal,Panamax,4550,1938.7,785.98,17.33
2022Q1,Australia,Kolkata,Coal,Supramax,4550,1938.7,785.98,19.93
2022Q1,Australia,Kolkata,Coal,Handysize,4550,1938.7,785.98,21.63
2022Q1,Australia,Kolkata,Iron Ore,Capesize,4550,1938.7,785.98,12.29
2022Q1,Australia,Kolkata,Iron Ore,Panamax,4550,1938.7,785.98,14.82
2022Q1,Australia,Kolkata,Bauxite,Panamax,4550,1938.7,785.98,17.06
2022Q1,Australia,Kolkata,Bauxite,Supramax,4550,1938.7,785.98,19.42
2022Q1,Australia,Kolkata,Bauxite,Handysize,4550,1938.7,785.98,23.11
2022Q1,Australia,Kolkata,Grain,Panamax,4550,1938.7,785.98,19.48
2022Q1,Australia,Kolkata,Grain,Supramax,4550,1938.7,785.98,22.57
2022Q1,Australia,Kolkata,Grain,Handysize,4550,1938.7,785.98,26.53
2022Q1,Indonesia,Paradip,Coal,Capesize,2800,1938.7,785.98,6.06
2022Q1,Indonesia,Paradip,Coal,Panamax,2800,1938.7,785.98,6.86
2022Q1,Indonesia,Paradip,Coal,Supramax,2800,1938.7,785.98,8.64
2022Q1,Indonesia,Paradip,Coal,Handysize,2800,1938.7,785.98,9.28
2022Q1,Indonesia,Paradip,Iron Ore,Capesize,2800,1938.7,785.98,5.18
2022Q1,Indonesia,Paradip,Iron Ore,Panamax,2800,1938.7,785.98,6.13
2022Q1,Indonesia,Paradip,Bauxite,Panamax,2800,1938.7,785.98,7.22
2022Q1,Indonesia,Paradip,Bauxite,Supramax,2800,1938.7,785.98,8.47
2022Q1,Indonesia,Paradip,Bauxite,Handysize,2800,1938.7,785.98,10.39
2022Q1,Indonesia,Paradip,Grain,Panamax,2800,1938.7,785.98,7.93
2022Q1,Indonesia,Paradip,Grain,Supramax,2800,1938.7,785.98,9.83
2022Q1,Indonesia,Paradip,Grain,Handysize,2800,1938.7,785.98,11.15
2022Q1,Indonesia,Dhamra,Coal,Capesize,2750,1938.7,785.98,5.18
2022Q1,Indonesia,Dhamra,Coal,Panamax,2750,1938.7,785.98,6.59
2022Q1,Indonesia,Dhamra,Coal,Supramax,2750,1938.7,785.98,7.82
2022Q1,Indonesia,Dhamra,Coal,Handysize,2750,1938.7,785.98,8.43
2022Q1,Indonesia,Dhamra,Iron Ore,Capesize,2750,1938.7,785.98,4.93
2022Q1,Indonesia,Dhamra,Iron Ore,Panamax,2750,1938.7,785.98,5.43
2022Q1,Indonesia,Dhamra,Bauxite,Panamax,2750,1938.7,785.98,6.44
2022Q1,Indonesia,Dhamra,Bauxite,Supramax,2750,1938.7,785.98,8.15
2022Q1,Indonesia,Dhamra,Bauxite,Handysize,2750,1938.7,785.98,8.98
2022Q1,Indonesia,Dhamra,Grain,Panamax,2750,1938.7,785.98,7.41
2022Q1,Indonesia,Dhamra,Grain,Supramax,2750,1938.7,785.98,9.06
2022Q1,Indonesia,Dhamra,Grain,Handysize,2750,1938.7,785.98,10.24
2022Q1,Indonesia,Vizag,Coal,Capesize,2650,1938.7,785.98,5.28
2022Q1,Indonesia,Vizag,Coal,Panamax,2650,1938.7,785.98,6.45
2022Q1,Indonesia,Vizag,Coal,Supramax,2650,1938.7,785.98,7.04
2022Q1,Indonesia,Vizag,Coal,Handysize,2650,1938.7,785.98,8.25
2022Q1,Indonesia,Vizag,Iron Ore,Capesize,2650,1938.7,785.98,4.86
2022Q1,Indonesia,Vizag,Iron Ore,Panamax,2650,1938.7,785.98,5.85
2022Q1,Indonesia,Vizag,Bauxite,Panamax,2650,1938.7,785.98,6.89
2022Q1,Indonesia,Vizag,Bauxite,Supramax,2650,1938.7,785.98,7.53
2022Q1,Indonesia,Vizag,Bauxite,Handysize,2650,1938.7,785.98,9.24
2022Q1,Indonesia,Vizag,Grain,Panamax,2650,1938.7,785.98,7.34
2022Q1,Indonesia,Vizag,Grain,Supramax,2650,1938.7,785.98,9.37
2022Q1,Indonesia,Vizag,Grain,Handysize,2650,1938.7,785.98,9.82
2022Q1,Indonesia,Haldia,Coal,Capesize,2920,1938.7,785.98,8.08
2022Q1,Indonesia,Haldia,Coal,Panamax,2920,1938.7,785.98,8.83
2022Q1,Indonesia,Haldia,Coal,Supramax,2920,1938.7,785.98,11.29
2022Q1,Indonesia,Haldia,Coal,Handysize,2920,1938.7,785.98,12.5
2022Q1,Indonesia,Haldia,Iron Ore,Capesize,2920,1938.7,785.98,6.7
2022Q1,Indonesia,Haldia,Iron Ore,Panamax,2920,1938.7,785.98,7.99
2022Q1,Indonesia,Haldia,Bauxite,Panamax,2920,1938.7,785.98,9.75
2022Q1,Indonesia,Haldia,Bauxite,Supramax,2920,1938.7,785.98,11.48
2022Q1,Indonesia,Haldia,Bauxite,Handysize,2920,1938.7,785.98,12.82
2022Q1,Indonesia,Haldia,Grain,Panamax,2920,1938.7,785.98,10.87
2022Q1,Indonesia,Haldia,Grain,Supramax,2920,1938.7,785.98,12.99
2022Q1,Indonesia,Haldia,Grain,Handysize,2920,1938.7,785.98,14.76
2022Q1,Indonesia,Kolkata,Coal,Capesize,2950,1938.7,785.98,8.5
2022Q1,Indonesia,Kolkata,Coal,Panamax,2950,1938.7,785.98,10.12
2022Q1,Indonesia,Kolkata,Coal,Supramax,2950,1938.7,785.98,12.25
2022Q1,Indonesia,Kolkata,Coal,Handysize,2950,1938.7,785.98,14.71
2022Q1,Indonesia,Kolkata,Iron Ore,Capesize,2950,1938.7,785.98,8.46
2022Q1,Indonesia,Kolkata,Iron Ore,Panamax,2950,1938.7,785.98,9.63
2022Q1,Indonesia,Kolkata,Bauxite,Panamax,2950,1938.7,785.98,11.05
2022Q1,Indonesia,Kolkata,Bauxite,Supramax,2950,1938.7,785.98,13.1
2022Q1,Indonesia,Kolkata,Bauxite,Handysize,2950,1938.7,785.98,14.47
2022Q1,Indonesia,Kolkata,Grain,Panamax,2950,1938.7,785.98,12.43
2022Q1,Indonesia,Kolkata,Grain,Supramax,2950,1938.7,785.98,14.16
2022Q1,Indonesia,Kolkata,Grain,Handysize,2950,1938.7,785.98,16.19
2022Q1,South Africa,Paradip,Coal,Capesize,5000,1938.7,785.98,9.91
2022Q1,South Africa,Paradip,Coal,Panamax,5000,1938.7,785.98,11.54
2022Q1,South Africa,Paradip,Coal,Supramax,5000,1938.7,785.98,13.7
2022Q1,South Africa,Paradip,Coal,Handysize,5000,1938.7,785.98,15.82
2022Q1,South Africa,Paradip,Iron Ore,Capesize,5000,1938.7,785.98,8.89
2022Q1,South Africa,Paradip,Iron Ore,Panamax,5000,1938.7,785.98,10.52
2022Q1,South Africa,Paradip,Bauxite,Panamax,5000,1938.7,785.98,12.02
2022Q1,South Africa,Paradip,Bauxite,Supramax,5000,1938.7,785.98,14.25
2022Q1,South Africa,Paradip,Bauxite,Handysize,5000,1938.7,785.98,15.89
2022Q1,South Africa,Paradip,Grain,Panamax,5000,1938.7,785.98,13.94
2022Q1,South Africa,Paradip,Grain,Supramax,5000,1938.7,785.98,16.43
2022Q1,South Africa,Paradip,Grain,Handysize,5000,1938.7,785.98,18.19
2022Q1,South Africa,Dhamra,Coal,Capesize,4950,1938.7,785.98,9.53
2022Q1,South Africa,Dhamra,Coal,Panamax,4950,1938.7,785.98,10.89
2022Q1,South Africa,Dhamra,Coal,Supramax,4950,1938.7,785.98,12.75
2022Q1,South Africa,Dhamra,Coal,Handysize,4950,1938.7,785.98,14.49
2022Q1,South Africa,Dhamra,Iron Ore,Capesize,4950,1938.7,785.98,8.94
2022Q1,South Africa,Dhamra,Iron Ore,Panamax,4950,1938.7,785.98,10.4
2022Q1,South Africa,Dhamra,Bauxite,Panamax,4950,1938.7,785.98,11.91
2022Q1,South Africa,Dhamra,Bauxite,Supramax,4950,1938.7,785.98,14.59
2022Q1,South Africa,Dhamra,Bauxite,Handysize,4950,1938.7,785.98,15.73
2022Q1,South Africa,Dhamra,Grain,Panamax,4950,1938.7,785.98,14.78
2022Q1,South Africa,Dhamra,Grain,Supramax,4950,1938.7,785.98,15.47
2022Q1,South Africa,Dhamra,Grain,Handysize,4950,1938.7,785.98,18.26
2022Q1,South Africa,Vizag,Coal,Capesize,4850,1938.7,785.98,9.27
2022Q1,South Africa,Vizag,Coal,Panamax,4850,1938.7,785.98,11.15
2022Q1,South Africa,Vizag,Coal,Supramax,4850,1938.7,785.98,13.22
2022Q1,South Africa,Vizag,Coal,Handysize,4850,1938.7,785.98,14.85
2022Q1,South Africa,Vizag,Iron Ore,Capesize,4850,1938.7,785.98,8.99
2022Q1,South Africa,Vizag,Iron Ore,Panamax,4850,1938.7,785.98,9.99
2022Q1,South Africa,Vizag,Bauxite,Panamax,4850,1938.7,785.98,11.67
2022Q1,South Africa,Vizag,Bauxite,Supramax,4850,1938.7,785.98,13.05
2022Q1,South Africa,Vizag,Bauxite,Handysize,4850,1938.7,785.98,15.88
2022Q1,South Africa,Vizag,Grain,Panamax,4850,1938.7,785.98,13.15
2022Q1,South Africa,Vizag,Grain,Supramax,4850,1938.7,785.98,15.08
2022Q1,South Africa,Vizag,Grain,Handysize,4850,1938.7,785.98,17.4
2022Q1,South Africa,Haldia,Coal,Capesize,5120,1938.7,785.98,13.95
2022Q1,South Africa,Haldia,Coal,Panamax,5120,1938.7,785.98,14.8
2022Q1,South Africa,Haldia,Coal,Supramax,5120,1938.7,785.98,16.54
2022Q1,South Africa,Haldia,Coal,Handysize,5120,1938.7,785.98,19.73
2022Q1,South Africa,Haldia,Iron Ore,Capesize,5120,1938.7,785.98,11.46
2022Q1,South Africa,Haldia,Iron Ore,Panamax,5120,1938.7,785.98,13.7
2022Q1,South Africa,Haldia,Bauxite,Panamax,5120,1938.7,785.98,15.99
2022Q1,South Africa,Haldia,Bauxite,Supramax,5120,1938.7,785.98,18.73
2022Q1,South Africa,Haldia,Bauxite,Handysize,5120,1938.7,785.98,20.76
2022Q1,South Africa,Haldia,Grain,Panamax,5120,1938.7,785.98,18.14
2022Q1,South Africa,Haldia,Grain,Supramax,5120,1938.7,785.98,20.27
2022Q1,South Africa,Haldia,Grain,Handysize,5120,1938.7,785.98,23.75
2022Q1,South Africa,Kolkata,Coal,Capesize,5150,1938.7,785.98,13.87
2022Q1,South Africa,Kolkata,Coal,Panamax,5150,1938.7,785.98,16.07
2022Q1,South Africa,Kolkata,Coal,Supramax,5150,1938.7,785.98,20.3
2022Q1,South Africa,Kolkata,Coal,Handysize,5150,1938.7,785.98,23.26
2022Q1,South Africa,Kolkata,Iron Ore,Capesize,5150,1938.7,785.98,13.33
2022Q1,South Africa,Kolkata,Iron Ore,Panamax,5150,1938.7,785.98,15.12
2022Q1,South Africa,Kolkata,Bauxite,Panamax,5150,1938.7,785.98,18.09
2022Q1,South Africa,Kolkata,Bauxite,Supramax,5150,1938.7,785.98,19.28
2022Q1,South Africa,Kolkata,Bauxite,Handysize,5150,1938.7,785.98,24.57
2022Q1,South Africa,Kolkata,Grain,Panamax,5150,1938.7,785.98,20.25
2022Q1,South Africa,Kolkata,Grain,Supramax,5150,1938.7,785.98,24.0
2022Q1,South Africa,Kolkata,Grain,Handysize,5150,1938.7,785.98,27.62
2022Q1,Mozambique,Paradip,Coal,Capesize,3600,1938.7,785.98,8.54
2022Q1,Mozambique,Paradip,Coal,Panamax,3600,1938.7,785.98,9.81
2022Q1,Mozambique,Paradip,Coal,Supramax,3600,1938.7,785.98,11.78
2022Q1,Mozambique,Paradip,Coal,Handysize,3600,1938.7,785.98,14.3
2022Q1,Mozambique,Paradip,Iron Ore,Capesize,3600,1938.7,785.98,8.15
2022Q1,Mozambique,Paradip,Iron Ore,Panamax,3600,1938.7,785.98,8.87
2022Q1,Mozambique,Paradip,Bauxite,Panamax,3600,1938.7,785.98,10.5
2022Q1,Mozambique,Paradip,Bauxite,Supramax,3600,1938.7,785.98,12.36
2022Q1,Mozambique,Paradip,Bauxite,Handysize,3600,1938.7,785.98,14.53
2022Q1,Mozambique,Paradip,Grain,Panamax,3600,1938.7,785.98,11.83
2022Q1,Mozambique,Paradip,Grain,Supramax,3600,1938.7,785.98,13.77
2022Q1,Mozambique,Paradip,Grain,Handysize,3600,1938.7,785.98,16.34
2022Q1,Mozambique,Dhamra,Coal,Capesize,3550,1938.7,785.98,8.59
2022Q1,Mozambique,Dhamra,Coal,Panamax,3550,1938.7,785.98,9.61
2022Q1,Mozambique,Dhamra,Coal,Supramax,3550,1938.7,785.98,11.65
2022Q1,Mozambique,Dhamra,Coal,Handysize,3550,1938.7,785.98,14.08
2022Q1,Mozambique,Dhamra,Iron Ore,Capesize,3550,1938.7,785.98,7.35
2022Q1,Mozambique,Dhamra,Iron Ore,Panamax,3550,1938.7,785.98,8.96
2022Q1,Mozambique,Dhamra,Bauxite,Panamax,3550,1938.7,785.98,10.9
2022Q1,Mozambique,Dhamra,Bauxite,Supramax,3550,1938.7,785.98,12.1
2022Q1,Mozambique,Dhamra,Bauxite,Handysize,3550,1938.7,785.98,13.97
2022Q1,Mozambique,Dhamra,Grain,Panamax,3550,1938.7,785.98,12.52
2022Q1,Mozambique,Dhamra,Grain,Supramax,3550,1938.7,785.98,13.88
2022Q1,Mozambique,Dhamra,Grain,Handysize,3550,1938.7,785.98,16.92
2022Q1,Mozambique,Vizag,Coal,Capesize,3450,1938.7,785.98,8.58
2022Q1,Mozambique,Vizag,Coal,Panamax,3450,1938.7,785.98,9.77
2022Q1,Mozambique,Vizag,Coal,Supramax,3450,1938.7,785.98,11.74
2022Q1,Mozambique,Vizag,Coal,Handysize,3450,1938.7,785.98,13.55
2022Q1,Mozambique,Vizag,Iron Ore,Capesize,3450,1938.7,785.98,7.88
2022Q1,Mozambique,Vizag,Iron Ore,Panamax,3450,1938.7,785.98,8.73
2022Q1,Mozambique,Vizag,Bauxite,Panamax,3450,1938.7,785.98,10.4
2022Q1,Mozambique,Vizag,Bauxite,Supramax,3450,1938.7,785.98,12.09
2022Q1,Mozambique,Vizag,Bauxite,Handysize,3450,1938.7,785.98,14.41
2022Q1,Mozambique,Vizag,Grain,Panamax,3450,1938.7,785.98,11.45
2022Q1,Mozambique,Vizag,Grain,Supramax,3450,1938.7,785.98,14.34
2022Q1,Mozambique,Vizag,Grain,Handysize,3450,1938.7,785.98,16.34
2022Q1,Mozambique,Haldia,Coal,Capesize,3720,1938.7,785.98,11.16
2022Q1,Mozambique,Haldia,Coal,Panamax,3720,1938.7,785.98,14.27
2022Q1,Mozambique,Haldia,Coal,Supramax,3720,1938.7,785.98,17.22
2022Q1,Mozambique,Haldia,Coal,Handysize,3720,1938.7,785.98,19.19
2022Q1,Mozambique,Haldia,Iron Ore,Capesize,3720,1938.7,785.98,11.05
2022Q1,Mozambique,Haldia,Iron Ore,Panamax,3720,1938.7,785.98,12.36
2022Q1,Mozambique,Haldia,Bauxite,Panamax,3720,1938.7,785.98,13.54
2022Q1,Mozambique,Haldia,Bauxite,Supramax,3720,1938.7,785.98,15.69
2022Q1,Mozambique,Haldia,Bauxite,Handysize,3720,1938.7,785.98,19.64
2022Q1,Mozambique,Haldia,Grain,Panamax,3720,1938.7,785.98,16.09
2022Q1,Mozambique,Haldia,Grain,Supramax,3720,1938.7,785.98,18.56
2022Q1,Mozambique,Haldia,Grain,Handysize,3720,1938.7,785.98,22.2
2022Q1,Mozambique,Kolkata,Coal,Capesize,3750,1938.7,785.98,13.61
2022Q1,Mozambique,Kolkata,Coal,Panamax,3750,1938.7,785.98,14.8
2022Q1,Mozambique,Kolkata,Coal,Supramax,3750,1938.7,785.98,17.91
2022Q1,Mozambique,Kolkata,Coal,Handysize,3750,1938.7,785.98,22.23
2022Q1,Mozambique,Kolkata,Iron Ore,Capesize,3750,1938.7,785.98,11.54
2022Q1,Mozambique,Kolkata,Iron Ore,Panamax,3750,1938.7,785.98,14.46
2022Q1,Mozambique,Kolkata,Bauxite,Panamax,3750,1938.7,785.98,16.1
2022Q1,Mozambique,Kolkata,Bauxite,Supramax,3750,1938.7,785.98,19.47
2022Q1,Mozambique,Kolkata,Bauxite,Handysize,3750,1938.7,785.98,23.02
2022Q1,Mozambique,Kolkata,Grain,Panamax,3750,1938.7,785.98,19.2
2022Q1,Mozambique,Kolkata,Grain,Supramax,3750,1938.7,785.98,22.53
2022Q1,Mozambique,Kolkata,Grain,Handysize,3750,1938.7,785.98,24.32
2022Q1,Russia,Paradip,Coal,Capesize,6000,1938.7,785.98,20.06
2022Q1,Russia,Paradip,Coal,Panamax,6000,1938.7,785.98,21.93
2022Q1,Russia,Paradip,Coal,Supramax,6000,1938.7,785.98,26.61
2022Q1,Russia,Paradip,Coal,Handysize,6000,1938.7,785.98,30.89
2022Q1,Russia,Paradip,Iron Ore,Capesize,6000,1938.7,785.98,17.67
2022Q1,Russia,Paradip,Iron Ore,Panamax,6000,1938.7,785.98,20.58
2022Q1,Russia,Paradip,Bauxite,Panamax,6000,1938.7,785.98,23.03
2022Q1,Russia,Paradip,Bauxite,Supramax,6000,1938.7,785.98,26.38
2022Q1,Russia,Paradip,Bauxite,Handysize,6000,1938.7,785.98,33.12
2022Q1,Russia,Paradip,Grain,Panamax,6000,1938.7,785.98,27.3
2022Q1,Russia,Paradip,Grain,Supramax,6000,1938.7,785.98,32.92
2022Q1,Russia,Paradip,Grain,Handysize,6000,1938.7,785.98,36.67
2022Q1,Russia,Dhamra,Coal,Capesize,5950,1938.7,785.98,17.99
2022Q1,Russia,Dhamra,Coal,Panamax,5950,1938.7,785.98,22.89
2022Q1,Russia,Dhamra,Coal,Supramax,5950,1938.7,785.98,25.5
2022Q1,Russia,Dhamra,Coal,Handysize,5950,1938.7,785.98,30.35
2022Q1,Russia,Dhamra,Iron Ore,Capesize,5950,1938.7,785.98,16.64
2022Q1,Russia,Dhamra,Iron Ore,Panamax,5950,1938.7,785.98,21.08
2022Q1,Russia,Dhamra,Bauxite,Panamax,5950,1938.7,785.98,22.54
2022Q1,Russia,Dhamra,Bauxite,Supramax,5950,1938.7,785.98,26.81
2022Q1,Russia,Dhamra,Bauxite,Handysize,5950,1938.7,785.98,31.61
2022Q1,Russia,Dhamra,Grain,Panamax,5950,1938.7,785.98,25.56
2022Q1,Russia,Dhamra,Grain,Supramax,5950,1938.7,785.98,31.36
2022Q1,Russia,Dhamra,Grain,Handysize,5950,1938.7,785.98,38.02
2022Q1,Russia,Vizag,Coal,Capesize,5850,1938.7,785.98,18.7
2022Q1,Russia,Vizag,Coal,Panamax,5850,1938.7,785.98,22.58
2022Q1,Russia,Vizag,Coal,Supramax,5850,1938.7,785.98,23.49
2022Q1,Russia,Vizag,Coal,Handysize,5850,1938.7,785.98,30.12
2022Q1,Russia,Vizag,Iron Ore,Capesize,5850,1938.7,785.98,16.94
2022Q1,Russia,Vizag,Iron Ore,Panamax,5850,1938.7,785.98,19.47
2022Q1,Russia,Vizag,Bauxite,Panamax,5850,1938.7,785.98,24.28
2022Q1,Russia,Vizag,Bauxite,Supramax,5850,1938.7,785.98,26.98
2022Q1,Russia,Vizag,Bauxite,Handysize,5850,1938.7,785.98,31.48
2022Q1,Russia,Vizag,Grain,Panamax,5850,1938.7,785.98,26.38
2022Q1,Russia,Vizag,Grain,Supramax,5850,1938.7,785.98,29.09
2022Q1,Russia,Vizag,Grain,Handysize,5850,1938.7,785.98,34.76
2022Q1,Russia,Haldia,Coal,Capesize,6120,1938.7,785.98,23.43
2022Q1,Russia,Haldia,Coal,Panamax,6120,1938.7,785.98,24.58
2022Q1,Russia,Haldia,Coal,Supramax,6120,1938.7,785.98,30.13
2022Q1,Russia,Haldia,Coal,Handysize,6120,1938.7,785.98,35.43
2022Q1,Russia,Haldia,Iron Ore,Capesize,6120,1938.7,785.98,21.64
2022Q1,Russia,Haldia,Iron Ore,Panamax,6120,1938.7,785.98,24.52
2022Q1,Russia,Haldia,Bauxite,Panamax,6120,1938.7,785.98,27.32
2022Q1,Russia,Haldia,Bauxite,Supramax,6120,1938.7,785.98,33.99
2022Q1,Russia,Haldia,Bauxite,Handysize,6120,1938.7,785.98,36.75
2022Q1,Russia,Haldia,Grain,Panamax,6120,1938.7,785.98,32.97
2022Q1,Russia,Haldia,Grain,Supramax,6120,1938.7,785.98,35.38
2022Q1,Russia,Haldia,Grain,Handysize,6120,1938.7,785.98,44.74
2022Q1,Russia,Kolkata,Coal,Capesize,6150,1938.7,785.98,24.16
2022Q1,Russia,Kolkata,Coal,Panamax,6150,1938.7,785.98,27.66
2022Q1,Russia,Kolkata,Coal,Supramax,6150,1938.7,785.98,33.23
2022Q1,Russia,Kolkata,Coal,Handysize,6150,1938.7,785.98,39.24
2022Q1,Russia,Kolkata,Iron Ore,Capesize,6150,1938.7,785.98,21.68
2022Q1,Russia,Kolkata,Iron Ore,Panamax,6150,1938.7,785.98,26.33
2022Q1,Russia,Kolkata,Bauxite,Panamax,6150,1938.7,785.98,29.52
2022Q1,Russia,Kolkata,Bauxite,Supramax,6150,1938.7,785.98,35.92
2022Q1,Russia,Kolkata,Bauxite,Handysize,6150,1938.7,785.98,41.43
2022Q1,Russia,Kolkata,Grain,Panamax,6150,1938.7,785.98,34.36
2022Q1,Russia,Kolkata,Grain,Supramax,6150,1938.7,785.98,39.55
2022Q1,Russia,Kolkata,Grain,Handysize,6150,1938.7,785.98,46.88
2022Q2,Australia,Paradip,Coal,Capesize,4400,2403.3,964.98,11.88
2022Q2,Australia,Paradip,Coal,Panamax,4400,2403.3,964.98,14.63
2022Q2,Australia,Paradip,Coal,Supramax,4400,2403.3,964.98,16.44
2022Q2,Australia,Paradip,Coal,Handysize,4400,2403.3,964.98,19.11
2022Q2,Australia,Paradip,Iron Ore,Capesize,4400,2403.3,964.98,11.62
2022Q2,Australia,Paradip,Iron Ore,Panamax,4400,2403.3,964.98,12.5
2022Q2,Australia,Paradip,Bauxite,Panamax,4400,2403.3,964.98,14.57
2022Q2,Australia,Paradip,Bauxite,Supramax,4400,2403.3,964.98,17.13
2022Q2,Australia,Paradip,Bauxite,Handysize,4400,2403.3,964.98,18.72
2022Q2,Australia,Paradip,Grain,Panamax,4400,2403.3,964.98,16.12
2022Q2,Australia,Paradip,Grain,Supramax,4400,2403.3,964.98,18.76
2022Q2,Australia,Paradip,Grain,Handysize,4400,2403.3,964.98,22.68
2022Q2,Australia,Dhamra,Coal,Capesize,4350,2403.3,964.98,11.17
2022Q2,Australia,Dhamra,Coal,Panamax,4350,2403.3,964.98,13.22
2022Q2,Australia,Dhamra,Coal,Supramax,4350,2403.3,964.98,15.94
2022Q2,Australia,Dhamra,Coal,Handysize,4350,2403.3,964.98,18.36
2022Q2,Australia,Dhamra,Iron Ore,Capesize,4350,2403.3,964.98,10.06
2022Q2,Australia,Dhamra,Iron Ore,Panamax,4350,2403.3,964.98,11.56
2022Q2,Australia,Dhamra,Bauxite,Panamax,4350,2403.3,964.98,14.36
2022Q2,Australia,Dhamra,Bauxite,Supramax,4350,2403.3,964.98,16.55
2022Q2,Australia,Dhamra,Bauxite,Handysize,4350,2403.3,964.98,17.66
2022Q2,Australia,Dhamra,Grain,Panamax,4350,2403.3,964.98,15.62
2022Q2,Australia,Dhamra,Grain,Supramax,4350,2403.3,964.98,18.53
2022Q2,Australia,Dhamra,Grain,Handysize,4350,2403.3,964.98,21.96
2022Q2,Australia,Vizag,Coal,Capesize,4250,2403.3,964.98,11.81
2022Q2,Australia,Vizag,Coal,Panamax,4250,2403.3,964.98,13.53
2022Q2,Australia,Vizag,Coal,Supramax,4250,2403.3,964.98,15.96
2022Q2,Australia,Vizag,Coal,Handysize,4250,2403.3,964.98,18.19
2022Q2,Australia,Vizag,Iron Ore,Capesize,4250,2403.3,964.98,10.06
2022Q2,Australia,Vizag,Iron Ore,Panamax,4250,2403.3,964.98,11.95
2022Q2,Australia,Vizag,Bauxite,Panamax,4250,2403.3,964.98,14.08
2022Q2,Australia,Vizag,Bauxite,Supramax,4250,2403.3,964.98,16.4
2022Q2,Australia,Vizag,Bauxite,Handysize,4250,2403.3,964.98,17.8
2022Q2,Australia,Vizag,Grain,Panamax,4250,2403.3,964.98,15.86
2022Q2,Australia,Vizag,Grain,Supramax,4250,2403.3,964.98,18.8
2022Q2,Australia,Vizag,Grain,Handysize,4250,2403.3,964.98,21.56
2022Q2,Australia,Haldia,Coal,Capesize,4520,2403.3,964.98,15.41
2022Q2,Australia,Haldia,Coal,Panamax,4520,2403.3,964.98,18.5
2022Q2,Australia,Haldia,Coal,Supramax,4520,2403.3,964.98,20.42
2022Q2,Australia,Haldia,Coal,Handysize,4520,2403.3,964.98,23.23
2022Q2,Australia,Haldia,Iron Ore,Capesize,4520,2403.3,964.98,13.82
2022Q2,Australia,Haldia,Iron Ore,Panamax,4520,2403.3,964.98,16.81
2022Q2,Australia,Haldia,Bauxite,Panamax,4520,2403.3,964.98,20.23
2022Q2,Australia,Haldia,Bauxite,Supramax,4520,2403.3,964.98,22.9
2022Q2,Australia,Haldia,Bauxite,Handysize,4520,2403.3,964.98,24.54
2022Q2,Australia,Haldia,Grain,Panamax,4520,2403.3,964.98,21.65
2022Q2,Australia,Haldia,Grain,Supramax,4520,2403.3,964.98,25.7
2022Q2,Australia,Haldia,Grain,Handysize,4520,2403.3,964.98,29.75
2022Q2,Australia,Kolkata,Coal,Capesize,4550,2403.3,964.98,17.81
2022Q2,Australia,Kolkata,Coal,Panamax,4550,2403.3,964.98,19.81
2022Q2,Australia,Kolkata,Coal,Supramax,4550,2403.3,964.98,23.93
2022Q2,Australia,Kolkata,Coal,Handysize,4550,2403.3,964.98,28.12
2022Q2,Australia,Kolkata,Iron Ore,Capesize,4550,2403.3,964.98,16.19
2022Q2,Australia,Kolkata,Iron Ore,Panamax,4550,2403.3,964.98,17.9
2022Q2,Australia,Kolkata,Bauxite,Panamax,4550,2403.3,964.98,21.23
2022Q2,Australia,Kolkata,Bauxite,Supramax,4550,2403.3,964.98,22.7
2022Q2,Australia,Kolkata,Bauxite,Handysize,4550,2403.3,964.98,28.47
2022Q2,Australia,Kolkata,Grain,Panamax,4550,2403.3,964.98,24.11
2022Q2,Australia,Kolkata,Grain,Supramax,4550,2403.3,964.98,27.63
2022Q2,Australia,Kolkata,Grain,Handysize,4550,2403.3,964.98,33.45
2022Q2,Indonesia,Paradip,Coal,Capesize,2800,2403.3,964.98,7.2
2022Q2,Indonesia,Paradip,Coal,Panamax,2800,2403.3,964.98,7.78
2022Q2,Indonesia,Paradip,Coal,Supramax,2800,2403.3,964.98,9.93
2022Q2,Indonesia,Paradip,Coal,Handysize,2800,2403.3,964.98,11.07
2022Q2,Indonesia,Paradip,Iron Ore,Capesize,2800,2403.3,964.98,6.6
2022Q2,Indonesia,Paradip,Iron Ore,Panamax,2800,2403.3,964.98,7.26
2022Q2,Indonesia,Paradip,Bauxite,Panamax,2800,2403.3,964.98,8.88
2022Q2,Indonesia,Paradip,Bauxite,Supramax,2800,2403.3,964.98,10.25
2022Q2,Indonesia,Paradip,Bauxite,Handysize,2800,2403.3,964.98,12.14
2022Q2,Indonesia,Paradip,Grain,Panamax,2800,2403.3,964.98,10.18
2022Q2,Indonesia,Paradip,Grain,Supramax,2800,2403.3,964.98,11.72
2022Q2,Indonesia,Paradip,Grain,Handysize,2800,2403.3,964.98,12.99
2022Q2,Indonesia,Dhamra,Coal,Capesize,2750,2403.3,964.98,6.45
2022Q2,Indonesia,Dhamra,Coal,Panamax,2750,2403.3,964.98,7.8
2022Q2,Indonesia,Dhamra,Coal,Supramax,2750,2403.3,964.98,9.28
2022Q2,Indonesia,Dhamra,Coal,Handysize,2750,2403.3,964.98,10.55
2022Q2,Indonesia,Dhamra,Iron Ore,Capesize,2750,2403.3,964.98,6.25
2022Q2,Indonesia,Dhamra,Iron Ore,Panamax,2750,2403.3,964.98,7.09
2022Q2,Indonesia,Dhamra,Bauxite,Panamax,2750,2403.3,964.98,8.08
2022Q2,Indonesia,Dhamra,Bauxite,Supramax,2750,2403.3,964.98,9.66
2022Q2,Indonesia,Dhamra,Bauxite,Handysize,2750,2403.3,964.98,11.41
2022Q2,Indonesia,Dhamra,Grain,Panamax,2750,2403.3,964.98,9.66
2022Q2,Indonesia,Dhamra,Grain,Supramax,2750,2403.3,964.98,11.88
2022Q2,Indonesia,Dhamra,Grain,Handysize,2750,2403.3,964.98,12.63
2022Q2,Indonesia,Vizag,Coal,Capesize,2650,2403.3,964.98,6.64
2022Q2,Indonesia,Vizag,Coal,Panamax,2650,2403.3,964.98,7.91
2022Q2,Indonesia,Vizag,Coal,Supramax,2650,2403.3,964.98,9.09
2022Q2,Indonesia,Vizag,Coal,Handysize,2650,2403.3,964.98,10.37
2022Q2,Indonesia,Vizag,Iron Ore,Capesize,2650,2403.3,964.98,5.67
2022Q2,Indonesia,Vizag,Iron Ore,Panamax,2650,2403.3,964.98,6.89
2022Q2,Indonesia,Vizag,Bauxite,Panamax,2650,2403.3,964.98,7.88
2022Q2,Indonesia,Vizag,Bauxite,Supramax,2650,2403.3,964.98,8.97
2022Q2,Indonesia,Vizag,Bauxite,Handysize,2650,2403.3,964.98,10.78
2022Q2,Indonesia,Vizag,Grain,Panamax,2650,2403.3,964.98,9.01
2022Q2,Indonesia,Vizag,Grain,Supramax,2650,2403.3,964.98,11.14
2022Q2,Indonesia,Vizag,Grain,Handysize,2650,2403.3,964.98,12.94
2022Q2,Indonesia,Haldia,Coal,Capesize,2920,2403.3,964.98,9.27
2022Q2,Indonesia,Haldia,Coal,Panamax,2920,2403.3,964.98,11.11
2022Q2,Indonesia,Haldia,Coal,Supramax,2920,2403.3,964.98,12.23
2022Q2,Indonesia,Haldia,Coal,Handysize,2920,2403.3,964.98,14.92
2022Q2,Indonesia,Haldia,Iron Ore,Capesize,2920,2403.3,964.98,8.74
2022Q2,Indonesia,Haldia,Iron Ore,Panamax,2920,2403.3,964.98,10.38
2022Q2,Indonesia,Haldia,Bauxite,Panamax,2920,2403.3,964.98,11.48
2022Q2,Indonesia,Haldia,Bauxite,Supramax,2920,2403.3,964.98,14.24
2022Q2,Indonesia,Haldia,Bauxite,Handysize,2920,2403.3,964.98,15.09
2022Q2,Indonesia,Haldia,Grain,Panamax,2920,2403.3,964.98,12.86
2022Q2,Indonesia,Haldia,Grain,Supramax,2920,2403.3,964.98,16.08
2022Q2,Indonesia,Haldia,Grain,Handysize,2920,2403.3,964.98,19.28
2022Q2,Indonesia,Kolkata,Coal,Capesize,2950,2403.3,964.98,11.22
2022Q2,Indonesia,Kolkata,Coal,Panamax,2950,2403.3,964.98,12.9
2022Q2,Indonesia,Kolkata,Coal,Supramax,2950,2403.3,964.98,13.91
2022Q2,Indonesia,Kolkata,Coal,Handysize,2950,2403.3,964.98,16.25
2022Q2,Indonesia,Kolkata,Iron Ore,Capesize,2950,2403.3,964.98,9.97
2022Q2,Indonesia,Kolkata,Iron Ore,Panamax,2950,2403.3,964.98,11.48
2022Q2,Indonesia,Kolkata,Bauxite,Panamax,2950,2403.3,964.98,13.04
2022Q2,Indonesia,Kolkata,Bauxite,Supramax,2950,2403.3,964.98,15.86
2022Q2,Indonesia,Kolkata,Bauxite,Handysize,2950,2403.3,964.98,18.44
2022Q2,Indonesia,Kolkata,Grain,Panamax,2950,2403.3,964.98,16.01
2022Q2,Indonesia,Kolkata,Grain,Supramax,2950,2403.3,964.98,18.17
2022Q2,Indonesia,Kolkata,Grain,Handysize,2950,2403.3,964.98,21.89
2022Q2,South Africa,Paradip,Coal,Capesize,5000,2403.3,964.98,12.14
2022Q2,South Africa,Paradip,Coal,Panamax,5000,2403.3,964.98,14.16
2022Q2,South Africa,Paradip,Coal,Supramax,5000,2403.3,964.98,17.2
2022Q2,South Africa,Paradip,Coal,Handysize,5000,2403.3,964.98,18.59
2022Q2,South Africa,Paradip,Iron Ore,Capesize,5000,2403.3,964.98,12.0
2022Q2,South Africa,Paradip,Iron Ore,Panamax,5000,2403.3,964.98,12.96
2022Q2,South Africa,Paradip,Bauxite,Panamax,5000,2403.3,964.98,15.12
2022Q2,South Africa,Paradip,Bauxite,Supramax,5000,2403.3,964.98,17.73
2022Q2,South Africa,Paradip,Bauxite,Handysize,5000,2403.3,964.98,21.54
2022Q2,South Africa,Paradip,Grain,Panamax,5000,2403.3,964.98,17.53
2022Q2,South Africa,Paradip,Grain,Supramax,5000,2403.3,964.98,18.78
2022Q2,South Africa,Paradip,Grain,Handysize,5000,2403.3,964.98,24.23
2022Q2,South Africa,Dhamra,Coal,Capesize,4950,2403.3,964.98,11.65
2022Q2,South Africa,Dhamra,Coal,Panamax,4950,2403.3,964.98,13.86
2022Q2,South Africa,Dhamra,Coal,Supramax,4950,2403.3,964.98,15.39
2022Q2,South Africa,Dhamra,Coal,Handysize,4950,2403.3,964.98,19.04
2022Q2,South Africa,Dhamra,Iron Ore,Capesize,4950,2403.3,964.98,10.37
2022Q2,South Africa,Dhamra,Iron Ore,Panamax,4950,2403.3,964.98,12.47
2022Q2,South Africa,Dhamra,Bauxite,Panamax,4950,2403.3,964.98,14.35
2022Q2,South Africa,Dhamra,Bauxite,Supramax,4950,2403.3,964.98,18.05
2022Q2,South Africa,Dhamra,Bauxite,Handysize,4950,2403.3,964.98,20.99
2022Q2,South Africa,Dhamra,Grain,Panamax,4950,2403.3,964.98,16.6
2022Q2,South Africa,Dhamra,Grain,Supramax,4950,2403.3,964.98,19.37
2022Q2,South Africa,Dhamra,Grain,Handysize,4950,2403.3,964.98,22.14
2022Q2,South Africa,Vizag,Coal,Capesize,4850,2403.3,964.98,12.11
2022Q2,South Africa,Vizag,Coal,Panamax,4850,2403.3,964.98,13.49
2022Q2,South Africa,Vizag,Coal,Supramax,4850,2403.3,964.98,15.68
2022Q2,South Africa,Vizag,Coal,Handysize,4850,2403.3,964.98,19.11
2022Q2,South Africa,Vizag,Iron Ore,Capesize,4850,2403.3,964.98,10.29
2022Q2,South Africa,Vizag,Iron Ore,Panamax,4850,2403.3,964.98,12.26
2022Q2,South Africa,Vizag,Bauxite,Panamax,4850,2403.3,964.98,13.53
2022Q2,South Africa,Vizag,Bauxite,Supramax,4850,2403.3,964.98,17.13
2022Q2,South Africa,Vizag,Bauxite,Handysize,4850,2403.3,964.98,20.72
2022Q2,South Africa,Vizag,Grain,Panamax,4850,2403.3,964.98,16.79
2022Q2,South Africa,Vizag,Grain,Supramax,4850,2403.3,964.98,20.08
2022Q2,South Africa,Vizag,Grain,Handysize,4850,2403.3,964.98,21.52
2022Q2,South Africa,Haldia,Coal,Capesize,5120,2403.3,964.98,15.95
2022Q2,South Africa,Haldia,Coal,Panamax,5120,2403.3,964.98,17.91
2022Q2,South Africa,Haldia,Coal,Supramax,5120,2403.3,964.98,21.43
2022Q2,South Africa,Haldia,Coal,Handysize,5120,2403.3,964.98,25.75
2022Q2,South Africa,Haldia,Iron Ore,Capesize,5120,2403.3,964.98,14.29
2022Q2,South Africa,Haldia,Iron Ore,Panamax,5120,2403.3,964.98,15.84
2022Q2,South Africa,Haldia,Bauxite,Panamax,5120,2403.3,964.98,18.55
2022Q2,South Africa,Haldia,Bauxite,Supramax,5120,2403.3,964.98,21.59
2022Q2,South Africa,Haldia,Bauxite,Handysize,5120,2403.3,964.98,26.78
2022Q2,South Africa,Haldia,Grain,Panamax,5120,2403.3,964.98,23.83
2022Q2,South Africa,Haldia,Grain,Supramax,5120,2403.3,964.98,27.16
2022Q2,South Africa,Haldia,Grain,Handysize,5120,2403.3,964.98,28.1
2022Q2,South Africa,Kolkata,Coal,Capesize,5150,2403.3,964.98,18.64
2022Q2,South Africa,Kolkata,Coal,Panamax,5150,2403.3,964.98,21.47
2022Q2,South Africa,Kolkata,Coal,Supramax,5150,2403.3,964.98,22.95
2022Q2,South Africa,Kolkata,Coal,Handysize,5150,2403.3,964.98,27.86
2022Q2,South Africa,Kolkata,Iron Ore,Capesize,5150,2403.3,964.98,16.6
2022Q2,South Africa,Kolkata,Iron Ore,Panamax,5150,2403.3,964.98,19.07
2022Q2,South Africa,Kolkata,Bauxite,Panamax,5150,2403.3,964.98,20.83
2022Q2,South Africa,Kolkata,Bauxite,Supramax,5150,2403.3,964.98,26.02
2022Q2,South Africa,Kolkata,Bauxite,Handysize,5150,2403.3,964.98,27.35
2022Q2,South Africa,Kolkata,Grain,Panamax,5150,2403.3,964.98,24.76
2022Q2,South Africa,Kolkata,Grain,Supramax,5150,2403.3,964.98,30.27
2022Q2,South Africa,Kolkata,Grain,Handysize,5150,2403.3,964.98,33.81
2022Q2,Mozambique,Paradip,Coal,Capesize,3600,2403.3,964.98,10.77
2022Q2,Mozambique,Paradip,Coal,Panamax,3600,2403.3,964.98,13.23
2022Q2,Mozambique,Paradip,Coal,Supramax,3600,2403.3,964.98,15.48
2022Q2,Mozambique,Paradip,Coal,Handysize,3600,2403.3,964.98,18.17
2022Q2,Mozambique,Paradip,Iron Ore,Capesize,3600,2403.3,964.98,10.17
2022Q2,Mozambique,Paradip,Iron Ore,Panamax,3600,2403.3,964.98,11.99
2022Q2,Mozambique,Paradip,Bauxite,Panamax,3600,2403.3,964.98,13.82
2022Q2,Mozambique,Paradip,Bauxite,Supramax,3600,2403.3,964.98,15.87
2022Q2,Mozambique,Paradip,Bauxite,Handysize,3600,2403.3,964.98,18.3
2022Q2,Mozambique,Paradip,Grain,Panamax,3600,2403.3,964.98,15.27
2022Q2,Mozambique,Paradip,Grain,Supramax,3600,2403.3,964.98,17.2
2022Q2,Mozambique,Paradip,Grain,Handysize,3600,2403.3,964.98,20.16
2022Q2,Mozambique,Dhamra,Coal,Capesize,3550,2403.3,964.98,10.51
2022Q2,Mozambique,Dhamra,Coal,Panamax,3550,2403.3,964.98,12.53
2022Q2,Mozambique,Dhamra,Coal,Supramax,3550,2403.3,964.98,15.23
2022Q2,Mozambique,Dhamra,Coal,Handysize,3550,2403.3,964.98,16.8
2022Q2,Mozambique,Dhamra,Iron Ore,Capesize,3550,2403.3,964.98,9.89
2022Q2,Mozambique,Dhamra,Iron Ore,Panamax,3550,2403.3,964.98,11.61
2022Q2,Mozambique,Dhamra,Bauxite,Panamax,3550,2403.3,964.98,12.94
2022Q2,Mozambique,Dhamra,Bauxite,Supramax,3550,2403.3,964.98,15.54
2022Q2,Mozambique,Dhamra,Bauxite,Handysize,3550,2403.3,964.98,17.52
2022Q2,Mozambique,Dhamra,Grain,Panamax,3550,2403.3,964.98,15.6
2022Q2,Mozambique,Dhamra,Grain,Supramax,3550,2403.3,964.98,17.78
2022Q2,Mozambique,Dhamra,Grain,Handysize,3550,2403.3,964.98,19.35
2022Q2,Mozambique,Vizag,Coal,Capesize,3450,2403.3,964.98,10.54
2022Q2,Mozambique,Vizag,Coal,Panamax,3450,2403.3,964.98,12.97
2022Q2,Mozambique,Vizag,Coal,Supramax,3450,2403.3,964.98,14.22
2022Q2,Mozambique,Vizag,Coal,Handysize,3450,2403.3,964.98,16.87
2022Q2,Mozambique,Vizag,Iron Ore,Capesize,3450,2403.3,964.98,9.61
2022Q2,Mozambique,Vizag,Iron Ore,Panamax,3450,2403.3,964.98,10.64
2022Q2,Mozambique,Vizag,Bauxite,Panamax,3450,2403.3,964.98,13.11
2022Q2,Mozambique,Vizag,Bauxite,Supramax,3450,2403.3,964.98,14.29
2022Q2,Mozambique,Vizag,Bauxite,Handysize,3450,2403.3,964.98,17.06
2022Q2,Mozambique,Vizag,Grain,Panamax,3450,2403.3,964.98,15.27
2022Q2,Mozambique,Vizag,Grain,Supramax,3450,2403.3,964.98,17.38
2022Q2,Mozambique,Vizag,Grain,Handysize,3450,2403.3,964.98,19.72
2022Q2,Mozambique,Haldia,Coal,Capesize,3720,2403.3,964.98,14.73
2022Q2,Mozambique,Haldia,Coal,Panamax,3720,2403.3,964.98,16.94
2022Q2,Mozambique,Haldia,Coal,Supramax,3720,2403.3,964.98,19.81
2022Q2,Mozambique,Haldia,Coal,Handysize,3720,2403.3,964.98,23.52
2022Q2,Mozambique,Haldia,Iron Ore,Capesize,3720,2403.3,964.98,12.72
2022Q2,Mozambique,Haldia,Iron Ore,Panamax,3720,2403.3,964.98,15.3
2022Q2,Mozambique,Haldia,Bauxite,Panamax,3720,2403.3,964.98,17.63
2022Q2,Mozambique,Haldia,Bauxite,Supramax,3720,2403.3,964.98,19.64
2022Q2,Mozambique,Haldia,Bauxite,Handysize,3720,2403.3,964.98,23.36
2022Q2,Mozambique,Haldia,Grain,Panamax,3720,2403.3,964.98,21.49
2022Q2,Mozambique,Haldia,Grain,Supramax,3720,2403.3,964.98,24.09
2022Q2,Mozambique,Haldia,Grain,Handysize,3720,2403.3,964.98,26.31
2022Q2,Mozambique,Kolkata,Coal,Capesize,3750,2403.3,964.98,15.62
2022Q2,Mozambique,Kolkata,Coal,Panamax,3750,2403.3,964.98,19.25
2022Q2,Mozambique,Kolkata,Coal,Supramax,3750,2403.3,964.98,23.78
2022Q2,Mozambique,Kolkata,Coal,Handysize,3750,2403.3,964.98,26.01
2022Q2,Mozambique,Kolkata,Iron Ore,Capesize,3750,2403.3,964.98,15.54
2022Q2,Mozambique,Kolkata,Iron Ore,Panamax,3750,2403.3,964.98,17.61
2022Q2,Mozambique,Kolkata,Bauxite,Panamax,3750,2403.3,964.98,20.63
2022Q2,Mozambique,Kolkata,Bauxite,Supramax,3750,2403.3,964.98,22.57
2022Q2,Mozambique,Kolkata,Bauxite,Handysize,3750,2403.3,964.98,28.39
2022Q2,Mozambique,Kolkata,Grain,Panamax,3750,2403.3,964.98,22.92
2022Q2,Mozambique,Kolkata,Grain,Supramax,3750,2403.3,964.98,27.88
2022Q2,Mozambique,Kolkata,Grain,Handysize,3750,2403.3,964.98,30.52
2022Q2,Russia,Paradip,Coal,Capesize,6000,2403.3,964.98,24.08
2022Q2,Russia,Paradip,Coal,Panamax,6000,2403.3,964.98,28.37
2022Q2,Russia,Paradip,Coal,Supramax,6000,2403.3,964.98,32.52
2022Q2,Russia,Paradip,Coal,Handysize,6000,2403.3,964.98,38.48
2022Q2,Russia,Paradip,Iron Ore,Capesize,6000,2403.3,964.98,21.34
2022Q2,Russia,Paradip,Iron Ore,Panamax,6000,2403.3,964.98,24.65
2022Q2,Russia,Paradip,Bauxite,Panamax,6000,2403.3,964.98,31.08
2022Q2,Russia,Paradip,Bauxite,Supramax,6000,2403.3,964.98,35.59
2022Q2,Russia,Paradip,Bauxite,Handysize,6000,2403.3,964.98,38.78
2022Q2,Russia,Paradip,Grain,Panamax,6000,2403.3,964.98,34.29
2022Q2,Russia,Paradip,Grain,Supramax,6000,2403.3,964.98,38.21
2022Q2,Russia,Paradip,Grain,Handysize,6000,2403.3,964.98,43.65
2022Q2,Russia,Dhamra,Coal,Capesize,5950,2403.3,964.98,24.3
2022Q2,Russia,Dhamra,Coal,Panamax,5950,2403.3,964.98,25.82
2022Q2,Russia,Dhamra,Coal,Supramax,5950,2403.3,964.98,33.07
2022Q2,Russia,Dhamra,Coal,Handysize,5950,2403.3,964.98,36.85
2022Q2,Russia,Dhamra,Iron Ore,Capesize,5950,2403.3,964.98,20.95
2022Q2,Russia,Dhamra,Iron Ore,Panamax,5950,2403.3,964.98,25.06
2022Q2,Russia,Dhamra,Bauxite,Panamax,5950,2403.3,964.98,29.41
2022Q2,Russia,Dhamra,Bauxite,Supramax,5950,2403.3,964.98,32.66
2022Q2,Russia,Dhamra,Bauxite,Handysize,5950,2403.3,964.98,40.01
2022Q2,Russia,Dhamra,Grain,Panamax,5950,2403.3,964.98,33.07
2022Q2,Russia,Dhamra,Grain,Supramax,5950,2403.3,964.98,36.74
2022Q2,Russia,Dhamra,Grain,Handysize,5950,2403.3,964.98,44.35
2022Q2,Russia,Vizag,Coal,Capesize,5850,2403.3,964.98,24.73
2022Q2,Russia,Vizag,Coal,Panamax,5850,2403.3,964.98,29.24
2022Q2,Russia,Vizag,Coal,Supramax,5850,2403.3,964.98,33.03
2022Q2,Russia,Vizag,Coal,Handysize,5850,2403.3,964.98,35.84
2022Q2,Russia,Vizag,Iron Ore,Capesize,5850,2403.3,964.98,21.59
2022Q2,Russia,Vizag,Iron Ore,Panamax,5850,2403.3,964.98,25.59
2022Q2,Russia,Vizag,Bauxite,Panamax,5850,2403.3,964.98,29.73
2022Q2,Russia,Vizag,Bauxite,Supramax,5850,2403.3,964.98,34.76
2022Q2,Russia,Vizag,Bauxite,Handysize,5850,2403.3,964.98,39.76
2022Q2,Russia,Vizag,Grain,Panamax,5850,2403.3,964.98,33.05
2022Q2,Russia,Vizag,Grain,Supramax,5850,2403.3,964.98,37.84
2022Q2,Russia,Vizag,Grain,Handysize,5850,2403.3,964.98,41.89
2022Q2,Russia,Haldia,Coal,Capesize,6120,2403.3,964.98,28.43
2022Q2,Russia,Haldia,Coal,Panamax,6120,2403.3,964.98,33.11
2022Q2,Russia,Haldia,Coal,Supramax,6120,2403.3,964.98,39.13
2022Q2,Russia,Haldia,Coal,Handysize,6120,2403.3,964.98,42.46
2022Q2,Russia,Haldia,Iron Ore,Capesize,6120,2403.3,964.98,25.86
2022Q2,Russia,Haldia,Iron Ore,Panamax,6120,2403.3,964.98,31.73
2022Q2,Russia,Haldia,Bauxite,Panamax,6120,2403.3,964.98,34.63
2022Q2,Russia,Haldia,Bauxite,Supramax,6120,2403.3,964.98,40.21
2022Q2,Russia,Haldia,Bauxite,Handysize,6120,2403.3,964.98,47.28
2022Q2,Russia,Haldia,Grain,Panamax,6120,2403.3,964.98,42.28
2022Q2,Russia,Haldia,Grain,Supramax,6120,2403.3,964.98,44.4
2022Q2,Russia,Haldia,Grain,Handysize,6120,2403.3,964.98,53.83
2022Q2,Russia,Kolkata,Coal,Capesize,6150,2403.3,964.98,29.54
2022Q2,Russia,Kolkata,Coal,Panamax,6150,2403.3,964.98,34.89
2022Q2,Russia,Kolkata,Coal,Supramax,6150,2403.3,964.98,41.43
2022Q2,Russia,Kolkata,Coal,Handysize,6150,2403.3,964.98,50.45
2022Q2,Russia,Kolkata,Iron Ore,Capesize,6150,2403.3,964.98,29.07
2022Q2,Russia,Kolkata,Iron Ore,Panamax,6150,2403.3,964.98,32.52
2022Q2,Russia,Kolkata,Bauxite,Panamax,6150,2403.3,964.98,36.86
2022Q2,Russia,Kolkata,Bauxite,Supramax,6150,2403.3,964.98,47.38
2022Q2,Russia,Kolkata,Bauxite,Handysize,6150,2403.3,964.98,49.83
2022Q2,Russia,Kolkata,Grain,Panamax,6150,2403.3,964.98,41.84
2022Q2,Russia,Kolkata,Grain,Supramax,6150,2403.3,964.98,46.71
2022Q2,Russia,Kolkata,Grain,Handysize,6150,2403.3,964.98,60.63
2022Q3,Australia,Paradip,Coal,Capesize,4400,1540.0,911.94,7.72
2022Q3,Australia,Paradip,Coal,Panamax,4400,1540.0,911.94,9.48
2022Q3,Australia,Paradip,Coal,Supramax,4400,1540.0,911.94,9.7
2022Q3,Australia,Paradip,Coal,Handysize,4400,1540.0,911.94,12.44
2022Q3,Australia,Paradip,Iron Ore,Capesize,4400,1540.0,911.94,6.74
2022Q3,Australia,Paradip,Iron Ore,Panamax,4400,1540.0,911.94,8.09
2022Q3,Australia,Paradip,Bauxite,Panamax,4400,1540.0,911.94,8.65
2022Q3,Australia,Paradip,Bauxite,Supramax,4400,1540.0,911.94,11.26
2022Q3,Australia,Paradip,Bauxite,Handysize,4400,1540.0,911.94,12.77
2022Q3,Australia,Paradip,Grain,Panamax,4400,1540.0,911.94,10.48
2022Q3,Australia,Paradip,Grain,Supramax,4400,1540.0,911.94,12.52
2022Q3,Australia,Paradip,Grain,Handysize,4400,1540.0,911.94,13.83
2022Q3,Australia,Dhamra,Coal,Capesize,4350,1540.0,911.94,7.06
2022Q3,Australia,Dhamra,Coal,Panamax,4350,1540.0,911.94,8.29
2022Q3,Australia,Dhamra,Coal,Supramax,4350,1540.0,911.94,9.2
2022Q3,Australia,Dhamra,Coal,Handysize,4350,1540.0,911.94,11.76
2022Q3,Australia,Dhamra,Iron Ore,Capesize,4350,1540.0,911.94,6.75
2022Q3,Australia,Dhamra,Iron Ore,Panamax,4350,1540.0,911.94,7.4
2022Q3,Australia,Dhamra,Bauxite,Panamax,4350,1540.0,911.94,8.96
2022Q3,Australia,Dhamra,Bauxite,Supramax,4350,1540.0,911.94,10.23
2022Q3,Australia,Dhamra,Bauxite,Handysize,4350,1540.0,911.94,12.13
2022Q3,Australia,Dhamra,Grain,Panamax,4350,1540.0,911.94,9.9
2022Q3,Australia,Dhamra,Grain,Supramax,4350,1540.0,911.94,11.44
2022Q3,Australia,Dhamra,Grain,Handysize,4350,1540.0,911.94,14.21
2022Q3,Australia,Vizag,Coal,Capesize,4250,1540.0,911.94,7.32
2022Q3,Australia,Vizag,Coal,Panamax,4250,1540.0,911.94,9.2
2022Q3,Australia,Vizag,Coal,Supramax,4250,1540.0,911.94,10.03
2022Q3,Australia,Vizag,Coal,Handysize,4250,1540.0,911.94,11.25
2022Q3,Australia,Vizag,Iron Ore,Capesize,4250,1540.0,911.94,6.89
2022Q3,Australia,Vizag,Iron Ore,Panamax,4250,1540.0,911.94,7.9
2022Q3,Australia,Vizag,Bauxite,Panamax,4250,1540.0,911.94,9.25
2022Q3,Australia,Vizag,Bauxite,Supramax,4250,1540.0,911.94,10.96
2022Q3,Australia,Vizag,Bauxite,Handysize,4250,1540.0,911.94,11.93
2022Q3,Australia,Vizag,Grain,Panamax,4250,1540.0,911.94,10.26
2022Q3,Australia,Vizag,Grain,Supramax,4250,1540.0,911.94,11.95
2022Q3,Australia,Vizag,Grain,Handysize,4250,1540.0,911.94,13.32
2022Q3,Australia,Haldia,Coal,Capesize,4520,1540.0,911.94,9.87
2022Q3,Australia,Haldia,Coal,Panamax,4520,1540.0,911.94,12.2
2022Q3,Australia,Haldia,Coal,Supramax,4520,1540.0,911.94,13.71
2022Q3,Australia,Haldia,Coal,Handysize,4520,1540.0,911.94,15.04
2022Q3,Australia,Haldia,Iron Ore,Capesize,4520,1540.0,911.94,8.47
2022Q3,Australia,Haldia,Iron Ore,Panamax,4520,1540.0,911.94,11.1
2022Q3,Australia,Haldia,Bauxite,Panamax,4520,1540.0,911.94,12.2
2022Q3,Australia,Haldia,Bauxite,Supramax,4520,1540.0,911.94,13.96
2022Q3,Australia,Haldia,Bauxite,Handysize,4520,1540.0,911.94,16.42
2022Q3,Australia,Haldia,Grain,Panamax,4520,1540.0,911.94,13.27
2022Q3,Australia,Haldia,Grain,Supramax,4520,1540.0,911.94,17.13
2022Q3,Australia,Haldia,Grain,Handysize,4520,1540.0,911.94,18.68
2022Q3,Australia,Kolkata,Coal,Capesize,4550,1540.0,911.94,11.74
2022Q3,Australia,Kolkata,Coal,Panamax,4550,1540.0,911.94,13.14
2022Q3,Australia,Kolkata,Coal,Supramax,4550,1540.0,911.94,16.07
2022Q3,Australia,Kolkata,Coal,Handysize,4550,1540.0,911.94,17.92
2022Q3,Australia,Kolkata,Iron Ore,Capesize,4550,1540.0,911.94,10.38
2022Q3,Australia,Kolkata,Iron Ore,Panamax,4550,1540.0,911.94,12.1
2022Q3,Australia,Kolkata,Bauxite,Panamax,4550,1540.0,911.94,14.07
2022Q3,Australia,Kolkata,Bauxite,Supramax,4550,1540.0,911.94,16.26
2022Q3,Australia,Kolkata,Bauxite,Handysize,4550,1540.0,911.94,18.5
2022Q3,Australia,Kolkata,Grain,Panamax,4550,1540.0,911.94,16.79
2022Q3,Australia,Kolkata,Grain,Supramax,4550,1540.0,911.94,17.78
2022Q3,Australia,Kolkata,Grain,Handysize,4550,1540.0,911.94,21.32
2022Q3,Indonesia,Paradip,Coal,Capesize,2800,1540.0,911.94,4.63
2022Q3,Indonesia,Paradip,Coal,Panamax,2800,1540.0,911.94,5.49
2022Q3,Indonesia,Paradip,Coal,Supramax,2800,1540.0,911.94,6.22
2022Q3,Indonesia,Paradip,Coal,Handysize,2800,1540.0,911.94,7.41
2022Q3,Indonesia,Paradip,Iron Ore,Capesize,2800,1540.0,911.94,4.14
2022Q3,Indonesia,Paradip,Iron Ore,Panamax,2800,1540.0,911.94,4.6
2022Q3,Indonesia,Paradip,Bauxite,Panamax,2800,1540.0,911.94,5.69
2022Q3,Indonesia,Paradip,Bauxite,Supramax,2800,1540.0,911.94,6.38
2022Q3,Indonesia,Paradip,Bauxite,Handysize,2800,1540.0,911.94,7.23
2022Q3,Indonesia,Paradip,Grain,Panamax,2800,1540.0,911.94,6.53
2022Q3,Indonesia,Paradip,Grain,Supramax,2800,1540.0,911.94,7.71
2022Q3,Indonesia,Paradip,Grain,Handysize,2800,1540.0,911.94,8.96
2022Q3,Indonesia,Dhamra,Coal,Capesize,2750,1540.0,911.94,4.44
2022Q3,Indonesia,Dhamra,Coal,Panamax,2750,1540.0,911.94,4.76
2022Q3,Indonesia,Dhamra,Coal,Supramax,2750,1540.0,911.94,5.67
2022Q3,Indonesia,Dhamra,Coal,Handysize,2750,1540.0,911.94,7.38
2022Q3,Indonesia,Dhamra,Iron Ore,Capesize,2750,1540.0,911.94,4.0
2022Q3,Indonesia,Dhamra,Iron Ore,Panamax,2750,1540.0,911.94,4.69
2022Q3,Indonesia,Dhamra,Bauxite,Panamax,2750,1540.0,911.94,5.23
2022Q3,Indonesia,Dhamra,Bauxite,Supramax,2750,1540.0,911.94,6.27
2022Q3,Indonesia,Dhamra,Bauxite,Handysize,2750,1540.0,911.94,7.09
2022Q3,Indonesia,Dhamra,Grain,Panamax,2750,1540.0,911.94,6.24
2022Q3,Indonesia,Dhamra,Grain,Supramax,2750,1540.0,911.94,7.17
2022Q3,Indonesia,Dhamra,Grain,Handysize,2750,1540.0,911.94,8.16
2022Q3,Indonesia,Vizag,Coal,Capesize,2650,1540.0,911.94,4.11
2022Q3,Indonesia,Vizag,Coal,Panamax,2650,1540.0,911.94,5.04
2022Q3,Indonesia,Vizag,Coal,Supramax,2650,1540.0,911.94,5.58
2022Q3,Indonesia,Vizag,Coal,Handysize,2650,1540.0,911.94,6.87
2022Q3,Indonesia,Vizag,Iron Ore,Capesize,2650,1540.0,911.94,4.19
2022Q3,Indonesia,Vizag,Iron Ore,Panamax,2650,1540.0,911.94,4.71
2022Q3,Indonesia,Vizag,Bauxite,Panamax,2650,1540.0,911.94,5.38
2022Q3,Indonesia,Vizag,Bauxite,Supramax,2650,1540.0,911.94,6.1
2022Q3,Indonesia,Vizag,Bauxite,Handysize,2650,1540.0,911.94,6.62
2022Q3,Indonesia,Vizag,Grain,Panamax,2650,1540.0,911.94,5.72
2022Q3,Indonesia,Vizag,Grain,Supramax,2650,1540.0,911.94,7.31
2022Q3,Indonesia,Vizag,Grain,Handysize,2650,1540.0,911.94,7.89
2022Q3,Indonesia,Haldia,Coal,Capesize,2920,1540.0,911.94,5.98
2022Q3,Indonesia,Haldia,Coal,Panamax,2920,1540.0,911.94,7.14
2022Q3,Indonesia,Haldia,Coal,Supramax,2920,1540.0,911.94,8.07
2022Q3,Indonesia,Haldia,Coal,Handysize,2920,1540.0,911.94,9.31
2022Q3,Indonesia,Haldia,Iron Ore,Capesize,2920,1540.0,911.94,5.51
2022Q3,Indonesia,Haldia,Iron Ore,Panamax,2920,1540.0,911.94,6.26
2022Q3,Indonesia,Haldia,Bauxite,Panamax,2920,1540.0,911.94,7.35
2022Q3,Indonesia,Haldia,Bauxite,Supramax,2920,1540.0,911.94,8.56
2022Q3,Indonesia,Haldia,Bauxite,Handysize,2920,1540.0,911.94,10.4
2022Q3,Indonesia,Haldia,Grain,Panamax,2920,1540.0,911.94,8.55
2022Q3,Indonesia,Haldia,Grain,Supramax,2920,1540.0,911.94,9.99
2022Q3,Indonesia,Haldia,Grain,Handysize,2920,1540.0,911.94,11.91
2022Q3,Indonesia,Kolkata,Coal,Capesize,2950,1540.0,911.94,7.03
2022Q3,Indonesia,Kolkata,Coal,Panamax,2950,1540.0,911.94,8.19
2022Q3,Indonesia,Kolkata,Coal,Supramax,2950,1540.0,911.94,9.81
2022Q3,Indonesia,Kolkata,Coal,Handysize,2950,1540.0,911.94,11.47
2022Q3,Indonesia,Kolkata,Iron Ore,Capesize,2950,1540.0,911.94,6.33
2022Q3,Indonesia,Kolkata,Iron Ore,Panamax,2950,1540.0,911.94,7.47
2022Q3,Indonesia,Kolkata,Bauxite,Panamax,2950,1540.0,911.94,8.45
2022Q3,Indonesia,Kolkata,Bauxite,Supramax,2950,1540.0,911.94,9.83
2022Q3,Indonesia,Kolkata,Bauxite,Handysize,2950,1540.0,911.94,12.08
2022Q3,Indonesia,Kolkata,Grain,Panamax,2950,1540.0,911.94,10.08
2022Q3,Indonesia,Kolkata,Grain,Supramax,2950,1540.0,911.94,11.77
2022Q3,Indonesia,Kolkata,Grain,Handysize,2950,1540.0,911.94,13.58
2022Q3,South Africa,Paradip,Coal,Capesize,5000,1540.0,911.94,7.79
2022Q3,South Africa,Paradip,Coal,Panamax,5000,1540.0,911.94,9.33
2022Q3,South Africa,Paradip,Coal,Supramax,5000,1540.0,911.94,10.97
2022Q3,South Africa,Paradip,Coal,Handysize,5000,1540.0,911.94,12.73
2022Q3,South Africa,Paradip,Iron Ore,Capesize,5000,1540.0,911.94,6.98
2022Q3,South Africa,Paradip,Iron Ore,Panamax,5000,1540.0,911.94,8.59
2022Q3,South Africa,Paradip,Bauxite,Panamax,5000,1540.0,911.94,9.64
2022Q3,South Africa,Paradip,Bauxite,Supramax,5000,1540.0,911.94,11.4
2022Q3,South Africa,Paradip,Bauxite,Handysize,5000,1540.0,911.94,13.08
2022Q3,South Africa,Paradip,Grain,Panamax,5000,1540.0,911.94,11.02
2022Q3,South Africa,Paradip,Grain,Supramax,5000,1540.0,911.94,12.42
2022Q3,South Africa,Paradip,Grain,Handysize,5000,1540.0,911.94,15.16
2022Q3,South Africa,Dhamra,Coal,Capesize,4950,1540.0,911.94,8.31
2022Q3,South Africa,Dhamra,Coal,Panamax,4950,1540.0,911.94,8.73
2022Q3,South Africa,Dhamra,Coal,Supramax,4950,1540.0,911.94,10.35
2022Q3,South Africa,Dhamra,Coal,Handysize,4950,1540.0,911.94,11.79
2022Q3,South Africa,Dhamra,Iron Ore,Capesize,4950,1540.0,911.94,6.69
2022Q3,South Africa,Dhamra,Iron Ore,Panamax,4950,1540.0,911.94,8.39
2022Q3,South Africa,Dhamra,Bauxite,Panamax,4950,1540.0,911.94,9.07
2022Q3,South Africa,Dhamra,Bauxite,Supramax,4950,1540.0,911.94,10.66
2022Q3,South Africa,Dhamra,Bauxite,Handysize,4950,1540.0,911.94,11.88
2022Q3,South Africa,Dhamra,Grain,Panamax,4950,1540.0,911.94,10.34
2022Q3,South Africa,Dhamra,Grain,Supramax,4950,1540.0,911.94,11.65
2022Q3,South Africa,Dhamra,Grain,Handysize,4950,1540.0,911.94,14.7
2022Q3,South Africa,Vizag,Coal,Capesize,4850,1540.0,911.94,8.2
2022Q3,South Africa,Vizag,Coal,Panamax,4850,1540.0,911.94,8.63
2022Q3,South Africa,Vizag,Coal,Supramax,4850,1540.0,911.94,9.61
2022Q3,South Africa,Vizag,Coal,Handysize,4850,1540.0,911.94,12.21
2022Q3,South Africa,Vizag,Iron Ore,Capesize,4850,1540.0,911.94,6.55
2022Q3,South Africa,Vizag,Iron Ore,Panamax,4850,1540.0,911.94,8.23
2022Q3,South Africa,Vizag,Bauxite,Panamax,4850,1540.0,911.94,9.09
2022Q3,South Africa,Vizag,Bauxite,Supramax,4850,1540.0,911.94,10.47
2022Q3,South Africa,Vizag,Bauxite,Handysize,4850,1540.0,911.94,12.35
2022Q3,South Africa,Vizag,Grain,Panamax,4850,1540.0,911.94,10.77
2022Q3,South Africa,Vizag,Grain,Supramax,4850,1540.0,911.94,12.14
2022Q3,South Africa,Vizag,Grain,Handysize,4850,1540.0,911.94,13.96
2022Q3,South Africa,Haldia,Coal,Capesize,5120,1540.0,911.94,10.07
2022Q3,South Africa,Haldia,Coal,Panamax,5120,1540.0,911.94,11.34
2022Q3,South Africa,Haldia,Coal,Supramax,5120,1540.0,911.94,14.04
2022Q3,South Africa,Haldia,Coal,Handysize,5120,1540.0,911.94,15.06
2022Q3,South Africa,Haldia,Iron Ore,Capesize,5120,1540.0,911.94,8.98
2022Q3,South Africa,Haldia,Iron Ore,Panamax,5120,1540.0,911.94,10.96
2022Q3,South Africa,Haldia,Bauxite,Panamax,5120,1540.0,911.94,12.59
2022Q3,South Africa,Haldia,Bauxite,Supramax,5120,1540.0,911.94,14.84
2022Q3,South Africa,Haldia,Bauxite,Handysize,5120,1540.0,911.94,16.83
2022Q3,South Africa,Haldia,Grain,Panamax,5120,1540.0,911.94,14.82
2022Q3,South Africa,Haldia,Grain,Supramax,5120,1540.0,911.94,17.15
2022Q3,South Africa,Haldia,Grain,Handysize,5120,1540.0,911.94,19.58
2022Q3,South Africa,Kolkata,Coal,Capesize,5150,1540.0,911.94,11.75
2022Q3,South Africa,Kolkata,Coal,Panamax,5150,1540.0,911.94,13.67
2022Q3,South Africa,Kolkata,Coal,Supramax,5150,1540.0,911.94,15.3
2022Q3,South Africa,Kolkata,Coal,Handysize,5150,1540.0,911.94,17.19
2022Q3,South Africa,Kolkata,Iron Ore,Capesize,5150,1540.0,911.94,10.39
2022Q3,South Africa,Kolkata,Iron Ore,Panamax,5150,1540.0,911.94,12.22
2022Q3,South Africa,Kolkata,Bauxite,Panamax,5150,1540.0,911.94,14.52
2022Q3,South Africa,Kolkata,Bauxite,Supramax,5150,1540.0,911.94,15.79
2022Q3,South Africa,Kolkata,Bauxite,Handysize,5150,1540.0,911.94,18.34
2022Q3,South Africa,Kolkata,Grain,Panamax,5150,1540.0,911.94,16.25
2022Q3,South Africa,Kolkata,Grain,Supramax,5150,1540.0,911.94,18.61
2022Q3,South Africa,Kolkata,Grain,Handysize,5150,1540.0,911.94,20.22
2022Q3,Mozambique,Paradip,Coal,Capesize,3600,1540.0,911.94,7.12
2022Q3,Mozambique,Paradip,Coal,Panamax,3600,1540.0,911.94,7.69
2022Q3,Mozambique,Paradip,Coal,Supramax,3600,1540.0,911.94,9.28
2022Q3,Mozambique,Paradip,Coal,Handysize,3600,1540.0,911.94,11.66
2022Q3,Mozambique,Paradip,Iron Ore,Capesize,3600,1540.0,911.94,6.73
2022Q3,Mozambique,Paradip,Iron Ore,Panamax,3600,1540.0,911.94,7.09
2022Q3,Mozambique,Paradip,Bauxite,Panamax,3600,1540.0,911.94,8.53
2022Q3,Mozambique,Paradip,Bauxite,Supramax,3600,1540.0,911.94,10.09
2022Q3,Mozambique,Paradip,Bauxite,Handysize,3600,1540.0,911.94,12.42
2022Q3,Mozambique,Paradip,Grain,Panamax,3600,1540.0,911.94,9.7
2022Q3,Mozambique,Paradip,Grain,Supramax,3600,1540.0,911.94,11.32
2022Q3,Mozambique,Paradip,Grain,Handysize,3600,1540.0,911.94,14.09
2022Q3,Mozambique,Dhamra,Coal,Capesize,3550,1540.0,911.94,6.71
2022Q3,Mozambique,Dhamra,Coal,Panamax,3550,1540.0,911.94,8.16
2022Q3,Mozambique,Dhamra,Coal,Supramax,3550,1540.0,911.94,8.81
2022Q3,Mozambique,Dhamra,Coal,Handysize,3550,1540.0,911.94,10.72
2022Q3,Mozambique,Dhamra,Iron Ore,Capesize,3550,1540.0,911.94,5.77
2022Q3,Mozambique,Dhamra,Iron Ore,Panamax,3550,1540.0,911.94,6.9
2022Q3,Mozambique,Dhamra,Bauxite,Panamax,3550,1540.0,911.94,8.61
2022Q3,Mozambique,Dhamra,Bauxite,Supramax,3550,1540.0,911.94,9.74
2022Q3,Mozambique,Dhamra,Bauxite,Handysize,3550,1540.0,911.94,11.2
2022Q3,Mozambique,Dhamra,Grain,Panamax,3550,1540.0,911.94,9.3
2022Q3,Mozambique,Dhamra,Grain,Supramax,3550,1540.0,911.94,11.06
2022Q3,Mozambique,Dhamra,Grain,Handysize,3550,1540.0,911.94,13.08
2022Q3,Mozambique,Vizag,Coal,Capesize,3450,1540.0,911.94,6.94
2022Q3,Mozambique,Vizag,Coal,Panamax,3450,1540.0,911.94,7.14
2022Q3,Mozambique,Vizag,Coal,Supramax,3450,1540.0,911.94,8.9
2022Q3,Mozambique,Vizag,Coal,Handysize,3450,1540.0,911.94,10.7
2022Q3,Mozambique,Vizag,Iron Ore,Capesize,3450,1540.0,911.94,6.02
2022Q3,Mozambique,Vizag,Iron Ore,Panamax,3450,1540.0,911.94,7.17
2022Q3,Mozambique,Vizag,Bauxite,Panamax,3450,1540.0,911.94,8.33
2022Q3,Mozambique,Vizag,Bauxite,Supramax,3450,1540.0,911.94,9.52
2022Q3,Mozambique,Vizag,Bauxite,Handysize,3450,1540.0,911.94,10.97
2022Q3,Mozambique,Vizag,Grain,Panamax,3450,1540.0,911.94,9.35
2022Q3,Mozambique,Vizag,Grain,Supramax,3450,1540.0,911.94,11.44
2022Q3,Mozambique,Vizag,Grain,Handysize,3450,1540.0,911.94,12.44
2022Q3,Mozambique,Haldia,Coal,Capesize,3720,1540.0,911.94,9.27
2022Q3,Mozambique,Haldia,Coal,Panamax,3720,1540.0,911.94,10.95
2022Q3,Mozambique,Haldia,Coal,Supramax,3720,1540.0,911.94,13.38
2022Q3,Mozambique,Haldia,Coal,Handysize,3720,1540.0,911.94,14.57
2022Q3,Mozambique,Haldia,Iron Ore,Capesize,3720,1540.0,911.94,8.64
2022Q3,Mozambique,Haldia,Iron Ore,Panamax,3720,1540.0,911.94,10.21
2022Q3,Mozambique,Haldia,Bauxite,Panamax,3720,1540.0,911.94,11.4
2022Q3,Mozambique,Haldia,Bauxite,Supramax,3720,1540.0,911.94,13.23
2022Q3,Mozambique,Haldia,Bauxite,Handysize,3720,1540.0,911.94,15.29
2022Q3,Mozambique,Haldia,Grain,Panamax,3720,1540.0,911.94,12.94
2022Q3,Mozambique,Haldia,Grain,Supramax,3720,1540.0,911.94,15.68
2022Q3,Mozambique,Haldia,Grain,Handysize,3720,1540.0,911.94,17.82
2022Q3,Mozambique,Kolkata,Coal,Capesize,3750,1540.0,911.94,10.67
2022Q3,Mozambique,Kolkata,Coal,Panamax,3750,1540.0,911.94,11.9
2022Q3,Mozambique,Kolkata,Coal,Supramax,3750,1540.0,911.94,13.96
2022Q3,Mozambique,Kolkata,Coal,Handysize,3750,1540.0,911.94,18.03
2022Q3,Mozambique,Kolkata,Iron Ore,Capesize,3750,1540.0,911.94,9.46
2022Q3,Mozambique,Kolkata,Iron Ore,Panamax,3750,1540.0,911.94,10.85
2022Q3,Mozambique,Kolkata,Bauxite,Panamax,3750,1540.0,911.94,13.66
2022Q3,Mozambique,Kolkata,Bauxite,Supramax,3750,1540.0,911.94,15.32
2022Q3,Mozambique,Kolkata,Bauxite,Handysize,3750,1540.0,911.94,17.97
2022Q3,Mozambique,Kolkata,Grain,Panamax,3750,1540.0,911.94,14.79
2022Q3,Mozambique,Kolkata,Grain,Supramax,3750,1540.0,911.94,17.15
2022Q3,Mozambique,Kolkata,Grain,Handysize,3750,1540.0,911.94,20.01
2022Q3,Russia,Paradip,Coal,Capesize,6000,1540.0,911.94,14.59
2022Q3,Russia,Paradip,Coal,Panamax,6000,1540.0,911.94,17.9
2022Q3,Russia,Paradip,Coal,Supramax,6000,1540.0,911.94,21.17
2022Q3,Russia,Paradip,Coal,Handysize,6000,1540.0,911.94,25.89
2022Q3,Russia,Paradip,Iron Ore,Capesize,6000,1540.0,911.94,13.84
2022Q3,Russia,Paradip,Iron Ore,Panamax,6000,1540.0,911.94,14.84
2022Q3,Russia,Paradip,Bauxite,Panamax,6000,1540.0,911.94,18.79
2022Q3,Russia,Paradip,Bauxite,Supramax,6000,1540.0,911.94,24.1
2022Q3,Russia,Paradip,Bauxite,Handysize,6000,1540.0,911.94,26.3
2022Q3,Russia,Paradip,Grain,Panamax,6000,1540.0,911.94,20.93
2022Q3,Russia,Paradip,Grain,Supramax,6000,1540.0,911.94,25.66
2022Q3,Russia,Paradip,Grain,Handysize,6000,1540.0,911.94,28.42
2022Q3,Russia,Dhamra,Coal,Capesize,5950,1540.0,911.94,14.31
2022Q3,Russia,Dhamra,Coal,Panamax,5950,1540.0,911.94,17.38
2022Q3,Russia,Dhamra,Coal,Supramax,5950,1540.0,911.94,20.59
2022Q3,Russia,Dhamra,Coal,Handysize,5950,1540.0,911.94,22.26
2022Q3,Russia,Dhamra,Iron Ore,Capesize,5950,1540.0,911.94,12.98
2022Q3,Russia,Dhamra,Iron Ore,Panamax,5950,1540.0,911.94,15.84
2022Q3,Russia,Dhamra,Bauxite,Panamax,5950,1540.0,911.94,18.21
2022Q3,Russia,Dhamra,Bauxite,Supramax,5950,1540.0,911.94,21.85
2022Q3,Russia,Dhamra,Bauxite,Handysize,5950,1540.0,911.94,23.95
2022Q3,Russia,Dhamra,Grain,Panamax,5950,1540.0,911.94,21.64
2022Q3,Russia,Dhamra,Grain,Supramax,5950,1540.0,911.94,23.61
2022Q3,Russia,Dhamra,Grain,Handysize,5950,1540.0,911.94,30.23
2022Q3,Russia,Vizag,Coal,Capesize,5850,1540.0,911.94,14.21
2022Q3,Russia,Vizag,Coal,Panamax,5850,1540.0,911.94,17.02
2022Q3,Russia,Vizag,Coal,Supramax,5850,1540.0,911.94,20.95
2022Q3,Russia,Vizag,Coal,Handysize,5850,1540.0,911.94,25.36
2022Q3,Russia,Vizag,Iron Ore,Capesize,5850,1540.0,911.94,13.75
2022Q3,Russia,Vizag,Iron Ore,Panamax,5850,1540.0,911.94,16.24
2022Q3,Russia,Vizag,Bauxite,Panamax,5850,1540.0,911.94,18.59
2022Q3,Russia,Vizag,Bauxite,Supramax,5850,1540.0,911.94,20.9
2022Q3,Russia,Vizag,Bauxite,Handysize,5850,1540.0,911.94,24.73
2022Q3,Russia,Vizag,Grain,Panamax,5850,1540.0,911.94,20.33
2022Q3,Russia,Vizag,Grain,Supramax,5850,1540.0,911.94,23.66
2022Q3,Russia,Vizag,Grain,Handysize,5850,1540.0,911.94,29.16
2022Q3,Russia,Haldia,Coal,Capesize,6120,1540.0,911.94,17.3
2022Q3,Russia,Haldia,Coal,Panamax,6120,1540.0,911.94,21.31
2022Q3,Russia,Haldia,Coal,Supramax,6120,1540.0,911.94,23.47
2022Q3,Russia,Haldia,Coal,Handysize,6120,1540.0,911.94,28.84
2022Q3,Russia,Haldia,Iron Ore,Capesize,6120,1540.0,911.94,15.93
2022Q3,Russia,Haldia,Iron Ore,Panamax,6120,1540.0,911.94,19.9
2022Q3,Russia,Haldia,Bauxite,Panamax,6120,1540.0,911.94,22.38
2022Q3,Russia,Haldia,Bauxite,Supramax,6120,1540.0,911.94,26.94
2022Q3,Russia,Haldia,Bauxite,Handysize,6120,1540.0,911.94,29.18
2022Q3,Russia,Haldia,Grain,Panamax,6120,1540.0,911.94,25.34
2022Q3,Russia,Haldia,Grain,Supramax,6120,1540.0,911.94,28.5
2022Q3,Russia,Haldia,Grain,Handysize,6120,1540.0,911.94,33.76
2022Q3,Russia,Kolkata,Coal,Capesize,6150,1540.0,911.94,19.29
2022Q3,Russia,Kolkata,Coal,Panamax,6150,1540.0,911.94,22.22
2022Q3,Russia,Kolkata,Coal,Supramax,6150,1540.0,911.94,25.46
2022Q3,Russia,Kolkata,Coal,Handysize,6150,1540.0,911.94,29.34
2022Q3,Russia,Kolkata,Iron Ore,Capesize,6150,1540.0,911.94,16.09
2022Q3,Russia,Kolkata,Iron Ore,Panamax,6150,1540.0,911.94,19.76
2022Q3,Russia,Kolkata,Bauxite,Panamax,6150,1540.0,911.94,24.46
2022Q3,Russia,Kolkata,Bauxite,Supramax,6150,1540.0,911.94,26.36
2022Q3,Russia,Kolkata,Bauxite,Handysize,6150,1540.0,911.94,30.86
2022Q3,Russia,Kolkata,Grain,Panamax,6150,1540.0,911.94,29.07
2022Q3,Russia,Kolkata,Grain,Supramax,6150,1540.0,911.94,31.2
2022Q3,Russia,Kolkata,Grain,Handysize,6150,1540.0,911.94,37.46
2022Q4,Australia,Paradip,Coal,Capesize,4400,1444.3,881.21,7.16
2022Q4,Australia,Paradip,Coal,Panamax,4400,1444.3,881.21,8.39
2022Q4,Australia,Paradip,Coal,Supramax,4400,1444.3,881.21,9.06
2022Q4,Australia,Paradip,Coal,Handysize,4400,1444.3,881.21,11.01
2022Q4,Australia,Paradip,Iron Ore,Capesize,4400,1444.3,881.21,5.95
2022Q4,Australia,Paradip,Iron Ore,Panamax,4400,1444.3,881.21,8.01
2022Q4,Australia,Paradip,Bauxite,Panamax,4400,1444.3,881.21,8.13
2022Q4,Australia,Paradip,Bauxite,Supramax,4400,1444.3,881.21,9.68
2022Q4,Australia,Paradip,Bauxite,Handysize,4400,1444.3,881.21,11.24
2022Q4,Australia,Paradip,Grain,Panamax,4400,1444.3,881.21,9.32
2022Q4,Australia,Paradip,Grain,Supramax,4400,1444.3,881.21,12.02
2022Q4,Australia,Paradip,Grain,Handysize,4400,1444.3,881.21,14.46
2022Q4,Australia,Dhamra,Coal,Capesize,4350,1444.3,881.21,6.64
2022Q4,Australia,Dhamra,Coal,Panamax,4350,1444.3,881.21,7.54
2022Q4,Australia,Dhamra,Coal,Supramax,4350,1444.3,881.21,8.5
2022Q4,Australia,Dhamra,Coal,Handysize,4350,1444.3,881.21,10.62
2022Q4,Australia,Dhamra,Iron Ore,Capesize,4350,1444.3,881.21,6.01
2022Q4,Australia,Dhamra,Iron Ore,Panamax,4350,1444.3,881.21,6.95
2022Q4,Australia,Dhamra,Bauxite,Panamax,4350,1444.3,881.21,8.37
2022Q4,Australia,Dhamra,Bauxite,Supramax,4350,1444.3,881.21,9.82
2022Q4,Australia,Dhamra,Bauxite,Handysize,4350,1444.3,881.21,11.37
2022Q4,Australia,Dhamra,Grain,Panamax,4350,1444.3,881.21,9.38
2022Q4,Australia,Dhamra,Grain,Supramax,4350,1444.3,881.21,10.64
2022Q4,Australia,Dhamra,Grain,Handysize,4350,1444.3,881.21,13.15
2022Q4,Australia,Vizag,Coal,Capesize,4250,1444.3,881.21,6.88
2022Q4,Australia,Vizag,Coal,Panamax,4250,1444.3,881.21,8.3
2022Q4,Australia,Vizag,Coal,Supramax,4250,1444.3,881.21,9.66
2022Q4,Australia,Vizag,Coal,Handysize,4250,1444.3,881.21,10.36
2022Q4,Australia,Vizag,Iron Ore,Capesize,4250,1444.3,881.21,5.88
2022Q4,Australia,Vizag,Iron Ore,Panamax,4250,1444.3,881.21,7.06
2022Q4,Australia,Vizag,Bauxite,Panamax,4250,1444.3,881.21,8.14
2022Q4,Australia,Vizag,Bauxite,Supramax,4250,1444.3,881.21,10.13
2022Q4,Australia,Vizag,Bauxite,Handysize,4250,1444.3,881.21,11.59
2022Q4,Australia,Vizag,Grain,Panamax,4250,1444.3,881.21,10.04
2022Q4,Australia,Vizag,Grain,Supramax,4250,1444.3,881.21,11.43
2022Q4,Australia,Vizag,Grain,Handysize,4250,1444.3,881.21,13.18
2022Q4,Australia,Haldia,Coal,Capesize,4520,1444.3,881.21,9.73
2022Q4,Australia,Haldia,Coal,Panamax,4520,1444.3,881.21,11.11
2022Q4,Australia,Haldia,Coal,Supramax,4520,1444.3,881.21,12.79
2022Q4,Australia,Haldia,Coal,Handysize,4520,1444.3,881.21,15.57
2022Q4,Australia,Haldia,Iron Ore,Capesize,4520,1444.3,881.21,8.44
2022Q4,Australia,Haldia,Iron Ore,Panamax,4520,1444.3,881.21,9.74
2022Q4,Australia,Haldia,Bauxite,Panamax,4520,1444.3,881.21,11.14
2022Q4,Australia,Haldia,Bauxite,Supramax,4520,1444.3,881.21,13.72
2022Q4,Australia,Haldia,Bauxite,Handysize,4520,1444.3,881.21,16.22
2022Q4,Australia,Haldia,Grain,Panamax,4520,1444.3,881.21,13.1
2022Q4,Australia,Haldia,Grain,Supramax,4520,1444.3,881.21,16.01
2022Q4,Australia,Haldia,Grain,Handysize,4520,1444.3,881.21,16.54
2022Q4,Australia,Kolkata,Coal,Capesize,4550,1444.3,881.21,10.49
2022Q4,Australia,Kolkata,Coal,Panamax,4550,1444.3,881.21,12.28
2022Q4,Australia,Kolkata,Coal,Supramax,4550,1444.3,881.21,13.99
2022Q4,Australia,Kolkata,Coal,Handysize,4550,1444.3,881.21,18.05
2022Q4,Australia,Kolkata,Iron Ore,Capesize,4550,1444.3,881.21,9.43
2022Q4,Australia,Kolkata,Iron Ore,Panamax,4550,1444.3,881.21,10.91
2022Q4,Australia,Kolkata,Bauxite,Panamax,4550,1444.3,881.21,12.93
2022Q4,Australia,Kolkata,Bauxite,Supramax,4550,1444.3,881.21,14.01
2022Q4,Australia,Kolkata,Bauxite,Handysize,4550,1444.3,881.21,17.02
2022Q4,Australia,Kolkata,Grain,Panamax,4550,1444.3,881.21,15.27
2022Q4,Australia,Kolkata,Grain,Supramax,4550,1444.3,881.21,16.84
2022Q4,Australia,Kolkata,Grain,Handysize,4550,1444.3,881.21,19.41
2022Q4,Indonesia,Paradip,Coal,Capesize,2800,1444.3,881.21,4.53
2022Q4,Indonesia,Paradip,Coal,Panamax,2800,1444.3,881.21,5.31
2022Q4,Indonesia,Paradip,Coal,Supramax,2800,1444.3,881.21,6.03
2022Q4,Indonesia,Paradip,Coal,Handysize,2800,1444.3,881.21,6.76
2022Q4,Indonesia,Paradip,Iron Ore,Capesize,2800,1444.3,881.21,4.0
2022Q4,Indonesia,Paradip,Iron Ore,Panamax,2800,1444.3,881.21,4.44
2022Q4,Indonesia,Paradip,Bauxite,Panamax,2800,1444.3,881.21,5.14
2022Q4,Indonesia,Paradip,Bauxite,Supramax,2800,1444.3,881.21,5.99
2022Q4,Indonesia,Paradip,Bauxite,Handysize,2800,1444.3,881.21,7.06
2022Q4,Indonesia,Paradip,Grain,Panamax,2800,1444.3,881.21,5.87
2022Q4,Indonesia,Paradip,Grain,Supramax,2800,1444.3,881.21,6.72
2022Q4,Indonesia,Paradip,Grain,Handysize,2800,1444.3,881.21,8.31
2022Q4,Indonesia,Dhamra,Coal,Capesize,2750,1444.3,881.21,4.12
2022Q4,Indonesia,Dhamra,Coal,Panamax,2750,1444.3,881.21,5.07
2022Q4,Indonesia,Dhamra,Coal,Supramax,2750,1444.3,881.21,5.45
2022Q4,Indonesia,Dhamra,Coal,Handysize,2750,1444.3,881.21,6.54
2022Q4,Indonesia,Dhamra,Iron Ore,Capesize,2750,1444.3,881.21,4.0
2022Q4,Indonesia,Dhamra,Iron Ore,Panamax,2750,1444.3,881.21,4.27
2022Q4,Indonesia,Dhamra,Bauxite,Panamax,2750,1444.3,881.21,5.15
2022Q4,Indonesia,Dhamra,Bauxite,Supramax,2750,1444.3,881.21,6.02
2022Q4,Indonesia,Dhamra,Bauxite,Handysize,2750,1444.3,881.21,6.88
2022Q4,Indonesia,Dhamra,Grain,Panamax,2750,1444.3,881.21,5.69
2022Q4,Indonesia,Dhamra,Grain,Supramax,2750,1444.3,881.21,6.61
2022Q4,Indonesia,Dhamra,Grain,Handysize,2750,1444.3,881.21,7.4
2022Q4,Indonesia,Vizag,Coal,Capesize,2650,1444.3,881.21,4.0
2022Q4,Indonesia,Vizag,Coal,Panamax,2650,1444.3,881.21,4.58
2022Q4,Indonesia,Vizag,Coal,Supramax,2650,1444.3,881.21,5.25
2022Q4,Indonesia,Vizag,Coal,Handysize,2650,1444.3,881.21,6.44
2022Q4,Indonesia,Vizag,Iron Ore,Capesize,2650,1444.3,881.21,4.0
2022Q4,Indonesia,Vizag,Iron Ore,Panamax,2650,1444.3,881.21,4.08
2022Q4,Indonesia,Vizag,Bauxite,Panamax,2650,1444.3,881.21,4.97
2022Q4,Indonesia,Vizag,Bauxite,Supramax,2650,1444.3,881.21,5.53
2022Q4,Indonesia,Vizag,Bauxite,Handysize,2650,1444.3,881.21,6.59
2022Q4,Indonesia,Vizag,Grain,Panamax,2650,1444.3,881.21,5.49
2022Q4,Indonesia,Vizag,Grain,Supramax,2650,1444.3,881.21,6.7
2022Q4,Indonesia,Vizag,Grain,Handysize,2650,1444.3,881.21,7.43
2022Q4,Indonesia,Haldia,Coal,Capesize,2920,1444.3,881.21,5.96
2022Q4,Indonesia,Haldia,Coal,Panamax,2920,1444.3,881.21,6.68
2022Q4,Indonesia,Haldia,Coal,Supramax,2920,1444.3,881.21,7.68
2022Q4,Indonesia,Haldia,Coal,Handysize,2920,1444.3,881.21,8.72
2022Q4,Indonesia,Haldia,Iron Ore,Capesize,2920,1444.3,881.21,5.22
2022Q4,Indonesia,Haldia,Iron Ore,Panamax,2920,1444.3,881.21,6.25
2022Q4,Indonesia,Haldia,Bauxite,Panamax,2920,1444.3,881.21,7.14
2022Q4,Indonesia,Haldia,Bauxite,Supramax,2920,1444.3,881.21,8.9
2022Q4,Indonesia,Haldia,Bauxite,Handysize,2920,1444.3,881.21,10.06
2022Q4,Indonesia,Haldia,Grain,Panamax,2920,1444.3,881.21,8.0
2022Q4,Indonesia,Haldia,Grain,Supramax,2920,1444.3,881.21,9.33
2022Q4,Indonesia,Haldia,Grain,Handysize,2920,1444.3,881.21,11.13
2022Q4,Indonesia,Kolkata,Coal,Capesize,2950,1444.3,881.21,6.43
2022Q4,Indonesia,Kolkata,Coal,Panamax,2950,1444.3,881.21,8.08
2022Q4,Indonesia,Kolkata,Coal,Supramax,2950,1444.3,881.21,9.17
2022Q4,Indonesia,Kolkata,Coal,Handysize,2950,1444.3,881.21,10.6
2022Q4,Indonesia,Kolkata,Iron Ore,Capesize,2950,1444.3,881.21,6.11
2022Q4,Indonesia,Kolkata,Iron Ore,Panamax,2950,1444.3,881.21,7.41
2022Q4,Indonesia,Kolkata,Bauxite,Panamax,2950,1444.3,881.21,8.2
2022Q4,Indonesia,Kolkata,Bauxite,Supramax,2950,1444.3,881.21,9.47
2022Q4,Indonesia,Kolkata,Bauxite,Handysize,2950,1444.3,881.21,11.62
2022Q4,Indonesia,Kolkata,Grain,Panamax,2950,1444.3,881.21,9.63
2022Q4,Indonesia,Kolkata,Grain,Supramax,2950,1444.3,881.21,10.74
2022Q4,Indonesia,Kolkata,Grain,Handysize,2950,1444.3,881.21,12.61
2022Q4,South Africa,Paradip,Coal,Capesize,5000,1444.3,881.21,7.35
2022Q4,South Africa,Paradip,Coal,Panamax,5000,1444.3,881.21,8.65
2022Q4,South Africa,Paradip,Coal,Supramax,5000,1444.3,881.21,9.49
2022Q4,South Africa,Paradip,Coal,Handysize,5000,1444.3,881.21,10.94
2022Q4,South Africa,Paradip,Iron Ore,Capesize,5000,1444.3,881.21,6.36
2022Q4,South Africa,Paradip,Iron Ore,Panamax,5000,1444.3,881.21,7.43
2022Q4,South Africa,Paradip,Bauxite,Panamax,5000,1444.3,881.21,8.77
2022Q4,South Africa,Paradip,Bauxite,Supramax,5000,1444.3,881.21,10.7
2022Q4,South Africa,Paradip,Bauxite,Handysize,5000,1444.3,881.21,12.07
2022Q4,South Africa,Paradip,Grain,Panamax,5000,1444.3,881.21,10.32
2022Q4,South Africa,Paradip,Grain,Supramax,5000,1444.3,881.21,11.45
2022Q4,South Africa,Paradip,Grain,Handysize,5000,1444.3,881.21,13.66
2022Q4,South Africa,Dhamra,Coal,Capesize,4950,1444.3,881.21,7.23
2022Q4,South Africa,Dhamra,Coal,Panamax,4950,1444.3,881.21,8.47
2022Q4,South Africa,Dhamra,Coal,Supramax,4950,1444.3,881.21,9.44
2022Q4,South Africa,Dhamra,Coal,Handysize,4950,1444.3,881.21,11.3
2022Q4,South Africa,Dhamra,Iron Ore,Capesize,4950,1444.3,881.21,6.87
2022Q4,South Africa,Dhamra,Iron Ore,Panamax,4950,1444.3,881.21,7.46
2022Q4,South Africa,Dhamra,Bauxite,Panamax,4950,1444.3,881.21,8.5
2022Q4,South Africa,Dhamra,Bauxite,Supramax,4950,1444.3,881.21,10.1
2022Q4,South Africa,Dhamra,Bauxite,Handysize,4950,1444.3,881.21,11.84
2022Q4,South Africa,Dhamra,Grain,Panamax,4950,1444.3,881.21,9.9
2022Q4,South Africa,Dhamra,Grain,Supramax,4950,1444.3,881.21,11.6
2022Q4,South Africa,Dhamra,Grain,Handysize,4950,1444.3,881.21,12.8
2022Q4,South Africa,Vizag,Coal,Capesize,4850,1444.3,881.21,6.77
2022Q4,South Africa,Vizag,Coal,Panamax,4850,1444.3,881.21,8.16
2022Q4,South Africa,Vizag,Coal,Supramax,4850,1444.3,881.21,9.51
2022Q4,South Africa,Vizag,Coal,Handysize,4850,1444.3,881.21,10.88
2022Q4,South Africa,Vizag,Iron Ore,Capesize,4850,1444.3,881.21,6.26
2022Q4,South Africa,Vizag,Iron Ore,Panamax,4850,1444.3,881.21,7.4
2022Q4,South Africa,Vizag,Bauxite,Panamax,4850,1444.3,881.21,8.88
2022Q4,South Africa,Vizag,Bauxite,Supramax,4850,1444.3,881.21,10.01
2022Q4,South Africa,Vizag,Bauxite,Handysize,4850,1444.3,881.21,11.82
2022Q4,South Africa,Vizag,Grain,Panamax,4850,1444.3,881.21,9.65
2022Q4,South Africa,Vizag,Grain,Supramax,4850,1444.3,881.21,11.71
2022Q4,South Africa,Vizag,Grain,Handysize,4850,1444.3,881.21,13.5
2022Q4,South Africa,Haldia,Coal,Capesize,5120,1444.3,881.21,9.79
2022Q4,South Africa,Haldia,Coal,Panamax,5120,1444.3,881.21,11.41
2022Q4,South Africa,Haldia,Coal,Supramax,5120,1444.3,881.21,13.25
2022Q4,South Africa,Haldia,Coal,Handysize,5120,1444.3,881.21,15.02
2022Q4,South Africa,Haldia,Iron Ore,Capesize,5120,1444.3,881.21,8.63
2022Q4,South Africa,Haldia,Iron Ore,Panamax,5120,1444.3,881.21,10.39
2022Q4,South Africa,Haldia,Bauxite,Panamax,5120,1444.3,881.21,11.42
2022Q4,South Africa,Haldia,Bauxite,Supramax,5120,1444.3,881.21,13.33
2022Q4,South Africa,Haldia,Bauxite,Handysize,5120,1444.3,881.21,15.92
2022Q4,South Africa,Haldia,Grain,Panamax,5120,1444.3,881.21,13.55
2022Q4,South Africa,Haldia,Grain,Supramax,5120,1444.3,881.21,15.13
2022Q4,South Africa,Haldia,Grain,Handysize,5120,1444.3,881.21,18.04
2022Q4,South Africa,Kolkata,Coal,Capesize,5150,1444.3,881.21,10.64
2022Q4,South Africa,Kolkata,Coal,Panamax,5150,1444.3,881.21,11.53
2022Q4,South Africa,Kolkata,Coal,Supramax,5150,1444.3,881.21,14.47
2022Q4,South Africa,Kolkata,Coal,Handysize,5150,1444.3,881.21,16.83
2022Q4,South Africa,Kolkata,Iron Ore,Capesize,5150,1444.3,881.21,9.55
2022Q4,South Africa,Kolkata,Iron Ore,Panamax,5150,1444.3,881.21,11.8
2022Q4,South Africa,Kolkata,Bauxite,Panamax,5150,1444.3,881.21,12.56
2022Q4,South Africa,Kolkata,Bauxite,Supramax,5150,1444.3,881.21,14.87
2022Q4,South Africa,Kolkata,Bauxite,Handysize,5150,1444.3,881.21,16.14
2022Q4,South Africa,Kolkata,Grain,Panamax,5150,1444.3,881.21,14.74
2022Q4,South Africa,Kolkata,Grain,Supramax,5150,1444.3,881.21,17.25
2022Q4,South Africa,Kolkata,Grain,Handysize,5150,1444.3,881.21,19.94
2022Q4,Mozambique,Paradip,Coal,Capesize,3600,1444.3,881.21,6.84
2022Q4,Mozambique,Paradip,Coal,Panamax,3600,1444.3,881.21,7.94
2022Q4,Mozambique,Paradip,Coal,Supramax,3600,1444.3,881.21,9.02
2022Q4,Mozambique,Paradip,Coal,Handysize,3600,1444.3,881.21,10.31
2022Q4,Mozambique,Paradip,Iron Ore,Capesize,3600,1444.3,881.21,6.14
2022Q4,Mozambique,Paradip,Iron Ore,Panamax,3600,1444.3,881.21,6.94
2022Q4,Mozambique,Paradip,Bauxite,Panamax,3600,1444.3,881.21,7.87
2022Q4,Mozambique,Paradip,Bauxite,Supramax,3600,1444.3,881.21,8.88
2022Q4,Mozambique,Paradip,Bauxite,Handysize,3600,1444.3,881.21,10.8
2022Q4,Mozambique,Paradip,Grain,Panamax,3600,1444.3,881.21,9.5
2022Q4,Mozambique,Paradip,Grain,Supramax,3600,1444.3,881.21,11.66
2022Q4,Mozambique,Paradip,Grain,Handysize,3600,1444.3,881.21,12.56
2022Q4,Mozambique,Dhamra,Coal,Capesize,3550,1444.3,881.21,6.21
2022Q4,Mozambique,Dhamra,Coal,Panamax,3550,1444.3,881.21,7.16
2022Q4,Mozambique,Dhamra,Coal,Supramax,3550,1444.3,881.21,8.88
2022Q4,Mozambique,Dhamra,Coal,Handysize,3550,1444.3,881.21,9.49
2022Q4,Mozambique,Dhamra,Iron Ore,Capesize,3550,1444.3,881.21,5.85
2022Q4,Mozambique,Dhamra,Iron Ore,Panamax,3550,1444.3,881.21,6.91
2022Q4,Mozambique,Dhamra,Bauxite,Panamax,3550,1444.3,881.21,7.96
2022Q4,Mozambique,Dhamra,Bauxite,Supramax,3550,1444.3,881.21,9.08
2022Q4,Mozambique,Dhamra,Bauxite,Handysize,3550,1444.3,881.21,10.83
2022Q4,Mozambique,Dhamra,Grain,Panamax,3550,1444.3,881.21,9.02
2022Q4,Mozambique,Dhamra,Grain,Supramax,3550,1444.3,881.21,10.17
2022Q4,Mozambique,Dhamra,Grain,Handysize,3550,1444.3,881.21,12.92
2022Q4,Mozambique,Vizag,Coal,Capesize,3450,1444.3,881.21,6.22
2022Q4,Mozambique,Vizag,Coal,Panamax,3450,1444.3,881.21,7.57
2022Q4,Mozambique,Vizag,Coal,Supramax,3450,1444.3,881.21,7.87
2022Q4,Mozambique,Vizag,Coal,Handysize,3450,1444.3,881.21,10.43
2022Q4,Mozambique,Vizag,Iron Ore,Capesize,3450,1444.3,881.21,5.96
2022Q4,Mozambique,Vizag,Iron Ore,Panamax,3450,1444.3,881.21,6.64
2022Q4,Mozambique,Vizag,Bauxite,Panamax,3450,1444.3,881.21,7.89
2022Q4,Mozambique,Vizag,Bauxite,Supramax,3450,1444.3,881.21,9.21
2022Q4,Mozambique,Vizag,Bauxite,Handysize,3450,1444.3,881.21,10.24
2022Q4,Mozambique,Vizag,Grain,Panamax,3450,1444.3,881.21,9.01
2022Q4,Mozambique,Vizag,Grain,Supramax,3450,1444.3,881.21,10.03
2022Q4,Mozambique,Vizag,Grain,Handysize,3450,1444.3,881.21,11.72
2022Q4,Mozambique,Haldia,Coal,Capesize,3720,1444.3,881.21,9.06
2022Q4,Mozambique,Haldia,Coal,Panamax,3720,1444.3,881.21,10.55
2022Q4,Mozambique,Haldia,Coal,Supramax,3720,1444.3,881.21,11.61
2022Q4,Mozambique,Haldia,Coal,Handysize,3720,1444.3,881.21,13.46
2022Q4,Mozambique,Haldia,Iron Ore,Capesize,3720,1444.3,881.21,7.67
2022Q4,Mozambique,Haldia,Iron Ore,Panamax,3720,1444.3,881.21,9.42
2022Q4,Mozambique,Haldia,Bauxite,Panamax,3720,1444.3,881.21,10.34
2022Q4,Mozambique,Haldia,Bauxite,Supramax,3720,1444.3,881.21,12.65
2022Q4,Mozambique,Haldia,Bauxite,Handysize,3720,1444.3,881.21,14.88
2022Q4,Mozambique,Haldia,Grain,Panamax,3720,1444.3,881.21,12.2
2022Q4,Mozambique,Haldia,Grain,Supramax,3720,1444.3,881.21,14.79
2022Q4,Mozambique,Haldia,Grain,Handysize,3720,1444.3,881.21,16.4
2022Q4,Mozambique,Kolkata,Coal,Capesize,3750,1444.3,881.21,9.85
2022Q4,Mozambique,Kolkata,Coal,Panamax,3750,1444.3,881.21,11.22
2022Q4,Mozambique,Kolkata,Coal,Supramax,3750,1444.3,881.21,14.04
2022Q4,Mozambique,Kolkata,Coal,Handysize,3750,1444.3,881.21,15.31
2022Q4,Mozambique,Kolkata,Iron Ore,Capesize,3750,1444.3,881.21,9.04
2022Q4,Mozambique,Kolkata,Iron Ore,Panamax,3750,1444.3,881.21,10.43
2022Q4,Mozambique,Kolkata,Bauxite,Panamax,3750,1444.3,881.21,11.75
2022Q4,Mozambique,Kolkata,Bauxite,Supramax,3750,1444.3,881.21,13.93
2022Q4,Mozambique,Kolkata,Bauxite,Handysize,3750,1444.3,881.21,17.32
2022Q4,Mozambique,Kolkata,Grain,Panamax,3750,1444.3,881.21,14.04
2022Q4,Mozambique,Kolkata,Grain,Supramax,3750,1444.3,881.21,15.69
2022Q4,Mozambique,Kolkata,Grain,Handysize,3750,1444.3,881.21,19.08
2022Q4,Russia,Paradip,Coal,Capesize,6000,1444.3,881.21,14.31
2022Q4,Russia,Paradip,Coal,Panamax,6000,1444.3,881.21,18.88
2022Q4,Russia,Paradip,Coal,Supramax,6000,1444.3,881.21,19.84
2022Q4,Russia,Paradip,Coal,Handysize,6000,1444.3,881.21,22.5
2022Q4,Russia,Paradip,Iron Ore,Capesize,6000,1444.3,881.21,13.59
2022Q4,Russia,Paradip,Iron Ore,Panamax,6000,1444.3,881.21,14.18
2022Q4,Russia,Paradip,Bauxite,Panamax,6000,1444.3,881.21,17.74
2022Q4,Russia,Paradip,Bauxite,Supramax,6000,1444.3,881.21,22.07
2022Q4,Russia,Paradip,Bauxite,Handysize,6000,1444.3,881.21,23.85
2022Q4,Russia,Paradip,Grain,Panamax,6000,1444.3,881.21,18.98
2022Q4,Russia,Paradip,Grain,Supramax,6000,1444.3,881.21,23.25
2022Q4,Russia,Paradip,Grain,Handysize,6000,1444.3,881.21,28.76
2022Q4,Russia,Dhamra,Coal,Capesize,5950,1444.3,881.21,14.28
2022Q4,Russia,Dhamra,Coal,Panamax,5950,1444.3,881.21,16.01
2022Q4,Russia,Dhamra,Coal,Supramax,5950,1444.3,881.21,18.79
2022Q4,Russia,Dhamra,Coal,Handysize,5950,1444.3,881.21,21.9
2022Q4,Russia,Dhamra,Iron Ore,Capesize,5950,1444.3,881.21,12.84
2022Q4,Russia,Dhamra,Iron Ore,Panamax,5950,1444.3,881.21,15.54
2022Q4,Russia,Dhamra,Bauxite,Panamax,5950,1444.3,881.21,17.96
2022Q4,Russia,Dhamra,Bauxite,Supramax,5950,1444.3,881.21,20.53
2022Q4,Russia,Dhamra,Bauxite,Handysize,5950,1444.3,881.21,22.37
2022Q4,Russia,Dhamra,Grain,Panamax,5950,1444.3,881.21,18.88
2022Q4,Russia,Dhamra,Grain,Supramax,5950,1444.3,881.21,23.53
2022Q4,Russia,Dhamra,Grain,Handysize,5950,1444.3,881.21,25.55
2022Q4,Russia,Vizag,Coal,Capesize,5850,1444.3,881.21,14.06
2022Q4,Russia,Vizag,Coal,Panamax,5850,1444.3,881.21,16.77
2022Q4,Russia,Vizag,Coal,Supramax,5850,1444.3,881.21,18.59
2022Q4,Russia,Vizag,Coal,Handysize,5850,1444.3,881.21,21.67
2022Q4,Russia,Vizag,Iron Ore,Capesize,5850,1444.3,881.21,12.72
2022Q4,Russia,Vizag,Iron Ore,Panamax,5850,1444.3,881.21,15.2
2022Q4,Russia,Vizag,Bauxite,Panamax,5850,1444.3,881.21,18.07
2022Q4,Russia,Vizag,Bauxite,Supramax,5850,1444.3,881.21,20.76
2022Q4,Russia,Vizag,Bauxite,Handysize,5850,1444.3,881.21,23.66
2022Q4,Russia,Vizag,Grain,Panamax,5850,1444.3,881.21,19.39
2022Q4,Russia,Vizag,Grain,Supramax,5850,1444.3,881.21,22.36
2022Q4,Russia,Vizag,Grain,Handysize,5850,1444.3,881.21,26.49
2022Q4,Russia,Haldia,Coal,Capesize,6120,1444.3,881.21,17.13
2022Q4,Russia,Haldia,Coal,Panamax,6120,1444.3,881.21,20.0
2022Q4,Russia,Haldia,Coal,Supramax,6120,1444.3,881.21,21.37
2022Q4,Russia,Haldia,Coal,Handysize,6120,1444.3,881.21,26.03
2022Q4,Russia,Haldia,Iron Ore,Capesize,6120,1444.3,881.21,15.84
2022Q4,Russia,Haldia,Iron Ore,Panamax,6120,1444.3,881.21,17.84
2022Q4,Russia,Haldia,Bauxite,Panamax,6120,1444.3,881.21,19.73
2022Q4,Russia,Haldia,Bauxite,Supramax,6120,1444.3,881.21,26.21
2022Q4,Russia,Haldia,Bauxite,Handysize,6120,1444.3,881.21,28.08
2022Q4,Russia,Haldia,Grain,Panamax,6120,1444.3,881.21,24.04
2022Q4,Russia,Haldia,Grain,Supramax,6120,1444.3,881.21,28.06
2022Q4,Russia,Haldia,Grain,Handysize,6120,1444.3,881.21,31.71
2022Q4,Russia,Kolkata,Coal,Capesize,6150,1444.3,881.21,17.8
2022Q4,Russia,Kolkata,Coal,Panamax,6150,1444.3,881.21,22.97
2022Q4,Russia,Kolkata,Coal,Supramax,6150,1444.3,881.21,25.82
2022Q4,Russia,Kolkata,Coal,Handysize,6150,1444.3,881.21,29.78
2022Q4,Russia,Kolkata,Iron Ore,Capesize,6150,1444.3,881.21,16.77
2022Q4,Russia,Kolkata,Iron Ore,Panamax,6150,1444.3,881.21,18.57
2022Q4,Russia,Kolkata,Bauxite,Panamax,6150,1444.3,881.21,23.45
2022Q4,Russia,Kolkata,Bauxite,Supramax,6150,1444.3,881.21,25.42
2022Q4,Russia,Kolkata,Bauxite,Handysize,6150,1444.3,881.21,30.7
2022Q4,Russia,Kolkata,Grain,Panamax,6150,1444.3,881.21,24.18
2022Q4,Russia,Kolkata,Grain,Supramax,6150,1444.3,881.21,27.79
2022Q4,Russia,Kolkata,Grain,Handysize,6150,1444.3,881.21,35.13
2023Q1,Australia,Paradip,Coal,Capesize,4400,1020.0,811.18,4.81
2023Q1,Australia,Paradip,Coal,Panamax,4400,1020.0,811.18,5.39
2023Q1,Australia,Paradip,Coal,Supramax,4400,1020.0,811.18,6.88
2023Q1,Australia,Paradip,Coal,Handysize,4400,1020.0,811.18,8.42
2023Q1,Australia,Paradip,Iron Ore,Capesize,4400,1020.0,811.18,4.67
2023Q1,Australia,Paradip,Iron Ore,Panamax,4400,1020.0,811.18,5.17
2023Q1,Australia,Paradip,Bauxite,Panamax,4400,1020.0,811.18,6.08
2023Q1,Australia,Paradip,Bauxite,Supramax,4400,1020.0,811.18,7.31
2023Q1,Australia,Paradip,Bauxite,Handysize,4400,1020.0,811.18,8.56
2023Q1,Australia,Paradip,Grain,Panamax,4400,1020.0,811.18,6.87
2023Q1,Australia,Paradip,Grain,Supramax,4400,1020.0,811.18,8.12
2023Q1,Australia,Paradip,Grain,Handysize,4400,1020.0,811.18,9.51
2023Q1,Australia,Dhamra,Coal,Capesize,4350,1020.0,811.18,4.86
2023Q1,Australia,Dhamra,Coal,Panamax,4350,1020.0,811.18,5.56
2023Q1,Australia,Dhamra,Coal,Supramax,4350,1020.0,811.18,6.49
2023Q1,Australia,Dhamra,Coal,Handysize,4350,1020.0,811.18,7.93
2023Q1,Australia,Dhamra,Iron Ore,Capesize,4350,1020.0,811.18,4.47
2023Q1,Australia,Dhamra,Iron Ore,Panamax,4350,1020.0,811.18,5.11
2023Q1,Australia,Dhamra,Bauxite,Panamax,4350,1020.0,811.18,6.22
2023Q1,Australia,Dhamra,Bauxite,Supramax,4350,1020.0,811.18,6.75
2023Q1,Australia,Dhamra,Bauxite,Handysize,4350,1020.0,811.18,8.39
2023Q1,Australia,Dhamra,Grain,Panamax,4350,1020.0,811.18,6.83
2023Q1,Australia,Dhamra,Grain,Supramax,4350,1020.0,811.18,8.71
2023Q1,Australia,Dhamra,Grain,Handysize,4350,1020.0,811.18,8.7
2023Q1,Australia,Vizag,Coal,Capesize,4250,1020.0,811.18,4.74
2023Q1,Australia,Vizag,Coal,Panamax,4250,1020.0,811.18,5.77
2023Q1,Australia,Vizag,Coal,Supramax,4250,1020.0,811.18,6.73
2023Q1,Australia,Vizag,Coal,Handysize,4250,1020.0,811.18,8.23
2023Q1,Australia,Vizag,Iron Ore,Capesize,4250,1020.0,811.18,4.27
2023Q1,Australia,Vizag,Iron Ore,Panamax,4250,1020.0,811.18,5.28
2023Q1,Australia,Vizag,Bauxite,Panamax,4250,1020.0,811.18,6.22
2023Q1,Australia,Vizag,Bauxite,Supramax,4250,1020.0,811.18,7.14
2023Q1,Australia,Vizag,Bauxite,Handysize,4250,1020.0,811.18,7.82
2023Q1,Australia,Vizag,Grain,Panamax,4250,1020.0,811.18,7.16
2023Q1,Australia,Vizag,Grain,Supramax,4250,1020.0,811.18,8.31
2023Q1,Australia,Vizag,Grain,Handysize,4250,1020.0,811.18,9.44
2023Q1,Australia,Haldia,Coal,Capesize,4520,1020.0,811.18,6.64
2023Q1,Australia,Haldia,Coal,Panamax,4520,1020.0,811.18,7.78
2023Q1,Australia,Haldia,Coal,Supramax,4520,1020.0,811.18,8.98
2023Q1,Australia,Haldia,Coal,Handysize,4520,1020.0,811.18,10.69
2023Q1,Australia,Haldia,Iron Ore,Capesize,4520,1020.0,811.18,5.94
2023Q1,Australia,Haldia,Iron Ore,Panamax,4520,1020.0,811.18,6.74
2023Q1,Australia,Haldia,Bauxite,Panamax,4520,1020.0,811.18,7.81
2023Q1,Australia,Haldia,Bauxite,Supramax,4520,1020.0,811.18,9.21
2023Q1,Australia,Haldia,Bauxite,Handysize,4520,1020.0,811.18,11.06
2023Q1,Australia,Haldia,Grain,Panamax,4520,1020.0,811.18,9.26
2023Q1,Australia,Haldia,Grain,Supramax,4520,1020.0,811.18,10.89
2023Q1,Australia,Haldia,Grain,Handysize,4520,1020.0,811.18,12.77
2023Q1,Australia,Kolkata,Coal,Capesize,4550,1020.0,811.18,7.26
2023Q1,Australia,Kolkata,Coal,Panamax,4550,1020.0,811.18,9.13
2023Q1,Australia,Kolkata,Coal,Supramax,4550,1020.0,811.18,10.04
2023Q1,Australia,Kolkata,Coal,Handysize,4550,1020.0,811.18,11.58
2023Q1,Australia,Kolkata,Iron Ore,Capesize,4550,1020.0,811.18,6.79
2023Q1,Australia,Kolkata,Iron Ore,Panamax,4550,1020.0,811.18,7.32
2023Q1,Australia,Kolkata,Bauxite,Panamax,4550,1020.0,811.18,8.87
2023Q1,Australia,Kolkata,Bauxite,Supramax,4550,1020.0,811.18,11.01
2023Q1,Australia,Kolkata,Bauxite,Handysize,4550,1020.0,811.18,11.6
2023Q1,Australia,Kolkata,Grain,Panamax,4550,1020.0,811.18,10.83
2023Q1,Australia,Kolkata,Grain,Supramax,4550,1020.0,811.18,12.8
2023Q1,Australia,Kolkata,Grain,Handysize,4550,1020.0,811.18,13.93
2023Q1,Indonesia,Paradip,Coal,Capesize,2800,1020.0,811.18,4.0
2023Q1,Indonesia,Paradip,Coal,Panamax,2800,1020.0,811.18,4.0
2023Q1,Indonesia,Paradip,Coal,Supramax,2800,1020.0,811.18,4.11
2023Q1,Indonesia,Paradip,Coal,Handysize,2800,1020.0,811.18,5.0
2023Q1,Indonesia,Paradip,Iron Ore,Capesize,2800,1020.0,811.18,4.0
2023Q1,Indonesia,Paradip,Iron Ore,Panamax,2800,1020.0,811.18,4.0
2023Q1,Indonesia,Paradip,Bauxite,Panamax,2800,1020.0,811.18,4.0
2023Q1,Indonesia,Paradip,Bauxite,Supramax,2800,1020.0,811.18,4.44
2023Q1,Indonesia,Paradip,Bauxite,Handysize,2800,1020.0,811.18,5.3
2023Q1,Indonesia,Paradip,Grain,Panamax,2800,1020.0,811.18,4.27
2023Q1,Indonesia,Paradip,Grain,Supramax,2800,1020.0,811.18,4.8
2023Q1,Indonesia,Paradip,Grain,Handysize,2800,1020.0,811.18,5.6
2023Q1,Indonesia,Dhamra,Coal,Capesize,2750,1020.0,811.18,4.0
2023Q1,Indonesia,Dhamra,Coal,Panamax,2750,1020.0,811.18,4.0
2023Q1,Indonesia,Dhamra,Coal,Supramax,2750,1020.0,811.18,4.0
2023Q1,Indonesia,Dhamra,Coal,Handysize,2750,1020.0,811.18,4.51
2023Q1,Indonesia,Dhamra,Iron Ore,Capesize,2750,1020.0,811.18,4.0
2023Q1,Indonesia,Dhamra,Iron Ore,Panamax,2750,1020.0,811.18,4.0
2023Q1,Indonesia,Dhamra,Bauxite,Panamax,2750,1020.0,811.18,4.0
2023Q1,Indonesia,Dhamra,Bauxite,Supramax,2750,1020.0,811.18,4.0
2023Q1,Indonesia,Dhamra,Bauxite,Handysize,2750,1020.0,811.18,5.04
2023Q1,Indonesia,Dhamra,Grain,Panamax,2750,1020.0,811.18,4.0
2023Q1,Indonesia,Dhamra,Grain,Supramax,2750,1020.0,811.18,4.86
2023Q1,Indonesia,Dhamra,Grain,Handysize,2750,1020.0,811.18,5.4
2023Q1,Indonesia,Vizag,Coal,Capesize,2650,1020.0,811.18,4.0
2023Q1,Indonesia,Vizag,Coal,Panamax,2650,1020.0,811.18,4.0
2023Q1,Indonesia,Vizag,Coal,Supramax,2650,1020.0,811.18,4.0
2023Q1,Indonesia,Vizag,Coal,Handysize,2650,1020.0,811.18,4.37
2023Q1,Indonesia,Vizag,Iron Ore,Capesize,2650,1020.0,811.18,4.0
2023Q1,Indonesia,Vizag,Iron Ore,Panamax,2650,1020.0,811.18,4.0
2023Q1,Indonesia,Vizag,Bauxite,Panamax,2650,1020.0,811.18,4.0
2023Q1,Indonesia,Vizag,Bauxite,Supramax,2650,1020.0,811.18,4.0
2023Q1,Indonesia,Vizag,Bauxite,Handysize,2650,1020.0,811.18,4.56
2023Q1,Indonesia,Vizag,Grain,Panamax,2650,1020.0,811.18,4.15
2023Q1,Indonesia,Vizag,Grain,Supramax,2650,1020.0,811.18,4.65
2023Q1,Indonesia,Vizag,Grain,Handysize,2650,1020.0,811.18,5.46
2023Q1,Indonesia,Haldia,Coal,Capesize,2920,1020.0,811.18,4.03
2023Q1,Indonesia,Haldia,Coal,Panamax,2920,1020.0,811.18,4.65
2023Q1,Indonesia,Haldia,Coal,Supramax,2920,1020.0,811.18,5.88
2023Q1,Indonesia,Haldia,Coal,Handysize,2920,1020.0,811.18,6.4
2023Q1,Indonesia,Haldia,Iron Ore,Capesize,2920,1020.0,811.18,4.0
2023Q1,Indonesia,Haldia,Iron Ore,Panamax,2920,1020.0,811.18,4.45
2023Q1,Indonesia,Haldia,Bauxite,Panamax,2920,1020.0,811.18,4.87
2023Q1,Indonesia,Haldia,Bauxite,Supramax,2920,1020.0,811.18,5.71
2023Q1,Indonesia,Haldia,Bauxite,Handysize,2920,1020.0,811.18,6.77
2023Q1,Indonesia,Haldia,Grain,Panamax,2920,1020.0,811.18,5.71
2023Q1,Indonesia,Haldia,Grain,Supramax,2920,1020.0,811.18,6.72
2023Q1,Indonesia,Haldia,Grain,Handysize,2920,1020.0,811.18,8.3
2023Q1,Indonesia,Kolkata,Coal,Capesize,2950,1020.0,811.18,4.74
2023Q1,Indonesia,Kolkata,Coal,Panamax,2950,1020.0,811.18,5.02
2023Q1,Indonesia,Kolkata,Coal,Supramax,2950,1020.0,811.18,6.47
2023Q1,Indonesia,Kolkata,Coal,Handysize,2950,1020.0,811.18,7.43
2023Q1,Indonesia,Kolkata,Iron Ore,Capesize,2950,1020.0,811.18,4.22
2023Q1,Indonesia,Kolkata,Iron Ore,Panamax,2950,1020.0,811.18,4.98
2023Q1,Indonesia,Kolkata,Bauxite,Panamax,2950,1020.0,811.18,5.75
2023Q1,Indonesia,Kolkata,Bauxite,Supramax,2950,1020.0,811.18,6.7
2023Q1,Indonesia,Kolkata,Bauxite,Handysize,2950,1020.0,811.18,7.96
2023Q1,Indonesia,Kolkata,Grain,Panamax,2950,1020.0,811.18,6.45
2023Q1,Indonesia,Kolkata,Grain,Supramax,2950,1020.0,811.18,7.42
2023Q1,Indonesia,Kolkata,Grain,Handysize,2950,1020.0,811.18,9.85
2023Q1,South Africa,Paradip,Coal,Capesize,5000,1020.0,811.18,5.02
2023Q1,South Africa,Paradip,Coal,Panamax,5000,1020.0,811.18,6.05
2023Q1,South Africa,Paradip,Coal,Supramax,5000,1020.0,811.18,6.67
2023Q1,South Africa,Paradip,Coal,Handysize,5000,1020.0,811.18,8.2
2023Q1,South Africa,Paradip,Iron Ore,Capesize,5000,1020.0,811.18,4.49
2023Q1,South Africa,Paradip,Iron Ore,Panamax,5000,1020.0,811.18,5.35
2023Q1,South Africa,Paradip,Bauxite,Panamax,5000,1020.0,811.18,6.57
2023Q1,South Africa,Paradip,Bauxite,Supramax,5000,1020.0,811.18,7.51
2023Q1,South Africa,Paradip,Bauxite,Handysize,5000,1020.0,811.18,8.75
2023Q1,South Africa,Paradip,Grain,Panamax,5000,1020.0,811.18,6.79
2023Q1,South Africa,Paradip,Grain,Supramax,5000,1020.0,811.18,8.99
2023Q1,South Africa,Paradip,Grain,Handysize,5000,1020.0,811.18,9.39
2023Q1,South Africa,Dhamra,Coal,Capesize,4950,1020.0,811.18,5.27
2023Q1,South Africa,Dhamra,Coal,Panamax,4950,1020.0,811.18,6.07
2023Q1,South Africa,Dhamra,Coal,Supramax,4950,1020.0,811.18,6.97
2023Q1,South Africa,Dhamra,Coal,Handysize,4950,1020.0,811.18,7.7
2023Q1,South Africa,Dhamra,Iron Ore,Capesize,4950,1020.0,811.18,4.53
2023Q1,South Africa,Dhamra,Iron Ore,Panamax,4950,1020.0,811.18,5.19
2023Q1,South Africa,Dhamra,Bauxite,Panamax,4950,1020.0,811.18,6.16
2023Q1,South Africa,Dhamra,Bauxite,Supramax,4950,1020.0,811.18,7.12
2023Q1,South Africa,Dhamra,Bauxite,Handysize,4950,1020.0,811.18,7.74
2023Q1,South Africa,Dhamra,Grain,Panamax,4950,1020.0,811.18,7.31
2023Q1,South Africa,Dhamra,Grain,Supramax,4950,1020.0,811.18,8.18
2023Q1,South Africa,Dhamra,Grain,Handysize,4950,1020.0,811.18,9.36
2023Q1,South Africa,Vizag,Coal,Capesize,4850,1020.0,811.18,4.85
2023Q1,South Africa,Vizag,Coal,Panamax,4850,1020.0,811.18,5.86
2023Q1,South Africa,Vizag,Coal,Supramax,4850,1020.0,811.18,6.54
2023Q1,South Africa,Vizag,Coal,Handysize,4850,1020.0,811.18,7.22
2023Q1,South Africa,Vizag,Iron Ore,Capesize,4850,1020.0,811.18,4.52
2023Q1,South Africa,Vizag,Iron Ore,Panamax,4850,1020.0,811.18,5.31
2023Q1,South Africa,Vizag,Bauxite,Panamax,4850,1020.0,811.18,6.04
2023Q1,South Africa,Vizag,Bauxite,Supramax,4850,1020.0,811.18,6.81
2023Q1,South Africa,Vizag,Bauxite,Handysize,4850,1020.0,811.18,8.26
2023Q1,South Africa,Vizag,Grain,Panamax,4850,1020.0,811.18,6.59
2023Q1,South Africa,Vizag,Grain,Supramax,4850,1020.0,811.18,7.82
2023Q1,South Africa,Vizag,Grain,Handysize,4850,1020.0,811.18,9.16
2023Q1,South Africa,Haldia,Coal,Capesize,5120,1020.0,811.18,6.91
2023Q1,South Africa,Haldia,Coal,Panamax,5120,1020.0,811.18,7.76
2023Q1,South Africa,Haldia,Coal,Supramax,5120,1020.0,811.18,9.03
2023Q1,South Africa,Haldia,Coal,Handysize,5120,1020.0,811.18,11.37
2023Q1,South Africa,Haldia,Iron Ore,Capesize,5120,1020.0,811.18,6.12
2023Q1,South Africa,Haldia,Iron Ore,Panamax,5120,1020.0,811.18,7.16
2023Q1,South Africa,Haldia,Bauxite,Panamax,5120,1020.0,811.18,8.15
2023Q1,South Africa,Haldia,Bauxite,Supramax,5120,1020.0,811.18,9.43
2023Q1,South Africa,Haldia,Bauxite,Handysize,5120,1020.0,811.18,10.32
2023Q1,South Africa,Haldia,Grain,Panamax,5120,1020.0,811.18,9.75
2023Q1,South Africa,Haldia,Grain,Supramax,5120,1020.0,811.18,11.18
2023Q1,South Africa,Haldia,Grain,Handysize,5120,1020.0,811.18,12.69
2023Q1,South Africa,Kolkata,Coal,Capesize,5150,1020.0,811.18,7.5
2023Q1,South Africa,Kolkata,Coal,Panamax,5150,1020.0,811.18,9.05
2023Q1,South Africa,Kolkata,Coal,Supramax,5150,1020.0,811.18,9.74
2023Q1,South Africa,Kolkata,Coal,Handysize,5150,1020.0,811.18,11.7
2023Q1,South Africa,Kolkata,Iron Ore,Capesize,5150,1020.0,811.18,6.51
2023Q1,South Africa,Kolkata,Iron Ore,Panamax,5150,1020.0,811.18,8.43
2023Q1,South Africa,Kolkata,Bauxite,Panamax,5150,1020.0,811.18,9.55
2023Q1,South Africa,Kolkata,Bauxite,Supramax,5150,1020.0,811.18,9.98
2023Q1,South Africa,Kolkata,Bauxite,Handysize,5150,1020.0,811.18,11.88
2023Q1,South Africa,Kolkata,Grain,Panamax,5150,1020.0,811.18,10.54
2023Q1,South Africa,Kolkata,Grain,Supramax,5150,1020.0,811.18,12.15
2023Q1,South Africa,Kolkata,Grain,Handysize,5150,1020.0,811.18,13.68
2023Q1,Mozambique,Paradip,Coal,Capesize,3600,1020.0,811.18,4.97
2023Q1,Mozambique,Paradip,Coal,Panamax,3600,1020.0,811.18,5.51
2023Q1,Mozambique,Paradip,Coal,Supramax,3600,1020.0,811.18,6.46
2023Q1,Mozambique,Paradip,Coal,Handysize,3600,1020.0,811.18,7.2
2023Q1,Mozambique,Paradip,Iron Ore,Capesize,3600,1020.0,811.18,4.29
2023Q1,Mozambique,Paradip,Iron Ore,Panamax,3600,1020.0,811.18,4.84
2023Q1,Mozambique,Paradip,Bauxite,Panamax,3600,1020.0,811.18,5.66
2023Q1,Mozambique,Paradip,Bauxite,Supramax,3600,1020.0,811.18,6.81
2023Q1,Mozambique,Paradip,Bauxite,Handysize,3600,1020.0,811.18,7.3
2023Q1,Mozambique,Paradip,Grain,Panamax,3600,1020.0,811.18,6.9
2023Q1,Mozambique,Paradip,Grain,Supramax,3600,1020.0,811.18,7.67
2023Q1,Mozambique,Paradip,Grain,Handysize,3600,1020.0,811.18,9.25
2023Q1,Mozambique,Dhamra,Coal,Capesize,3550,1020.0,811.18,4.34
2023Q1,Mozambique,Dhamra,Coal,Panamax,3550,1020.0,811.18,5.1
2023Q1,Mozambique,Dhamra,Coal,Supramax,3550,1020.0,811.18,5.9
2023Q1,Mozambique,Dhamra,Coal,Handysize,3550,1020.0,811.18,7.2
2023Q1,Mozambique,Dhamra,Iron Ore,Capesize,3550,1020.0,811.18,4.06
2023Q1,Mozambique,Dhamra,Iron Ore,Panamax,3550,1020.0,811.18,4.67
2023Q1,Mozambique,Dhamra,Bauxite,Panamax,3550,1020.0,811.18,5.34
2023Q1,Mozambique,Dhamra,Bauxite,Supramax,3550,1020.0,811.18,6.17
2023Q1,Mozambique,Dhamra,Bauxite,Handysize,3550,1020.0,811.18,7.49
2023Q1,Mozambique,Dhamra,Grain,Panamax,3550,1020.0,811.18,6.23
2023Q1,Mozambique,Dhamra,Grain,Supramax,3550,1020.0,811.18,7.21
2023Q1,Mozambique,Dhamra,Grain,Handysize,3550,1020.0,811.18,9.03
2023Q1,Mozambique,Vizag,Coal,Capesize,3450,1020.0,811.18,4.43
2023Q1,Mozambique,Vizag,Coal,Panamax,3450,1020.0,811.18,5.44
2023Q1,Mozambique,Vizag,Coal,Supramax,3450,1020.0,811.18,5.96
2023Q1,Mozambique,Vizag,Coal,Handysize,3450,1020.0,811.18,7.11
2023Q1,Mozambique,Vizag,Iron Ore,Capesize,3450,1020.0,811.18,4.0
2023Q1,Mozambique,Vizag,Iron Ore,Panamax,3450,1020.0,811.18,4.41
2023Q1,Mozambique,Vizag,Bauxite,Panamax,3450,1020.0,811.18,5.74
2023Q1,Mozambique,Vizag,Bauxite,Supramax,3450,1020.0,811.18,6.35
2023Q1,Mozambique,Vizag,Bauxite,Handysize,3450,1020.0,811.18,7.59
2023Q1,Mozambique,Vizag,Grain,Panamax,3450,1020.0,811.18,6.08
2023Q1,Mozambique,Vizag,Grain,Supramax,3450,1020.0,811.18,7.25
2023Q1,Mozambique,Vizag,Grain,Handysize,3450,1020.0,811.18,8.2
2023Q1,Mozambique,Haldia,Coal,Capesize,3720,1020.0,811.18,6.42
2023Q1,Mozambique,Haldia,Coal,Panamax,3720,1020.0,811.18,7.28
2023Q1,Mozambique,Haldia,Coal,Supramax,3720,1020.0,811.18,8.51
2023Q1,Mozambique,Haldia,Coal,Handysize,3720,1020.0,811.18,10.22
2023Q1,Mozambique,Haldia,Iron Ore,Capesize,3720,1020.0,811.18,5.76
2023Q1,Mozambique,Haldia,Iron Ore,Panamax,3720,1020.0,811.18,6.66
2023Q1,Mozambique,Haldia,Bauxite,Panamax,3720,1020.0,811.18,7.19
2023Q1,Mozambique,Haldia,Bauxite,Supramax,3720,1020.0,811.18,8.61
2023Q1,Mozambique,Haldia,Bauxite,Handysize,3720,1020.0,811.18,9.88
2023Q1,Mozambique,Haldia,Grain,Panamax,3720,1020.0,811.18,8.87
2023Q1,Mozambique,Haldia,Grain,Supramax,3720,1020.0,811.18,10.15
2023Q1,Mozambique,Haldia,Grain,Handysize,3720,1020.0,811.18,11.14
2023Q1,Mozambique,Kolkata,Coal,Capesize,3750,1020.0,811.18,6.96
2023Q1,Mozambique,Kolkata,Coal,Panamax,3750,1020.0,811.18,7.78
2023Q1,Mozambique,Kolkata,Coal,Supramax,3750,1020.0,811.18,9.55
2023Q1,Mozambique,Kolkata,Coal,Handysize,3750,1020.0,811.18,10.47
2023Q1,Mozambique,Kolkata,Iron Ore,Capesize,3750,1020.0,811.18,6.42
2023Q1,Mozambique,Kolkata,Iron Ore,Panamax,3750,1020.0,811.18,7.48
2023Q1,Mozambique,Kolkata,Bauxite,Panamax,3750,1020.0,811.18,9.19
2023Q1,Mozambique,Kolkata,Bauxite,Supramax,3750,1020.0,811.18,10.35
2023Q1,Mozambique,Kolkata,Bauxite,Handysize,3750,1020.0,811.18,11.49
2023Q1,Mozambique,Kolkata,Grain,Panamax,3750,1020.0,811.18,10.13
2023Q1,Mozambique,Kolkata,Grain,Supramax,3750,1020.0,811.18,10.92
2023Q1,Mozambique,Kolkata,Grain,Handysize,3750,1020.0,811.18,12.88
2023Q1,Russia,Paradip,Coal,Capesize,6000,1020.0,811.18,10.28
2023Q1,Russia,Paradip,Coal,Panamax,6000,1020.0,811.18,10.99
2023Q1,Russia,Paradip,Coal,Supramax,6000,1020.0,811.18,13.86
2023Q1,Russia,Paradip,Coal,Handysize,6000,1020.0,811.18,15.53
2023Q1,Russia,Paradip,Iron Ore,Capesize,6000,1020.0,811.18,9.17
2023Q1,Russia,Paradip,Iron Ore,Panamax,6000,1020.0,811.18,10.3
2023Q1,Russia,Paradip,Bauxite,Panamax,6000,1020.0,811.18,12.67
2023Q1,Russia,Paradip,Bauxite,Supramax,6000,1020.0,811.18,14.58
2023Q1,Russia,Paradip,Bauxite,Handysize,6000,1020.0,811.18,17.74
2023Q1,Russia,Paradip,Grain,Panamax,6000,1020.0,811.18,14.27
2023Q1,Russia,Paradip,Grain,Supramax,6000,1020.0,811.18,16.2
2023Q1,Russia,Paradip,Grain,Handysize,6000,1020.0,811.18,19.16
2023Q1,Russia,Dhamra,Coal,Capesize,5950,1020.0,811.18,9.48
2023Q1,Russia,Dhamra,Coal,Panamax,5950,1020.0,811.18,11.82
2023Q1,Russia,Dhamra,Coal,Supramax,5950,1020.0,811.18,13.87
2023Q1,Russia,Dhamra,Coal,Handysize,5950,1020.0,811.18,17.14
2023Q1,Russia,Dhamra,Iron Ore,Capesize,5950,1020.0,811.18,8.76
2023Q1,Russia,Dhamra,Iron Ore,Panamax,5950,1020.0,811.18,10.39
2023Q1,Russia,Dhamra,Bauxite,Panamax,5950,1020.0,811.18,11.99
2023Q1,Russia,Dhamra,Bauxite,Supramax,5950,1020.0,811.18,14.38
2023Q1,Russia,Dhamra,Bauxite,Handysize,5950,1020.0,811.18,16.79
2023Q1,Russia,Dhamra,Grain,Panamax,5950,1020.0,811.18,13.96
2023Q1,Russia,Dhamra,Grain,Supramax,5950,1020.0,811.18,16.93
2023Q1,Russia,Dhamra,Grain,Handysize,5950,1020.0,811.18,18.52
2023Q1,Russia,Vizag,Coal,Capesize,5850,1020.0,811.18,10.36
2023Q1,Russia,Vizag,Coal,Panamax,5850,1020.0,811.18,11.94
2023Q1,Russia,Vizag,Coal,Supramax,5850,1020.0,811.18,13.67
2023Q1,Russia,Vizag,Coal,Handysize,5850,1020.0,811.18,15.7
2023Q1,Russia,Vizag,Iron Ore,Capesize,5850,1020.0,811.18,9.78
2023Q1,Russia,Vizag,Iron Ore,Panamax,5850,1020.0,811.18,10.25
2023Q1,Russia,Vizag,Bauxite,Panamax,5850,1020.0,811.18,12.43
2023Q1,Russia,Vizag,Bauxite,Supramax,5850,1020.0,811.18,13.98
2023Q1,Russia,Vizag,Bauxite,Handysize,5850,1020.0,811.18,17.71
2023Q1,Russia,Vizag,Grain,Panamax,5850,1020.0,811.18,14.5
2023Q1,Russia,Vizag,Grain,Supramax,5850,1020.0,811.18,16.02
2023Q1,Russia,Vizag,Grain,Handysize,5850,1020.0,811.18,19.39
2023Q1,Russia,Haldia,Coal,Capesize,6120,1020.0,811.18,12.03
2023Q1,Russia,Haldia,Coal,Panamax,6120,1020.0,811.18,13.71
2023Q1,Russia,Haldia,Coal,Supramax,6120,1020.0,811.18,16.72
2023Q1,Russia,Haldia,Coal,Handysize,6120,1020.0,811.18,19.16
2023Q1,Russia,Haldia,Iron Ore,Capesize,6120,1020.0,811.18,10.81
2023Q1,Russia,Haldia,Iron Ore,Panamax,6120,1020.0,811.18,12.55
2023Q1,Russia,Haldia,Bauxite,Panamax,6120,1020.0,811.18,14.88
2023Q1,Russia,Haldia,Bauxite,Supramax,6120,1020.0,811.18,17.24
2023Q1,Russia,Haldia,Bauxite,Handysize,6120,1020.0,811.18,19.89
2023Q1,Russia,Haldia,Grain,Panamax,6120,1020.0,811.18,16.38
2023Q1,Russia,Haldia,Grain,Supramax,6120,1020.0,811.18,20.7
2023Q1,Russia,Haldia,Grain,Handysize,6120,1020.0,811.18,21.85
2023Q1,Russia,Kolkata,Coal,Capesize,6150,1020.0,811.18,13.09
2023Q1,Russia,Kolkata,Coal,Panamax,6150,1020.0,811.18,14.93
2023Q1,Russia,Kolkata,Coal,Supramax,6150,1020.0,811.18,18.7
2023Q1,Russia,Kolkata,Coal,Handysize,6150,1020.0,811.18,19.8
2023Q1,Russia,Kolkata,Iron Ore,Capesize,6150,1020.0,811.18,11.31
2023Q1,Russia,Kolkata,Iron Ore,Panamax,6150,1020.0,811.18,13.13
2023Q1,Russia,Kolkata,Bauxite,Panamax,6150,1020.0,811.18,16.03
2023Q1,Russia,Kolkata,Bauxite,Supramax,6150,1020.0,811.18,17.61
2023Q1,Russia,Kolkata,Bauxite,Handysize,6150,1020.0,811.18,21.11
2023Q1,Russia,Kolkata,Grain,Panamax,6150,1020.0,811.18,16.75
2023Q1,Russia,Kolkata,Grain,Supramax,6150,1020.0,811.18,21.32
2023Q1,Russia,Kolkata,Grain,Handysize,6150,1020.0,811.18,24.11
2023Q2,Australia,Paradip,Coal,Capesize,4400,1214.7,784.66,5.58
2023Q2,Australia,Paradip,Coal,Panamax,4400,1214.7,784.66,7.16
2023Q2,Australia,Paradip,Coal,Supramax,4400,1214.7,784.66,7.68
2023Q2,Australia,Paradip,Coal,Handysize,4400,1214.7,784.66,9.6
2023Q2,Australia,Paradip,Iron Ore,Capesize,4400,1214.7,784.66,5.17
2023Q2,Australia,Paradip,Iron Ore,Panamax,4400,1214.7,784.66,6.55
2023Q2,Australia,Paradip,Bauxite,Panamax,4400,1214.7,784.66,7.43
2023Q2,Australia,Paradip,Bauxite,Supramax,4400,1214.7,784.66,8.15
2023Q2,Australia,Paradip,Bauxite,Handysize,4400,1214.7,784.66,9.49
2023Q2,Australia,Paradip,Grain,Panamax,4400,1214.7,784.66,8.45
2023Q2,Australia,Paradip,Grain,Supramax,4400,1214.7,784.66,9.57
2023Q2,Australia,Paradip,Grain,Handysize,4400,1214.7,784.66,11.14
2023Q2,Australia,Dhamra,Coal,Capesize,4350,1214.7,784.66,5.93
2023Q2,Australia,Dhamra,Coal,Panamax,4350,1214.7,784.66,6.48
2023Q2,Australia,Dhamra,Coal,Supramax,4350,1214.7,784.66,7.78
2023Q2,Australia,Dhamra,Coal,Handysize,4350,1214.7,784.66,9.31
2023Q2,Australia,Dhamra,Iron Ore,Capesize,4350,1214.7,784.66,5.26
2023Q2,Australia,Dhamra,Iron Ore,Panamax,4350,1214.7,784.66,5.95
2023Q2,Australia,Dhamra,Bauxite,Panamax,4350,1214.7,784.66,6.91
2023Q2,Australia,Dhamra,Bauxite,Supramax,4350,1214.7,784.66,7.65
2023Q2,Australia,Dhamra,Bauxite,Handysize,4350,1214.7,784.66,9.11
2023Q2,Australia,Dhamra,Grain,Panamax,4350,1214.7,784.66,8.07
2023Q2,Australia,Dhamra,Grain,Supramax,4350,1214.7,784.66,9.27
2023Q2,Australia,Dhamra,Grain,Handysize,4350,1214.7,784.66,10.83
2023Q2,Australia,Vizag,Coal,Capesize,4250,1214.7,784.66,6.0
2023Q2,Australia,Vizag,Coal,Panamax,4250,1214.7,784.66,6.49
2023Q2,Australia,Vizag,Coal,Supramax,4250,1214.7,784.66,7.84
2023Q2,Australia,Vizag,Coal,Handysize,4250,1214.7,784.66,9.23
2023Q2,Australia,Vizag,Iron Ore,Capesize,4250,1214.7,784.66,5.08
2023Q2,Australia,Vizag,Iron Ore,Panamax,4250,1214.7,784.66,6.4
2023Q2,Australia,Vizag,Bauxite,Panamax,4250,1214.7,784.66,7.34
2023Q2,Australia,Vizag,Bauxite,Supramax,4250,1214.7,784.66,8.38
2023Q2,Australia,Vizag,Bauxite,Handysize,4250,1214.7,784.66,10.24
2023Q2,Australia,Vizag,Grain,Panamax,4250,1214.7,784.66,7.7
2023Q2,Australia,Vizag,Grain,Supramax,4250,1214.7,784.66,9.48
2023Q2,Australia,Vizag,Grain,Handysize,4250,1214.7,784.66,11.15
2023Q2,Australia,Haldia,Coal,Capesize,4520,1214.7,784.66,7.6
2023Q2,Australia,Haldia,Coal,Panamax,4520,1214.7,784.66,9.29
2023Q2,Australia,Haldia,Coal,Supramax,4520,1214.7,784.66,10.31
2023Q2,Australia,Haldia,Coal,Handysize,4520,1214.7,784.66,12.75
2023Q2,Australia,Haldia,Iron Ore,Capesize,4520,1214.7,784.66,7.33
2023Q2,Australia,Haldia,Iron Ore,Panamax,4520,1214.7,784.66,8.35
2023Q2,Australia,Haldia,Bauxite,Panamax,4520,1214.7,784.66,9.03
2023Q2,Australia,Haldia,Bauxite,Supramax,4520,1214.7,784.66,10.88
2023Q2,Australia,Haldia,Bauxite,Handysize,4520,1214.7,784.66,13.33
2023Q2,Australia,Haldia,Grain,Panamax,4520,1214.7,784.66,11.04
2023Q2,Australia,Haldia,Grain,Supramax,4520,1214.7,784.66,11.66
2023Q2,Australia,Haldia,Grain,Handysize,4520,1214.7,784.66,15.59
2023Q2,Australia,Kolkata,Coal,Capesize,4550,1214.7,784.66,8.88
2023Q2,Australia,Kolkata,Coal,Panamax,4550,1214.7,784.66,10.05
2023Q2,Australia,Kolkata,Coal,Supramax,4550,1214.7,784.66,12.49
2023Q2,Australia,Kolkata,Coal,Handysize,4550,1214.7,784.66,13.68
2023Q2,Australia,Kolkata,Iron Ore,Capesize,4550,1214.7,784.66,7.76
2023Q2,Australia,Kolkata,Iron Ore,Panamax,4550,1214.7,784.66,9.43
2023Q2,Australia,Kolkata,Bauxite,Panamax,4550,1214.7,784.66,11.54
2023Q2,Australia,Kolkata,Bauxite,Supramax,4550,1214.7,784.66,13.39
2023Q2,Australia,Kolkata,Bauxite,Handysize,4550,1214.7,784.66,14.89
2023Q2,Australia,Kolkata,Grain,Panamax,4550,1214.7,784.66,12.61
2023Q2,Australia,Kolkata,Grain,Supramax,4550,1214.7,784.66,14.88
2023Q2,Australia,Kolkata,Grain,Handysize,4550,1214.7,784.66,16.07
2023Q2,Indonesia,Paradip,Coal,Capesize,2800,1214.7,784.66,4.0
2023Q2,Indonesia,Paradip,Coal,Panamax,2800,1214.7,784.66,4.16
2023Q2,Indonesia,Paradip,Coal,Supramax,2800,1214.7,784.66,5.04
2023Q2,Indonesia,Paradip,Coal,Handysize,2800,1214.7,784.66,5.74
2023Q2,Indonesia,Paradip,Iron Ore,Capesize,2800,1214.7,784.66,4.0
2023Q2,Indonesia,Paradip,Iron Ore,Panamax,2800,1214.7,784.66,4.0
2023Q2,Indonesia,Paradip,Bauxite,Panamax,2800,1214.7,784.66,4.0
2023Q2,Indonesia,Paradip,Bauxite,Supramax,2800,1214.7,784.66,5.26
2023Q2,Indonesia,Paradip,Bauxite,Handysize,2800,1214.7,784.66,6.21
2023Q2,Indonesia,Paradip,Grain,Panamax,2800,1214.7,784.66,5.2
2023Q2,Indonesia,Paradip,Grain,Supramax,2800,1214.7,784.66,5.96
2023Q2,Indonesia,Paradip,Grain,Handysize,2800,1214.7,784.66,7.34
2023Q2,Indonesia,Dhamra,Coal,Capesize,2750,1214.7,784.66,4.0
2023Q2,Indonesia,Dhamra,Coal,Panamax,2750,1214.7,784.66,4.08
2023Q2,Indonesia,Dhamra,Coal,Supramax,2750,1214.7,784.66,4.86
2023Q2,Indonesia,Dhamra,Coal,Handysize,2750,1214.7,784.66,5.52
2023Q2,Indonesia,Dhamra,Iron Ore,Capesize,2750,1214.7,784.66,4.0
2023Q2,Indonesia,Dhamra,Iron Ore,Panamax,2750,1214.7,784.66,4.0
2023Q2,Indonesia,Dhamra,Bauxite,Panamax,2750,1214.7,784.66,4.15
2023Q2,Indonesia,Dhamra,Bauxite,Supramax,2750,1214.7,784.66,5.06
2023Q2,Indonesia,Dhamra,Bauxite,Handysize,2750,1214.7,784.66,5.65
2023Q2,Indonesia,Dhamra,Grain,Panamax,2750,1214.7,784.66,4.96
2023Q2,Indonesia,Dhamra,Grain,Supramax,2750,1214.7,784.66,5.66
2023Q2,Indonesia,Dhamra,Grain,Handysize,2750,1214.7,784.66,6.83
2023Q2,Indonesia,Vizag,Coal,Capesize,2650,1214.7,784.66,4.0
2023Q2,Indonesia,Vizag,Coal,Panamax,2650,1214.7,784.66,4.01
2023Q2,Indonesia,Vizag,Coal,Supramax,2650,1214.7,784.66,4.68
2023Q2,Indonesia,Vizag,Coal,Handysize,2650,1214.7,784.66,5.62
2023Q2,Indonesia,Vizag,Iron Ore,Capesize,2650,1214.7,784.66,4.0
2023Q2,Indonesia,Vizag,Iron Ore,Panamax,2650,1214.7,784.66,4.0
2023Q2,Indonesia,Vizag,Bauxite,Panamax,2650,1214.7,784.66,4.26
2023Q2,Indonesia,Vizag,Bauxite,Supramax,2650,1214.7,784.66,5.09
2023Q2,Indonesia,Vizag,Bauxite,Handysize,2650,1214.7,784.66,5.65
2023Q2,Indonesia,Vizag,Grain,Panamax,2650,1214.7,784.66,4.68
2023Q2,Indonesia,Vizag,Grain,Supramax,2650,1214.7,784.66,5.66
2023Q2,Indonesia,Vizag,Grain,Handysize,2650,1214.7,784.66,6.6
2023Q2,Indonesia,Haldia,Coal,Capesize,2920,1214.7,784.66,4.78
2023Q2,Indonesia,Haldia,Coal,Panamax,2920,1214.7,784.66,5.73
2023Q2,Indonesia,Haldia,Coal,Supramax,2920,1214.7,784.66,6.88
2023Q2,Indonesia,Haldia,Coal,Handysize,2920,1214.7,784.66,8.18
2023Q2,Indonesia,Haldia,Iron Ore,Capesize,2920,1214.7,784.66,4.47
2023Q2,Indonesia,Haldia,Iron Ore,Panamax,2920,1214.7,784.66,5.11
2023Q2,Indonesia,Haldia,Bauxite,Panamax,2920,1214.7,784.66,5.94
2023Q2,Indonesia,Haldia,Bauxite,Supramax,2920,1214.7,784.66,7.07
2023Q2,Indonesia,Haldia,Bauxite,Handysize,2920,1214.7,784.66,8.02
2023Q2,Indonesia,Haldia,Grain,Panamax,2920,1214.7,784.66,6.84
2023Q2,Indonesia,Haldia,Grain,Supramax,2920,1214.7,784.66,7.64
2023Q2,Indonesia,Haldia,Grain,Handysize,2920,1214.7,784.66,9.62
2023Q2,Indonesia,Kolkata,Coal,Capesize,2950,1214.7,784.66,5.35
2023Q2,Indonesia,Kolkata,Coal,Panamax,2950,1214.7,784.66,6.43
2023Q2,Indonesia,Kolkata,Coal,Supramax,2950,1214.7,784.66,7.64
2023Q2,Indonesia,Kolkata,Coal,Handysize,2950,1214.7,784.66,9.45
2023Q2,Indonesia,Kolkata,Iron Ore,Capesize,2950,1214.7,784.66,4.94
2023Q2,Indonesia,Kolkata,Iron Ore,Panamax,2950,1214.7,784.66,5.74
2023Q2,Indonesia,Kolkata,Bauxite,Panamax,2950,1214.7,784.66,6.72
2023Q2,Indonesia,Kolkata,Bauxite,Supramax,2950,1214.7,784.66,8.46
2023Q2,Indonesia,Kolkata,Bauxite,Handysize,2950,1214.7,784.66,8.37
2023Q2,Indonesia,Kolkata,Grain,Panamax,2950,1214.7,784.66,7.56
2023Q2,Indonesia,Kolkata,Grain,Supramax,2950,1214.7,784.66,10.01
2023Q2,Indonesia,Kolkata,Grain,Handysize,2950,1214.7,784.66,10.83
2023Q2,South Africa,Paradip,Coal,Capesize,5000,1214.7,784.66,5.9
2023Q2,South Africa,Paradip,Coal,Panamax,5000,1214.7,784.66,7.17
2023Q2,South Africa,Paradip,Coal,Supramax,5000,1214.7,784.66,8.4
2023Q2,South Africa,Paradip,Coal,Handysize,5000,1214.7,784.66,10.02
2023Q2,South Africa,Paradip,Iron Ore,Capesize,5000,1214.7,784.66,5.88
2023Q2,South Africa,Paradip,Iron Ore,Panamax,5000,1214.7,784.66,6.55
2023Q2,South Africa,Paradip,Bauxite,Panamax,5000,1214.7,784.66,7.4
2023Q2,South Africa,Paradip,Bauxite,Supramax,5000,1214.7,784.66,9.04
2023Q2,South Africa,Paradip,Bauxite,Handysize,5000,1214.7,784.66,9.96
2023Q2,South Africa,Paradip,Grain,Panamax,5000,1214.7,784.66,8.31
2023Q2,South Africa,Paradip,Grain,Supramax,5000,1214.7,784.66,9.44
2023Q2,South Africa,Paradip,Grain,Handysize,5000,1214.7,784.66,11.03
2023Q2,South Africa,Dhamra,Coal,Capesize,4950,1214.7,784.66,5.77
2023Q2,South Africa,Dhamra,Coal,Panamax,4950,1214.7,784.66,6.69
2023Q2,South Africa,Dhamra,Coal,Supramax,4950,1214.7,784.66,8.23
2023Q2,South Africa,Dhamra,Coal,Handysize,4950,1214.7,784.66,9.05
2023Q2,South Africa,Dhamra,Iron Ore,Capesize,4950,1214.7,784.66,4.77
2023Q2,South Africa,Dhamra,Iron Ore,Panamax,4950,1214.7,784.66,6.05
2023Q2,South Africa,Dhamra,Bauxite,Panamax,4950,1214.7,784.66,7.21
2023Q2,South Africa,Dhamra,Bauxite,Supramax,4950,1214.7,784.66,8.37
2023Q2,South Africa,Dhamra,Bauxite,Handysize,4950,1214.7,784.66,10.45
2023Q2,South Africa,Dhamra,Grain,Panamax,4950,1214.7,784.66,8.19
2023Q2,South Africa,Dhamra,Grain,Supramax,4950,1214.7,784.66,10.07
2023Q2,South Africa,Dhamra,Grain,Handysize,4950,1214.7,784.66,11.33
2023Q2,South Africa,Vizag,Coal,Capesize,4850,1214.7,784.66,5.88
2023Q2,South Africa,Vizag,Coal,Panamax,4850,1214.7,784.66,6.69
2023Q2,South Africa,Vizag,Coal,Supramax,4850,1214.7,784.66,8.03
2023Q2,South Africa,Vizag,Coal,Handysize,4850,1214.7,784.66,9.09
2023Q2,South Africa,Vizag,Iron Ore,Capesize,4850,1214.7,784.66,5.33
2023Q2,South Africa,Vizag,Iron Ore,Panamax,4850,1214.7,784.66,6.16
2023Q2,South Africa,Vizag,Bauxite,Panamax,4850,1214.7,784.66,7.0
2023Q2,South Africa,Vizag,Bauxite,Supramax,4850,1214.7,784.66,8.74
2023Q2,South Africa,Vizag,Bauxite,Handysize,4850,1214.7,784.66,9.95
2023Q2,South Africa,Vizag,Grain,Panamax,4850,1214.7,784.66,8.15
2023Q2,South Africa,Vizag,Grain,Supramax,4850,1214.7,784.66,9.7
2023Q2,South Africa,Vizag,Grain,Handysize,4850,1214.7,784.66,11.17
2023Q2,South Africa,Haldia,Coal,Capesize,5120,1214.7,784.66,7.75
2023Q2,South Africa,Haldia,Coal,Panamax,5120,1214.7,784.66,9.38
2023Q2,South Africa,Haldia,Coal,Supramax,5120,1214.7,784.66,10.68
2023Q2,South Africa,Haldia,Coal,Handysize,5120,1214.7,784.66,12.25
2023Q2,South Africa,Haldia,Iron Ore,Capesize,5120,1214.7,784.66,6.79
2023Q2,South Africa,Haldia,Iron Ore,Panamax,5120,1214.7,784.66,8.32
2023Q2,South Africa,Haldia,Bauxite,Panamax,5120,1214.7,784.66,10.02
2023Q2,South Africa,Haldia,Bauxite,Supramax,5120,1214.7,784.66,11.19
2023Q2,South Africa,Haldia,Bauxite,Handysize,5120,1214.7,784.66,14.48
2023Q2,South Africa,Haldia,Grain,Panamax,5120,1214.7,784.66,11.58
2023Q2,South Africa,Haldia,Grain,Supramax,5120,1214.7,784.66,13.7
2023Q2,South Africa,Haldia,Grain,Handysize,5120,1214.7,784.66,15.63
2023Q2,South Africa,Kolkata,Coal,Capesize,5150,1214.7,784.66,9.56
2023Q2,South Africa,Kolkata,Coal,Panamax,5150,1214.7,784.66,10.22
2023Q2,South Africa,Kolkata,Coal,Supramax,5150,1214.7,784.66,11.16
2023Q2,South Africa,Kolkata,Coal,Handysize,5150,1214.7,784.66,14.01
2023Q2,South Africa,Kolkata,Iron Ore,Capesize,5150,1214.7,784.66,8.24
2023Q2,South Africa,Kolkata,Iron Ore,Panamax,5150,1214.7,784.66,9.51
2023Q2,South Africa,Kolkata,Bauxite,Panamax,5150,1214.7,784.66,11.14
2023Q2,South Africa,Kolkata,Bauxite,Supramax,5150,1214.7,784.66,13.47
2023Q2,South Africa,Kolkata,Bauxite,Handysize,5150,1214.7,784.66,15.14
2023Q2,South Africa,Kolkata,Grain,Panamax,5150,1214.7,784.66,12.96
2023Q2,South Africa,Kolkata,Grain,Supramax,5150,1214.7,784.66,14.23
2023Q2,South Africa,Kolkata,Grain,Handysize,5150,1214.7,784.66,16.42
2023Q2,Mozambique,Paradip,Coal,Capesize,3600,1214.7,784.66,5.85
2023Q2,Mozambique,Paradip,Coal,Panamax,3600,1214.7,784.66,6.51
2023Q2,Mozambique,Paradip,Coal,Supramax,3600,1214.7,784.66,7.4
2023Q2,Mozambique,Paradip,Coal,Handysize,3600,1214.7,784.66,8.59
2023Q2,Mozambique,Paradip,Iron Ore,Capesize,3600,1214.7,784.66,4.87
2023Q2,Mozambique,Paradip,Iron Ore,Panamax,3600,1214.7,784.66,5.69
2023Q2,Mozambique,Paradip,Bauxite,Panamax,3600,1214.7,784.66,6.5
2023Q2,Mozambique,Paradip,Bauxite,Supramax,3600,1214.7,784.66,7.53
2023Q2,Mozambique,Paradip,Bauxite,Handysize,3600,1214.7,784.66,9.16
2023Q2,Mozambique,Paradip,Grain,Panamax,3600,1214.7,784.66,7.62
2023Q2,Mozambique,Paradip,Grain,Supramax,3600,1214.7,784.66,9.43
2023Q2,Mozambique,Paradip,Grain,Handysize,3600,1214.7,784.66,10.65
2023Q2,Mozambique,Dhamra,Coal,Capesize,3550,1214.7,784.66,5.41
2023Q2,Mozambique,Dhamra,Coal,Panamax,3550,1214.7,784.66,6.12
2023Q2,Mozambique,Dhamra,Coal,Supramax,3550,1214.7,784.66,7.3
2023Q2,Mozambique,Dhamra,Coal,Handysize,3550,1214.7,784.66,8.61
2023Q2,Mozambique,Dhamra,Iron Ore,Capesize,3550,1214.7,784.66,4.95
2023Q2,Mozambique,Dhamra,Iron Ore,Panamax,3550,1214.7,784.66,5.63
2023Q2,Mozambique,Dhamra,Bauxite,Panamax,3550,1214.7,784.66,6.84
2023Q2,Mozambique,Dhamra,Bauxite,Supramax,3550,1214.7,784.66,7.7
2023Q2,Mozambique,Dhamra,Bauxite,Handysize,3550,1214.7,784.66,9.18
2023Q2,Mozambique,Dhamra,Grain,Panamax,3550,1214.7,784.66,7.41
2023Q2,Mozambique,Dhamra,Grain,Supramax,3550,1214.7,784.66,8.24
2023Q2,Mozambique,Dhamra,Grain,Handysize,3550,1214.7,784.66,10.3
2023Q2,Mozambique,Vizag,Coal,Capesize,3450,1214.7,784.66,5.43
2023Q2,Mozambique,Vizag,Coal,Panamax,3450,1214.7,784.66,6.32
2023Q2,Mozambique,Vizag,Coal,Supramax,3450,1214.7,784.66,7.34
2023Q2,Mozambique,Vizag,Coal,Handysize,3450,1214.7,784.66,8.29
2023Q2,Mozambique,Vizag,Iron Ore,Capesize,3450,1214.7,784.66,4.63
2023Q2,Mozambique,Vizag,Iron Ore,Panamax,3450,1214.7,784.66,5.69
2023Q2,Mozambique,Vizag,Bauxite,Panamax,3450,1214.7,784.66,6.61
2023Q2,Mozambique,Vizag,Bauxite,Supramax,3450,1214.7,784.66,7.44
2023Q2,Mozambique,Vizag,Bauxite,Handysize,3450,1214.7,784.66,9.16
2023Q2,Mozambique,Vizag,Grain,Panamax,3450,1214.7,784.66,7.21
2023Q2,Mozambique,Vizag,Grain,Supramax,3450,1214.7,784.66,8.5
2023Q2,Mozambique,Vizag,Grain,Handysize,3450,1214.7,784.66,10.65
2023Q2,Mozambique,Haldia,Coal,Capesize,3720,1214.7,784.66,7.55
2023Q2,Mozambique,Haldia,Coal,Panamax,3720,1214.7,784.66,8.47
2023Q2,Mozambique,Haldia,Coal,Supramax,3720,1214.7,784.66,10.11
2023Q2,Mozambique,Haldia,Coal,Handysize,3720,1214.7,784.66,11.68
2023Q2,Mozambique,Haldia,Iron Ore,Capesize,3720,1214.7,784.66,5.96
2023Q2,Mozambique,Haldia,Iron Ore,Panamax,3720,1214.7,784.66,7.48
2023Q2,Mozambique,Haldia,Bauxite,Panamax,3720,1214.7,784.66,8.99
2023Q2,Mozambique,Haldia,Bauxite,Supramax,3720,1214.7,784.66,10.38
2023Q2,Mozambique,Haldia,Bauxite,Handysize,3720,1214.7,784.66,12.3
2023Q2,Mozambique,Haldia,Grain,Panamax,3720,1214.7,784.66,10.7
2023Q2,Mozambique,Haldia,Grain,Supramax,3720,1214.7,784.66,11.88
2023Q2,Mozambique,Haldia,Grain,Handysize,3720,1214.7,784.66,13.43
2023Q2,Mozambique,Kolkata,Coal,Capesize,3750,1214.7,784.66,8.44
2023Q2,Mozambique,Kolkata,Coal,Panamax,3750,1214.7,784.66,9.66
2023Q2,Mozambique,Kolkata,Coal,Supramax,3750,1214.7,784.66,11.34
2023Q2,Mozambique,Kolkata,Coal,Handysize,3750,1214.7,784.66,13.09
2023Q2,Mozambique,Kolkata,Iron Ore,Capesize,3750,1214.7,784.66,8.1
2023Q2,Mozambique,Kolkata,Iron Ore,Panamax,3750,1214.7,784.66,8.1
2023Q2,Mozambique,Kolkata,Bauxite,Panamax,3750,1214.7,784.66,10.12
2023Q2,Mozambique,Kolkata,Bauxite,Supramax,3750,1214.7,784.66,11.97
2023Q2,Mozambique,Kolkata,Bauxite,Handysize,3750,1214.7,784.66,13.51
2023Q2,Mozambique,Kolkata,Grain,Panamax,3750,1214.7,784.66,12.09
2023Q2,Mozambique,Kolkata,Grain,Supramax,3750,1214.7,784.66,14.07
2023Q2,Mozambique,Kolkata,Grain,Handysize,3750,1214.7,784.66,15.85
2023Q2,Russia,Paradip,Coal,Capesize,6000,1214.7,784.66,11.98
2023Q2,Russia,Paradip,Coal,Panamax,6000,1214.7,784.66,14.11
2023Q2,Russia,Paradip,Coal,Supramax,6000,1214.7,784.66,16.46
2023Q2,Russia,Paradip,Coal,Handysize,6000,1214.7,784.66,19.13
2023Q2,Russia,Paradip,Iron Ore,Capesize,6000,1214.7,784.66,10.82
2023Q2,Russia,Paradip,Iron Ore,Panamax,6000,1214.7,784.66,12.86
2023Q2,Russia,Paradip,Bauxite,Panamax,6000,1214.7,784.66,15.26
2023Q2,Russia,Paradip,Bauxite,Supramax,6000,1214.7,784.66,16.6
2023Q2,Russia,Paradip,Bauxite,Handysize,6000,1214.7,784.66,19.4
2023Q2,Russia,Paradip,Grain,Panamax,6000,1214.7,784.66,15.95
2023Q2,Russia,Paradip,Grain,Supramax,6000,1214.7,784.66,20.43
2023Q2,Russia,Paradip,Grain,Handysize,6000,1214.7,784.66,23.22
2023Q2,Russia,Dhamra,Coal,Capesize,5950,1214.7,784.66,12.06
2023Q2,Russia,Dhamra,Coal,Panamax,5950,1214.7,784.66,13.18
2023Q2,Russia,Dhamra,Coal,Supramax,5950,1214.7,784.66,17.2
2023Q2,Russia,Dhamra,Coal,Handysize,5950,1214.7,784.66,18.39
2023Q2,Russia,Dhamra,Iron Ore,Capesize,5950,1214.7,784.66,10.73
2023Q2,Russia,Dhamra,Iron Ore,Panamax,5950,1214.7,784.66,12.86
2023Q2,Russia,Dhamra,Bauxite,Panamax,5950,1214.7,784.66,14.07
2023Q2,Russia,Dhamra,Bauxite,Supramax,5950,1214.7,784.66,16.67
2023Q2,Russia,Dhamra,Bauxite,Handysize,5950,1214.7,784.66,19.85
2023Q2,Russia,Dhamra,Grain,Panamax,5950,1214.7,784.66,18.32
2023Q2,Russia,Dhamra,Grain,Supramax,5950,1214.7,784.66,19.63
2023Q2,Russia,Dhamra,Grain,Handysize,5950,1214.7,784.66,23.81
2023Q2,Russia,Vizag,Coal,Capesize,5850,1214.7,784.66,12.42
2023Q2,Russia,Vizag,Coal,Panamax,5850,1214.7,784.66,14.14
2023Q2,Russia,Vizag,Coal,Supramax,5850,1214.7,784.66,15.72
2023Q2,Russia,Vizag,Coal,Handysize,5850,1214.7,784.66,19.6
2023Q2,Russia,Vizag,Iron Ore,Capesize,5850,1214.7,784.66,10.17
2023Q2,Russia,Vizag,Iron Ore,Panamax,5850,1214.7,784.66,13.27
2023Q2,Russia,Vizag,Bauxite,Panamax,5850,1214.7,784.66,14.76
2023Q2,Russia,Vizag,Bauxite,Supramax,5850,1214.7,784.66,15.51
2023Q2,Russia,Vizag,Bauxite,Handysize,5850,1214.7,784.66,19.61
2023Q2,Russia,Vizag,Grain,Panamax,5850,1214.7,784.66,17.13
2023Q2,Russia,Vizag,Grain,Supramax,5850,1214.7,784.66,19.38
2023Q2,Russia,Vizag,Grain,Handysize,5850,1214.7,784.66,23.25
2023Q2,Russia,Haldia,Coal,Capesize,6120,1214.7,784.66,13.78
2023Q2,Russia,Haldia,Coal,Panamax,6120,1214.7,784.66,15.87
2023Q2,Russia,Haldia,Coal,Supramax,6120,1214.7,784.66,19.35
2023Q2,Russia,Haldia,Coal,Handysize,6120,1214.7,784.66,22.54
2023Q2,Russia,Haldia,Iron Ore,Capesize,6120,1214.7,784.66,12.62
2023Q2,Russia,Haldia,Iron Ore,Panamax,6120,1214.7,784.66,15.61
2023Q2,Russia,Haldia,Bauxite,Panamax,6120,1214.7,784.66,16.94
2023Q2,Russia,Haldia,Bauxite,Supramax,6120,1214.7,784.66,20.59
2023Q2,Russia,Haldia,Bauxite,Handysize,6120,1214.7,784.66,23.7
2023Q2,Russia,Haldia,Grain,Panamax,6120,1214.7,784.66,18.86
2023Q2,Russia,Haldia,Grain,Supramax,6120,1214.7,784.66,22.2
2023Q2,Russia,Haldia,Grain,Handysize,6120,1214.7,784.66,27.03
2023Q2,Russia,Kolkata,Coal,Capesize,6150,1214.7,784.66,16.42
2023Q2,Russia,Kolkata,Coal,Panamax,6150,1214.7,784.66,18.34
2023Q2,Russia,Kolkata,Coal,Supramax,6150,1214.7,784.66,19.71
2023Q2,Russia,Kolkata,Coal,Handysize,6150,1214.7,784.66,21.7
2023Q2,Russia,Kolkata,Iron Ore,Capesize,6150,1214.7,784.66,14.18
2023Q2,Russia,Kolkata,Iron Ore,Panamax,6150,1214.7,784.66,16.13
2023Q2,Russia,Kolkata,Bauxite,Panamax,6150,1214.7,784.66,19.63
2023Q2,Russia,Kolkata,Bauxite,Supramax,6150,1214.7,784.66,21.35
2023Q2,Russia,Kolkata,Bauxite,Handysize,6150,1214.7,784.66,25.88
2023Q2,Russia,Kolkata,Grain,Panamax,6150,1214.7,784.66,22.21
2023Q2,Russia,Kolkata,Grain,Supramax,6150,1214.7,784.66,24.78
2023Q2,Russia,Kolkata,Grain,Handysize,6150,1214.7,784.66,28.78
2023Q3,Australia,Paradip,Coal,Capesize,4400,1304.7,671.83,6.33
2023Q3,Australia,Paradip,Coal,Panamax,4400,1304.7,671.83,7.55
2023Q3,Australia,Paradip,Coal,Supramax,4400,1304.7,671.83,8.64
2023Q3,Australia,Paradip,Coal,Handysize,4400,1304.7,671.83,10.37
2023Q3,Australia,Paradip,Iron Ore,Capesize,4400,1304.7,671.83,5.6
2023Q3,Australia,Paradip,Iron Ore,Panamax,4400,1304.7,671.83,6.36
2023Q3,Australia,Paradip,Bauxite,Panamax,4400,1304.7,671.83,8.32
2023Q3,Australia,Paradip,Bauxite,Supramax,4400,1304.7,671.83,8.88
2023Q3,Australia,Paradip,Bauxite,Handysize,4400,1304.7,671.83,10.32
2023Q3,Australia,Paradip,Grain,Panamax,4400,1304.7,671.83,8.87
2023Q3,Australia,Paradip,Grain,Supramax,4400,1304.7,671.83,10.39
2023Q3,Australia,Paradip,Grain,Handysize,4400,1304.7,671.83,11.87
2023Q3,Australia,Dhamra,Coal,Capesize,4350,1304.7,671.83,6.1
2023Q3,Australia,Dhamra,Coal,Panamax,4350,1304.7,671.83,7.13
2023Q3,Australia,Dhamra,Coal,Supramax,4350,1304.7,671.83,8.38
2023Q3,Australia,Dhamra,Coal,Handysize,4350,1304.7,671.83,8.87
2023Q3,Australia,Dhamra,Iron Ore,Capesize,4350,1304.7,671.83,5.85
2023Q3,Australia,Dhamra,Iron Ore,Panamax,4350,1304.7,671.83,6.4
2023Q3,Australia,Dhamra,Bauxite,Panamax,4350,1304.7,671.83,7.65
2023Q3,Australia,Dhamra,Bauxite,Supramax,4350,1304.7,671.83,8.33
2023Q3,Australia,Dhamra,Bauxite,Handysize,4350,1304.7,671.83,9.99
2023Q3,Australia,Dhamra,Grain,Panamax,4350,1304.7,671.83,8.37
2023Q3,Australia,Dhamra,Grain,Supramax,4350,1304.7,671.83,10.51
2023Q3,Australia,Dhamra,Grain,Handysize,4350,1304.7,671.83,11.37
2023Q3,Australia,Vizag,Coal,Capesize,4250,1304.7,671.83,6.38
2023Q3,Australia,Vizag,Coal,Panamax,4250,1304.7,671.83,7.11
2023Q3,Australia,Vizag,Coal,Supramax,4250,1304.7,671.83,8.35
2023Q3,Australia,Vizag,Coal,Handysize,4250,1304.7,671.83,9.77
2023Q3,Australia,Vizag,Iron Ore,Capesize,4250,1304.7,671.83,5.84
2023Q3,Australia,Vizag,Iron Ore,Panamax,4250,1304.7,671.83,6.11
2023Q3,Australia,Vizag,Bauxite,Panamax,4250,1304.7,671.83,7.29
2023Q3,Australia,Vizag,Bauxite,Supramax,4250,1304.7,671.83,8.3
2023Q3,Australia,Vizag,Bauxite,Handysize,4250,1304.7,671.83,9.95
2023Q3,Australia,Vizag,Grain,Panamax,4250,1304.7,671.83,8.48
2023Q3,Australia,Vizag,Grain,Supramax,4250,1304.7,671.83,9.61
2023Q3,Australia,Vizag,Grain,Handysize,4250,1304.7,671.83,11.52
2023Q3,Australia,Haldia,Coal,Capesize,4520,1304.7,671.83,7.84
2023Q3,Australia,Haldia,Coal,Panamax,4520,1304.7,671.83,9.52
2023Q3,Australia,Haldia,Coal,Supramax,4520,1304.7,671.83,12.01
2023Q3,Australia,Haldia,Coal,Handysize,4520,1304.7,671.83,13.56
2023Q3,Australia,Haldia,Iron Ore,Capesize,4520,1304.7,671.83,7.64
2023Q3,Australia,Haldia,Iron Ore,Panamax,4520,1304.7,671.83,8.58
2023Q3,Australia,Haldia,Bauxite,Panamax,4520,1304.7,671.83,9.81
2023Q3,Australia,Haldia,Bauxite,Supramax,4520,1304.7,671.83,11.62
2023Q3,Australia,Haldia,Bauxite,Handysize,4520,1304.7,671.83,14.02
2023Q3,Australia,Haldia,Grain,Panamax,4520,1304.7,671.83,12.21
2023Q3,Australia,Haldia,Grain,Supramax,4520,1304.7,671.83,14.26
2023Q3,Australia,Haldia,Grain,Handysize,4520,1304.7,671.83,16.4
2023Q3,Australia,Kolkata,Coal,Capesize,4550,1304.7,671.83,9.25
2023Q3,Australia,Kolkata,Coal,Panamax,4550,1304.7,671.83,11.12
2023Q3,Australia,Kolkata,Coal,Supramax,4550,1304.7,671.83,12.82
2023Q3,Australia,Kolkata,Coal,Handysize,4550,1304.7,671.83,14.94
2023Q3,Australia,Kolkata,Iron Ore,Capesize,4550,1304.7,671.83,9.15
2023Q3,Australia,Kolkata,Iron Ore,Panamax,4550,1304.7,671.83,9.38
2023Q3,Australia,Kolkata,Bauxite,Panamax,4550,1304.7,671.83,11.57
2023Q3,Australia,Kolkata,Bauxite,Supramax,4550,1304.7,671.83,14.19
2023Q3,Australia,Kolkata,Bauxite,Handysize,4550,1304.7,671.83,14.99
2023Q3,Australia,Kolkata,Grain,Panamax,4550,1304.7,671.83,13.03
2023Q3,Australia,Kolkata,Grain,Supramax,4550,1304.7,671.83,15.27
2023Q3,Australia,Kolkata,Grain,Handysize,4550,1304.7,671.83,17.91
2023Q3,Indonesia,Paradip,Coal,Capesize,2800,1304.7,671.83,4.0
2023Q3,Indonesia,Paradip,Coal,Panamax,2800,1304.7,671.83,4.68
2023Q3,Indonesia,Paradip,Coal,Supramax,2800,1304.7,671.83,5.47
2023Q3,Indonesia,Paradip,Coal,Handysize,2800,1304.7,671.83,6.32
2023Q3,Indonesia,Paradip,Iron Ore,Capesize,2800,1304.7,671.83,4.0
2023Q3,Indonesia,Paradip,Iron Ore,Panamax,2800,1304.7,671.83,4.14
2023Q3,Indonesia,Paradip,Bauxite,Panamax,2800,1304.7,671.83,4.66
2023Q3,Indonesia,Paradip,Bauxite,Supramax,2800,1304.7,671.83,5.55
2023Q3,Indonesia,Paradip,Bauxite,Handysize,2800,1304.7,671.83,7.01
2023Q3,Indonesia,Paradip,Grain,Panamax,2800,1304.7,671.83,5.52
2023Q3,Indonesia,Paradip,Grain,Supramax,2800,1304.7,671.83,6.15
2023Q3,Indonesia,Paradip,Grain,Handysize,2800,1304.7,671.83,7.5
2023Q3,Indonesia,Dhamra,Coal,Capesize,2750,1304.7,671.83,4.0
2023Q3,Indonesia,Dhamra,Coal,Panamax,2750,1304.7,671.83,4.14
2023Q3,Indonesia,Dhamra,Coal,Supramax,2750,1304.7,671.83,4.86
2023Q3,Indonesia,Dhamra,Coal,Handysize,2750,1304.7,671.83,5.76
2023Q3,Indonesia,Dhamra,Iron Ore,Capesize,2750,1304.7,671.83,4.0
2023Q3,Indonesia,Dhamra,Iron Ore,Panamax,2750,1304.7,671.83,4.0
2023Q3,Indonesia,Dhamra,Bauxite,Panamax,2750,1304.7,671.83,4.62
2023Q3,Indonesia,Dhamra,Bauxite,Supramax,2750,1304.7,671.83,5.09
2023Q3,Indonesia,Dhamra,Bauxite,Handysize,2750,1304.7,671.83,6.03
2023Q3,Indonesia,Dhamra,Grain,Panamax,2750,1304.7,671.83,5.23
2023Q3,Indonesia,Dhamra,Grain,Supramax,2750,1304.7,671.83,5.92
2023Q3,Indonesia,Dhamra,Grain,Handysize,2750,1304.7,671.83,6.95
2023Q3,Indonesia,Vizag,Coal,Capesize,2650,1304.7,671.83,4.0
2023Q3,Indonesia,Vizag,Coal,Panamax,2650,1304.7,671.83,4.18
2023Q3,Indonesia,Vizag,Coal,Supramax,2650,1304.7,671.83,4.98
2023Q3,Indonesia,Vizag,Coal,Handysize,2650,1304.7,671.83,6.05
2023Q3,Indonesia,Vizag,Iron Ore,Capesize,2650,1304.7,671.83,4.0
2023Q3,Indonesia,Vizag,Iron Ore,Panamax,2650,1304.7,671.83,4.0
2023Q3,Indonesia,Vizag,Bauxite,Panamax,2650,1304.7,671.83,4.53
2023Q3,Indonesia,Vizag,Bauxite,Supramax,2650,1304.7,671.83,4.92
2023Q3,Indonesia,Vizag,Bauxite,Handysize,2650,1304.7,671.83,5.79
2023Q3,Indonesia,Vizag,Grain,Panamax,2650,1304.7,671.83,4.93
2023Q3,Indonesia,Vizag,Grain,Supramax,2650,1304.7,671.83,5.75
2023Q3,Indonesia,Vizag,Grain,Handysize,2650,1304.7,671.83,6.86
2023Q3,Indonesia,Haldia,Coal,Capesize,2920,1304.7,671.83,5.31
2023Q3,Indonesia,Haldia,Coal,Panamax,2920,1304.7,671.83,6.35
2023Q3,Indonesia,Haldia,Coal,Supramax,2920,1304.7,671.83,7.18
2023Q3,Indonesia,Haldia,Coal,Handysize,2920,1304.7,671.83,8.11
2023Q3,Indonesia,Haldia,Iron Ore,Capesize,2920,1304.7,671.83,4.34
2023Q3,Indonesia,Haldia,Iron Ore,Panamax,2920,1304.7,671.83,5.49
2023Q3,Indonesia,Haldia,Bauxite,Panamax,2920,1304.7,671.83,6.39
2023Q3,Indonesia,Haldia,Bauxite,Supramax,2920,1304.7,671.83,7.5
2023Q3,Indonesia,Haldia,Bauxite,Handysize,2920,1304.7,671.83,9.29
2023Q3,Indonesia,Haldia,Grain,Panamax,2920,1304.7,671.83,7.62
2023Q3,Indonesia,Haldia,Grain,Supramax,2920,1304.7,671.83,8.75
2023Q3,Indonesia,Haldia,Grain,Handysize,2920,1304.7,671.83,9.55
2023Q3,Indonesia,Kolkata,Coal,Capesize,2950,1304.7,671.83,5.88
2023Q3,Indonesia,Kolkata,Coal,Panamax,2950,1304.7,671.83,6.99
2023Q3,Indonesia,Kolkata,Coal,Supramax,2950,1304.7,671.83,7.96
2023Q3,Indonesia,Kolkata,Coal,Handysize,2950,1304.7,671.83,9.66
2023Q3,Indonesia,Kolkata,Iron Ore,Capesize,2950,1304.7,671.83,5.46
2023Q3,Indonesia,Kolkata,Iron Ore,Panamax,2950,1304.7,671.83,6.07
2023Q3,Indonesia,Kolkata,Bauxite,Panamax,2950,1304.7,671.83,7.67
2023Q3,Indonesia,Kolkata,Bauxite,Supramax,2950,1304.7,671.83,8.62
2023Q3,Indonesia,Kolkata,Bauxite,Handysize,2950,1304.7,671.83,9.36
2023Q3,Indonesia,Kolkata,Grain,Panamax,2950,1304.7,671.83,8.4
2023Q3,Indonesia,Kolkata,Grain,Supramax,2950,1304.7,671.83,9.91
2023Q3,Indonesia,Kolkata,Grain,Handysize,2950,1304.7,671.83,11.78
2023Q3,South Africa,Paradip,Coal,Capesize,5000,1304.7,671.83,6.51
2023Q3,South Africa,Paradip,Coal,Panamax,5000,1304.7,671.83,7.94
2023Q3,South Africa,Paradip,Coal,Supramax,5000,1304.7,671.83,9.06
2023Q3,South Africa,Paradip,Coal,Handysize,5000,1304.7,671.83,9.97
2023Q3,South Africa,Paradip,Iron Ore,Capesize,5000,1304.7,671.83,5.64
2023Q3,South Africa,Paradip,Iron Ore,Panamax,5000,1304.7,671.83,7.22
2023Q3,South Africa,Paradip,Bauxite,Panamax,5000,1304.7,671.83,8.44
2023Q3,South Africa,Paradip,Bauxite,Supramax,5000,1304.7,671.83,9.56
2023Q3,South Africa,Paradip,Bauxite,Handysize,5000,1304.7,671.83,11.55
2023Q3,South Africa,Paradip,Grain,Panamax,5000,1304.7,671.83,9.6
2023Q3,South Africa,Paradip,Grain,Supramax,5000,1304.7,671.83,11.06
2023Q3,South Africa,Paradip,Grain,Handysize,5000,1304.7,671.83,12.14
2023Q3,South Africa,Dhamra,Coal,Capesize,4950,1304.7,671.83,6.79
2023Q3,South Africa,Dhamra,Coal,Panamax,4950,1304.7,671.83,7.64
2023Q3,South Africa,Dhamra,Coal,Supramax,4950,1304.7,671.83,8.63
2023Q3,South Africa,Dhamra,Coal,Handysize,4950,1304.7,671.83,9.91
2023Q3,South Africa,Dhamra,Iron Ore,Capesize,4950,1304.7,671.83,5.81
2023Q3,South Africa,Dhamra,Iron Ore,Panamax,4950,1304.7,671.83,6.35
2023Q3,South Africa,Dhamra,Bauxite,Panamax,4950,1304.7,671.83,8.06
2023Q3,South Africa,Dhamra,Bauxite,Supramax,4950,1304.7,671.83,8.88
2023Q3,South Africa,Dhamra,Bauxite,Handysize,4950,1304.7,671.83,10.8
2023Q3,South Africa,Dhamra,Grain,Panamax,4950,1304.7,671.83,8.83
2023Q3,South Africa,Dhamra,Grain,Supramax,4950,1304.7,671.83,10.4
2023Q3,South Africa,Dhamra,Grain,Handysize,4950,1304.7,671.83,11.86
2023Q3,South Africa,Vizag,Coal,Capesize,4850,1304.7,671.83,6.29
2023Q3,South Africa,Vizag,Coal,Panamax,4850,1304.7,671.83,7.9
2023Q3,South Africa,Vizag,Coal,Supramax,4850,1304.7,671.83,9.06
2023Q3,South Africa,Vizag,Coal,Handysize,4850,1304.7,671.83,10.16
2023Q3,South Africa,Vizag,Iron Ore,Capesize,4850,1304.7,671.83,5.69
2023Q3,South Africa,Vizag,Iron Ore,Panamax,4850,1304.7,671.83,6.86
2023Q3,South Africa,Vizag,Bauxite,Panamax,4850,1304.7,671.83,8.09
2023Q3,South Africa,Vizag,Bauxite,Supramax,4850,1304.7,671.83,8.81
2023Q3,South Africa,Vizag,Bauxite,Handysize,4850,1304.7,671.83,10.5
2023Q3,South Africa,Vizag,Grain,Panamax,4850,1304.7,671.83,8.32
2023Q3,South Africa,Vizag,Grain,Supramax,4850,1304.7,671.83,10.78
2023Q3,South Africa,Vizag,Grain,Handysize,4850,1304.7,671.83,12.91
2023Q3,South Africa,Haldia,Coal,Capesize,5120,1304.7,671.83,8.61
2023Q3,South Africa,Haldia,Coal,Panamax,5120,1304.7,671.83,9.31
2023Q3,South Africa,Haldia,Coal,Supramax,5120,1304.7,671.83,11.98
2023Q3,South Africa,Haldia,Coal,Handysize,5120,1304.7,671.83,13.18
2023Q3,South Africa,Haldia,Iron Ore,Capesize,5120,1304.7,671.83,7.55
2023Q3,South Africa,Haldia,Iron Ore,Panamax,5120,1304.7,671.83,9.25
2023Q3,South Africa,Haldia,Bauxite,Panamax,5120,1304.7,671.83,10.65
2023Q3,South Africa,Haldia,Bauxite,Supramax,5120,1304.7,671.83,12.1
2023Q3,South Africa,Haldia,Bauxite,Handysize,5120,1304.7,671.83,13.97
2023Q3,South Africa,Haldia,Grain,Panamax,5120,1304.7,671.83,12.12
2023Q3,South Africa,Haldia,Grain,Supramax,5120,1304.7,671.83,13.87
2023Q3,South Africa,Haldia,Grain,Handysize,5120,1304.7,671.83,15.7
2023Q3,South Africa,Kolkata,Coal,Capesize,5150,1304.7,671.83,9.53
2023Q3,South Africa,Kolkata,Coal,Panamax,5150,1304.7,671.83,11.42
2023Q3,South Africa,Kolkata,Coal,Supramax,5150,1304.7,671.83,13.09
2023Q3,South Africa,Kolkata,Coal,Handysize,5150,1304.7,671.83,14.53
2023Q3,South Africa,Kolkata,Iron Ore,Capesize,5150,1304.7,671.83,8.98
2023Q3,South Africa,Kolkata,Iron Ore,Panamax,5150,1304.7,671.83,9.18
2023Q3,South Africa,Kolkata,Bauxite,Panamax,5150,1304.7,671.83,11.67
2023Q3,South Africa,Kolkata,Bauxite,Supramax,5150,1304.7,671.83,13.53
2023Q3,South Africa,Kolkata,Bauxite,Handysize,5150,1304.7,671.83,16.13
2023Q3,South Africa,Kolkata,Grain,Panamax,5150,1304.7,671.83,13.81
2023Q3,South Africa,Kolkata,Grain,Supramax,5150,1304.7,671.83,16.43
2023Q3,South Africa,Kolkata,Grain,Handysize,5150,1304.7,671.83,17.88
2023Q3,Mozambique,Paradip,Coal,Capesize,3600,1304.7,671.83,6.07
2023Q3,Mozambique,Paradip,Coal,Panamax,3600,1304.7,671.83,7.01
2023Q3,Mozambique,Paradip,Coal,Supramax,3600,1304.7,671.83,7.64
2023Q3,Mozambique,Paradip,Coal,Handysize,3600,1304.7,671.83,10.06
2023Q3,Mozambique,Paradip,Iron Ore,Capesize,3600,1304.7,671.83,5.09
2023Q3,Mozambique,Paradip,Iron Ore,Panamax,3600,1304.7,671.83,6.36
2023Q3,Mozambique,Paradip,Bauxite,Panamax,3600,1304.7,671.83,7.41
2023Q3,Mozambique,Paradip,Bauxite,Supramax,3600,1304.7,671.83,8.62
2023Q3,Mozambique,Paradip,Bauxite,Handysize,3600,1304.7,671.83,9.73
2023Q3,Mozambique,Paradip,Grain,Panamax,3600,1304.7,671.83,8.6
2023Q3,Mozambique,Paradip,Grain,Supramax,3600,1304.7,671.83,9.22
2023Q3,Mozambique,Paradip,Grain,Handysize,3600,1304.7,671.83,11.29
2023Q3,Mozambique,Dhamra,Coal,Capesize,3550,1304.7,671.83,5.65
2023Q3,Mozambique,Dhamra,Coal,Panamax,3550,1304.7,671.83,6.59
2023Q3,Mozambique,Dhamra,Coal,Supramax,3550,1304.7,671.83,7.99
2023Q3,Mozambique,Dhamra,Coal,Handysize,3550,1304.7,671.83,9.48
2023Q3,Mozambique,Dhamra,Iron Ore,Capesize,3550,1304.7,671.83,5.12
2023Q3,Mozambique,Dhamra,Iron Ore,Panamax,3550,1304.7,671.83,6.24
2023Q3,Mozambique,Dhamra,Bauxite,Panamax,3550,1304.7,671.83,7.1
2023Q3,Mozambique,Dhamra,Bauxite,Supramax,3550,1304.7,671.83,8.01
2023Q3,Mozambique,Dhamra,Bauxite,Handysize,3550,1304.7,671.83,9.51
2023Q3,Mozambique,Dhamra,Grain,Panamax,3550,1304.7,671.83,8.01
2023Q3,Mozambique,Dhamra,Grain,Supramax,3550,1304.7,671.83,9.21
2023Q3,Mozambique,Dhamra,Grain,Handysize,3550,1304.7,671.83,11.13
2023Q3,Mozambique,Vizag,Coal,Capesize,3450,1304.7,671.83,5.73
2023Q3,Mozambique,Vizag,Coal,Panamax,3450,1304.7,671.83,6.29
2023Q3,Mozambique,Vizag,Coal,Supramax,3450,1304.7,671.83,7.32
2023Q3,Mozambique,Vizag,Coal,Handysize,3450,1304.7,671.83,9.15
2023Q3,Mozambique,Vizag,Iron Ore,Capesize,3450,1304.7,671.83,4.97
2023Q3,Mozambique,Vizag,Iron Ore,Panamax,3450,1304.7,671.83,6.06
2023Q3,Mozambique,Vizag,Bauxite,Panamax,3450,1304.7,671.83,7.18
2023Q3,Mozambique,Vizag,Bauxite,Supramax,3450,1304.7,671.83,7.79
2023Q3,Mozambique,Vizag,Bauxite,Handysize,3450,1304.7,671.83,9.0
2023Q3,Mozambique,Vizag,Grain,Panamax,3450,1304.7,671.83,8.46
2023Q3,Mozambique,Vizag,Grain,Supramax,3450,1304.7,671.83,9.44
2023Q3,Mozambique,Vizag,Grain,Handysize,3450,1304.7,671.83,10.66
2023Q3,Mozambique,Haldia,Coal,Capesize,3720,1304.7,671.83,7.61
2023Q3,Mozambique,Haldia,Coal,Panamax,3720,1304.7,671.83,9.05
2023Q3,Mozambique,Haldia,Coal,Supramax,3720,1304.7,671.83,10.3
2023Q3,Mozambique,Haldia,Coal,Handysize,3720,1304.7,671.83,12.86
2023Q3,Mozambique,Haldia,Iron Ore,Capesize,3720,1304.7,671.83,6.89
2023Q3,Mozambique,Haldia,Iron Ore,Panamax,3720,1304.7,671.83,8.61
2023Q3,Mozambique,Haldia,Bauxite,Panamax,3720,1304.7,671.83,9.54
2023Q3,Mozambique,Haldia,Bauxite,Supramax,3720,1304.7,671.83,10.88
2023Q3,Mozambique,Haldia,Bauxite,Handysize,3720,1304.7,671.83,12.91
2023Q3,Mozambique,Haldia,Grain,Panamax,3720,1304.7,671.83,10.04
2023Q3,Mozambique,Haldia,Grain,Supramax,3720,1304.7,671.83,12.85
2023Q3,Mozambique,Haldia,Grain,Handysize,3720,1304.7,671.83,14.89
2023Q3,Mozambique,Kolkata,Coal,Capesize,3750,1304.7,671.83,9.22
2023Q3,Mozambique,Kolkata,Coal,Panamax,3750,1304.7,671.83,9.8
2023Q3,Mozambique,Kolkata,Coal,Supramax,3750,1304.7,671.83,12.74
2023Q3,Mozambique,Kolkata,Coal,Handysize,3750,1304.7,671.83,14.62
2023Q3,Mozambique,Kolkata,Iron Ore,Capesize,3750,1304.7,671.83,8.42
2023Q3,Mozambique,Kolkata,Iron Ore,Panamax,3750,1304.7,671.83,9.43
2023Q3,Mozambique,Kolkata,Bauxite,Panamax,3750,1304.7,671.83,11.41
2023Q3,Mozambique,Kolkata,Bauxite,Supramax,3750,1304.7,671.83,12.19
2023Q3,Mozambique,Kolkata,Bauxite,Handysize,3750,1304.7,671.83,15.29
2023Q3,Mozambique,Kolkata,Grain,Panamax,3750,1304.7,671.83,12.25
2023Q3,Mozambique,Kolkata,Grain,Supramax,3750,1304.7,671.83,13.84
2023Q3,Mozambique,Kolkata,Grain,Handysize,3750,1304.7,671.83,16.38
2023Q3,Russia,Paradip,Coal,Capesize,6000,1304.7,671.83,13.0
2023Q3,Russia,Paradip,Coal,Panamax,6000,1304.7,671.83,14.77
2023Q3,Russia,Paradip,Coal,Supramax,6000,1304.7,671.83,17.98
2023Q3,Russia,Paradip,Coal,Handysize,6000,1304.7,671.83,19.3
2023Q3,Russia,Paradip,Iron Ore,Capesize,6000,1304.7,671.83,10.82
2023Q3,Russia,Paradip,Iron Ore,Panamax,6000,1304.7,671.83,14.35
2023Q3,Russia,Paradip,Bauxite,Panamax,6000,1304.7,671.83,16.48
2023Q3,Russia,Paradip,Bauxite,Supramax,6000,1304.7,671.83,17.95
2023Q3,Russia,Paradip,Bauxite,Handysize,6000,1304.7,671.83,21.63
2023Q3,Russia,Paradip,Grain,Panamax,6000,1304.7,671.83,18.91
2023Q3,Russia,Paradip,Grain,Supramax,6000,1304.7,671.83,21.61
2023Q3,Russia,Paradip,Grain,Handysize,6000,1304.7,671.83,24.85
2023Q3,Russia,Dhamra,Coal,Capesize,5950,1304.7,671.83,13.22
2023Q3,Russia,Dhamra,Coal,Panamax,5950,1304.7,671.83,14.52
2023Q3,Russia,Dhamra,Coal,Supramax,5950,1304.7,671.83,17.41
2023Q3,Russia,Dhamra,Coal,Handysize,5950,1304.7,671.83,20.17
2023Q3,Russia,Dhamra,Iron Ore,Capesize,5950,1304.7,671.83,11.35
2023Q3,Russia,Dhamra,Iron Ore,Panamax,5950,1304.7,671.83,13.23
2023Q3,Russia,Dhamra,Bauxite,Panamax,5950,1304.7,671.83,15.69
2023Q3,Russia,Dhamra,Bauxite,Supramax,5950,1304.7,671.83,18.28
2023Q3,Russia,Dhamra,Bauxite,Handysize,5950,1304.7,671.83,20.41
2023Q3,Russia,Dhamra,Grain,Panamax,5950,1304.7,671.83,18.39
2023Q3,Russia,Dhamra,Grain,Supramax,5950,1304.7,671.83,20.15
2023Q3,Russia,Dhamra,Grain,Handysize,5950,1304.7,671.83,24.03
2023Q3,Russia,Vizag,Coal,Capesize,5850,1304.7,671.83,12.67
2023Q3,Russia,Vizag,Coal,Panamax,5850,1304.7,671.83,15.18
2023Q3,Russia,Vizag,Coal,Supramax,5850,1304.7,671.83,16.19
2023Q3,Russia,Vizag,Coal,Handysize,5850,1304.7,671.83,20.93
2023Q3,Russia,Vizag,Iron Ore,Capesize,5850,1304.7,671.83,11.25
2023Q3,Russia,Vizag,Iron Ore,Panamax,5850,1304.7,671.83,14.07
2023Q3,Russia,Vizag,Bauxite,Panamax,5850,1304.7,671.83,15.48
2023Q3,Russia,Vizag,Bauxite,Supramax,5850,1304.7,671.83,18.33
2023Q3,Russia,Vizag,Bauxite,Handysize,5850,1304.7,671.83,22.74
2023Q3,Russia,Vizag,Grain,Panamax,5850,1304.7,671.83,17.81
2023Q3,Russia,Vizag,Grain,Supramax,5850,1304.7,671.83,21.9
2023Q3,Russia,Vizag,Grain,Handysize,5850,1304.7,671.83,24.39
2023Q3,Russia,Haldia,Coal,Capesize,6120,1304.7,671.83,15.47
2023Q3,Russia,Haldia,Coal,Panamax,6120,1304.7,671.83,17.9
2023Q3,Russia,Haldia,Coal,Supramax,6120,1304.7,671.83,21.45
2023Q3,Russia,Haldia,Coal,Handysize,6120,1304.7,671.83,23.6
2023Q3,Russia,Haldia,Iron Ore,Capesize,6120,1304.7,671.83,13.25
2023Q3,Russia,Haldia,Iron Ore,Panamax,6120,1304.7,671.83,15.71
2023Q3,Russia,Haldia,Bauxite,Panamax,6120,1304.7,671.83,18.82
2023Q3,Russia,Haldia,Bauxite,Supramax,6120,1304.7,671.83,21.71
2023Q3,Russia,Haldia,Bauxite,Handysize,6120,1304.7,671.83,26.02
2023Q3,Russia,Haldia,Grain,Panamax,6120,1304.7,671.83,22.41
2023Q3,Russia,Haldia,Grain,Supramax,6120,1304.7,671.83,24.15
2023Q3,Russia,Haldia,Grain,Handysize,6120,1304.7,671.83,28.27
2023Q3,Russia,Kolkata,Coal,Capesize,6150,1304.7,671.83,15.67
2023Q3,Russia,Kolkata,Coal,Panamax,6150,1304.7,671.83,20.68
2023Q3,Russia,Kolkata,Coal,Supramax,6150,1304.7,671.83,22.77
2023Q3,Russia,Kolkata,Coal,Handysize,6150,1304.7,671.83,26.59
2023Q3,Russia,Kolkata,Iron Ore,Capesize,6150,1304.7,671.83,14.15
2023Q3,Russia,Kolkata,Iron Ore,Panamax,6150,1304.7,671.83,17.38
2023Q3,Russia,Kolkata,Bauxite,Panamax,6150,1304.7,671.83,20.64
2023Q3,Russia,Kolkata,Bauxite,Supramax,6150,1304.7,671.83,23.45
2023Q3,Russia,Kolkata,Bauxite,Handysize,6150,1304.7,671.83,28.49
2023Q3,Russia,Kolkata,Grain,Panamax,6150,1304.7,671.83,25.05
2023Q3,Russia,Kolkata,Grain,Supramax,6150,1304.7,671.83,26.14
2023Q3,Russia,Kolkata,Grain,Handysize,6150,1304.7,671.83,30.26
2023Q4,Australia,Paradip,Coal,Capesize,4400,2163.3,651.48,10.17
2023Q4,Australia,Paradip,Coal,Panamax,4400,2163.3,651.48,12.97
2023Q4,Australia,Paradip,Coal,Supramax,4400,2163.3,651.48,14.85
2023Q4,Australia,Paradip,Coal,Handysize,4400,2163.3,651.48,16.55
2023Q4,Australia,Paradip,Iron Ore,Capesize,4400,2163.3,651.48,9.45
2023Q4,Australia,Paradip,Iron Ore,Panamax,4400,2163.3,651.48,10.74
2023Q4,Australia,Paradip,Bauxite,Panamax,4400,2163.3,651.48,13.3
2023Q4,Australia,Paradip,Bauxite,Supramax,4400,2163.3,651.48,14.85
2023Q4,Australia,Paradip,Bauxite,Handysize,4400,2163.3,651.48,17.31
2023Q4,Australia,Paradip,Grain,Panamax,4400,2163.3,651.48,15.05
2023Q4,Australia,Paradip,Grain,Supramax,4400,2163.3,651.48,17.08
2023Q4,Australia,Paradip,Grain,Handysize,4400,2163.3,651.48,19.79
2023Q4,Australia,Dhamra,Coal,Capesize,4350,2163.3,651.48,10.12
2023Q4,Australia,Dhamra,Coal,Panamax,4350,2163.3,651.48,12.17
2023Q4,Australia,Dhamra,Coal,Supramax,4350,2163.3,651.48,14.61
2023Q4,Australia,Dhamra,Coal,Handysize,4350,2163.3,651.48,16.37
2023Q4,Australia,Dhamra,Iron Ore,Capesize,4350,2163.3,651.48,9.36
2023Q4,Australia,Dhamra,Iron Ore,Panamax,4350,2163.3,651.48,10.58
2023Q4,Australia,Dhamra,Bauxite,Panamax,4350,2163.3,651.48,12.13
2023Q4,Australia,Dhamra,Bauxite,Supramax,4350,2163.3,651.48,14.84
2023Q4,Australia,Dhamra,Bauxite,Handysize,4350,2163.3,651.48,16.94
2023Q4,Australia,Dhamra,Grain,Panamax,4350,2163.3,651.48,13.5
2023Q4,Australia,Dhamra,Grain,Supramax,4350,2163.3,651.48,16.39
2023Q4,Australia,Dhamra,Grain,Handysize,4350,2163.3,651.48,19.19
2023Q4,Australia,Vizag,Coal,Capesize,4250,2163.3,651.48,10.12
2023Q4,Australia,Vizag,Coal,Panamax,4250,2163.3,651.48,12.69
2023Q4,Australia,Vizag,Coal,Supramax,4250,2163.3,651.48,14.31
2023Q4,Australia,Vizag,Coal,Handysize,4250,2163.3,651.48,17.12
2023Q4,Australia,Vizag,Iron Ore,Capesize,4250,2163.3,651.48,9.36
2023Q4,Australia,Vizag,Iron Ore,Panamax,4250,2163.3,651.48,10.89
2023Q4,Australia,Vizag,Bauxite,Panamax,4250,2163.3,651.48,12.25
2023Q4,Australia,Vizag,Bauxite,Supramax,4250,2163.3,651.48,14.78
2023Q4,Australia,Vizag,Bauxite,Handysize,4250,2163.3,651.48,17.16
2023Q4,Australia,Vizag,Grain,Panamax,4250,2163.3,651.48,13.78
2023Q4,Australia,Vizag,Grain,Supramax,4250,2163.3,651.48,16.57
2023Q4,Australia,Vizag,Grain,Handysize,4250,2163.3,651.48,19.38
2023Q4,Australia,Haldia,Coal,Capesize,4520,2163.3,651.48,14.19
2023Q4,Australia,Haldia,Coal,Panamax,4520,2163.3,651.48,16.64
2023Q4,Australia,Haldia,Coal,Supramax,4520,2163.3,651.48,18.72
2023Q4,Australia,Haldia,Coal,Handysize,4520,2163.3,651.48,22.54
2023Q4,Australia,Haldia,Iron Ore,Capesize,4520,2163.3,651.48,12.51
2023Q4,Australia,Haldia,Iron Ore,Panamax,4520,2163.3,651.48,13.26
2023Q4,Australia,Haldia,Bauxite,Panamax,4520,2163.3,651.48,16.9
2023Q4,Australia,Haldia,Bauxite,Supramax,4520,2163.3,651.48,20.82
2023Q4,Australia,Haldia,Bauxite,Handysize,4520,2163.3,651.48,21.91
2023Q4,Australia,Haldia,Grain,Panamax,4520,2163.3,651.48,19.73
2023Q4,Australia,Haldia,Grain,Supramax,4520,2163.3,651.48,24.2
2023Q4,Australia,Haldia,Grain,Handysize,4520,2163.3,651.48,25.9
2023Q4,Australia,Kolkata,Coal,Capesize,4550,2163.3,651.48,15.74
2023Q4,Australia,Kolkata,Coal,Panamax,4550,2163.3,651.48,17.58
2023Q4,Australia,Kolkata,Coal,Supramax,4550,2163.3,651.48,22.72
2023Q4,Australia,Kolkata,Coal,Handysize,4550,2163.3,651.48,24.88
2023Q4,Australia,Kolkata,Iron Ore,Capesize,4550,2163.3,651.48,14.19
2023Q4,Australia,Kolkata,Iron Ore,Panamax,4550,2163.3,651.48,17.37
2023Q4,Australia,Kolkata,Bauxite,Panamax,4550,2163.3,651.48,19.79
2023Q4,Australia,Kolkata,Bauxite,Supramax,4550,2163.3,651.48,21.88
2023Q4,Australia,Kolkata,Bauxite,Handysize,4550,2163.3,651.48,25.6
2023Q4,Australia,Kolkata,Grain,Panamax,4550,2163.3,651.48,22.49
2023Q4,Australia,Kolkata,Grain,Supramax,4550,2163.3,651.48,25.23
2023Q4,Australia,Kolkata,Grain,Handysize,4550,2163.3,651.48,27.72
2023Q4,Indonesia,Paradip,Coal,Capesize,2800,2163.3,651.48,6.48
2023Q4,Indonesia,Paradip,Coal,Panamax,2800,2163.3,651.48,7.21
2023Q4,Indonesia,Paradip,Coal,Supramax,2800,2163.3,651.48,9.37
2023Q4,Indonesia,Paradip,Coal,Handysize,2800,2163.3,651.48,10.36
2023Q4,Indonesia,Paradip,Iron Ore,Capesize,2800,2163.3,651.48,5.66
2023Q4,Indonesia,Paradip,Iron Ore,Panamax,2800,2163.3,651.48,6.68
2023Q4,Indonesia,Paradip,Bauxite,Panamax,2800,2163.3,651.48,7.46
2023Q4,Indonesia,Paradip,Bauxite,Supramax,2800,2163.3,651.48,8.96
2023Q4,Indonesia,Paradip,Bauxite,Handysize,2800,2163.3,651.48,11.2
2023Q4,Indonesia,Paradip,Grain,Panamax,2800,2163.3,651.48,9.84
2023Q4,Indonesia,Paradip,Grain,Supramax,2800,2163.3,651.48,10.92
2023Q4,Indonesia,Paradip,Grain,Handysize,2800,2163.3,651.48,12.32
2023Q4,Indonesia,Dhamra,Coal,Capesize,2750,2163.3,651.48,6.03
2023Q4,Indonesia,Dhamra,Coal,Panamax,2750,2163.3,651.48,6.92
2023Q4,Indonesia,Dhamra,Coal,Supramax,2750,2163.3,651.48,8.96
2023Q4,Indonesia,Dhamra,Coal,Handysize,2750,2163.3,651.48,9.64
2023Q4,Indonesia,Dhamra,Iron Ore,Capesize,2750,2163.3,651.48,5.92
2023Q4,Indonesia,Dhamra,Iron Ore,Panamax,2750,2163.3,651.48,6.76
2023Q4,Indonesia,Dhamra,Bauxite,Panamax,2750,2163.3,651.48,7.06
2023Q4,Indonesia,Dhamra,Bauxite,Supramax,2750,2163.3,651.48,8.57
2023Q4,Indonesia,Dhamra,Bauxite,Handysize,2750,2163.3,651.48,9.95
2023Q4,Indonesia,Dhamra,Grain,Panamax,2750,2163.3,651.48,8.57
2023Q4,Indonesia,Dhamra,Grain,Supramax,2750,2163.3,651.48,10.01
2023Q4,Indonesia,Dhamra,Grain,Handysize,2750,2163.3,651.48,12.86
2023Q4,Indonesia,Vizag,Coal,Capesize,2650,2163.3,651.48,5.77
2023Q4,Indonesia,Vizag,Coal,Panamax,2650,2163.3,651.48,7.07
2023Q4,Indonesia,Vizag,Coal,Supramax,2650,2163.3,651.48,8.37
2023Q4,Indonesia,Vizag,Coal,Handysize,2650,2163.3,651.48,9.5
2023Q4,Indonesia,Vizag,Iron Ore,Capesize,2650,2163.3,651.48,5.42
2023Q4,Indonesia,Vizag,Iron Ore,Panamax,2650,2163.3,651.48,6.09
2023Q4,Indonesia,Vizag,Bauxite,Panamax,2650,2163.3,651.48,7.4
2023Q4,Indonesia,Vizag,Bauxite,Supramax,2650,2163.3,651.48,8.75
2023Q4,Indonesia,Vizag,Bauxite,Handysize,2650,2163.3,651.48,10.09
2023Q4,Indonesia,Vizag,Grain,Panamax,2650,2163.3,651.48,8.59
2023Q4,Indonesia,Vizag,Grain,Supramax,2650,2163.3,651.48,10.31
2023Q4,Indonesia,Vizag,Grain,Handysize,2650,2163.3,651.48,11.78
2023Q4,Indonesia,Haldia,Coal,Capesize,2920,2163.3,651.48,8.64
2023Q4,Indonesia,Haldia,Coal,Panamax,2920,2163.3,651.48,9.68
2023Q4,Indonesia,Haldia,Coal,Supramax,2920,2163.3,651.48,11.52
2023Q4,Indonesia,Haldia,Coal,Handysize,2920,2163.3,651.48,13.56
2023Q4,Indonesia,Haldia,Iron Ore,Capesize,2920,2163.3,651.48,7.82
2023Q4,Indonesia,Haldia,Iron Ore,Panamax,2920,2163.3,651.48,8.93
2023Q4,Indonesia,Haldia,Bauxite,Panamax,2920,2163.3,651.48,10.25
2023Q4,Indonesia,Haldia,Bauxite,Supramax,2920,2163.3,651.48,11.85
2023Q4,Indonesia,Haldia,Bauxite,Handysize,2920,2163.3,651.48,13.52
2023Q4,Indonesia,Haldia,Grain,Panamax,2920,2163.3,651.48,12.01
2023Q4,Indonesia,Haldia,Grain,Supramax,2920,2163.3,651.48,13.4
2023Q4,Indonesia,Haldia,Grain,Handysize,2920,2163.3,651.48,15.82
2023Q4,Indonesia,Kolkata,Coal,Capesize,2950,2163.3,651.48,9.79
2023Q4,Indonesia,Kolkata,Coal,Panamax,2950,2163.3,651.48,11.08
2023Q4,Indonesia,Kolkata,Coal,Supramax,2950,2163.3,651.48,13.74
2023Q4,Indonesia,Kolkata,Coal,Handysize,2950,2163.3,651.48,16.15
2023Q4,Indonesia,Kolkata,Iron Ore,Capesize,2950,2163.3,651.48,8.76
2023Q4,Indonesia,Kolkata,Iron Ore,Panamax,2950,2163.3,651.48,10.3
2023Q4,Indonesia,Kolkata,Bauxite,Panamax,2950,2163.3,651.48,12.44
2023Q4,Indonesia,Kolkata,Bauxite,Supramax,2950,2163.3,651.48,13.88
2023Q4,Indonesia,Kolkata,Bauxite,Handysize,2950,2163.3,651.48,16.08
2023Q4,Indonesia,Kolkata,Grain,Panamax,2950,2163.3,651.48,14.53
2023Q4,Indonesia,Kolkata,Grain,Supramax,2950,2163.3,651.48,16.78
2023Q4,Indonesia,Kolkata,Grain,Handysize,2950,2163.3,651.48,19.29
2023Q4,South Africa,Paradip,Coal,Capesize,5000,2163.3,651.48,11.28
2023Q4,South Africa,Paradip,Coal,Panamax,5000,2163.3,651.48,11.91
2023Q4,South Africa,Paradip,Coal,Supramax,5000,2163.3,651.48,15.63
2023Q4,South Africa,Paradip,Coal,Handysize,5000,2163.3,651.48,17.56
2023Q4,South Africa,Paradip,Iron Ore,Capesize,5000,2163.3,651.48,10.18
2023Q4,South Africa,Paradip,Iron Ore,Panamax,5000,2163.3,651.48,11.67
2023Q4,South Africa,Paradip,Bauxite,Panamax,5000,2163.3,651.48,13.46
2023Q4,South Africa,Paradip,Bauxite,Supramax,5000,2163.3,651.48,15.52
2023Q4,South Africa,Paradip,Bauxite,Handysize,5000,2163.3,651.48,18.43
2023Q4,South Africa,Paradip,Grain,Panamax,5000,2163.3,651.48,15.19
2023Q4,South Africa,Paradip,Grain,Supramax,5000,2163.3,651.48,18.46
2023Q4,South Africa,Paradip,Grain,Handysize,5000,2163.3,651.48,19.64
2023Q4,South Africa,Dhamra,Coal,Capesize,4950,2163.3,651.48,10.41
2023Q4,South Africa,Dhamra,Coal,Panamax,4950,2163.3,651.48,13.32
2023Q4,South Africa,Dhamra,Coal,Supramax,4950,2163.3,651.48,14.18
2023Q4,South Africa,Dhamra,Coal,Handysize,4950,2163.3,651.48,16.69
2023Q4,South Africa,Dhamra,Iron Ore,Capesize,4950,2163.3,651.48,9.26
2023Q4,South Africa,Dhamra,Iron Ore,Panamax,4950,2163.3,651.48,11.32
2023Q4,South Africa,Dhamra,Bauxite,Panamax,4950,2163.3,651.48,12.71
2023Q4,South Africa,Dhamra,Bauxite,Supramax,4950,2163.3,651.48,15.13
2023Q4,South Africa,Dhamra,Bauxite,Handysize,4950,2163.3,651.48,18.2
2023Q4,South Africa,Dhamra,Grain,Panamax,4950,2163.3,651.48,14.55
2023Q4,South Africa,Dhamra,Grain,Supramax,4950,2163.3,651.48,17.88
2023Q4,South Africa,Dhamra,Grain,Handysize,4950,2163.3,651.48,20.78
2023Q4,South Africa,Vizag,Coal,Capesize,4850,2163.3,651.48,10.88
2023Q4,South Africa,Vizag,Coal,Panamax,4850,2163.3,651.48,12.34
2023Q4,South Africa,Vizag,Coal,Supramax,4850,2163.3,651.48,15.96
2023Q4,South Africa,Vizag,Coal,Handysize,4850,2163.3,651.48,17.25
2023Q4,South Africa,Vizag,Iron Ore,Capesize,4850,2163.3,651.48,9.55
2023Q4,South Africa,Vizag,Iron Ore,Panamax,4850,2163.3,651.48,10.72
2023Q4,South Africa,Vizag,Bauxite,Panamax,4850,2163.3,651.48,12.85
2023Q4,South Africa,Vizag,Bauxite,Supramax,4850,2163.3,651.48,15.8
2023Q4,South Africa,Vizag,Bauxite,Handysize,4850,2163.3,651.48,18.51
2023Q4,South Africa,Vizag,Grain,Panamax,4850,2163.3,651.48,15.5
2023Q4,South Africa,Vizag,Grain,Supramax,4850,2163.3,651.48,17.67
2023Q4,South Africa,Vizag,Grain,Handysize,4850,2163.3,651.48,19.08
2023Q4,South Africa,Haldia,Coal,Capesize,5120,2163.3,651.48,14.48
2023Q4,South Africa,Haldia,Coal,Panamax,5120,2163.3,651.48,15.94
2023Q4,South Africa,Haldia,Coal,Supramax,5120,2163.3,651.48,18.43
2023Q4,South Africa,Haldia,Coal,Handysize,5120,2163.3,651.48,22.76
2023Q4,South Africa,Haldia,Iron Ore,Capesize,5120,2163.3,651.48,13.05
2023Q4,South Africa,Haldia,Iron Ore,Panamax,5120,2163.3,651.48,15.48
2023Q4,South Africa,Haldia,Bauxite,Panamax,5120,2163.3,651.48,17.81
2023Q4,South Africa,Haldia,Bauxite,Supramax,5120,2163.3,651.48,20.8
2023Q4,South Africa,Haldia,Bauxite,Handysize,5120,2163.3,651.48,22.88
2023Q4,South Africa,Haldia,Grain,Panamax,5120,2163.3,651.48,19.93
2023Q4,South Africa,Haldia,Grain,Supramax,5120,2163.3,651.48,22.11
2023Q4,South Africa,Haldia,Grain,Handysize,5120,2163.3,651.48,25.19
2023Q4,South Africa,Kolkata,Coal,Capesize,5150,2163.3,651.48,16.4
2023Q4,South Africa,Kolkata,Coal,Panamax,5150,2163.3,651.48,18.22
2023Q4,South Africa,Kolkata,Coal,Supramax,5150,2163.3,651.48,22.5
2023Q4,South Africa,Kolkata,Coal,Handysize,5150,2163.3,651.48,26.33
2023Q4,South Africa,Kolkata,Iron Ore,Capesize,5150,2163.3,651.48,14.08
2023Q4,South Africa,Kolkata,Iron Ore,Panamax,5150,2163.3,651.48,17.19
2023Q4,South Africa,Kolkata,Bauxite,Panamax,5150,2163.3,651.48,19.2
2023Q4,South Africa,Kolkata,Bauxite,Supramax,5150,2163.3,651.48,21.45
2023Q4,South Africa,Kolkata,Bauxite,Handysize,5150,2163.3,651.48,26.73
2023Q4,South Africa,Kolkata,Grain,Panamax,5150,2163.3,651.48,22.09
2023Q4,South Africa,Kolkata,Grain,Supramax,5150,2163.3,651.48,25.8
2023Q4,South Africa,Kolkata,Grain,Handysize,5150,2163.3,651.48,32.52
2023Q4,Mozambique,Paradip,Coal,Capesize,3600,2163.3,651.48,9.34
2023Q4,Mozambique,Paradip,Coal,Panamax,3600,2163.3,651.48,11.71
2023Q4,Mozambique,Paradip,Coal,Supramax,3600,2163.3,651.48,13.01
2023Q4,Mozambique,Paradip,Coal,Handysize,3600,2163.3,651.48,16.14
2023Q4,Mozambique,Paradip,Iron Ore,Capesize,3600,2163.3,651.48,8.97
2023Q4,Mozambique,Paradip,Iron Ore,Panamax,3600,2163.3,651.48,10.53
2023Q4,Mozambique,Paradip,Bauxite,Panamax,3600,2163.3,651.48,11.73
2023Q4,Mozambique,Paradip,Bauxite,Supramax,3600,2163.3,651.48,13.77
2023Q4,Mozambique,Paradip,Bauxite,Handysize,3600,2163.3,651.48,16.96
2023Q4,Mozambique,Paradip,Grain,Panamax,3600,2163.3,651.48,14.72
2023Q4,Mozambique,Paradip,Grain,Supramax,3600,2163.3,651.48,16.44
2023Q4,Mozambique,Paradip,Grain,Handysize,3600,2163.3,651.48,18.18
2023Q4,Mozambique,Dhamra,Coal,Capesize,3550,2163.3,651.48,9.67
2023Q4,Mozambique,Dhamra,Coal,Panamax,3550,2163.3,651.48,12.14
2023Q4,Mozambique,Dhamra,Coal,Supramax,3550,2163.3,651.48,13.1
2023Q4,Mozambique,Dhamra,Coal,Handysize,3550,2163.3,651.48,15.92
2023Q4,Mozambique,Dhamra,Iron Ore,Capesize,3550,2163.3,651.48,8.38
2023Q4,Mozambique,Dhamra,Iron Ore,Panamax,3550,2163.3,651.48,10.05
2023Q4,Mozambique,Dhamra,Bauxite,Panamax,3550,2163.3,651.48,12.0
2023Q4,Mozambique,Dhamra,Bauxite,Supramax,3550,2163.3,651.48,13.89
2023Q4,Mozambique,Dhamra,Bauxite,Handysize,3550,2163.3,651.48,15.48
2023Q4,Mozambique,Dhamra,Grain,Panamax,3550,2163.3,651.48,13.04
2023Q4,Mozambique,Dhamra,Grain,Supramax,3550,2163.3,651.48,16.2
2023Q4,Mozambique,Dhamra,Grain,Handysize,3550,2163.3,651.48,18.94
2023Q4,Mozambique,Vizag,Coal,Capesize,3450,2163.3,651.48,9.93
2023Q4,Mozambique,Vizag,Coal,Panamax,3450,2163.3,651.48,11.74
2023Q4,Mozambique,Vizag,Coal,Supramax,3450,2163.3,651.48,12.94
2023Q4,Mozambique,Vizag,Coal,Handysize,3450,2163.3,651.48,14.79
2023Q4,Mozambique,Vizag,Iron Ore,Capesize,3450,2163.3,651.48,8.89
2023Q4,Mozambique,Vizag,Iron Ore,Panamax,3450,2163.3,651.48,10.18
2023Q4,Mozambique,Vizag,Bauxite,Panamax,3450,2163.3,651.48,11.19
2023Q4,Mozambique,Vizag,Bauxite,Supramax,3450,2163.3,651.48,13.03
2023Q4,Mozambique,Vizag,Bauxite,Handysize,3450,2163.3,651.48,15.97
2023Q4,Mozambique,Vizag,Grain,Panamax,3450,2163.3,651.48,13.17
2023Q4,Mozambique,Vizag,Grain,Supramax,3450,2163.3,651.48,15.44
2023Q4,Mozambique,Vizag,Grain,Handysize,3450,2163.3,651.48,18.61
2023Q4,Mozambique,Haldia,Coal,Capesize,3720,2163.3,651.48,13.4
2023Q4,Mozambique,Haldia,Coal,Panamax,3720,2163.3,651.48,15.99
2023Q4,Mozambique,Haldia,Coal,Supramax,3720,2163.3,651.48,16.62
2023Q4,Mozambique,Haldia,Coal,Handysize,3720,2163.3,651.48,20.88
2023Q4,Mozambique,Haldia,Iron Ore,Capesize,3720,2163.3,651.48,12.03
2023Q4,Mozambique,Haldia,Iron Ore,Panamax,3720,2163.3,651.48,13.02
2023Q4,Mozambique,Haldia,Bauxite,Panamax,3720,2163.3,651.48,15.68
2023Q4,Mozambique,Haldia,Bauxite,Supramax,3720,2163.3,651.48,18.17
2023Q4,Mozambique,Haldia,Bauxite,Handysize,3720,2163.3,651.48,21.74
2023Q4,Mozambique,Haldia,Grain,Panamax,3720,2163.3,651.48,19.38
2023Q4,Mozambique,Haldia,Grain,Supramax,3720,2163.3,651.48,22.91
2023Q4,Mozambique,Haldia,Grain,Handysize,3720,2163.3,651.48,24.12
2023Q4,Mozambique,Kolkata,Coal,Capesize,3750,2163.3,651.48,15.14
2023Q4,Mozambique,Kolkata,Coal,Panamax,3750,2163.3,651.48,17.74
2023Q4,Mozambique,Kolkata,Coal,Supramax,3750,2163.3,651.48,20.58
2023Q4,Mozambique,Kolkata,Coal,Handysize,3750,2163.3,651.48,23.89
2023Q4,Mozambique,Kolkata,Iron Ore,Capesize,3750,2163.3,651.48,13.52
2023Q4,Mozambique,Kolkata,Iron Ore,Panamax,3750,2163.3,651.48,16.59
2023Q4,Mozambique,Kolkata,Bauxite,Panamax,3750,2163.3,651.48,18.98
2023Q4,Mozambique,Kolkata,Bauxite,Supramax,3750,2163.3,651.48,20.52
2023Q4,Mozambique,Kolkata,Bauxite,Handysize,3750,2163.3,651.48,25.43
2023Q4,Mozambique,Kolkata,Grain,Panamax,3750,2163.3,651.48,21.53
2023Q4,Mozambique,Kolkata,Grain,Supramax,3750,2163.3,651.48,24.63
2023Q4,Mozambique,Kolkata,Grain,Handysize,3750,2163.3,651.48,29.4
2023Q4,Russia,Paradip,Coal,Capesize,6000,2163.3,651.48,21.69
2023Q4,Russia,Paradip,Coal,Panamax,6000,2163.3,651.48,25.4
2023Q4,Russia,Paradip,Coal,Supramax,6000,2163.3,651.48,29.55
2023Q4,Russia,Paradip,Coal,Handysize,6000,2163.3,651.48,31.74
2023Q4,Russia,Paradip,Iron Ore,Capesize,6000,2163.3,651.48,19.34
2023Q4,Russia,Paradip,Iron Ore,Panamax,6000,2163.3,651.48,22.17
2023Q4,Russia,Paradip,Bauxite,Panamax,6000,2163.3,651.48,25.38
2023Q4,Russia,Paradip,Bauxite,Supramax,6000,2163.3,651.48,32.45
2023Q4,Russia,Paradip,Bauxite,Handysize,6000,2163.3,651.48,36.5
2023Q4,Russia,Paradip,Grain,Panamax,6000,2163.3,651.48,30.24
2023Q4,Russia,Paradip,Grain,Supramax,6000,2163.3,651.48,34.61
2023Q4,Russia,Paradip,Grain,Handysize,6000,2163.3,651.48,41.41
2023Q4,Russia,Dhamra,Coal,Capesize,5950,2163.3,651.48,21.84
2023Q4,Russia,Dhamra,Coal,Panamax,5950,2163.3,651.48,24.0
2023Q4,Russia,Dhamra,Coal,Supramax,5950,2163.3,651.48,28.82
2023Q4,Russia,Dhamra,Coal,Handysize,5950,2163.3,651.48,34.48
2023Q4,Russia,Dhamra,Iron Ore,Capesize,5950,2163.3,651.48,17.71
2023Q4,Russia,Dhamra,Iron Ore,Panamax,5950,2163.3,651.48,22.2
2023Q4,Russia,Dhamra,Bauxite,Panamax,5950,2163.3,651.48,25.56
2023Q4,Russia,Dhamra,Bauxite,Supramax,5950,2163.3,651.48,30.13
2023Q4,Russia,Dhamra,Bauxite,Handysize,5950,2163.3,651.48,34.52
2023Q4,Russia,Dhamra,Grain,Panamax,5950,2163.3,651.48,29.8
2023Q4,Russia,Dhamra,Grain,Supramax,5950,2163.3,651.48,36.93
2023Q4,Russia,Dhamra,Grain,Handysize,5950,2163.3,651.48,39.7
2023Q4,Russia,Vizag,Coal,Capesize,5850,2163.3,651.48,21.45
2023Q4,Russia,Vizag,Coal,Panamax,5850,2163.3,651.48,26.59
2023Q4,Russia,Vizag,Coal,Supramax,5850,2163.3,651.48,28.44
2023Q4,Russia,Vizag,Coal,Handysize,5850,2163.3,651.48,35.8
2023Q4,Russia,Vizag,Iron Ore,Capesize,5850,2163.3,651.48,19.11
2023Q4,Russia,Vizag,Iron Ore,Panamax,5850,2163.3,651.48,23.77
2023Q4,Russia,Vizag,Bauxite,Panamax,5850,2163.3,651.48,26.79
2023Q4,Russia,Vizag,Bauxite,Supramax,5850,2163.3,651.48,30.78
2023Q4,Russia,Vizag,Bauxite,Handysize,5850,2163.3,651.48,35.26
2023Q4,Russia,Vizag,Grain,Panamax,5850,2163.3,651.48,29.18
2023Q4,Russia,Vizag,Grain,Supramax,5850,2163.3,651.48,34.89
2023Q4,Russia,Vizag,Grain,Handysize,5850,2163.3,651.48,41.66
2023Q4,Russia,Haldia,Coal,Capesize,6120,2163.3,651.48,25.28
2023Q4,Russia,Haldia,Coal,Panamax,6120,2163.3,651.48,29.28
2023Q4,Russia,Haldia,Coal,Supramax,6120,2163.3,651.48,34.24
2023Q4,Russia,Haldia,Coal,Handysize,6120,2163.3,651.48,41.49
2023Q4,Russia,Haldia,Iron Ore,Capesize,6120,2163.3,651.48,23.74
2023Q4,Russia,Haldia,Iron Ore,Panamax,6120,2163.3,651.48,26.03
2023Q4,Russia,Haldia,Bauxite,Panamax,6120,2163.3,651.48,30.36
2023Q4,Russia,Haldia,Bauxite,Supramax,6120,2163.3,651.48,36.75
2023Q4,Russia,Haldia,Bauxite,Handysize,6120,2163.3,651.48,44.35
2023Q4,Russia,Haldia,Grain,Panamax,6120,2163.3,651.48,36.96
2023Q4,Russia,Haldia,Grain,Supramax,6120,2163.3,651.48,39.64
2023Q4,Russia,Haldia,Grain,Handysize,6120,2163.3,651.48,47.67
2023Q4,Russia,Kolkata,Coal,Capesize,6150,2163.3,651.48,26.46
2023Q4,Russia,Kolkata,Coal,Panamax,6150,2163.3,651.48,31.72
2023Q4,Russia,Kolkata,Coal,Supramax,6150,2163.3,651.48,39.46
2023Q4,Russia,Kolkata,Coal,Handysize,6150,2163.3,651.48,41.2
2023Q4,Russia,Kolkata,Iron Ore,Capesize,6150,2163.3,651.48,23.22
2023Q4,Russia,Kolkata,Iron Ore,Panamax,6150,2163.3,651.48,27.98
2023Q4,Russia,Kolkata,Bauxite,Panamax,6150,2163.3,651.48,33.96
2023Q4,Russia,Kolkata,Bauxite,Supramax,6150,2163.3,651.48,40.08
2023Q4,Russia,Kolkata,Bauxite,Handysize,6150,2163.3,651.48,46.23
2023Q4,Russia,Kolkata,Grain,Panamax,6150,2163.3,651.48,40.01
2023Q4,Russia,Kolkata,Grain,Supramax,6150,2163.3,651.48,42.06
2023Q4,Russia,Kolkata,Grain,Handysize,6150,2163.3,651.48,54.2
2024Q1,Australia,Paradip,Coal,Capesize,4400,1776.7,636.49,8.52
2024Q1,Australia,Paradip,Coal,Panamax,4400,1776.7,636.49,10.35
2024Q1,Australia,Paradip,Coal,Supramax,4400,1776.7,636.49,11.22
2024Q1,Australia,Paradip,Coal,Handysize,4400,1776.7,636.49,13.66
2024Q1,Australia,Paradip,Iron Ore,Capesize,4400,1776.7,636.49,7.82
2024Q1,Australia,Paradip,Iron Ore,Panamax,4400,1776.7,636.49,9.45
2024Q1,Australia,Paradip,Bauxite,Panamax,4400,1776.7,636.49,10.0
2024Q1,Australia,Paradip,Bauxite,Supramax,4400,1776.7,636.49,12.37
2024Q1,Australia,Paradip,Bauxite,Handysize,4400,1776.7,636.49,13.8
2024Q1,Australia,Paradip,Grain,Panamax,4400,1776.7,636.49,12.32
2024Q1,Australia,Paradip,Grain,Supramax,4400,1776.7,636.49,14.51
2024Q1,Australia,Paradip,Grain,Handysize,4400,1776.7,636.49,17.13
2024Q1,Australia,Dhamra,Coal,Capesize,4350,1776.7,636.49,8.15
2024Q1,Australia,Dhamra,Coal,Panamax,4350,1776.7,636.49,10.04
2024Q1,Australia,Dhamra,Coal,Supramax,4350,1776.7,636.49,11.89
2024Q1,Australia,Dhamra,Coal,Handysize,4350,1776.7,636.49,12.41
2024Q1,Australia,Dhamra,Iron Ore,Capesize,4350,1776.7,636.49,7.64
2024Q1,Australia,Dhamra,Iron Ore,Panamax,4350,1776.7,636.49,9.05
2024Q1,Australia,Dhamra,Bauxite,Panamax,4350,1776.7,636.49,10.12
2024Q1,Australia,Dhamra,Bauxite,Supramax,4350,1776.7,636.49,11.41
2024Q1,Australia,Dhamra,Bauxite,Handysize,4350,1776.7,636.49,14.29
2024Q1,Australia,Dhamra,Grain,Panamax,4350,1776.7,636.49,11.18
2024Q1,Australia,Dhamra,Grain,Supramax,4350,1776.7,636.49,13.53
2024Q1,Australia,Dhamra,Grain,Handysize,4350,1776.7,636.49,15.78
2024Q1,Australia,Vizag,Coal,Capesize,4250,1776.7,636.49,8.67
2024Q1,Australia,Vizag,Coal,Panamax,4250,1776.7,636.49,9.69
2024Q1,Australia,Vizag,Coal,Supramax,4250,1776.7,636.49,11.28
2024Q1,Australia,Vizag,Coal,Handysize,4250,1776.7,636.49,13.46
2024Q1,Australia,Vizag,Iron Ore,Capesize,4250,1776.7,636.49,7.88
2024Q1,Australia,Vizag,Iron Ore,Panamax,4250,1776.7,636.49,9.63
2024Q1,Australia,Vizag,Bauxite,Panamax,4250,1776.7,636.49,9.85
2024Q1,Australia,Vizag,Bauxite,Supramax,4250,1776.7,636.49,12.27
2024Q1,Australia,Vizag,Bauxite,Handysize,4250,1776.7,636.49,13.55
2024Q1,Australia,Vizag,Grain,Panamax,4250,1776.7,636.49,12.31
2024Q1,Australia,Vizag,Grain,Supramax,4250,1776.7,636.49,13.41
2024Q1,Australia,Vizag,Grain,Handysize,4250,1776.7,636.49,15.72
2024Q1,Australia,Haldia,Coal,Capesize,4520,1776.7,636.49,11.25
2024Q1,Australia,Haldia,Coal,Panamax,4520,1776.7,636.49,13.41
2024Q1,Australia,Haldia,Coal,Supramax,4520,1776.7,636.49,15.87
2024Q1,Australia,Haldia,Coal,Handysize,4520,1776.7,636.49,18.52
2024Q1,Australia,Haldia,Iron Ore,Capesize,4520,1776.7,636.49,10.34
2024Q1,Australia,Haldia,Iron Ore,Panamax,4520,1776.7,636.49,11.54
2024Q1,Australia,Haldia,Bauxite,Panamax,4520,1776.7,636.49,14.48
2024Q1,Australia,Haldia,Bauxite,Supramax,4520,1776.7,636.49,16.45
2024Q1,Australia,Haldia,Bauxite,Handysize,4520,1776.7,636.49,19.9
2024Q1,Australia,Haldia,Grain,Panamax,4520,1776.7,636.49,15.74
2024Q1,Australia,Haldia,Grain,Supramax,4520,1776.7,636.49,17.77
2024Q1,Australia,Haldia,Grain,Handysize,4520,1776.7,636.49,21.83
2024Q1,Australia,Kolkata,Coal,Capesize,4550,1776.7,636.49,13.51
2024Q1,Australia,Kolkata,Coal,Panamax,4550,1776.7,636.49,15.22
2024Q1,Australia,Kolkata,Coal,Supramax,4550,1776.7,636.49,17.53
2024Q1,Australia,Kolkata,Coal,Handysize,4550,1776.7,636.49,19.87
2024Q1,Australia,Kolkata,Iron Ore,Capesize,4550,1776.7,636.49,12.35
2024Q1,Australia,Kolkata,Iron Ore,Panamax,4550,1776.7,636.49,13.13
2024Q1,Australia,Kolkata,Bauxite,Panamax,4550,1776.7,636.49,15.48
2024Q1,Australia,Kolkata,Bauxite,Supramax,4550,1776.7,636.49,18.91
2024Q1,Australia,Kolkata,Bauxite,Handysize,4550,1776.7,636.49,20.12
2024Q1,Australia,Kolkata,Grain,Panamax,4550,1776.7,636.49,18.97
2024Q1,Australia,Kolkata,Grain,Supramax,4550,1776.7,636.49,21.65
2024Q1,Australia,Kolkata,Grain,Handysize,4550,1776.7,636.49,25.36
2024Q1,Indonesia,Paradip,Coal,Capesize,2800,1776.7,636.49,5.44
2024Q1,Indonesia,Paradip,Coal,Panamax,2800,1776.7,636.49,6.21
2024Q1,Indonesia,Paradip,Coal,Supramax,2800,1776.7,636.49,7.01
2024Q1,Indonesia,Paradip,Coal,Handysize,2800,1776.7,636.49,8.41
2024Q1,Indonesia,Paradip,Iron Ore,Capesize,2800,1776.7,636.49,4.64
2024Q1,Indonesia,Paradip,Iron Ore,Panamax,2800,1776.7,636.49,5.72
2024Q1,Indonesia,Paradip,Bauxite,Panamax,2800,1776.7,636.49,6.74
2024Q1,Indonesia,Paradip,Bauxite,Supramax,2800,1776.7,636.49,8.04
2024Q1,Indonesia,Paradip,Bauxite,Handysize,2800,1776.7,636.49,8.99
2024Q1,Indonesia,Paradip,Grain,Panamax,2800,1776.7,636.49,7.74
2024Q1,Indonesia,Paradip,Grain,Supramax,2800,1776.7,636.49,8.65
2024Q1,Indonesia,Paradip,Grain,Handysize,2800,1776.7,636.49,9.98
2024Q1,Indonesia,Dhamra,Coal,Capesize,2750,1776.7,636.49,5.11
2024Q1,Indonesia,Dhamra,Coal,Panamax,2750,1776.7,636.49,5.8
2024Q1,Indonesia,Dhamra,Coal,Supramax,2750,1776.7,636.49,6.93
2024Q1,Indonesia,Dhamra,Coal,Handysize,2750,1776.7,636.49,7.67
2024Q1,Indonesia,Dhamra,Iron Ore,Capesize,2750,1776.7,636.49,4.38
2024Q1,Indonesia,Dhamra,Iron Ore,Panamax,2750,1776.7,636.49,5.41
2024Q1,Indonesia,Dhamra,Bauxite,Panamax,2750,1776.7,636.49,6.37
2024Q1,Indonesia,Dhamra,Bauxite,Supramax,2750,1776.7,636.49,6.96
2024Q1,Indonesia,Dhamra,Bauxite,Handysize,2750,1776.7,636.49,8.56
2024Q1,Indonesia,Dhamra,Grain,Panamax,2750,1776.7,636.49,6.93
2024Q1,Indonesia,Dhamra,Grain,Supramax,2750,1776.7,636.49,8.24
2024Q1,Indonesia,Dhamra,Grain,Handysize,2750,1776.7,636.49,10.04
2024Q1,Indonesia,Vizag,Coal,Capesize,2650,1776.7,636.49,5.06
2024Q1,Indonesia,Vizag,Coal,Panamax,2650,1776.7,636.49,5.92
2024Q1,Indonesia,Vizag,Coal,Supramax,2650,1776.7,636.49,7.17
2024Q1,Indonesia,Vizag,Coal,Handysize,2650,1776.7,636.49,7.61
2024Q1,Indonesia,Vizag,Iron Ore,Capesize,2650,1776.7,636.49,4.28
2024Q1,Indonesia,Vizag,Iron Ore,Panamax,2650,1776.7,636.49,5.06
2024Q1,Indonesia,Vizag,Bauxite,Panamax,2650,1776.7,636.49,6.0
2024Q1,Indonesia,Vizag,Bauxite,Supramax,2650,1776.7,636.49,6.48
2024Q1,Indonesia,Vizag,Bauxite,Handysize,2650,1776.7,636.49,8.14
2024Q1,Indonesia,Vizag,Grain,Panamax,2650,1776.7,636.49,6.79
2024Q1,Indonesia,Vizag,Grain,Supramax,2650,1776.7,636.49,8.29
2024Q1,Indonesia,Vizag,Grain,Handysize,2650,1776.7,636.49,9.48
2024Q1,Indonesia,Haldia,Coal,Capesize,2920,1776.7,636.49,6.93
2024Q1,Indonesia,Haldia,Coal,Panamax,2920,1776.7,636.49,8.46
2024Q1,Indonesia,Haldia,Coal,Supramax,2920,1776.7,636.49,9.91
2024Q1,Indonesia,Haldia,Coal,Handysize,2920,1776.7,636.49,10.92
2024Q1,Indonesia,Haldia,Iron Ore,Capesize,2920,1776.7,636.49,6.26
2024Q1,Indonesia,Haldia,Iron Ore,Panamax,2920,1776.7,636.49,6.88
2024Q1,Indonesia,Haldia,Bauxite,Panamax,2920,1776.7,636.49,8.37
2024Q1,Indonesia,Haldia,Bauxite,Supramax,2920,1776.7,636.49,9.89
2024Q1,Indonesia,Haldia,Bauxite,Handysize,2920,1776.7,636.49,11.81
2024Q1,Indonesia,Haldia,Grain,Panamax,2920,1776.7,636.49,9.61
2024Q1,Indonesia,Haldia,Grain,Supramax,2920,1776.7,636.49,11.39
2024Q1,Indonesia,Haldia,Grain,Handysize,2920,1776.7,636.49,12.89
2024Q1,Indonesia,Kolkata,Coal,Capesize,2950,1776.7,636.49,8.2
2024Q1,Indonesia,Kolkata,Coal,Panamax,2950,1776.7,636.49,9.69
2024Q1,Indonesia,Kolkata,Coal,Supramax,2950,1776.7,636.49,11.29
2024Q1,Indonesia,Kolkata,Coal,Handysize,2950,1776.7,636.49,12.93
2024Q1,Indonesia,Kolkata,Iron Ore,Capesize,2950,1776.7,636.49,6.94
2024Q1,Indonesia,Kolkata,Iron Ore,Panamax,2950,1776.7,636.49,8.41
2024Q1,Indonesia,Kolkata,Bauxite,Panamax,2950,1776.7,636.49,9.88
2024Q1,Indonesia,Kolkata,Bauxite,Supramax,2950,1776.7,636.49,11.53
2024Q1,Indonesia,Kolkata,Bauxite,Handysize,2950,1776.7,636.49,13.61
2024Q1,Indonesia,Kolkata,Grain,Panamax,2950,1776.7,636.49,12.03
2024Q1,Indonesia,Kolkata,Grain,Supramax,2950,1776.7,636.49,13.75
2024Q1,Indonesia,Kolkata,Grain,Handysize,2950,1776.7,636.49,14.98
2024Q1,South Africa,Paradip,Coal,Capesize,5000,1776.7,636.49,9.19
2024Q1,South Africa,Paradip,Coal,Panamax,5000,1776.7,636.49,10.74
2024Q1,South Africa,Paradip,Coal,Supramax,5000,1776.7,636.49,11.91
2024Q1,South Africa,Paradip,Coal,Handysize,5000,1776.7,636.49,14.65
2024Q1,South Africa,Paradip,Iron Ore,Capesize,5000,1776.7,636.49,8.03
2024Q1,South Africa,Paradip,Iron Ore,Panamax,5000,1776.7,636.49,8.99
2024Q1,South Africa,Paradip,Bauxite,Panamax,5000,1776.7,636.49,11.21
2024Q1,South Africa,Paradip,Bauxite,Supramax,5000,1776.7,636.49,12.97
2024Q1,South Africa,Paradip,Bauxite,Handysize,5000,1776.7,636.49,14.82
2024Q1,South Africa,Paradip,Grain,Panamax,5000,1776.7,636.49,12.59
2024Q1,South Africa,Paradip,Grain,Supramax,5000,1776.7,636.49,14.34
2024Q1,South Africa,Paradip,Grain,Handysize,5000,1776.7,636.49,17.44
2024Q1,South Africa,Dhamra,Coal,Capesize,4950,1776.7,636.49,8.71
2024Q1,South Africa,Dhamra,Coal,Panamax,4950,1776.7,636.49,10.27
2024Q1,South Africa,Dhamra,Coal,Supramax,4950,1776.7,636.49,12.06
2024Q1,South Africa,Dhamra,Coal,Handysize,4950,1776.7,636.49,13.26
2024Q1,South Africa,Dhamra,Iron Ore,Capesize,4950,1776.7,636.49,7.6
2024Q1,South Africa,Dhamra,Iron Ore,Panamax,4950,1776.7,636.49,8.48
2024Q1,South Africa,Dhamra,Bauxite,Panamax,4950,1776.7,636.49,10.93
2024Q1,South Africa,Dhamra,Bauxite,Supramax,4950,1776.7,636.49,11.97
2024Q1,South Africa,Dhamra,Bauxite,Handysize,4950,1776.7,636.49,14.58
2024Q1,South Africa,Dhamra,Grain,Panamax,4950,1776.7,636.49,12.41
2024Q1,South Africa,Dhamra,Grain,Supramax,4950,1776.7,636.49,14.59
2024Q1,South Africa,Dhamra,Grain,Handysize,4950,1776.7,636.49,15.89
2024Q1,South Africa,Vizag,Coal,Capesize,4850,1776.7,636.49,8.6
2024Q1,South Africa,Vizag,Coal,Panamax,4850,1776.7,636.49,10.68
2024Q1,South Africa,Vizag,Coal,Supramax,4850,1776.7,636.49,12.47
2024Q1,South Africa,Vizag,Coal,Handysize,4850,1776.7,636.49,14.13
2024Q1,South Africa,Vizag,Iron Ore,Capesize,4850,1776.7,636.49,7.85
2024Q1,South Africa,Vizag,Iron Ore,Panamax,4850,1776.7,636.49,8.76
2024Q1,South Africa,Vizag,Bauxite,Panamax,4850,1776.7,636.49,10.86
2024Q1,South Africa,Vizag,Bauxite,Supramax,4850,1776.7,636.49,12.29
2024Q1,South Africa,Vizag,Bauxite,Handysize,4850,1776.7,636.49,14.62
2024Q1,South Africa,Vizag,Grain,Panamax,4850,1776.7,636.49,11.84
2024Q1,South Africa,Vizag,Grain,Supramax,4850,1776.7,636.49,14.04
2024Q1,South Africa,Vizag,Grain,Handysize,4850,1776.7,636.49,16.49
2024Q1,South Africa,Haldia,Coal,Capesize,5120,1776.7,636.49,11.79
2024Q1,South Africa,Haldia,Coal,Panamax,5120,1776.7,636.49,13.93
2024Q1,South Africa,Haldia,Coal,Supramax,5120,1776.7,636.49,15.65
2024Q1,South Africa,Haldia,Coal,Handysize,5120,1776.7,636.49,17.67
2024Q1,South Africa,Haldia,Iron Ore,Capesize,5120,1776.7,636.49,11.12
2024Q1,South Africa,Haldia,Iron Ore,Panamax,5120,1776.7,636.49,13.39
2024Q1,South Africa,Haldia,Bauxite,Panamax,5120,1776.7,636.49,14.6
2024Q1,South Africa,Haldia,Bauxite,Supramax,5120,1776.7,636.49,15.99
2024Q1,South Africa,Haldia,Bauxite,Handysize,5120,1776.7,636.49,18.94
2024Q1,South Africa,Haldia,Grain,Panamax,5120,1776.7,636.49,16.72
2024Q1,South Africa,Haldia,Grain,Supramax,5120,1776.7,636.49,20.07
2024Q1,South Africa,Haldia,Grain,Handysize,5120,1776.7,636.49,21.3
2024Q1,South Africa,Kolkata,Coal,Capesize,5150,1776.7,636.49,13.07
2024Q1,South Africa,Kolkata,Coal,Panamax,5150,1776.7,636.49,15.48
2024Q1,South Africa,Kolkata,Coal,Supramax,5150,1776.7,636.49,18.48
2024Q1,South Africa,Kolkata,Coal,Handysize,5150,1776.7,636.49,20.56
2024Q1,South Africa,Kolkata,Iron Ore,Capesize,5150,1776.7,636.49,11.17
2024Q1,South Africa,Kolkata,Iron Ore,Panamax,5150,1776.7,636.49,14.13
2024Q1,South Africa,Kolkata,Bauxite,Panamax,5150,1776.7,636.49,16.77
2024Q1,South Africa,Kolkata,Bauxite,Supramax,5150,1776.7,636.49,18.77
2024Q1,South Africa,Kolkata,Bauxite,Handysize,5150,1776.7,636.49,22.17
2024Q1,South Africa,Kolkata,Grain,Panamax,5150,1776.7,636.49,18.14
2024Q1,South Africa,Kolkata,Grain,Supramax,5150,1776.7,636.49,20.88
2024Q1,South Africa,Kolkata,Grain,Handysize,5150,1776.7,636.49,25.88
2024Q1,Mozambique,Paradip,Coal,Capesize,3600,1776.7,636.49,8.21
2024Q1,Mozambique,Paradip,Coal,Panamax,3600,1776.7,636.49,9.65
2024Q1,Mozambique,Paradip,Coal,Supramax,3600,1776.7,636.49,11.65
2024Q1,Mozambique,Paradip,Coal,Handysize,3600,1776.7,636.49,12.37
2024Q1,Mozambique,Paradip,Iron Ore,Capesize,3600,1776.7,636.49,7.15
2024Q1,Mozambique,Paradip,Iron Ore,Panamax,3600,1776.7,636.49,8.59
2024Q1,Mozambique,Paradip,Bauxite,Panamax,3600,1776.7,636.49,9.76
2024Q1,Mozambique,Paradip,Bauxite,Supramax,3600,1776.7,636.49,11.94
2024Q1,Mozambique,Paradip,Bauxite,Handysize,3600,1776.7,636.49,13.4
2024Q1,Mozambique,Paradip,Grain,Panamax,3600,1776.7,636.49,10.99
2024Q1,Mozambique,Paradip,Grain,Supramax,3600,1776.7,636.49,13.31
2024Q1,Mozambique,Paradip,Grain,Handysize,3600,1776.7,636.49,15.51
2024Q1,Mozambique,Dhamra,Coal,Capesize,3550,1776.7,636.49,8.1
2024Q1,Mozambique,Dhamra,Coal,Panamax,3550,1776.7,636.49,9.31
2024Q1,Mozambique,Dhamra,Coal,Supramax,3550,1776.7,636.49,10.89
2024Q1,Mozambique,Dhamra,Coal,Handysize,3550,1776.7,636.49,12.58
2024Q1,Mozambique,Dhamra,Iron Ore,Capesize,3550,1776.7,636.49,7.02
2024Q1,Mozambique,Dhamra,Iron Ore,Panamax,3550,1776.7,636.49,8.06
2024Q1,Mozambique,Dhamra,Bauxite,Panamax,3550,1776.7,636.49,9.74
2024Q1,Mozambique,Dhamra,Bauxite,Supramax,3550,1776.7,636.49,11.12
2024Q1,Mozambique,Dhamra,Bauxite,Handysize,3550,1776.7,636.49,13.83
2024Q1,Mozambique,Dhamra,Grain,Panamax,3550,1776.7,636.49,11.54
2024Q1,Mozambique,Dhamra,Grain,Supramax,3550,1776.7,636.49,13.15
2024Q1,Mozambique,Dhamra,Grain,Handysize,3550,1776.7,636.49,15.13
2024Q1,Mozambique,Vizag,Coal,Capesize,3450,1776.7,636.49,7.72
2024Q1,Mozambique,Vizag,Coal,Panamax,3450,1776.7,636.49,8.67
2024Q1,Mozambique,Vizag,Coal,Supramax,3450,1776.7,636.49,10.5
2024Q1,Mozambique,Vizag,Coal,Handysize,3450,1776.7,636.49,12.32
2024Q1,Mozambique,Vizag,Iron Ore,Capesize,3450,1776.7,636.49,7.03
2024Q1,Mozambique,Vizag,Iron Ore,Panamax,3450,1776.7,636.49,8.29
2024Q1,Mozambique,Vizag,Bauxite,Panamax,3450,1776.7,636.49,9.83
2024Q1,Mozambique,Vizag,Bauxite,Supramax,3450,1776.7,636.49,10.84
2024Q1,Mozambique,Vizag,Bauxite,Handysize,3450,1776.7,636.49,12.58
2024Q1,Mozambique,Vizag,Grain,Panamax,3450,1776.7,636.49,11.43
2024Q1,Mozambique,Vizag,Grain,Supramax,3450,1776.7,636.49,13.04
2024Q1,Mozambique,Vizag,Grain,Handysize,3450,1776.7,636.49,14.53
2024Q1,Mozambique,Haldia,Coal,Capesize,3720,1776.7,636.49,10.68
2024Q1,Mozambique,Haldia,Coal,Panamax,3720,1776.7,636.49,12.5
2024Q1,Mozambique,Haldia,Coal,Supramax,3720,1776.7,636.49,14.66
2024Q1,Mozambique,Haldia,Coal,Handysize,3720,1776.7,636.49,17.27
2024Q1,Mozambique,Haldia,Iron Ore,Capesize,3720,1776.7,636.49,10.5
2024Q1,Mozambique,Haldia,Iron Ore,Panamax,3720,1776.7,636.49,11.37
2024Q1,Mozambique,Haldia,Bauxite,Panamax,3720,1776.7,636.49,13.48
2024Q1,Mozambique,Haldia,Bauxite,Supramax,3720,1776.7,636.49,14.47
2024Q1,Mozambique,Haldia,Bauxite,Handysize,3720,1776.7,636.49,17.54
2024Q1,Mozambique,Haldia,Grain,Panamax,3720,1776.7,636.49,15.71
2024Q1,Mozambique,Haldia,Grain,Supramax,3720,1776.7,636.49,17.82
2024Q1,Mozambique,Haldia,Grain,Handysize,3720,1776.7,636.49,17.26
2024Q1,Mozambique,Kolkata,Coal,Capesize,3750,1776.7,636.49,12.49
2024Q1,Mozambique,Kolkata,Coal,Panamax,3750,1776.7,636.49,15.25
2024Q1,Mozambique,Kolkata,Coal,Supramax,3750,1776.7,636.49,15.51
2024Q1,Mozambique,Kolkata,Coal,Handysize,3750,1776.7,636.49,20.38
2024Q1,Mozambique,Kolkata,Iron Ore,Capesize,3750,1776.7,636.49,9.92
2024Q1,Mozambique,Kolkata,Iron Ore,Panamax,3750,1776.7,636.49,13.28
2024Q1,Mozambique,Kolkata,Bauxite,Panamax,3750,1776.7,636.49,15.0
2024Q1,Mozambique,Kolkata,Bauxite,Supramax,3750,1776.7,636.49,16.07
2024Q1,Mozambique,Kolkata,Bauxite,Handysize,3750,1776.7,636.49,20.64
2024Q1,Mozambique,Kolkata,Grain,Panamax,3750,1776.7,636.49,17.84
2024Q1,Mozambique,Kolkata,Grain,Supramax,3750,1776.7,636.49,20.26
2024Q1,Mozambique,Kolkata,Grain,Handysize,3750,1776.7,636.49,23.7
2024Q1,Russia,Paradip,Coal,Capesize,6000,1776.7,636.49,17.44
2024Q1,Russia,Paradip,Coal,Panamax,6000,1776.7,636.49,19.37
2024Q1,Russia,Paradip,Coal,Supramax,6000,1776.7,636.49,24.75
2024Q1,Russia,Paradip,Coal,Handysize,6000,1776.7,636.49,29.77
2024Q1,Russia,Paradip,Iron Ore,Capesize,6000,1776.7,636.49,16.55
2024Q1,Russia,Paradip,Iron Ore,Panamax,6000,1776.7,636.49,17.35
2024Q1,Russia,Paradip,Bauxite,Panamax,6000,1776.7,636.49,20.6
2024Q1,Russia,Paradip,Bauxite,Supramax,6000,1776.7,636.49,24.62
2024Q1,Russia,Paradip,Bauxite,Handysize,6000,1776.7,636.49,27.81
2024Q1,Russia,Paradip,Grain,Panamax,6000,1776.7,636.49,24.9
2024Q1,Russia,Paradip,Grain,Supramax,6000,1776.7,636.49,29.4
2024Q1,Russia,Paradip,Grain,Handysize,6000,1776.7,636.49,31.98
2024Q1,Russia,Dhamra,Coal,Capesize,5950,1776.7,636.49,17.81
2024Q1,Russia,Dhamra,Coal,Panamax,5950,1776.7,636.49,20.72
2024Q1,Russia,Dhamra,Coal,Supramax,5950,1776.7,636.49,23.22
2024Q1,Russia,Dhamra,Coal,Handysize,5950,1776.7,636.49,27.32
2024Q1,Russia,Dhamra,Iron Ore,Capesize,5950,1776.7,636.49,14.54
2024Q1,Russia,Dhamra,Iron Ore,Panamax,5950,1776.7,636.49,18.05
2024Q1,Russia,Dhamra,Bauxite,Panamax,5950,1776.7,636.49,21.31
2024Q1,Russia,Dhamra,Bauxite,Supramax,5950,1776.7,636.49,25.01
2024Q1,Russia,Dhamra,Bauxite,Handysize,5950,1776.7,636.49,29.24
2024Q1,Russia,Dhamra,Grain,Panamax,5950,1776.7,636.49,24.56
2024Q1,Russia,Dhamra,Grain,Supramax,5950,1776.7,636.49,28.15
2024Q1,Russia,Dhamra,Grain,Handysize,5950,1776.7,636.49,33.31
2024Q1,Russia,Vizag,Coal,Capesize,5850,1776.7,636.49,18.05
2024Q1,Russia,Vizag,Coal,Panamax,5850,1776.7,636.49,20.35
2024Q1,Russia,Vizag,Coal,Supramax,5850,1776.7,636.49,24.08
2024Q1,Russia,Vizag,Coal,Handysize,5850,1776.7,636.49,27.46
2024Q1,Russia,Vizag,Iron Ore,Capesize,5850,1776.7,636.49,15.34
2024Q1,Russia,Vizag,Iron Ore,Panamax,5850,1776.7,636.49,18.71
2024Q1,Russia,Vizag,Bauxite,Panamax,5850,1776.7,636.49,21.02
2024Q1,Russia,Vizag,Bauxite,Supramax,5850,1776.7,636.49,25.35
2024Q1,Russia,Vizag,Bauxite,Handysize,5850,1776.7,636.49,29.06
2024Q1,Russia,Vizag,Grain,Panamax,5850,1776.7,636.49,24.24
2024Q1,Russia,Vizag,Grain,Supramax,5850,1776.7,636.49,28.25
2024Q1,Russia,Vizag,Grain,Handysize,5850,1776.7,636.49,32.58
2024Q1,Russia,Haldia,Coal,Capesize,6120,1776.7,636.49,19.57
2024Q1,Russia,Haldia,Coal,Panamax,6120,1776.7,636.49,24.64
2024Q1,Russia,Haldia,Coal,Supramax,6120,1776.7,636.49,28.6
2024Q1,Russia,Haldia,Coal,Handysize,6120,1776.7,636.49,33.91
2024Q1,Russia,Haldia,Iron Ore,Capesize,6120,1776.7,636.49,18.35
2024Q1,Russia,Haldia,Iron Ore,Panamax,6120,1776.7,636.49,23.34
2024Q1,Russia,Haldia,Bauxite,Panamax,6120,1776.7,636.49,25.19
2024Q1,Russia,Haldia,Bauxite,Supramax,6120,1776.7,636.49,28.88
2024Q1,Russia,Haldia,Bauxite,Handysize,6120,1776.7,636.49,33.37
2024Q1,Russia,Haldia,Grain,Panamax,6120,1776.7,636.49,27.41
2024Q1,Russia,Haldia,Grain,Supramax,6120,1776.7,636.49,35.87
2024Q1,Russia,Haldia,Grain,Handysize,6120,1776.7,636.49,41.41
2024Q1,Russia,Kolkata,Coal,Capesize,6150,1776.7,636.49,22.94
2024Q1,Russia,Kolkata,Coal,Panamax,6150,1776.7,636.49,25.47
2024Q1,Russia,Kolkata,Coal,Supramax,6150,1776.7,636.49,32.63
2024Q1,Russia,Kolkata,Coal,Handysize,6150,1776.7,636.49,35.17
2024Q1,Russia,Kolkata,Iron Ore,Capesize,6150,1776.7,636.49,20.03
2024Q1,Russia,Kolkata,Iron Ore,Panamax,6150,1776.7,636.49,24.86
2024Q1,Russia,Kolkata,Bauxite,Panamax,6150,1776.7,636.49,28.25
2024Q1,Russia,Kolkata,Bauxite,Supramax,6150,1776.7,636.49,34.7
2024Q1,Russia,Kolkata,Bauxite,Handysize,6150,1776.7,636.49,37.72
2024Q1,Russia,Kolkata,Grain,Panamax,6150,1776.7,636.49,31.12
2024Q1,Russia,Kolkata,Grain,Supramax,6150,1776.7,636.49,36.03
2024Q1,Russia,Kolkata,Grain,Handysize,6150,1776.7,636.49,39.97
2024Q2,Australia,Paradip,Coal,Capesize,4400,1850.0,624.57,8.88
2024Q2,Australia,Paradip,Coal,Panamax,4400,1850.0,624.57,10.92
2024Q2,Australia,Paradip,Coal,Supramax,4400,1850.0,624.57,12.51
2024Q2,Australia,Paradip,Coal,Handysize,4400,1850.0,624.57,14.23
2024Q2,Australia,Paradip,Iron Ore,Capesize,4400,1850.0,624.57,7.79
2024Q2,Australia,Paradip,Iron Ore,Panamax,4400,1850.0,624.57,9.53
2024Q2,Australia,Paradip,Bauxite,Panamax,4400,1850.0,624.57,11.42
2024Q2,Australia,Paradip,Bauxite,Supramax,4400,1850.0,624.57,13.06
2024Q2,Australia,Paradip,Bauxite,Handysize,4400,1850.0,624.57,15.02
2024Q2,Australia,Paradip,Grain,Panamax,4400,1850.0,624.57,12.25
2024Q2,Australia,Paradip,Grain,Supramax,4400,1850.0,624.57,15.15
2024Q2,Australia,Paradip,Grain,Handysize,4400,1850.0,624.57,15.2
2024Q2,Australia,Dhamra,Coal,Capesize,4350,1850.0,624.57,8.77
2024Q2,Australia,Dhamra,Coal,Panamax,4350,1850.0,624.57,11.04
2024Q2,Australia,Dhamra,Coal,Supramax,4350,1850.0,624.57,11.19
2024Q2,Australia,Dhamra,Coal,Handysize,4350,1850.0,624.57,13.6
2024Q2,Australia,Dhamra,Iron Ore,Capesize,4350,1850.0,624.57,7.78
2024Q2,Australia,Dhamra,Iron Ore,Panamax,4350,1850.0,624.57,8.97
2024Q2,Australia,Dhamra,Bauxite,Panamax,4350,1850.0,624.57,11.02
2024Q2,Australia,Dhamra,Bauxite,Supramax,4350,1850.0,624.57,12.61
2024Q2,Australia,Dhamra,Bauxite,Handysize,4350,1850.0,624.57,14.48
2024Q2,Australia,Dhamra,Grain,Panamax,4350,1850.0,624.57,12.49
2024Q2,Australia,Dhamra,Grain,Supramax,4350,1850.0,624.57,14.19
2024Q2,Australia,Dhamra,Grain,Handysize,4350,1850.0,624.57,18.29
2024Q2,Australia,Vizag,Coal,Capesize,4250,1850.0,624.57,8.86
2024Q2,Australia,Vizag,Coal,Panamax,4250,1850.0,624.57,10.39
2024Q2,Australia,Vizag,Coal,Supramax,4250,1850.0,624.57,11.31
2024Q2,Australia,Vizag,Coal,Handysize,4250,1850.0,624.57,13.7
2024Q2,Australia,Vizag,Iron Ore,Capesize,4250,1850.0,624.57,8.25
2024Q2,Australia,Vizag,Iron Ore,Panamax,4250,1850.0,624.57,8.85
2024Q2,Australia,Vizag,Bauxite,Panamax,4250,1850.0,624.57,10.01
2024Q2,Australia,Vizag,Bauxite,Supramax,4250,1850.0,624.57,12.65
2024Q2,Australia,Vizag,Bauxite,Handysize,4250,1850.0,624.57,15.37
2024Q2,Australia,Vizag,Grain,Panamax,4250,1850.0,624.57,12.4
2024Q2,Australia,Vizag,Grain,Supramax,4250,1850.0,624.57,14.27
2024Q2,Australia,Vizag,Grain,Handysize,4250,1850.0,624.57,15.67
2024Q2,Australia,Haldia,Coal,Capesize,4520,1850.0,624.57,12.15
2024Q2,Australia,Haldia,Coal,Panamax,4520,1850.0,624.57,14.33
2024Q2,Australia,Haldia,Coal,Supramax,4520,1850.0,624.57,15.32
2024Q2,Australia,Haldia,Coal,Handysize,4520,1850.0,624.57,19.72
2024Q2,Australia,Haldia,Iron Ore,Capesize,4520,1850.0,624.57,11.05
2024Q2,Australia,Haldia,Iron Ore,Panamax,4520,1850.0,624.57,13.1
2024Q2,Australia,Haldia,Bauxite,Panamax,4520,1850.0,624.57,15.01
2024Q2,Australia,Haldia,Bauxite,Supramax,4520,1850.0,624.57,17.55
2024Q2,Australia,Haldia,Bauxite,Handysize,4520,1850.0,624.57,20.28
2024Q2,Australia,Haldia,Grain,Panamax,4520,1850.0,624.57,17.32
2024Q2,Australia,Haldia,Grain,Supramax,4520,1850.0,624.57,18.36
2024Q2,Australia,Haldia,Grain,Handysize,4520,1850.0,624.57,21.56
2024Q2,Australia,Kolkata,Coal,Capesize,4550,1850.0,624.57,13.11
2024Q2,Australia,Kolkata,Coal,Panamax,4550,1850.0,624.57,15.68
2024Q2,Australia,Kolkata,Coal,Supramax,4550,1850.0,624.57,18.63
2024Q2,Australia,Kolkata,Coal,Handysize,4550,1850.0,624.57,21.58
2024Q2,Australia,Kolkata,Iron Ore,Capesize,4550,1850.0,624.57,12.59
2024Q2,Australia,Kolkata,Iron Ore,Panamax,4550,1850.0,624.57,14.75
2024Q2,Australia,Kolkata,Bauxite,Panamax,4550,1850.0,624.57,16.04
2024Q2,Australia,Kolkata,Bauxite,Supramax,4550,1850.0,624.57,19.46
2024Q2,Australia,Kolkata,Bauxite,Handysize,4550,1850.0,624.57,21.74
2024Q2,Australia,Kolkata,Grain,Panamax,4550,1850.0,624.57,18.78
2024Q2,Australia,Kolkata,Grain,Supramax,4550,1850.0,624.57,22.31
2024Q2,Australia,Kolkata,Grain,Handysize,4550,1850.0,624.57,22.55
2024Q2,Indonesia,Paradip,Coal,Capesize,2800,1850.0,624.57,6.02
2024Q2,Indonesia,Paradip,Coal,Panamax,2800,1850.0,624.57,6.63
2024Q2,Indonesia,Paradip,Coal,Supramax,2800,1850.0,624.57,7.43
2024Q2,Indonesia,Paradip,Coal,Handysize,2800,1850.0,624.57,9.4
2024Q2,Indonesia,Paradip,Iron Ore,Capesize,2800,1850.0,624.57,4.94
2024Q2,Indonesia,Paradip,Iron Ore,Panamax,2800,1850.0,624.57,5.88
2024Q2,Indonesia,Paradip,Bauxite,Panamax,2800,1850.0,624.57,6.71
2024Q2,Indonesia,Paradip,Bauxite,Supramax,2800,1850.0,624.57,8.43
2024Q2,Indonesia,Paradip,Bauxite,Handysize,2800,1850.0,624.57,9.21
2024Q2,Indonesia,Paradip,Grain,Panamax,2800,1850.0,624.57,7.84
2024Q2,Indonesia,Paradip,Grain,Supramax,2800,1850.0,624.57,9.49
2024Q2,Indonesia,Paradip,Grain,Handysize,2800,1850.0,624.57,10.78
2024Q2,Indonesia,Dhamra,Coal,Capesize,2750,1850.0,624.57,5.22
2024Q2,Indonesia,Dhamra,Coal,Panamax,2750,1850.0,624.57,6.37
2024Q2,Indonesia,Dhamra,Coal,Supramax,2750,1850.0,624.57,7.78
2024Q2,Indonesia,Dhamra,Coal,Handysize,2750,1850.0,624.57,8.39
2024Q2,Indonesia,Dhamra,Iron Ore,Capesize,2750,1850.0,624.57,4.73
2024Q2,Indonesia,Dhamra,Iron Ore,Panamax,2750,1850.0,624.57,5.55
2024Q2,Indonesia,Dhamra,Bauxite,Panamax,2750,1850.0,624.57,6.73
2024Q2,Indonesia,Dhamra,Bauxite,Supramax,2750,1850.0,624.57,7.35
2024Q2,Indonesia,Dhamra,Bauxite,Handysize,2750,1850.0,624.57,8.63
2024Q2,Indonesia,Dhamra,Grain,Panamax,2750,1850.0,624.57,6.96
2024Q2,Indonesia,Dhamra,Grain,Supramax,2750,1850.0,624.57,8.22
2024Q2,Indonesia,Dhamra,Grain,Handysize,2750,1850.0,624.57,9.78
2024Q2,Indonesia,Vizag,Coal,Capesize,2650,1850.0,624.57,5.12
2024Q2,Indonesia,Vizag,Coal,Panamax,2650,1850.0,624.57,6.37
2024Q2,Indonesia,Vizag,Coal,Supramax,2650,1850.0,624.57,7.13
2024Q2,Indonesia,Vizag,Coal,Handysize,2650,1850.0,624.57,7.87
2024Q2,Indonesia,Vizag,Iron Ore,Capesize,2650,1850.0,624.57,4.5
2024Q2,Indonesia,Vizag,Iron Ore,Panamax,2650,1850.0,624.57,5.66
2024Q2,Indonesia,Vizag,Bauxite,Panamax,2650,1850.0,624.57,6.55
2024Q2,Indonesia,Vizag,Bauxite,Supramax,2650,1850.0,624.57,7.36
2024Q2,Indonesia,Vizag,Bauxite,Handysize,2650,1850.0,624.57,8.4
2024Q2,Indonesia,Vizag,Grain,Panamax,2650,1850.0,624.57,7.49
2024Q2,Indonesia,Vizag,Grain,Supramax,2650,1850.0,624.57,8.11
2024Q2,Indonesia,Vizag,Grain,Handysize,2650,1850.0,624.57,9.89
2024Q2,Indonesia,Haldia,Coal,Capesize,2920,1850.0,624.57,7.96
2024Q2,Indonesia,Haldia,Coal,Panamax,2920,1850.0,624.57,8.69
2024Q2,Indonesia,Haldia,Coal,Supramax,2920,1850.0,624.57,9.79
2024Q2,Indonesia,Haldia,Coal,Handysize,2920,1850.0,624.57,11.85
2024Q2,Indonesia,Haldia,Iron Ore,Capesize,2920,1850.0,624.57,6.52
2024Q2,Indonesia,Haldia,Iron Ore,Panamax,2920,1850.0,624.57,7.39
2024Q2,Indonesia,Haldia,Bauxite,Panamax,2920,1850.0,624.57,9.28
2024Q2,Indonesia,Haldia,Bauxite,Supramax,2920,1850.0,624.57,10.98
2024Q2,Indonesia,Haldia,Bauxite,Handysize,2920,1850.0,624.57,12.13
2024Q2,Indonesia,Haldia,Grain,Panamax,2920,1850.0,624.57,10.22
2024Q2,Indonesia,Haldia,Grain,Supramax,2920,1850.0,624.57,11.67
2024Q2,Indonesia,Haldia,Grain,Handysize,2920,1850.0,624.57,13.95
2024Q2,Indonesia,Kolkata,Coal,Capesize,2950,1850.0,624.57,8.32
2024Q2,Indonesia,Kolkata,Coal,Panamax,2950,1850.0,624.57,9.59
2024Q2,Indonesia,Kolkata,Coal,Supramax,2950,1850.0,624.57,12.37
2024Q2,Indonesia,Kolkata,Coal,Handysize,2950,1850.0,624.57,13.68
2024Q2,Indonesia,Kolkata,Iron Ore,Capesize,2950,1850.0,624.57,7.8
2024Q2,Indonesia,Kolkata,Iron Ore,Panamax,2950,1850.0,624.57,9.22
2024Q2,Indonesia,Kolkata,Bauxite,Panamax,2950,1850.0,624.57,10.72
2024Q2,Indonesia,Kolkata,Bauxite,Supramax,2950,1850.0,624.57,12.0
2024Q2,Indonesia,Kolkata,Bauxite,Handysize,2950,1850.0,624.57,14.27
2024Q2,Indonesia,Kolkata,Grain,Panamax,2950,1850.0,624.57,11.82
2024Q2,Indonesia,Kolkata,Grain,Supramax,2950,1850.0,624.57,14.13
2024Q2,Indonesia,Kolkata,Grain,Handysize,2950,1850.0,624.57,16.35
2024Q2,South Africa,Paradip,Coal,Capesize,5000,1850.0,624.57,9.22
2024Q2,South Africa,Paradip,Coal,Panamax,5000,1850.0,624.57,10.43
2024Q2,South Africa,Paradip,Coal,Supramax,5000,1850.0,624.57,12.83
2024Q2,South Africa,Paradip,Coal,Handysize,5000,1850.0,624.57,14.71
2024Q2,South Africa,Paradip,Iron Ore,Capesize,5000,1850.0,624.57,7.85
2024Q2,South Africa,Paradip,Iron Ore,Panamax,5000,1850.0,624.57,10.02
2024Q2,South Africa,Paradip,Bauxite,Panamax,5000,1850.0,624.57,11.88
2024Q2,South Africa,Paradip,Bauxite,Supramax,5000,1850.0,624.57,14.59
2024Q2,South Africa,Paradip,Bauxite,Handysize,5000,1850.0,624.57,15.34
2024Q2,South Africa,Paradip,Grain,Panamax,5000,1850.0,624.57,12.88
2024Q2,South Africa,Paradip,Grain,Supramax,5000,1850.0,624.57,14.72
2024Q2,South Africa,Paradip,Grain,Handysize,5000,1850.0,624.57,17.91
2024Q2,South Africa,Dhamra,Coal,Capesize,4950,1850.0,624.57,9.14
2024Q2,South Africa,Dhamra,Coal,Panamax,4950,1850.0,624.57,10.33
2024Q2,South Africa,Dhamra,Coal,Supramax,4950,1850.0,624.57,12.32
2024Q2,South Africa,Dhamra,Coal,Handysize,4950,1850.0,624.57,13.4
2024Q2,South Africa,Dhamra,Iron Ore,Capesize,4950,1850.0,624.57,8.44
2024Q2,South Africa,Dhamra,Iron Ore,Panamax,4950,1850.0,624.57,9.31
2024Q2,South Africa,Dhamra,Bauxite,Panamax,4950,1850.0,624.57,11.15
2024Q2,South Africa,Dhamra,Bauxite,Supramax,4950,1850.0,624.57,12.37
2024Q2,South Africa,Dhamra,Bauxite,Handysize,4950,1850.0,624.57,14.8
2024Q2,South Africa,Dhamra,Grain,Panamax,4950,1850.0,624.57,12.63
2024Q2,South Africa,Dhamra,Grain,Supramax,4950,1850.0,624.57,14.87
2024Q2,South Africa,Dhamra,Grain,Handysize,4950,1850.0,624.57,17.56
2024Q2,South Africa,Vizag,Coal,Capesize,4850,1850.0,624.57,9.42
2024Q2,South Africa,Vizag,Coal,Panamax,4850,1850.0,624.57,10.77
2024Q2,South Africa,Vizag,Coal,Supramax,4850,1850.0,624.57,12.67
2024Q2,South Africa,Vizag,Coal,Handysize,4850,1850.0,624.57,14.94
2024Q2,South Africa,Vizag,Iron Ore,Capesize,4850,1850.0,624.57,8.24
2024Q2,South Africa,Vizag,Iron Ore,Panamax,4850,1850.0,624.57,9.44
2024Q2,South Africa,Vizag,Bauxite,Panamax,4850,1850.0,624.57,11.42
2024Q2,South Africa,Vizag,Bauxite,Supramax,4850,1850.0,624.57,13.35
2024Q2,South Africa,Vizag,Bauxite,Handysize,4850,1850.0,624.57,15.27
2024Q2,South Africa,Vizag,Grain,Panamax,4850,1850.0,624.57,11.96
2024Q2,South Africa,Vizag,Grain,Supramax,4850,1850.0,624.57,14.27
2024Q2,South Africa,Vizag,Grain,Handysize,4850,1850.0,624.57,16.9
2024Q2,South Africa,Haldia,Coal,Capesize,5120,1850.0,624.57,12.51
2024Q2,South Africa,Haldia,Coal,Panamax,5120,1850.0,624.57,14.24
2024Q2,South Africa,Haldia,Coal,Supramax,5120,1850.0,624.57,17.29
2024Q2,South Africa,Haldia,Coal,Handysize,5120,1850.0,624.57,20.19
2024Q2,South Africa,Haldia,Iron Ore,Capesize,5120,1850.0,624.57,11.42
2024Q2,South Africa,Haldia,Iron Ore,Panamax,5120,1850.0,624.57,13.37
2024Q2,South Africa,Haldia,Bauxite,Panamax,5120,1850.0,624.57,14.42
2024Q2,South Africa,Haldia,Bauxite,Supramax,5120,1850.0,624.57,17.76
2024Q2,South Africa,Haldia,Bauxite,Handysize,5120,1850.0,624.57,19.84
2024Q2,South Africa,Haldia,Grain,Panamax,5120,1850.0,624.57,16.12
2024Q2,South Africa,Haldia,Grain,Supramax,5120,1850.0,624.57,19.76
2024Q2,South Africa,Haldia,Grain,Handysize,5120,1850.0,624.57,24.24
2024Q2,South Africa,Kolkata,Coal,Capesize,5150,1850.0,624.57,13.89
2024Q2,South Africa,Kolkata,Coal,Panamax,5150,1850.0,624.57,17.14
2024Q2,South Africa,Kolkata,Coal,Supramax,5150,1850.0,624.57,18.79
2024Q2,South Africa,Kolkata,Coal,Handysize,5150,1850.0,624.57,23.53
2024Q2,South Africa,Kolkata,Iron Ore,Capesize,5150,1850.0,624.57,12.38
2024Q2,South Africa,Kolkata,Iron Ore,Panamax,5150,1850.0,624.57,14.42
2024Q2,South Africa,Kolkata,Bauxite,Panamax,5150,1850.0,624.57,16.05
2024Q2,South Africa,Kolkata,Bauxite,Supramax,5150,1850.0,624.57,20.37
2024Q2,South Africa,Kolkata,Bauxite,Handysize,5150,1850.0,624.57,22.36
2024Q2,South Africa,Kolkata,Grain,Panamax,5150,1850.0,624.57,18.77
2024Q2,South Africa,Kolkata,Grain,Supramax,5150,1850.0,624.57,23.41
2024Q2,South Africa,Kolkata,Grain,Handysize,5150,1850.0,624.57,27.06
2024Q2,Mozambique,Paradip,Coal,Capesize,3600,1850.0,624.57,8.77
2024Q2,Mozambique,Paradip,Coal,Panamax,3600,1850.0,624.57,9.75
2024Q2,Mozambique,Paradip,Coal,Supramax,3600,1850.0,624.57,11.5
2024Q2,Mozambique,Paradip,Coal,Handysize,3600,1850.0,624.57,13.35
2024Q2,Mozambique,Paradip,Iron Ore,Capesize,3600,1850.0,624.57,7.8
2024Q2,Mozambique,Paradip,Iron Ore,Panamax,3600,1850.0,624.57,9.37
2024Q2,Mozambique,Paradip,Bauxite,Panamax,3600,1850.0,624.57,10.51
2024Q2,Mozambique,Paradip,Bauxite,Supramax,3600,1850.0,624.57,12.94
2024Q2,Mozambique,Paradip,Bauxite,Handysize,3600,1850.0,624.57,14.49
2024Q2,Mozambique,Paradip,Grain,Panamax,3600,1850.0,624.57,11.76
2024Q2,Mozambique,Paradip,Grain,Supramax,3600,1850.0,624.57,14.23
2024Q2,Mozambique,Paradip,Grain,Handysize,3600,1850.0,624.57,17.01
2024Q2,Mozambique,Dhamra,Coal,Capesize,3550,1850.0,624.57,8.74
2024Q2,Mozambique,Dhamra,Coal,Panamax,3550,1850.0,624.57,9.96
2024Q2,Mozambique,Dhamra,Coal,Supramax,3550,1850.0,624.57,11.17
2024Q2,Mozambique,Dhamra,Coal,Handysize,3550,1850.0,624.57,12.86
2024Q2,Mozambique,Dhamra,Iron Ore,Capesize,3550,1850.0,624.57,7.5
2024Q2,Mozambique,Dhamra,Iron Ore,Panamax,3550,1850.0,624.57,9.11
2024Q2,Mozambique,Dhamra,Bauxite,Panamax,3550,1850.0,624.57,10.2
2024Q2,Mozambique,Dhamra,Bauxite,Supramax,3550,1850.0,624.57,11.9
2024Q2,Mozambique,Dhamra,Bauxite,Handysize,3550,1850.0,624.57,13.63
2024Q2,Mozambique,Dhamra,Grain,Panamax,3550,1850.0,624.57,11.35
2024Q2,Mozambique,Dhamra,Grain,Supramax,3550,1850.0,624.57,13.32
2024Q2,Mozambique,Dhamra,Grain,Handysize,3550,1850.0,624.57,15.62
2024Q2,Mozambique,Vizag,Coal,Capesize,3450,1850.0,624.57,8.55
2024Q2,Mozambique,Vizag,Coal,Panamax,3450,1850.0,624.57,9.36
2024Q2,Mozambique,Vizag,Coal,Supramax,3450,1850.0,624.57,11.03
2024Q2,Mozambique,Vizag,Coal,Handysize,3450,1850.0,624.57,12.4
2024Q2,Mozambique,Vizag,Iron Ore,Capesize,3450,1850.0,624.57,7.44
2024Q2,Mozambique,Vizag,Iron Ore,Panamax,3450,1850.0,624.57,8.9
2024Q2,Mozambique,Vizag,Bauxite,Panamax,3450,1850.0,624.57,10.48
2024Q2,Mozambique,Vizag,Bauxite,Supramax,3450,1850.0,624.57,11.65
2024Q2,Mozambique,Vizag,Bauxite,Handysize,3450,1850.0,624.57,13.69
2024Q2,Mozambique,Vizag,Grain,Panamax,3450,1850.0,624.57,11.27
2024Q2,Mozambique,Vizag,Grain,Supramax,3450,1850.0,624.57,13.46
2024Q2,Mozambique,Vizag,Grain,Handysize,3450,1850.0,624.57,15.51
2024Q2,Mozambique,Haldia,Coal,Capesize,3720,1850.0,624.57,11.18
2024Q2,Mozambique,Haldia,Coal,Panamax,3720,1850.0,624.57,13.13
2024Q2,Mozambique,Haldia,Coal,Supramax,3720,1850.0,624.57,15.49
2024Q2,Mozambique,Haldia,Coal,Handysize,3720,1850.0,624.57,17.51
2024Q2,Mozambique,Haldia,Iron Ore,Capesize,3720,1850.0,624.57,9.96
2024Q2,Mozambique,Haldia,Iron Ore,Panamax,3720,1850.0,624.57,12.46
2024Q2,Mozambique,Haldia,Bauxite,Panamax,3720,1850.0,624.57,15.02
2024Q2,Mozambique,Haldia,Bauxite,Supramax,3720,1850.0,624.57,15.33
2024Q2,Mozambique,Haldia,Bauxite,Handysize,3720,1850.0,624.57,17.76
2024Q2,Mozambique,Haldia,Grain,Panamax,3720,1850.0,624.57,15.16
2024Q2,Mozambique,Haldia,Grain,Supramax,3720,1850.0,624.57,18.23
2024Q2,Mozambique,Haldia,Grain,Handysize,3720,1850.0,624.57,21.9
2024Q2,Mozambique,Kolkata,Coal,Capesize,3750,1850.0,624.57,12.97
2024Q2,Mozambique,Kolkata,Coal,Panamax,3750,1850.0,624.57,14.97
2024Q2,Mozambique,Kolkata,Coal,Supramax,3750,1850.0,624.57,17.68
2024Q2,Mozambique,Kolkata,Coal,Handysize,3750,1850.0,624.57,19.66
2024Q2,Mozambique,Kolkata,Iron Ore,Capesize,3750,1850.0,624.57,11.34
2024Q2,Mozambique,Kolkata,Iron Ore,Panamax,3750,1850.0,624.57,13.38
2024Q2,Mozambique,Kolkata,Bauxite,Panamax,3750,1850.0,624.57,14.76
2024Q2,Mozambique,Kolkata,Bauxite,Supramax,3750,1850.0,624.57,17.49
2024Q2,Mozambique,Kolkata,Bauxite,Handysize,3750,1850.0,624.57,20.33
2024Q2,Mozambique,Kolkata,Grain,Panamax,3750,1850.0,624.57,18.33
2024Q2,Mozambique,Kolkata,Grain,Supramax,3750,1850.0,624.57,21.01
2024Q2,Mozambique,Kolkata,Grain,Handysize,3750,1850.0,624.57,24.7
2024Q2,Russia,Paradip,Coal,Capesize,6000,1850.0,624.57,17.24
2024Q2,Russia,Paradip,Coal,Panamax,6000,1850.0,624.57,20.45
2024Q2,Russia,Paradip,Coal,Supramax,6000,1850.0,624.57,25.75
2024Q2,Russia,Paradip,Coal,Handysize,6000,1850.0,624.57,26.37
2024Q2,Russia,Paradip,Iron Ore,Capesize,6000,1850.0,624.57,17.29
2024Q2,Russia,Paradip,Iron Ore,Panamax,6000,1850.0,624.57,18.17
2024Q2,Russia,Paradip,Bauxite,Panamax,6000,1850.0,624.57,23.32
2024Q2,Russia,Paradip,Bauxite,Supramax,6000,1850.0,624.57,25.6
2024Q2,Russia,Paradip,Bauxite,Handysize,6000,1850.0,624.57,31.8
2024Q2,Russia,Paradip,Grain,Panamax,6000,1850.0,624.57,28.79
2024Q2,Russia,Paradip,Grain,Supramax,6000,1850.0,624.57,27.8
2024Q2,Russia,Paradip,Grain,Handysize,6000,1850.0,624.57,35.9
2024Q2,Russia,Dhamra,Coal,Capesize,5950,1850.0,624.57,16.91
2024Q2,Russia,Dhamra,Coal,Panamax,5950,1850.0,624.57,21.45
2024Q2,Russia,Dhamra,Coal,Supramax,5950,1850.0,624.57,24.48
2024Q2,Russia,Dhamra,Coal,Handysize,5950,1850.0,624.57,28.75
2024Q2,Russia,Dhamra,Iron Ore,Capesize,5950,1850.0,624.57,15.73
2024Q2,Russia,Dhamra,Iron Ore,Panamax,5950,1850.0,624.57,19.54
2024Q2,Russia,Dhamra,Bauxite,Panamax,5950,1850.0,624.57,21.06
2024Q2,Russia,Dhamra,Bauxite,Supramax,5950,1850.0,624.57,27.01
2024Q2,Russia,Dhamra,Bauxite,Handysize,5950,1850.0,624.57,29.62
2024Q2,Russia,Dhamra,Grain,Panamax,5950,1850.0,624.57,24.11
2024Q2,Russia,Dhamra,Grain,Supramax,5950,1850.0,624.57,31.24
2024Q2,Russia,Dhamra,Grain,Handysize,5950,1850.0,624.57,34.26
2024Q2,Russia,Vizag,Coal,Capesize,5850,1850.0,624.57,19.37
2024Q2,Russia,Vizag,Coal,Panamax,5850,1850.0,624.57,22.17
2024Q2,Russia,Vizag,Coal,Supramax,5850,1850.0,624.57,24.11
2024Q2,Russia,Vizag,Coal,Handysize,5850,1850.0,624.57,28.7
2024Q2,Russia,Vizag,Iron Ore,Capesize,5850,1850.0,624.57,16.41
2024Q2,Russia,Vizag,Iron Ore,Panamax,5850,1850.0,624.57,20.15
2024Q2,Russia,Vizag,Bauxite,Panamax,5850,1850.0,624.57,22.66
2024Q2,Russia,Vizag,Bauxite,Supramax,5850,1850.0,624.57,26.2
2024Q2,Russia,Vizag,Bauxite,Handysize,5850,1850.0,624.57,30.01
2024Q2,Russia,Vizag,Grain,Panamax,5850,1850.0,624.57,25.46
2024Q2,Russia,Vizag,Grain,Supramax,5850,1850.0,624.57,31.12
2024Q2,Russia,Vizag,Grain,Handysize,5850,1850.0,624.57,34.55
2024Q2,Russia,Haldia,Coal,Capesize,6120,1850.0,624.57,21.33
2024Q2,Russia,Haldia,Coal,Panamax,6120,1850.0,624.57,24.82
2024Q2,Russia,Haldia,Coal,Supramax,6120,1850.0,624.57,28.97
2024Q2,Russia,Haldia,Coal,Handysize,6120,1850.0,624.57,32.61
2024Q2,Russia,Haldia,Iron Ore,Capesize,6120,1850.0,624.57,18.95
2024Q2,Russia,Haldia,Iron Ore,Panamax,6120,1850.0,624.57,23.98
2024Q2,Russia,Haldia,Bauxite,Panamax,6120,1850.0,624.57,26.39
2024Q2,Russia,Haldia,Bauxite,Supramax,6120,1850.0,624.57,31.78
2024Q2,Russia,Haldia,Bauxite,Handysize,6120,1850.0,624.57,32.88
2024Q2,Russia,Haldia,Grain,Panamax,6120,1850.0,624.57,30.99
2024Q2,Russia,Haldia,Grain,Supramax,6120,1850.0,624.57,35.25
2024Q2,Russia,Haldia,Grain,Handysize,6120,1850.0,624.57,40.45
2024Q2,Russia,Kolkata,Coal,Capesize,6150,1850.0,624.57,23.54
2024Q2,Russia,Kolkata,Coal,Panamax,6150,1850.0,624.57,26.91
2024Q2,Russia,Kolkata,Coal,Supramax,6150,1850.0,624.57,29.57
2024Q2,Russia,Kolkata,Coal,Handysize,6150,1850.0,624.57,38.28
2024Q2,Russia,Kolkata,Iron Ore,Capesize,6150,1850.0,624.57,21.23
2024Q2,Russia,Kolkata,Iron Ore,Panamax,6150,1850.0,624.57,24.38
2024Q2,Russia,Kolkata,Bauxite,Panamax,6150,1850.0,624.57,27.78
2024Q2,Russia,Kolkata,Bauxite,Supramax,6150,1850.0,624.57,31.82
2024Q2,Russia,Kolkata,Bauxite,Handysize,6150,1850.0,624.57,39.24
2024Q2,Russia,Kolkata,Grain,Panamax,6150,1850.0,624.57,34.72
2024Q2,Russia,Kolkata,Grain,Supramax,6150,1850.0,624.57,38.61
2024Q2,Russia,Kolkata,Grain,Handysize,6150,1850.0,624.57,42.35
2024Q3,Australia,Paradip,Coal,Capesize,4400,1868.7,580.62,9.13
2024Q3,Australia,Paradip,Coal,Panamax,4400,1868.7,580.62,10.59
2024Q3,Australia,Paradip,Coal,Supramax,4400,1868.7,580.62,12.75
2024Q3,Australia,Paradip,Coal,Handysize,4400,1868.7,580.62,14.67
2024Q3,Australia,Paradip,Iron Ore,Capesize,4400,1868.7,580.62,7.3
2024Q3,Australia,Paradip,Iron Ore,Panamax,4400,1868.7,580.62,9.73
2024Q3,Australia,Paradip,Bauxite,Panamax,4400,1868.7,580.62,10.75
2024Q3,Australia,Paradip,Bauxite,Supramax,4400,1868.7,580.62,12.35
2024Q3,Australia,Paradip,Bauxite,Handysize,4400,1868.7,580.62,14.99
2024Q3,Australia,Paradip,Grain,Panamax,4400,1868.7,580.62,12.91
2024Q3,Australia,Paradip,Grain,Supramax,4400,1868.7,580.62,14.0
2024Q3,Australia,Paradip,Grain,Handysize,4400,1868.7,580.62,17.67
2024Q3,Australia,Dhamra,Coal,Capesize,4350,1868.7,580.62,8.97
2024Q3,Australia,Dhamra,Coal,Panamax,4350,1868.7,580.62,10.25
2024Q3,Australia,Dhamra,Coal,Supramax,4350,1868.7,580.62,11.57
2024Q3,Australia,Dhamra,Coal,Handysize,4350,1868.7,580.62,13.38
2024Q3,Australia,Dhamra,Iron Ore,Capesize,4350,1868.7,580.62,8.15
2024Q3,Australia,Dhamra,Iron Ore,Panamax,4350,1868.7,580.62,8.72
2024Q3,Australia,Dhamra,Bauxite,Panamax,4350,1868.7,580.62,11.14
2024Q3,Australia,Dhamra,Bauxite,Supramax,4350,1868.7,580.62,12.46
2024Q3,Australia,Dhamra,Bauxite,Handysize,4350,1868.7,580.62,14.5
2024Q3,Australia,Dhamra,Grain,Panamax,4350,1868.7,580.62,11.54
2024Q3,Australia,Dhamra,Grain,Supramax,4350,1868.7,580.62,14.25
2024Q3,Australia,Dhamra,Grain,Handysize,4350,1868.7,580.62,16.98
2024Q3,Australia,Vizag,Coal,Capesize,4250,1868.7,580.62,8.48
2024Q3,Australia,Vizag,Coal,Panamax,4250,1868.7,580.62,10.6
2024Q3,Australia,Vizag,Coal,Supramax,4250,1868.7,580.62,12.19
2024Q3,Australia,Vizag,Coal,Handysize,4250,1868.7,580.62,13.79
2024Q3,Australia,Vizag,Iron Ore,Capesize,4250,1868.7,580.62,8.25
2024Q3,Australia,Vizag,Iron Ore,Panamax,4250,1868.7,580.62,8.66
2024Q3,Australia,Vizag,Bauxite,Panamax,4250,1868.7,580.62,11.07
2024Q3,Australia,Vizag,Bauxite,Supramax,4250,1868.7,580.62,13.49
2024Q3,Australia,Vizag,Bauxite,Handysize,4250,1868.7,580.62,15.56
2024Q3,Australia,Vizag,Grain,Panamax,4250,1868.7,580.62,12.67
2024Q3,Australia,Vizag,Grain,Supramax,4250,1868.7,580.62,14.43
2024Q3,Australia,Vizag,Grain,Handysize,4250,1868.7,580.62,16.56
2024Q3,Australia,Haldia,Coal,Capesize,4520,1868.7,580.62,11.95
2024Q3,Australia,Haldia,Coal,Panamax,4520,1868.7,580.62,14.42
2024Q3,Australia,Haldia,Coal,Supramax,4520,1868.7,580.62,16.04
2024Q3,Australia,Haldia,Coal,Handysize,4520,1868.7,580.62,19.66
2024Q3,Australia,Haldia,Iron Ore,Capesize,4520,1868.7,580.62,11.69
2024Q3,Australia,Haldia,Iron Ore,Panamax,4520,1868.7,580.62,12.7
2024Q3,Australia,Haldia,Bauxite,Panamax,4520,1868.7,580.62,14.15
2024Q3,Australia,Haldia,Bauxite,Supramax,4520,1868.7,580.62,16.51
2024Q3,Australia,Haldia,Bauxite,Handysize,4520,1868.7,580.62,20.66
2024Q3,Australia,Haldia,Grain,Panamax,4520,1868.7,580.62,16.94
2024Q3,Australia,Haldia,Grain,Supramax,4520,1868.7,580.62,20.41
2024Q3,Australia,Haldia,Grain,Handysize,4520,1868.7,580.62,22.56
2024Q3,Australia,Kolkata,Coal,Capesize,4550,1868.7,580.62,13.99
2024Q3,Australia,Kolkata,Coal,Panamax,4550,1868.7,580.62,15.83
2024Q3,Australia,Kolkata,Coal,Supramax,4550,1868.7,580.62,18.09
2024Q3,Australia,Kolkata,Coal,Handysize,4550,1868.7,580.62,21.25
2024Q3,Australia,Kolkata,Iron Ore,Capesize,4550,1868.7,580.62,11.72
2024Q3,Australia,Kolkata,Iron Ore,Panamax,4550,1868.7,580.62,15.32
2024Q3,Australia,Kolkata,Bauxite,Panamax,4550,1868.7,580.62,16.65
2024Q3,Australia,Kolkata,Bauxite,Supramax,4550,1868.7,580.62,19.93
2024Q3,Australia,Kolkata,Bauxite,Handysize,4550,1868.7,580.62,22.2
2024Q3,Australia,Kolkata,Grain,Panamax,4550,1868.7,580.62,18.39
2024Q3,Australia,Kolkata,Grain,Supramax,4550,1868.7,580.62,22.1
2024Q3,Australia,Kolkata,Grain,Handysize,4550,1868.7,580.62,26.86
2024Q3,Indonesia,Paradip,Coal,Capesize,2800,1868.7,580.62,5.51
2024Q3,Indonesia,Paradip,Coal,Panamax,2800,1868.7,580.62,6.37
2024Q3,Indonesia,Paradip,Coal,Supramax,2800,1868.7,580.62,7.7
2024Q3,Indonesia,Paradip,Coal,Handysize,2800,1868.7,580.62,9.05
2024Q3,Indonesia,Paradip,Iron Ore,Capesize,2800,1868.7,580.62,5.34
2024Q3,Indonesia,Paradip,Iron Ore,Panamax,2800,1868.7,580.62,5.98
2024Q3,Indonesia,Paradip,Bauxite,Panamax,2800,1868.7,580.62,7.05
2024Q3,Indonesia,Paradip,Bauxite,Supramax,2800,1868.7,580.62,8.25
2024Q3,Indonesia,Paradip,Bauxite,Handysize,2800,1868.7,580.62,8.96
2024Q3,Indonesia,Paradip,Grain,Panamax,2800,1868.7,580.62,7.62
2024Q3,Indonesia,Paradip,Grain,Supramax,2800,1868.7,580.62,8.85
2024Q3,Indonesia,Paradip,Grain,Handysize,2800,1868.7,580.62,10.18
2024Q3,Indonesia,Dhamra,Coal,Capesize,2750,1868.7,580.62,5.43
2024Q3,Indonesia,Dhamra,Coal,Panamax,2750,1868.7,580.62,6.25
2024Q3,Indonesia,Dhamra,Coal,Supramax,2750,1868.7,580.62,7.24
2024Q3,Indonesia,Dhamra,Coal,Handysize,2750,1868.7,580.62,7.62
2024Q3,Indonesia,Dhamra,Iron Ore,Capesize,2750,1868.7,580.62,5.1
2024Q3,Indonesia,Dhamra,Iron Ore,Panamax,2750,1868.7,580.62,5.4
2024Q3,Indonesia,Dhamra,Bauxite,Panamax,2750,1868.7,580.62,6.97
2024Q3,Indonesia,Dhamra,Bauxite,Supramax,2750,1868.7,580.62,7.2
2024Q3,Indonesia,Dhamra,Bauxite,Handysize,2750,1868.7,580.62,8.55
2024Q3,Indonesia,Dhamra,Grain,Panamax,2750,1868.7,580.62,6.85
2024Q3,Indonesia,Dhamra,Grain,Supramax,2750,1868.7,580.62,8.77
2024Q3,Indonesia,Dhamra,Grain,Handysize,2750,1868.7,580.62,9.67
2024Q3,Indonesia,Vizag,Coal,Capesize,2650,1868.7,580.62,4.98
2024Q3,Indonesia,Vizag,Coal,Panamax,2650,1868.7,580.62,5.77
2024Q3,Indonesia,Vizag,Coal,Supramax,2650,1868.7,580.62,7.27
2024Q3,Indonesia,Vizag,Coal,Handysize,2650,1868.7,580.62,8.41
2024Q3,Indonesia,Vizag,Iron Ore,Capesize,2650,1868.7,580.62,4.96
2024Q3,Indonesia,Vizag,Iron Ore,Panamax,2650,1868.7,580.62,5.33
2024Q3,Indonesia,Vizag,Bauxite,Panamax,2650,1868.7,580.62,6.41
2024Q3,Indonesia,Vizag,Bauxite,Supramax,2650,1868.7,580.62,7.09
2024Q3,Indonesia,Vizag,Bauxite,Handysize,2650,1868.7,580.62,8.52
2024Q3,Indonesia,Vizag,Grain,Panamax,2650,1868.7,580.62,7.14
2024Q3,Indonesia,Vizag,Grain,Supramax,2650,1868.7,580.62,8.63
2024Q3,Indonesia,Vizag,Grain,Handysize,2650,1868.7,580.62,10.2
2024Q3,Indonesia,Haldia,Coal,Capesize,2920,1868.7,580.62,7.7
2024Q3,Indonesia,Haldia,Coal,Panamax,2920,1868.7,580.62,8.46
2024Q3,Indonesia,Haldia,Coal,Supramax,2920,1868.7,580.62,10.52
2024Q3,Indonesia,Haldia,Coal,Handysize,2920,1868.7,580.62,11.78
2024Q3,Indonesia,Haldia,Iron Ore,Capesize,2920,1868.7,580.62,6.62
2024Q3,Indonesia,Haldia,Iron Ore,Panamax,2920,1868.7,580.62,7.65
2024Q3,Indonesia,Haldia,Bauxite,Panamax,2920,1868.7,580.62,8.97
2024Q3,Indonesia,Haldia,Bauxite,Supramax,2920,1868.7,580.62,11.33
2024Q3,Indonesia,Haldia,Bauxite,Handysize,2920,1868.7,580.62,12.52
2024Q3,Indonesia,Haldia,Grain,Panamax,2920,1868.7,580.62,10.52
2024Q3,Indonesia,Haldia,Grain,Supramax,2920,1868.7,580.62,12.09
2024Q3,Indonesia,Haldia,Grain,Handysize,2920,1868.7,580.62,15.37
2024Q3,Indonesia,Kolkata,Coal,Capesize,2950,1868.7,580.62,8.97
2024Q3,Indonesia,Kolkata,Coal,Panamax,2950,1868.7,580.62,9.79
2024Q3,Indonesia,Kolkata,Coal,Supramax,2950,1868.7,580.62,11.6
2024Q3,Indonesia,Kolkata,Coal,Handysize,2950,1868.7,580.62,13.5
2024Q3,Indonesia,Kolkata,Iron Ore,Capesize,2950,1868.7,580.62,7.76
2024Q3,Indonesia,Kolkata,Iron Ore,Panamax,2950,1868.7,580.62,8.82
2024Q3,Indonesia,Kolkata,Bauxite,Panamax,2950,1868.7,580.62,10.71
2024Q3,Indonesia,Kolkata,Bauxite,Supramax,2950,1868.7,580.62,12.93
2024Q3,Indonesia,Kolkata,Bauxite,Handysize,2950,1868.7,580.62,13.62
2024Q3,Indonesia,Kolkata,Grain,Panamax,2950,1868.7,580.62,11.57
2024Q3,Indonesia,Kolkata,Grain,Supramax,2950,1868.7,580.62,13.82
2024Q3,Indonesia,Kolkata,Grain,Handysize,2950,1868.7,580.62,16.07
2024Q3,South Africa,Paradip,Coal,Capesize,5000,1868.7,580.62,10.1
2024Q3,South Africa,Paradip,Coal,Panamax,5000,1868.7,580.62,11.44
2024Q3,South Africa,Paradip,Coal,Supramax,5000,1868.7,580.62,13.32
2024Q3,South Africa,Paradip,Coal,Handysize,5000,1868.7,580.62,14.83
2024Q3,South Africa,Paradip,Iron Ore,Capesize,5000,1868.7,580.62,8.41
2024Q3,South Africa,Paradip,Iron Ore,Panamax,5000,1868.7,580.62,9.44
2024Q3,South Africa,Paradip,Bauxite,Panamax,5000,1868.7,580.62,11.92
2024Q3,South Africa,Paradip,Bauxite,Supramax,5000,1868.7,580.62,13.77
2024Q3,South Africa,Paradip,Bauxite,Handysize,5000,1868.7,580.62,16.42
2024Q3,South Africa,Paradip,Grain,Panamax,5000,1868.7,580.62,13.16
2024Q3,South Africa,Paradip,Grain,Supramax,5000,1868.7,580.62,15.4
2024Q3,South Africa,Paradip,Grain,Handysize,5000,1868.7,580.62,18.07
2024Q3,South Africa,Dhamra,Coal,Capesize,4950,1868.7,580.62,9.46
2024Q3,South Africa,Dhamra,Coal,Panamax,4950,1868.7,580.62,10.18
2024Q3,South Africa,Dhamra,Coal,Supramax,4950,1868.7,580.62,12.85
2024Q3,South Africa,Dhamra,Coal,Handysize,4950,1868.7,580.62,14.53
2024Q3,South Africa,Dhamra,Iron Ore,Capesize,4950,1868.7,580.62,7.95
2024Q3,South Africa,Dhamra,Iron Ore,Panamax,4950,1868.7,580.62,8.96
2024Q3,South Africa,Dhamra,Bauxite,Panamax,4950,1868.7,580.62,11.22
2024Q3,South Africa,Dhamra,Bauxite,Supramax,4950,1868.7,580.62,13.82
2024Q3,South Africa,Dhamra,Bauxite,Handysize,4950,1868.7,580.62,16.16
2024Q3,South Africa,Dhamra,Grain,Panamax,4950,1868.7,580.62,13.04
2024Q3,South Africa,Dhamra,Grain,Supramax,4950,1868.7,580.62,16.06
2024Q3,South Africa,Dhamra,Grain,Handysize,4950,1868.7,580.62,17.42
2024Q3,South Africa,Vizag,Coal,Capesize,4850,1868.7,580.62,9.36
2024Q3,South Africa,Vizag,Coal,Panamax,4850,1868.7,580.62,10.44
2024Q3,South Africa,Vizag,Coal,Supramax,4850,1868.7,580.62,12.15
2024Q3,South Africa,Vizag,Coal,Handysize,4850,1868.7,580.62,14.03
2024Q3,South Africa,Vizag,Iron Ore,Capesize,4850,1868.7,580.62,7.57
2024Q3,South Africa,Vizag,Iron Ore,Panamax,4850,1868.7,580.62,9.98
2024Q3,South Africa,Vizag,Bauxite,Panamax,4850,1868.7,580.62,10.89
2024Q3,South Africa,Vizag,Bauxite,Supramax,4850,1868.7,580.62,12.63
2024Q3,South Africa,Vizag,Bauxite,Handysize,4850,1868.7,580.62,14.46
2024Q3,South Africa,Vizag,Grain,Panamax,4850,1868.7,580.62,12.64
2024Q3,South Africa,Vizag,Grain,Supramax,4850,1868.7,580.62,15.77
2024Q3,South Africa,Vizag,Grain,Handysize,4850,1868.7,580.62,18.5
2024Q3,South Africa,Haldia,Coal,Capesize,5120,1868.7,580.62,11.58
2024Q3,South Africa,Haldia,Coal,Panamax,5120,1868.7,580.62,14.22
2024Q3,South Africa,Haldia,Coal,Supramax,5120,1868.7,580.62,16.19
2024Q3,South Africa,Haldia,Coal,Handysize,5120,1868.7,580.62,20.17
2024Q3,South Africa,Haldia,Iron Ore,Capesize,5120,1868.7,580.62,11.18
2024Q3,South Africa,Haldia,Iron Ore,Panamax,5120,1868.7,580.62,12.67
2024Q3,South Africa,Haldia,Bauxite,Panamax,5120,1868.7,580.62,15.16
2024Q3,South Africa,Haldia,Bauxite,Supramax,5120,1868.7,580.62,17.34
2024Q3,South Africa,Haldia,Bauxite,Handysize,5120,1868.7,580.62,21.63
2024Q3,South Africa,Haldia,Grain,Panamax,5120,1868.7,580.62,17.61
2024Q3,South Africa,Haldia,Grain,Supramax,5120,1868.7,580.62,20.63
2024Q3,South Africa,Haldia,Grain,Handysize,5120,1868.7,580.62,21.21
2024Q3,South Africa,Kolkata,Coal,Capesize,5150,1868.7,580.62,13.78
2024Q3,South Africa,Kolkata,Coal,Panamax,5150,1868.7,580.62,17.35
2024Q3,South Africa,Kolkata,Coal,Supramax,5150,1868.7,580.62,19.74
2024Q3,South Africa,Kolkata,Coal,Handysize,5150,1868.7,580.62,20.48
2024Q3,South Africa,Kolkata,Iron Ore,Capesize,5150,1868.7,580.62,12.29
2024Q3,South Africa,Kolkata,Iron Ore,Panamax,5150,1868.7,580.62,13.94
2024Q3,South Africa,Kolkata,Bauxite,Panamax,5150,1868.7,580.62,17.99
2024Q3,South Africa,Kolkata,Bauxite,Supramax,5150,1868.7,580.62,19.97
2024Q3,South Africa,Kolkata,Bauxite,Handysize,5150,1868.7,580.62,22.37
2024Q3,South Africa,Kolkata,Grain,Panamax,5150,1868.7,580.62,19.42
2024Q3,South Africa,Kolkata,Grain,Supramax,5150,1868.7,580.62,20.57
2024Q3,South Africa,Kolkata,Grain,Handysize,5150,1868.7,580.62,25.27
2024Q3,Mozambique,Paradip,Coal,Capesize,3600,1868.7,580.62,8.53
2024Q3,Mozambique,Paradip,Coal,Panamax,3600,1868.7,580.62,10.27
2024Q3,Mozambique,Paradip,Coal,Supramax,3600,1868.7,580.62,10.85
2024Q3,Mozambique,Paradip,Coal,Handysize,3600,1868.7,580.62,13.33
2024Q3,Mozambique,Paradip,Iron Ore,Capesize,3600,1868.7,580.62,7.94
2024Q3,Mozambique,Paradip,Iron Ore,Panamax,3600,1868.7,580.62,8.52
2024Q3,Mozambique,Paradip,Bauxite,Panamax,3600,1868.7,580.62,10.56
2024Q3,Mozambique,Paradip,Bauxite,Supramax,3600,1868.7,580.62,12.25
2024Q3,Mozambique,Paradip,Bauxite,Handysize,3600,1868.7,580.62,15.04
2024Q3,Mozambique,Paradip,Grain,Panamax,3600,1868.7,580.62,11.88
2024Q3,Mozambique,Paradip,Grain,Supramax,3600,1868.7,580.62,13.89
2024Q3,Mozambique,Paradip,Grain,Handysize,3600,1868.7,580.62,16.7
2024Q3,Mozambique,Dhamra,Coal,Capesize,3550,1868.7,580.62,7.87
2024Q3,Mozambique,Dhamra,Coal,Panamax,3550,1868.7,580.62,9.59
2024Q3,Mozambique,Dhamra,Coal,Supramax,3550,1868.7,580.62,11.09
2024Q3,Mozambique,Dhamra,Coal,Handysize,3550,1868.7,580.62,13.02
2024Q3,Mozambique,Dhamra,Iron Ore,Capesize,3550,1868.7,580.62,7.65
2024Q3,Mozambique,Dhamra,Iron Ore,Panamax,3550,1868.7,580.62,8.86
2024Q3,Mozambique,Dhamra,Bauxite,Panamax,3550,1868.7,580.62,9.88
2024Q3,Mozambique,Dhamra,Bauxite,Supramax,3550,1868.7,580.62,11.89
2024Q3,Mozambique,Dhamra,Bauxite,Handysize,3550,1868.7,580.62,14.46
2024Q3,Mozambique,Dhamra,Grain,Panamax,3550,1868.7,580.62,11.26
2024Q3,Mozambique,Dhamra,Grain,Supramax,3550,1868.7,580.62,13.6
2024Q3,Mozambique,Dhamra,Grain,Handysize,3550,1868.7,580.62,15.6
2024Q3,Mozambique,Vizag,Coal,Capesize,3450,1868.7,580.62,8.13
2024Q3,Mozambique,Vizag,Coal,Panamax,3450,1868.7,580.62,8.99
2024Q3,Mozambique,Vizag,Coal,Supramax,3450,1868.7,580.62,11.67
2024Q3,Mozambique,Vizag,Coal,Handysize,3450,1868.7,580.62,12.56
2024Q3,Mozambique,Vizag,Iron Ore,Capesize,3450,1868.7,580.62,7.59
2024Q3,Mozambique,Vizag,Iron Ore,Panamax,3450,1868.7,580.62,8.4
2024Q3,Mozambique,Vizag,Bauxite,Panamax,3450,1868.7,580.62,9.79
2024Q3,Mozambique,Vizag,Bauxite,Supramax,3450,1868.7,580.62,12.18
2024Q3,Mozambique,Vizag,Bauxite,Handysize,3450,1868.7,580.62,14.03
2024Q3,Mozambique,Vizag,Grain,Panamax,3450,1868.7,580.62,11.53
2024Q3,Mozambique,Vizag,Grain,Supramax,3450,1868.7,580.62,13.71
2024Q3,Mozambique,Vizag,Grain,Handysize,3450,1868.7,580.62,15.34
2024Q3,Mozambique,Haldia,Coal,Capesize,3720,1868.7,580.62,11.27
2024Q3,Mozambique,Haldia,Coal,Panamax,3720,1868.7,580.62,12.89
2024Q3,Mozambique,Haldia,Coal,Supramax,3720,1868.7,580.62,15.89
2024Q3,Mozambique,Haldia,Coal,Handysize,3720,1868.7,580.62,17.44
2024Q3,Mozambique,Haldia,Iron Ore,Capesize,3720,1868.7,580.62,10.67
2024Q3,Mozambique,Haldia,Iron Ore,Panamax,3720,1868.7,580.62,11.75
2024Q3,Mozambique,Haldia,Bauxite,Panamax,3720,1868.7,580.62,13.87
2024Q3,Mozambique,Haldia,Bauxite,Supramax,3720,1868.7,580.62,16.6
2024Q3,Mozambique,Haldia,Bauxite,Handysize,3720,1868.7,580.62,18.78
2024Q3,Mozambique,Haldia,Grain,Panamax,3720,1868.7,580.62,15.67
2024Q3,Mozambique,Haldia,Grain,Supramax,3720,1868.7,580.62,18.46
2024Q3,Mozambique,Haldia,Grain,Handysize,3720,1868.7,580.62,22.12
2024Q3,Mozambique,Kolkata,Coal,Capesize,3750,1868.7,580.62,12.54
2024Q3,Mozambique,Kolkata,Coal,Panamax,3750,1868.7,580.62,14.96
2024Q3,Mozambique,Kolkata,Coal,Supramax,3750,1868.7,580.62,17.54
2024Q3,Mozambique,Kolkata,Coal,Handysize,3750,1868.7,580.62,20.97
2024Q3,Mozambique,Kolkata,Iron Ore,Capesize,3750,1868.7,580.62,11.51
2024Q3,Mozambique,Kolkata,Iron Ore,Panamax,3750,1868.7,580.62,14.38
2024Q3,Mozambique,Kolkata,Bauxite,Panamax,3750,1868.7,580.62,15.7
2024Q3,Mozambique,Kolkata,Bauxite,Supramax,3750,1868.7,580.62,18.26
2024Q3,Mozambique,Kolkata,Bauxite,Handysize,3750,1868.7,580.62,21.24
2024Q3,Mozambique,Kolkata,Grain,Panamax,3750,1868.7,580.62,17.21
2024Q3,Mozambique,Kolkata,Grain,Supramax,3750,1868.7,580.62,20.28
2024Q3,Mozambique,Kolkata,Grain,Handysize,3750,1868.7,580.62,23.97
2024Q3,Russia,Paradip,Coal,Capesize,6000,1868.7,580.62,19.35
2024Q3,Russia,Paradip,Coal,Panamax,6000,1868.7,580.62,21.76
2024Q3,Russia,Paradip,Coal,Supramax,6000,1868.7,580.62,24.99
2024Q3,Russia,Paradip,Coal,Handysize,6000,1868.7,580.62,30.77
2024Q3,Russia,Paradip,Iron Ore,Capesize,6000,1868.7,580.62,17.66
2024Q3,Russia,Paradip,Iron Ore,Panamax,6000,1868.7,580.62,20.47
2024Q3,Russia,Paradip,Bauxite,Panamax,6000,1868.7,580.62,22.19
2024Q3,Russia,Paradip,Bauxite,Supramax,6000,1868.7,580.62,26.23
2024Q3,Russia,Paradip,Bauxite,Handysize,6000,1868.7,580.62,32.95
2024Q3,Russia,Paradip,Grain,Panamax,6000,1868.7,580.62,26.37
2024Q3,Russia,Paradip,Grain,Supramax,6000,1868.7,580.62,30.22
2024Q3,Russia,Paradip,Grain,Handysize,6000,1868.7,580.62,36.29
2024Q3,Russia,Dhamra,Coal,Capesize,5950,1868.7,580.62,18.88
2024Q3,Russia,Dhamra,Coal,Panamax,5950,1868.7,580.62,20.92
2024Q3,Russia,Dhamra,Coal,Supramax,5950,1868.7,580.62,25.09
2024Q3,Russia,Dhamra,Coal,Handysize,5950,1868.7,580.62,29.84
2024Q3,Russia,Dhamra,Iron Ore,Capesize,5950,1868.7,580.62,15.74
2024Q3,Russia,Dhamra,Iron Ore,Panamax,5950,1868.7,580.62,19.22
2024Q3,Russia,Dhamra,Bauxite,Panamax,5950,1868.7,580.62,21.54
2024Q3,Russia,Dhamra,Bauxite,Supramax,5950,1868.7,580.62,25.25
2024Q3,Russia,Dhamra,Bauxite,Handysize,5950,1868.7,580.62,29.75
2024Q3,Russia,Dhamra,Grain,Panamax,5950,1868.7,580.62,26.04
2024Q3,Russia,Dhamra,Grain,Supramax,5950,1868.7,580.62,29.55
2024Q3,Russia,Dhamra,Grain,Handysize,5950,1868.7,580.62,33.9
2024Q3,Russia,Vizag,Coal,Capesize,5850,1868.7,580.62,18.37
2024Q3,Russia,Vizag,Coal,Panamax,5850,1868.7,580.62,20.61
2024Q3,Russia,Vizag,Coal,Supramax,5850,1868.7,580.62,25.43
2024Q3,Russia,Vizag,Coal,Handysize,5850,1868.7,580.62,30.23
2024Q3,Russia,Vizag,Iron Ore,Capesize,5850,1868.7,580.62,16.46
2024Q3,Russia,Vizag,Iron Ore,Panamax,5850,1868.7,580.62,19.19
2024Q3,Russia,Vizag,Bauxite,Panamax,5850,1868.7,580.62,22.84
2024Q3,Russia,Vizag,Bauxite,Supramax,5850,1868.7,580.62,24.44
2024Q3,Russia,Vizag,Bauxite,Handysize,5850,1868.7,580.62,31.1
2024Q3,Russia,Vizag,Grain,Panamax,5850,1868.7,580.62,28.56
2024Q3,Russia,Vizag,Grain,Supramax,5850,1868.7,580.62,29.93
2024Q3,Russia,Vizag,Grain,Handysize,5850,1868.7,580.62,34.75
2024Q3,Russia,Haldia,Coal,Capesize,6120,1868.7,580.62,22.42
2024Q3,Russia,Haldia,Coal,Panamax,6120,1868.7,580.62,27.05
2024Q3,Russia,Haldia,Coal,Supramax,6120,1868.7,580.62,30.86
2024Q3,Russia,Haldia,Coal,Handysize,6120,1868.7,580.62,32.02
2024Q3,Russia,Haldia,Iron Ore,Capesize,6120,1868.7,580.62,20.05
2024Q3,Russia,Haldia,Iron Ore,Panamax,6120,1868.7,580.62,25.09
2024Q3,Russia,Haldia,Bauxite,Panamax,6120,1868.7,580.62,27.44
2024Q3,Russia,Haldia,Bauxite,Supramax,6120,1868.7,580.62,30.07
2024Q3,Russia,Haldia,Bauxite,Handysize,6120,1868.7,580.62,36.73
2024Q3,Russia,Haldia,Grain,Panamax,6120,1868.7,580.62,29.32
2024Q3,Russia,Haldia,Grain,Supramax,6120,1868.7,580.62,37.35
2024Q3,Russia,Haldia,Grain,Handysize,6120,1868.7,580.62,40.17
2024Q3,Russia,Kolkata,Coal,Capesize,6150,1868.7,580.62,23.69
2024Q3,Russia,Kolkata,Coal,Panamax,6150,1868.7,580.62,26.83
2024Q3,Russia,Kolkata,Coal,Supramax,6150,1868.7,580.62,31.65
2024Q3,Russia,Kolkata,Coal,Handysize,6150,1868.7,580.62,39.41
2024Q3,Russia,Kolkata,Iron Ore,Capesize,6150,1868.7,580.62,21.34
2024Q3,Russia,Kolkata,Iron Ore,Panamax,6150,1868.7,580.62,24.41
2024Q3,Russia,Kolkata,Bauxite,Panamax,6150,1868.7,580.62,27.88
2024Q3,Russia,Kolkata,Bauxite,Supramax,6150,1868.7,580.62,31.66
2024Q3,Russia,Kolkata,Bauxite,Handysize,6150,1868.7,580.62,37.61
2024Q3,Russia,Kolkata,Grain,Panamax,6150,1868.7,580.62,33.32
2024Q3,Russia,Kolkata,Grain,Supramax,6150,1868.7,580.62,40.05
2024Q3,Russia,Kolkata,Grain,Handysize,6150,1868.7,580.62,44.07
2024Q4,Australia,Paradip,Coal,Capesize,4400,1246.3,544.97,6.38
2024Q4,Australia,Paradip,Coal,Panamax,4400,1246.3,544.97,6.9
2024Q4,Australia,Paradip,Coal,Supramax,4400,1246.3,544.97,8.19
2024Q4,Australia,Paradip,Coal,Handysize,4400,1246.3,544.97,9.22
2024Q4,Australia,Paradip,Iron Ore,Capesize,4400,1246.3,544.97,5.63
2024Q4,Australia,Paradip,Iron Ore,Panamax,4400,1246.3,544.97,6.84
2024Q4,Australia,Paradip,Bauxite,Panamax,4400,1246.3,544.97,6.97
2024Q4,Australia,Paradip,Bauxite,Supramax,4400,1246.3,544.97,8.56
2024Q4,Australia,Paradip,Bauxite,Handysize,4400,1246.3,544.97,10.51
2024Q4,Australia,Paradip,Grain,Panamax,4400,1246.3,544.97,8.06
2024Q4,Australia,Paradip,Grain,Supramax,4400,1246.3,544.97,10.1
2024Q4,Australia,Paradip,Grain,Handysize,4400,1246.3,544.97,11.99
2024Q4,Australia,Dhamra,Coal,Capesize,4350,1246.3,544.97,5.84
2024Q4,Australia,Dhamra,Coal,Panamax,4350,1246.3,544.97,6.95
2024Q4,Australia,Dhamra,Coal,Supramax,4350,1246.3,544.97,8.45
2024Q4,Australia,Dhamra,Coal,Handysize,4350,1246.3,544.97,9.87
2024Q4,Australia,Dhamra,Iron Ore,Capesize,4350,1246.3,544.97,5.23
2024Q4,Australia,Dhamra,Iron Ore,Panamax,4350,1246.3,544.97,6.03
2024Q4,Australia,Dhamra,Bauxite,Panamax,4350,1246.3,544.97,6.93
2024Q4,Australia,Dhamra,Bauxite,Supramax,4350,1246.3,544.97,8.64
2024Q4,Australia,Dhamra,Bauxite,Handysize,4350,1246.3,544.97,9.24
2024Q4,Australia,Dhamra,Grain,Panamax,4350,1246.3,544.97,8.12
2024Q4,Australia,Dhamra,Grain,Supramax,4350,1246.3,544.97,9.59
2024Q4,Australia,Dhamra,Grain,Handysize,4350,1246.3,544.97,10.89
2024Q4,Australia,Vizag,Coal,Capesize,4250,1246.3,544.97,5.99
2024Q4,Australia,Vizag,Coal,Panamax,4250,1246.3,544.97,7.57
2024Q4,Australia,Vizag,Coal,Supramax,4250,1246.3,544.97,8.07
2024Q4,Australia,Vizag,Coal,Handysize,4250,1246.3,544.97,9.27
2024Q4,Australia,Vizag,Iron Ore,Capesize,4250,1246.3,544.97,5.53
2024Q4,Australia,Vizag,Iron Ore,Panamax,4250,1246.3,544.97,6.31
2024Q4,Australia,Vizag,Bauxite,Panamax,4250,1246.3,544.97,7.66
2024Q4,Australia,Vizag,Bauxite,Supramax,4250,1246.3,544.97,8.56
2024Q4,Australia,Vizag,Bauxite,Handysize,4250,1246.3,544.97,9.8
2024Q4,Australia,Vizag,Grain,Panamax,4250,1246.3,544.97,7.82
2024Q4,Australia,Vizag,Grain,Supramax,4250,1246.3,544.97,9.18
2024Q4,Australia,Vizag,Grain,Handysize,4250,1246.3,544.97,10.57
2024Q4,Australia,Haldia,Coal,Capesize,4520,1246.3,544.97,8.17
2024Q4,Australia,Haldia,Coal,Panamax,4520,1246.3,544.97,8.99
2024Q4,Australia,Haldia,Coal,Supramax,4520,1246.3,544.97,11.49
2024Q4,Australia,Haldia,Coal,Handysize,4520,1246.3,544.97,12.79
2024Q4,Australia,Haldia,Iron Ore,Capesize,4520,1246.3,544.97,7.19
2024Q4,Australia,Haldia,Iron Ore,Panamax,4520,1246.3,544.97,8.24
2024Q4,Australia,Haldia,Bauxite,Panamax,4520,1246.3,544.97,10.12
2024Q4,Australia,Haldia,Bauxite,Supramax,4520,1246.3,544.97,11.23
2024Q4,Australia,Haldia,Bauxite,Handysize,4520,1246.3,544.97,12.95
2024Q4,Australia,Haldia,Grain,Panamax,4520,1246.3,544.97,11.79
2024Q4,Australia,Haldia,Grain,Supramax,4520,1246.3,544.97,13.37
2024Q4,Australia,Haldia,Grain,Handysize,4520,1246.3,544.97,15.21
2024Q4,Australia,Kolkata,Coal,Capesize,4550,1246.3,544.97,9.27
2024Q4,Australia,Kolkata,Coal,Panamax,4550,1246.3,544.97,10.62
2024Q4,Australia,Kolkata,Coal,Supramax,4550,1246.3,544.97,12.55
2024Q4,Australia,Kolkata,Coal,Handysize,4550,1246.3,544.97,13.96
2024Q4,Australia,Kolkata,Iron Ore,Capesize,4550,1246.3,544.97,8.75
2024Q4,Australia,Kolkata,Iron Ore,Panamax,4550,1246.3,544.97,9.36
2024Q4,Australia,Kolkata,Bauxite,Panamax,4550,1246.3,544.97,11.75
2024Q4,Australia,Kolkata,Bauxite,Supramax,4550,1246.3,544.97,12.92
2024Q4,Australia,Kolkata,Bauxite,Handysize,4550,1246.3,544.97,15.52
2024Q4,Australia,Kolkata,Grain,Panamax,4550,1246.3,544.97,13.06
2024Q4,Australia,Kolkata,Grain,Supramax,4550,1246.3,544.97,15.46
2024Q4,Australia,Kolkata,Grain,Handysize,4550,1246.3,544.97,16.74
2024Q4,Indonesia,Paradip,Coal,Capesize,2800,1246.3,544.97,4.0
2024Q4,Indonesia,Paradip,Coal,Panamax,2800,1246.3,544.97,4.66
2024Q4,Indonesia,Paradip,Coal,Supramax,2800,1246.3,544.97,5.06
2024Q4,Indonesia,Paradip,Coal,Handysize,2800,1246.3,544.97,5.94
2024Q4,Indonesia,Paradip,Iron Ore,Capesize,2800,1246.3,544.97,4.0
2024Q4,Indonesia,Paradip,Iron Ore,Panamax,2800,1246.3,544.97,4.0
2024Q4,Indonesia,Paradip,Bauxite,Panamax,2800,1246.3,544.97,4.88
2024Q4,Indonesia,Paradip,Bauxite,Supramax,2800,1246.3,544.97,5.18
2024Q4,Indonesia,Paradip,Bauxite,Handysize,2800,1246.3,544.97,6.02
2024Q4,Indonesia,Paradip,Grain,Panamax,2800,1246.3,544.97,5.55
2024Q4,Indonesia,Paradip,Grain,Supramax,2800,1246.3,544.97,6.27
2024Q4,Indonesia,Paradip,Grain,Handysize,2800,1246.3,544.97,7.65
2024Q4,Indonesia,Dhamra,Coal,Capesize,2750,1246.3,544.97,4.0
2024Q4,Indonesia,Dhamra,Coal,Panamax,2750,1246.3,544.97,4.15
2024Q4,Indonesia,Dhamra,Coal,Supramax,2750,1246.3,544.97,4.7
2024Q4,Indonesia,Dhamra,Coal,Handysize,2750,1246.3,544.97,5.62
2024Q4,Indonesia,Dhamra,Iron Ore,Capesize,2750,1246.3,544.97,4.0
2024Q4,Indonesia,Dhamra,Iron Ore,Panamax,2750,1246.3,544.97,4.0
2024Q4,Indonesia,Dhamra,Bauxite,Panamax,2750,1246.3,544.97,4.38
2024Q4,Indonesia,Dhamra,Bauxite,Supramax,2750,1246.3,544.97,5.05
2024Q4,Indonesia,Dhamra,Bauxite,Handysize,2750,1246.3,544.97,5.79
2024Q4,Indonesia,Dhamra,Grain,Panamax,2750,1246.3,544.97,4.8
2024Q4,Indonesia,Dhamra,Grain,Supramax,2750,1246.3,544.97,5.93
2024Q4,Indonesia,Dhamra,Grain,Handysize,2750,1246.3,544.97,6.43
2024Q4,Indonesia,Vizag,Coal,Capesize,2650,1246.3,544.97,4.0
2024Q4,Indonesia,Vizag,Coal,Panamax,2650,1246.3,544.97,4.34
2024Q4,Indonesia,Vizag,Coal,Supramax,2650,1246.3,544.97,4.96
2024Q4,Indonesia,Vizag,Coal,Handysize,2650,1246.3,544.97,5.19
2024Q4,Indonesia,Vizag,Iron Ore,Capesize,2650,1246.3,544.97,4.0
2024Q4,Indonesia,Vizag,Iron Ore,Panamax,2650,1246.3,544.97,4.0
2024Q4,Indonesia,Vizag,Bauxite,Panamax,2650,1246.3,544.97,4.24
2024Q4,Indonesia,Vizag,Bauxite,Supramax,2650,1246.3,544.97,4.71
2024Q4,Indonesia,Vizag,Bauxite,Handysize,2650,1246.3,544.97,5.83
2024Q4,Indonesia,Vizag,Grain,Panamax,2650,1246.3,544.97,4.85
2024Q4,Indonesia,Vizag,Grain,Supramax,2650,1246.3,544.97,6.04
2024Q4,Indonesia,Vizag,Grain,Handysize,2650,1246.3,544.97,6.51
2024Q4,Indonesia,Haldia,Coal,Capesize,2920,1246.3,544.97,5.17
2024Q4,Indonesia,Haldia,Coal,Panamax,2920,1246.3,544.97,5.55
2024Q4,Indonesia,Haldia,Coal,Supramax,2920,1246.3,544.97,6.54
2024Q4,Indonesia,Haldia,Coal,Handysize,2920,1246.3,544.97,8.07
2024Q4,Indonesia,Haldia,Iron Ore,Capesize,2920,1246.3,544.97,4.64
2024Q4,Indonesia,Haldia,Iron Ore,Panamax,2920,1246.3,544.97,5.06
2024Q4,Indonesia,Haldia,Bauxite,Panamax,2920,1246.3,544.97,6.11
2024Q4,Indonesia,Haldia,Bauxite,Supramax,2920,1246.3,544.97,6.78
2024Q4,Indonesia,Haldia,Bauxite,Handysize,2920,1246.3,544.97,8.21
2024Q4,Indonesia,Haldia,Grain,Panamax,2920,1246.3,544.97,7.18
2024Q4,Indonesia,Haldia,Grain,Supramax,2920,1246.3,544.97,8.01
2024Q4,Indonesia,Haldia,Grain,Handysize,2920,1246.3,544.97,9.36
2024Q4,Indonesia,Kolkata,Coal,Capesize,2950,1246.3,544.97,5.49
2024Q4,Indonesia,Kolkata,Coal,Panamax,2950,1246.3,544.97,6.55
2024Q4,Indonesia,Kolkata,Coal,Supramax,2950,1246.3,544.97,8.29
2024Q4,Indonesia,Kolkata,Coal,Handysize,2950,1246.3,544.97,9.09
2024Q4,Indonesia,Kolkata,Iron Ore,Capesize,2950,1246.3,544.97,4.97
2024Q4,Indonesia,Kolkata,Iron Ore,Panamax,2950,1246.3,544.97,5.96
2024Q4,Indonesia,Kolkata,Bauxite,Panamax,2950,1246.3,544.97,6.64
2024Q4,Indonesia,Kolkata,Bauxite,Supramax,2950,1246.3,544.97,7.91
2024Q4,Indonesia,Kolkata,Bauxite,Handysize,2950,1246.3,544.97,9.98
2024Q4,Indonesia,Kolkata,Grain,Panamax,2950,1246.3,544.97,8.0
2024Q4,Indonesia,Kolkata,Grain,Supramax,2950,1246.3,544.97,10.0
2024Q4,Indonesia,Kolkata,Grain,Handysize,2950,1246.3,544.97,10.85
2024Q4,South Africa,Paradip,Coal,Capesize,5000,1246.3,544.97,6.29
2024Q4,South Africa,Paradip,Coal,Panamax,5000,1246.3,544.97,7.54
2024Q4,South Africa,Paradip,Coal,Supramax,5000,1246.3,544.97,7.8
2024Q4,South Africa,Paradip,Coal,Handysize,5000,1246.3,544.97,10.05
2024Q4,South Africa,Paradip,Iron Ore,Capesize,5000,1246.3,544.97,5.66
2024Q4,South Africa,Paradip,Iron Ore,Panamax,5000,1246.3,544.97,6.98
2024Q4,South Africa,Paradip,Bauxite,Panamax,5000,1246.3,544.97,8.0
2024Q4,South Africa,Paradip,Bauxite,Supramax,5000,1246.3,544.97,8.67
2024Q4,South Africa,Paradip,Bauxite,Handysize,5000,1246.3,544.97,10.94
2024Q4,South Africa,Paradip,Grain,Panamax,5000,1246.3,544.97,8.76
2024Q4,South Africa,Paradip,Grain,Supramax,5000,1246.3,544.97,9.99
2024Q4,South Africa,Paradip,Grain,Handysize,5000,1246.3,544.97,12.06
2024Q4,South Africa,Dhamra,Coal,Capesize,4950,1246.3,544.97,6.07
2024Q4,South Africa,Dhamra,Coal,Panamax,4950,1246.3,544.97,7.55
2024Q4,South Africa,Dhamra,Coal,Supramax,4950,1246.3,544.97,8.45
2024Q4,South Africa,Dhamra,Coal,Handysize,4950,1246.3,544.97,9.77
2024Q4,South Africa,Dhamra,Iron Ore,Capesize,4950,1246.3,544.97,5.68
2024Q4,South Africa,Dhamra,Iron Ore,Panamax,4950,1246.3,544.97,6.69
2024Q4,South Africa,Dhamra,Bauxite,Panamax,4950,1246.3,544.97,7.72
2024Q4,South Africa,Dhamra,Bauxite,Supramax,4950,1246.3,544.97,9.21
2024Q4,South Africa,Dhamra,Bauxite,Handysize,4950,1246.3,544.97,10.4
2024Q4,South Africa,Dhamra,Grain,Panamax,4950,1246.3,544.97,8.64
2024Q4,South Africa,Dhamra,Grain,Supramax,4950,1246.3,544.97,10.46
2024Q4,South Africa,Dhamra,Grain,Handysize,4950,1246.3,544.97,11.6
2024Q4,South Africa,Vizag,Coal,Capesize,4850,1246.3,544.97,6.05
2024Q4,South Africa,Vizag,Coal,Panamax,4850,1246.3,544.97,7.5
2024Q4,South Africa,Vizag,Coal,Supramax,4850,1246.3,544.97,8.72
2024Q4,South Africa,Vizag,Coal,Handysize,4850,1246.3,544.97,9.58
2024Q4,South Africa,Vizag,Iron Ore,Capesize,4850,1246.3,544.97,5.35
2024Q4,South Africa,Vizag,Iron Ore,Panamax,4850,1246.3,544.97,6.69
2024Q4,South Africa,Vizag,Bauxite,Panamax,4850,1246.3,544.97,7.64
2024Q4,South Africa,Vizag,Bauxite,Supramax,4850,1246.3,544.97,8.76
2024Q4,South Africa,Vizag,Bauxite,Handysize,4850,1246.3,544.97,9.95
2024Q4,South Africa,Vizag,Grain,Panamax,4850,1246.3,544.97,8.59
2024Q4,South Africa,Vizag,Grain,Supramax,4850,1246.3,544.97,9.9
2024Q4,South Africa,Vizag,Grain,Handysize,4850,1246.3,544.97,11.23
2024Q4,South Africa,Haldia,Coal,Capesize,5120,1246.3,544.97,8.24
2024Q4,South Africa,Haldia,Coal,Panamax,5120,1246.3,544.97,9.69
2024Q4,South Africa,Haldia,Coal,Supramax,5120,1246.3,544.97,11.06
2024Q4,South Africa,Haldia,Coal,Handysize,5120,1246.3,544.97,13.42
2024Q4,South Africa,Haldia,Iron Ore,Capesize,5120,1246.3,544.97,7.72
2024Q4,South Africa,Haldia,Iron Ore,Panamax,5120,1246.3,544.97,8.94
2024Q4,South Africa,Haldia,Bauxite,Panamax,5120,1246.3,544.97,9.99
2024Q4,South Africa,Haldia,Bauxite,Supramax,5120,1246.3,544.97,12.08
2024Q4,South Africa,Haldia,Bauxite,Handysize,5120,1246.3,544.97,13.69
2024Q4,South Africa,Haldia,Grain,Panamax,5120,1246.3,544.97,11.03
2024Q4,South Africa,Haldia,Grain,Supramax,5120,1246.3,544.97,13.76
2024Q4,South Africa,Haldia,Grain,Handysize,5120,1246.3,544.97,15.69
2024Q4,South Africa,Kolkata,Coal,Capesize,5150,1246.3,544.97,10.05
2024Q4,South Africa,Kolkata,Coal,Panamax,5150,1246.3,544.97,11.33
2024Q4,South Africa,Kolkata,Coal,Supramax,5150,1246.3,544.97,12.89
2024Q4,South Africa,Kolkata,Coal,Handysize,5150,1246.3,544.97,14.73
2024Q4,South Africa,Kolkata,Iron Ore,Capesize,5150,1246.3,544.97,8.34
2024Q4,South Africa,Kolkata,Iron Ore,Panamax,5150,1246.3,544.97,9.36
2024Q4,South Africa,Kolkata,Bauxite,Panamax,5150,1246.3,544.97,10.63
2024Q4,South Africa,Kolkata,Bauxite,Supramax,5150,1246.3,544.97,12.81
2024Q4,South Africa,Kolkata,Bauxite,Handysize,5150,1246.3,544.97,15.31
2024Q4,South Africa,Kolkata,Grain,Panamax,5150,1246.3,544.97,11.99
2024Q4,South Africa,Kolkata,Grain,Supramax,5150,1246.3,544.97,14.81
2024Q4,South Africa,Kolkata,Grain,Handysize,5150,1246.3,544.97,17.37
2024Q4,Mozambique,Paradip,Coal,Capesize,3600,1246.3,544.97,5.64
2024Q4,Mozambique,Paradip,Coal,Panamax,3600,1246.3,544.97,6.5
2024Q4,Mozambique,Paradip,Coal,Supramax,3600,1246.3,544.97,7.67
2024Q4,Mozambique,Paradip,Coal,Handysize,3600,1246.3,544.97,9.56
2024Q4,Mozambique,Paradip,Iron Ore,Capesize,3600,1246.3,544.97,5.23
2024Q4,Mozambique,Paradip,Iron Ore,Panamax,3600,1246.3,544.97,5.87
2024Q4,Mozambique,Paradip,Bauxite,Panamax,3600,1246.3,544.97,6.97
2024Q4,Mozambique,Paradip,Bauxite,Supramax,3600,1246.3,544.97,8.14
2024Q4,Mozambique,Paradip,Bauxite,Handysize,3600,1246.3,544.97,9.21
2024Q4,Mozambique,Paradip,Grain,Panamax,3600,1246.3,544.97,7.77
2024Q4,Mozambique,Paradip,Grain,Supramax,3600,1246.3,544.97,9.65
2024Q4,Mozambique,Paradip,Grain,Handysize,3600,1246.3,544.97,10.66
2024Q4,Mozambique,Dhamra,Coal,Capesize,3550,1246.3,544.97,5.29
2024Q4,Mozambique,Dhamra,Coal,Panamax,3550,1246.3,544.97,6.43
2024Q4,Mozambique,Dhamra,Coal,Supramax,3550,1246.3,544.97,7.55
2024Q4,Mozambique,Dhamra,Coal,Handysize,3550,1246.3,544.97,8.12
2024Q4,Mozambique,Dhamra,Iron Ore,Capesize,3550,1246.3,544.97,4.95
2024Q4,Mozambique,Dhamra,Iron Ore,Panamax,3550,1246.3,544.97,5.98
2024Q4,Mozambique,Dhamra,Bauxite,Panamax,3550,1246.3,544.97,6.87
2024Q4,Mozambique,Dhamra,Bauxite,Supramax,3550,1246.3,544.97,8.51
2024Q4,Mozambique,Dhamra,Bauxite,Handysize,3550,1246.3,544.97,9.56
2024Q4,Mozambique,Dhamra,Grain,Panamax,3550,1246.3,544.97,8.13
2024Q4,Mozambique,Dhamra,Grain,Supramax,3550,1246.3,544.97,9.91
2024Q4,Mozambique,Dhamra,Grain,Handysize,3550,1246.3,544.97,10.75
2024Q4,Mozambique,Vizag,Coal,Capesize,3450,1246.3,544.97,5.46
2024Q4,Mozambique,Vizag,Coal,Panamax,3450,1246.3,544.97,6.58
2024Q4,Mozambique,Vizag,Coal,Supramax,3450,1246.3,544.97,7.27
2024Q4,Mozambique,Vizag,Coal,Handysize,3450,1246.3,544.97,8.65
2024Q4,Mozambique,Vizag,Iron Ore,Capesize,3450,1246.3,544.97,4.78
2024Q4,Mozambique,Vizag,Iron Ore,Panamax,3450,1246.3,544.97,5.8
2024Q4,Mozambique,Vizag,Bauxite,Panamax,3450,1246.3,544.97,6.53
2024Q4,Mozambique,Vizag,Bauxite,Supramax,3450,1246.3,544.97,7.6
2024Q4,Mozambique,Vizag,Bauxite,Handysize,3450,1246.3,544.97,9.17
2024Q4,Mozambique,Vizag,Grain,Panamax,3450,1246.3,544.97,7.6
2024Q4,Mozambique,Vizag,Grain,Supramax,3450,1246.3,544.97,8.3
2024Q4,Mozambique,Vizag,Grain,Handysize,3450,1246.3,544.97,9.81
2024Q4,Mozambique,Haldia,Coal,Capesize,3720,1246.3,544.97,7.22
2024Q4,Mozambique,Haldia,Coal,Panamax,3720,1246.3,544.97,8.53
2024Q4,Mozambique,Haldia,Coal,Supramax,3720,1246.3,544.97,10.42
2024Q4,Mozambique,Haldia,Coal,Handysize,3720,1246.3,544.97,12.01
2024Q4,Mozambique,Haldia,Iron Ore,Capesize,3720,1246.3,544.97,7.02
2024Q4,Mozambique,Haldia,Iron Ore,Panamax,3720,1246.3,544.97,8.13
2024Q4,Mozambique,Haldia,Bauxite,Panamax,3720,1246.3,544.97,9.59
2024Q4,Mozambique,Haldia,Bauxite,Supramax,3720,1246.3,544.97,11.01
2024Q4,Mozambique,Haldia,Bauxite,Handysize,3720,1246.3,544.97,12.61
2024Q4,Mozambique,Haldia,Grain,Panamax,3720,1246.3,544.97,10.97
2024Q4,Mozambique,Haldia,Grain,Supramax,3720,1246.3,544.97,12.72
2024Q4,Mozambique,Haldia,Grain,Handysize,3720,1246.3,544.97,14.49
2024Q4,Mozambique,Kolkata,Coal,Capesize,3750,1246.3,544.97,8.94
2024Q4,Mozambique,Kolkata,Coal,Panamax,3750,1246.3,544.97,9.2
2024Q4,Mozambique,Kolkata,Coal,Supramax,3750,1246.3,544.97,11.58
2024Q4,Mozambique,Kolkata,Coal,Handysize,3750,1246.3,544.97,13.43
2024Q4,Mozambique,Kolkata,Iron Ore,Capesize,3750,1246.3,544.97,8.02
2024Q4,Mozambique,Kolkata,Iron Ore,Panamax,3750,1246.3,544.97,9.52
2024Q4,Mozambique,Kolkata,Bauxite,Panamax,3750,1246.3,544.97,9.99
2024Q4,Mozambique,Kolkata,Bauxite,Supramax,3750,1246.3,544.97,12.89
2024Q4,Mozambique,Kolkata,Bauxite,Handysize,3750,1246.3,544.97,13.67
2024Q4,Mozambique,Kolkata,Grain,Panamax,3750,1246.3,544.97,11.55
2024Q4,Mozambique,Kolkata,Grain,Supramax,3750,1246.3,544.97,13.92
2024Q4,Mozambique,Kolkata,Grain,Handysize,3750,1246.3,544.97,16.11
2024Q4,Russia,Paradip,Coal,Capesize,6000,1246.3,544.97,11.74
2024Q4,Russia,Paradip,Coal,Panamax,6000,1246.3,544.97,14.86
2024Q4,Russia,Paradip,Coal,Supramax,6000,1246.3,544.97,17.36
2024Q4,Russia,Paradip,Coal,Handysize,6000,1246.3,544.97,20.4
2024Q4,Russia,Paradip,Iron Ore,Capesize,6000,1246.3,544.97,11.0
2024Q4,Russia,Paradip,Iron Ore,Panamax,6000,1246.3,544.97,13.06
2024Q4,Russia,Paradip,Bauxite,Panamax,6000,1246.3,544.97,15.24
2024Q4,Russia,Paradip,Bauxite,Supramax,6000,1246.3,544.97,18.85
2024Q4,Russia,Paradip,Bauxite,Handysize,6000,1246.3,544.97,18.61
2024Q4,Russia,Paradip,Grain,Panamax,6000,1246.3,544.97,16.85
2024Q4,Russia,Paradip,Grain,Supramax,6000,1246.3,544.97,20.35
2024Q4,Russia,Paradip,Grain,Handysize,6000,1246.3,544.97,22.72
2024Q4,Russia,Dhamra,Coal,Capesize,5950,1246.3,544.97,12.05
2024Q4,Russia,Dhamra,Coal,Panamax,5950,1246.3,544.97,14.17
2024Q4,Russia,Dhamra,Coal,Supramax,5950,1246.3,544.97,16.23
2024Q4,Russia,Dhamra,Coal,Handysize,5950,1246.3,544.97,19.32
2024Q4,Russia,Dhamra,Iron Ore,Capesize,5950,1246.3,544.97,11.18
2024Q4,Russia,Dhamra,Iron Ore,Panamax,5950,1246.3,544.97,12.71
2024Q4,Russia,Dhamra,Bauxite,Panamax,5950,1246.3,544.97,14.71
2024Q4,Russia,Dhamra,Bauxite,Supramax,5950,1246.3,544.97,17.34
2024Q4,Russia,Dhamra,Bauxite,Handysize,5950,1246.3,544.97,20.24
2024Q4,Russia,Dhamra,Grain,Panamax,5950,1246.3,544.97,16.04
2024Q4,Russia,Dhamra,Grain,Supramax,5950,1246.3,544.97,20.25
2024Q4,Russia,Dhamra,Grain,Handysize,5950,1246.3,544.97,22.77
2024Q4,Russia,Vizag,Coal,Capesize,5850,1246.3,544.97,12.77
2024Q4,Russia,Vizag,Coal,Panamax,5850,1246.3,544.97,14.62
2024Q4,Russia,Vizag,Coal,Supramax,5850,1246.3,544.97,17.39
2024Q4,Russia,Vizag,Coal,Handysize,5850,1246.3,544.97,18.71
2024Q4,Russia,Vizag,Iron Ore,Capesize,5850,1246.3,544.97,10.87
2024Q4,Russia,Vizag,Iron Ore,Panamax,5850,1246.3,544.97,12.33
2024Q4,Russia,Vizag,Bauxite,Panamax,5850,1246.3,544.97,14.67
2024Q4,Russia,Vizag,Bauxite,Supramax,5850,1246.3,544.97,18.31
2024Q4,Russia,Vizag,Bauxite,Handysize,5850,1246.3,544.97,21.42
2024Q4,Russia,Vizag,Grain,Panamax,5850,1246.3,544.97,16.49
2024Q4,Russia,Vizag,Grain,Supramax,5850,1246.3,544.97,19.73
2024Q4,Russia,Vizag,Grain,Handysize,5850,1246.3,544.97,23.21
2024Q4,Russia,Haldia,Coal,Capesize,6120,1246.3,544.97,14.87
2024Q4,Russia,Haldia,Coal,Panamax,6120,1246.3,544.97,16.01
2024Q4,Russia,Haldia,Coal,Supramax,6120,1246.3,544.97,18.79
2024Q4,Russia,Haldia,Coal,Handysize,6120,1246.3,544.97,23.5
2024Q4,Russia,Haldia,Iron Ore,Capesize,6120,1246.3,544.97,12.22
2024Q4,Russia,Haldia,Iron Ore,Panamax,6120,1246.3,544.97,15.11
2024Q4,Russia,Haldia,Bauxite,Panamax,6120,1246.3,544.97,18.01
2024Q4,Russia,Haldia,Bauxite,Supramax,6120,1246.3,544.97,21.2
2024Q4,Russia,Haldia,Bauxite,Handysize,6120,1246.3,544.97,24.13
2024Q4,Russia,Haldia,Grain,Panamax,6120,1246.3,544.97,20.21
2024Q4,Russia,Haldia,Grain,Supramax,6120,1246.3,544.97,24.59
2024Q4,Russia,Haldia,Grain,Handysize,6120,1246.3,544.97,28.0
2024Q4,Russia,Kolkata,Coal,Capesize,6150,1246.3,544.97,15.4
2024Q4,Russia,Kolkata,Coal,Panamax,6150,1246.3,544.97,18.47
2024Q4,Russia,Kolkata,Coal,Supramax,6150,1246.3,544.97,21.81
2024Q4,Russia,Kolkata,Coal,Handysize,6150,1246.3,544.97,26.48
2024Q4,Russia,Kolkata,Iron Ore,Capesize,6150,1246.3,544.97,14.57
2024Q4,Russia,Kolkata,Iron Ore,Panamax,6150,1246.3,544.97,17.31
2024Q4,Russia,Kolkata,Bauxite,Panamax,6150,1246.3,544.97,18.96
2024Q4,Russia,Kolkata,Bauxite,Supramax,6150,1246.3,544.97,22.18
2024Q4,Russia,Kolkata,Bauxite,Handysize,6150,1246.3,544.97,26.02
2024Q4,Russia,Kolkata,Grain,Panamax,6150,1246.3,544.97,22.03
2024Q4,Russia,Kolkata,Grain,Supramax,6150,1246.3,544.97,24.92
2024Q4,Russia,Kolkata,Grain,Handysize,6150,1246.3,544.97,31.31
2025Q1,Australia,Paradip,Coal,Capesize,4400,1187.3,531.19,5.94
2025Q1,Australia,Paradip,Coal,Panamax,4400,1187.3,531.19,6.67
2025Q1,Australia,Paradip,Coal,Supramax,4400,1187.3,531.19,8.04
2025Q1,Australia,Paradip,Coal,Handysize,4400,1187.3,531.19,9.2
2025Q1,Australia,Paradip,Iron Ore,Capesize,4400,1187.3,531.19,5.31
2025Q1,Australia,Paradip,Iron Ore,Panamax,4400,1187.3,531.19,5.78
2025Q1,Australia,Paradip,Bauxite,Panamax,4400,1187.3,531.19,7.04
2025Q1,Australia,Paradip,Bauxite,Supramax,4400,1187.3,531.19,8.24
2025Q1,Australia,Paradip,Bauxite,Handysize,4400,1187.3,531.19,9.79
2025Q1,Australia,Paradip,Grain,Panamax,4400,1187.3,531.19,7.91
2025Q1,Australia,Paradip,Grain,Supramax,4400,1187.3,531.19,8.61
2025Q1,Australia,Paradip,Grain,Handysize,4400,1187.3,531.19,10.54
2025Q1,Australia,Dhamra,Coal,Capesize,4350,1187.3,531.19,5.54
2025Q1,Australia,Dhamra,Coal,Panamax,4350,1187.3,531.19,6.51
2025Q1,Australia,Dhamra,Coal,Supramax,4350,1187.3,531.19,8.03
2025Q1,Australia,Dhamra,Coal,Handysize,4350,1187.3,531.19,8.98
2025Q1,Australia,Dhamra,Iron Ore,Capesize,4350,1187.3,531.19,5.01
2025Q1,Australia,Dhamra,Iron Ore,Panamax,4350,1187.3,531.19,5.84
2025Q1,Australia,Dhamra,Bauxite,Panamax,4350,1187.3,531.19,7.09
2025Q1,Australia,Dhamra,Bauxite,Supramax,4350,1187.3,531.19,7.8
2025Q1,Australia,Dhamra,Bauxite,Handysize,4350,1187.3,531.19,9.2
2025Q1,Australia,Dhamra,Grain,Panamax,4350,1187.3,531.19,7.5
2025Q1,Australia,Dhamra,Grain,Supramax,4350,1187.3,531.19,9.55
2025Q1,Australia,Dhamra,Grain,Handysize,4350,1187.3,531.19,10.71
2025Q1,Australia,Vizag,Coal,Capesize,4250,1187.3,531.19,5.52
2025Q1,Australia,Vizag,Coal,Panamax,4250,1187.3,531.19,6.59
2025Q1,Australia,Vizag,Coal,Supramax,4250,1187.3,531.19,7.86
2025Q1,Australia,Vizag,Coal,Handysize,4250,1187.3,531.19,8.89
2025Q1,Australia,Vizag,Iron Ore,Capesize,4250,1187.3,531.19,4.99
2025Q1,Australia,Vizag,Iron Ore,Panamax,4250,1187.3,531.19,5.82
2025Q1,Australia,Vizag,Bauxite,Panamax,4250,1187.3,531.19,7.03
2025Q1,Australia,Vizag,Bauxite,Supramax,4250,1187.3,531.19,8.01
2025Q1,Australia,Vizag,Bauxite,Handysize,4250,1187.3,531.19,9.26
2025Q1,Australia,Vizag,Grain,Panamax,4250,1187.3,531.19,7.57
2025Q1,Australia,Vizag,Grain,Supramax,4250,1187.3,531.19,9.29
2025Q1,Australia,Vizag,Grain,Handysize,4250,1187.3,531.19,10.69
2025Q1,Australia,Haldia,Coal,Capesize,4520,1187.3,531.19,7.59
2025Q1,Australia,Haldia,Coal,Panamax,4520,1187.3,531.19,9.05
2025Q1,Australia,Haldia,Coal,Supramax,4520,1187.3,531.19,10.76
2025Q1,Australia,Haldia,Coal,Handysize,4520,1187.3,531.19,12.47
2025Q1,Australia,Haldia,Iron Ore,Capesize,4520,1187.3,531.19,7.04
2025Q1,Australia,Haldia,Iron Ore,Panamax,4520,1187.3,531.19,8.02
2025Q1,Australia,Haldia,Bauxite,Panamax,4520,1187.3,531.19,9.25
2025Q1,Australia,Haldia,Bauxite,Supramax,4520,1187.3,531.19,10.61
2025Q1,Australia,Haldia,Bauxite,Handysize,4520,1187.3,531.19,12.51
2025Q1,Australia,Haldia,Grain,Panamax,4520,1187.3,531.19,10.79
2025Q1,Australia,Haldia,Grain,Supramax,4520,1187.3,531.19,12.24
2025Q1,Australia,Haldia,Grain,Handysize,4520,1187.3,531.19,14.66
2025Q1,Australia,Kolkata,Coal,Capesize,4550,1187.3,531.19,8.35
2025Q1,Australia,Kolkata,Coal,Panamax,4550,1187.3,531.19,9.52
2025Q1,Australia,Kolkata,Coal,Supramax,4550,1187.3,531.19,12.14
2025Q1,Australia,Kolkata,Coal,Handysize,4550,1187.3,531.19,13.47
2025Q1,Australia,Kolkata,Iron Ore,Capesize,4550,1187.3,531.19,7.55
2025Q1,Australia,Kolkata,Iron Ore,Panamax,4550,1187.3,531.19,8.75
2025Q1,Australia,Kolkata,Bauxite,Panamax,4550,1187.3,531.19,10.77
2025Q1,Australia,Kolkata,Bauxite,Supramax,4550,1187.3,531.19,12.98
2025Q1,Australia,Kolkata,Bauxite,Handysize,4550,1187.3,531.19,14.17
2025Q1,Australia,Kolkata,Grain,Panamax,4550,1187.3,531.19,12.04
2025Q1,Australia,Kolkata,Grain,Supramax,4550,1187.3,531.19,14.69
2025Q1,Australia,Kolkata,Grain,Handysize,4550,1187.3,531.19,15.39
2025Q1,Indonesia,Paradip,Coal,Capesize,2800,1187.3,531.19,4.0
2025Q1,Indonesia,Paradip,Coal,Panamax,2800,1187.3,531.19,4.53
2025Q1,Indonesia,Paradip,Coal,Supramax,2800,1187.3,531.19,4.41
2025Q1,Indonesia,Paradip,Coal,Handysize,2800,1187.3,531.19,5.63
2025Q1,Indonesia,Paradip,Iron Ore,Capesize,2800,1187.3,531.19,4.0
2025Q1,Indonesia,Paradip,Iron Ore,Panamax,2800,1187.3,531.19,4.0
2025Q1,Indonesia,Paradip,Bauxite,Panamax,2800,1187.3,531.19,4.32
2025Q1,Indonesia,Paradip,Bauxite,Supramax,2800,1187.3,531.19,5.26
2025Q1,Indonesia,Paradip,Bauxite,Handysize,2800,1187.3,531.19,5.91
2025Q1,Indonesia,Paradip,Grain,Panamax,2800,1187.3,531.19,4.85
2025Q1,Indonesia,Paradip,Grain,Supramax,2800,1187.3,531.19,5.81
2025Q1,Indonesia,Paradip,Grain,Handysize,2800,1187.3,531.19,6.9
2025Q1,Indonesia,Dhamra,Coal,Capesize,2750,1187.3,531.19,4.0
2025Q1,Indonesia,Dhamra,Coal,Panamax,2750,1187.3,531.19,4.0
2025Q1,Indonesia,Dhamra,Coal,Supramax,2750,1187.3,531.19,4.91
2025Q1,Indonesia,Dhamra,Coal,Handysize,2750,1187.3,531.19,5.21
2025Q1,Indonesia,Dhamra,Iron Ore,Capesize,2750,1187.3,531.19,4.0
2025Q1,Indonesia,Dhamra,Iron Ore,Panamax,2750,1187.3,531.19,4.0
2025Q1,Indonesia,Dhamra,Bauxite,Panamax,2750,1187.3,531.19,4.21
2025Q1,Indonesia,Dhamra,Bauxite,Supramax,2750,1187.3,531.19,5.12
2025Q1,Indonesia,Dhamra,Bauxite,Handysize,2750,1187.3,531.19,5.7
2025Q1,Indonesia,Dhamra,Grain,Panamax,2750,1187.3,531.19,4.47
2025Q1,Indonesia,Dhamra,Grain,Supramax,2750,1187.3,531.19,5.24
2025Q1,Indonesia,Dhamra,Grain,Handysize,2750,1187.3,531.19,6.3
2025Q1,Indonesia,Vizag,Coal,Capesize,2650,1187.3,531.19,4.0
2025Q1,Indonesia,Vizag,Coal,Panamax,2650,1187.3,531.19,4.0
2025Q1,Indonesia,Vizag,Coal,Supramax,2650,1187.3,531.19,4.62
2025Q1,Indonesia,Vizag,Coal,Handysize,2650,1187.3,531.19,5.02
2025Q1,Indonesia,Vizag,Iron Ore,Capesize,2650,1187.3,531.19,4.0
2025Q1,Indonesia,Vizag,Iron Ore,Panamax,2650,1187.3,531.19,4.0
2025Q1,Indonesia,Vizag,Bauxite,Panamax,2650,1187.3,531.19,4.01
2025Q1,Indonesia,Vizag,Bauxite,Supramax,2650,1187.3,531.19,4.79
2025Q1,Indonesia,Vizag,Bauxite,Handysize,2650,1187.3,531.19,5.24
2025Q1,Indonesia,Vizag,Grain,Panamax,2650,1187.3,531.19,4.72
2025Q1,Indonesia,Vizag,Grain,Supramax,2650,1187.3,531.19,5.3
2025Q1,Indonesia,Vizag,Grain,Handysize,2650,1187.3,531.19,6.02
2025Q1,Indonesia,Haldia,Coal,Capesize,2920,1187.3,531.19,4.68
2025Q1,Indonesia,Haldia,Coal,Panamax,2920,1187.3,531.19,5.45
2025Q1,Indonesia,Haldia,Coal,Supramax,2920,1187.3,531.19,6.39
2025Q1,Indonesia,Haldia,Coal,Handysize,2920,1187.3,531.19,7.75
2025Q1,Indonesia,Haldia,Iron Ore,Capesize,2920,1187.3,531.19,4.14
2025Q1,Indonesia,Haldia,Iron Ore,Panamax,2920,1187.3,531.19,5.29
2025Q1,Indonesia,Haldia,Bauxite,Panamax,2920,1187.3,531.19,5.54
2025Q1,Indonesia,Haldia,Bauxite,Supramax,2920,1187.3,531.19,7.17
2025Q1,Indonesia,Haldia,Bauxite,Handysize,2920,1187.3,531.19,7.59
2025Q1,Indonesia,Haldia,Grain,Panamax,2920,1187.3,531.19,6.64
2025Q1,Indonesia,Haldia,Grain,Supramax,2920,1187.3,531.19,7.62
2025Q1,Indonesia,Haldia,Grain,Handysize,2920,1187.3,531.19,8.89
2025Q1,Indonesia,Kolkata,Coal,Capesize,2950,1187.3,531.19,5.6
2025Q1,Indonesia,Kolkata,Coal,Panamax,2950,1187.3,531.19,6.71
2025Q1,Indonesia,Kolkata,Coal,Supramax,2950,1187.3,531.19,7.75
2025Q1,Indonesia,Kolkata,Coal,Handysize,2950,1187.3,531.19,8.52
2025Q1,Indonesia,Kolkata,Iron Ore,Capesize,2950,1187.3,531.19,4.94
2025Q1,Indonesia,Kolkata,Iron Ore,Panamax,2950,1187.3,531.19,5.58
2025Q1,Indonesia,Kolkata,Bauxite,Panamax,2950,1187.3,531.19,6.47
2025Q1,Indonesia,Kolkata,Bauxite,Supramax,2950,1187.3,531.19,7.5
2025Q1,Indonesia,Kolkata,Bauxite,Handysize,2950,1187.3,531.19,8.93
2025Q1,Indonesia,Kolkata,Grain,Panamax,2950,1187.3,531.19,7.72
2025Q1,Indonesia,Kolkata,Grain,Supramax,2950,1187.3,531.19,8.33
2025Q1,Indonesia,Kolkata,Grain,Handysize,2950,1187.3,531.19,10.35
2025Q1,South Africa,Paradip,Coal,Capesize,5000,1187.3,531.19,6.32
2025Q1,South Africa,Paradip,Coal,Panamax,5000,1187.3,531.19,7.3
2025Q1,South Africa,Paradip,Coal,Supramax,5000,1187.3,531.19,8.02
2025Q1,South Africa,Paradip,Coal,Handysize,5000,1187.3,531.19,9.04
2025Q1,South Africa,Paradip,Iron Ore,Capesize,5000,1187.3,531.19,5.49
2025Q1,South Africa,Paradip,Iron Ore,Panamax,5000,1187.3,531.19,5.81
2025Q1,South Africa,Paradip,Bauxite,Panamax,5000,1187.3,531.19,7.66
2025Q1,South Africa,Paradip,Bauxite,Supramax,5000,1187.3,531.19,8.54
2025Q1,South Africa,Paradip,Bauxite,Handysize,5000,1187.3,531.19,10.62
2025Q1,South Africa,Paradip,Grain,Panamax,5000,1187.3,531.19,7.92
2025Q1,South Africa,Paradip,Grain,Supramax,5000,1187.3,531.19,10.15
2025Q1,South Africa,Paradip,Grain,Handysize,5000,1187.3,531.19,11.37
2025Q1,South Africa,Dhamra,Coal,Capesize,4950,1187.3,531.19,5.76
2025Q1,South Africa,Dhamra,Coal,Panamax,4950,1187.3,531.19,6.49
2025Q1,South Africa,Dhamra,Coal,Supramax,4950,1187.3,531.19,8.12
2025Q1,South Africa,Dhamra,Coal,Handysize,4950,1187.3,531.19,9.46
2025Q1,South Africa,Dhamra,Iron Ore,Capesize,4950,1187.3,531.19,5.57
2025Q1,South Africa,Dhamra,Iron Ore,Panamax,4950,1187.3,531.19,6.36
2025Q1,South Africa,Dhamra,Bauxite,Panamax,4950,1187.3,531.19,7.01
2025Q1,South Africa,Dhamra,Bauxite,Supramax,4950,1187.3,531.19,8.06
2025Q1,South Africa,Dhamra,Bauxite,Handysize,4950,1187.3,531.19,9.23
2025Q1,South Africa,Dhamra,Grain,Panamax,4950,1187.3,531.19,8.61
2025Q1,South Africa,Dhamra,Grain,Supramax,4950,1187.3,531.19,9.29
2025Q1,South Africa,Dhamra,Grain,Handysize,4950,1187.3,531.19,11.66
2025Q1,South Africa,Vizag,Coal,Capesize,4850,1187.3,531.19,5.86
2025Q1,South Africa,Vizag,Coal,Panamax,4850,1187.3,531.19,6.82
2025Q1,South Africa,Vizag,Coal,Supramax,4850,1187.3,531.19,7.78
2025Q1,South Africa,Vizag,Coal,Handysize,4850,1187.3,531.19,9.34
2025Q1,South Africa,Vizag,Iron Ore,Capesize,4850,1187.3,531.19,5.18
2025Q1,South Africa,Vizag,Iron Ore,Panamax,4850,1187.3,531.19,5.99
2025Q1,South Africa,Vizag,Bauxite,Panamax,4850,1187.3,531.19,7.25
2025Q1,South Africa,Vizag,Bauxite,Supramax,4850,1187.3,531.19,8.22
2025Q1,South Africa,Vizag,Bauxite,Handysize,4850,1187.3,531.19,9.32
2025Q1,South Africa,Vizag,Grain,Panamax,4850,1187.3,531.19,8.26
2025Q1,South Africa,Vizag,Grain,Supramax,4850,1187.3,531.19,9.42
2025Q1,South Africa,Vizag,Grain,Handysize,4850,1187.3,531.19,11.14
2025Q1,South Africa,Haldia,Coal,Capesize,5120,1187.3,531.19,7.69
2025Q1,South Africa,Haldia,Coal,Panamax,5120,1187.3,531.19,8.76
2025Q1,South Africa,Haldia,Coal,Supramax,5120,1187.3,531.19,11.32
2025Q1,South Africa,Haldia,Coal,Handysize,5120,1187.3,531.19,13.06
2025Q1,South Africa,Haldia,Iron Ore,Capesize,5120,1187.3,531.19,7.25
2025Q1,South Africa,Haldia,Iron Ore,Panamax,5120,1187.3,531.19,8.12
2025Q1,South Africa,Haldia,Bauxite,Panamax,5120,1187.3,531.19,9.51
2025Q1,South Africa,Haldia,Bauxite,Supramax,5120,1187.3,531.19,11.75
2025Q1,South Africa,Haldia,Bauxite,Handysize,5120,1187.3,531.19,12.85
2025Q1,South Africa,Haldia,Grain,Panamax,5120,1187.3,531.19,10.74
2025Q1,South Africa,Haldia,Grain,Supramax,5120,1187.3,531.19,13.65
2025Q1,South Africa,Haldia,Grain,Handysize,5120,1187.3,531.19,14.84
2025Q1,South Africa,Kolkata,Coal,Capesize,5150,1187.3,531.19,9.32
2025Q1,South Africa,Kolkata,Coal,Panamax,5150,1187.3,531.19,9.77
2025Q1,South Africa,Kolkata,Coal,Supramax,5150,1187.3,531.19,12.2
2025Q1,South Africa,Kolkata,Coal,Handysize,5150,1187.3,531.19,14.92
2025Q1,South Africa,Kolkata,Iron Ore,Capesize,5150,1187.3,531.19,7.91
2025Q1,South Africa,Kolkata,Iron Ore,Panamax,5150,1187.3,531.19,9.16
2025Q1,South Africa,Kolkata,Bauxite,Panamax,5150,1187.3,531.19,10.35
2025Q1,South Africa,Kolkata,Bauxite,Supramax,5150,1187.3,531.19,13.06
2025Q1,South Africa,Kolkata,Bauxite,Handysize,5150,1187.3,531.19,14.21
2025Q1,South Africa,Kolkata,Grain,Panamax,5150,1187.3,531.19,12.29
2025Q1,South Africa,Kolkata,Grain,Supramax,5150,1187.3,531.19,13.76
2025Q1,South Africa,Kolkata,Grain,Handysize,5150,1187.3,531.19,17.6
2025Q1,Mozambique,Paradip,Coal,Capesize,3600,1187.3,531.19,5.63
2025Q1,Mozambique,Paradip,Coal,Panamax,3600,1187.3,531.19,6.33
2025Q1,Mozambique,Paradip,Coal,Supramax,3600,1187.3,531.19,7.1
2025Q1,Mozambique,Paradip,Coal,Handysize,3600,1187.3,531.19,9.05
2025Q1,Mozambique,Paradip,Iron Ore,Capesize,3600,1187.3,531.19,4.81
2025Q1,Mozambique,Paradip,Iron Ore,Panamax,3600,1187.3,531.19,5.49
2025Q1,Mozambique,Paradip,Bauxite,Panamax,3600,1187.3,531.19,6.25
2025Q1,Mozambique,Paradip,Bauxite,Supramax,3600,1187.3,531.19,7.59
2025Q1,Mozambique,Paradip,Bauxite,Handysize,3600,1187.3,531.19,8.56
2025Q1,Mozambique,Paradip,Grain,Panamax,3600,1187.3,531.19,7.44
2025Q1,Mozambique,Paradip,Grain,Supramax,3600,1187.3,531.19,9.11
2025Q1,Mozambique,Paradip,Grain,Handysize,3600,1187.3,531.19,10.17
2025Q1,Mozambique,Dhamra,Coal,Capesize,3550,1187.3,531.19,5.31
2025Q1,Mozambique,Dhamra,Coal,Panamax,3550,1187.3,531.19,5.98
2025Q1,Mozambique,Dhamra,Coal,Supramax,3550,1187.3,531.19,7.18
2025Q1,Mozambique,Dhamra,Coal,Handysize,3550,1187.3,531.19,8.87
2025Q1,Mozambique,Dhamra,Iron Ore,Capesize,3550,1187.3,531.19,4.66
2025Q1,Mozambique,Dhamra,Iron Ore,Panamax,3550,1187.3,531.19,5.6
2025Q1,Mozambique,Dhamra,Bauxite,Panamax,3550,1187.3,531.19,6.09
2025Q1,Mozambique,Dhamra,Bauxite,Supramax,3550,1187.3,531.19,7.92
2025Q1,Mozambique,Dhamra,Bauxite,Handysize,3550,1187.3,531.19,8.58
2025Q1,Mozambique,Dhamra,Grain,Panamax,3550,1187.3,531.19,7.64
2025Q1,Mozambique,Dhamra,Grain,Supramax,3550,1187.3,531.19,8.56
2025Q1,Mozambique,Dhamra,Grain,Handysize,3550,1187.3,531.19,10.19
2025Q1,Mozambique,Vizag,Coal,Capesize,3450,1187.3,531.19,5.3
2025Q1,Mozambique,Vizag,Coal,Panamax,3450,1187.3,531.19,5.96
2025Q1,Mozambique,Vizag,Coal,Supramax,3450,1187.3,531.19,7.34
2025Q1,Mozambique,Vizag,Coal,Handysize,3450,1187.3,531.19,7.99
2025Q1,Mozambique,Vizag,Iron Ore,Capesize,3450,1187.3,531.19,4.78
2025Q1,Mozambique,Vizag,Iron Ore,Panamax,3450,1187.3,531.19,5.38
2025Q1,Mozambique,Vizag,Bauxite,Panamax,3450,1187.3,531.19,6.44
2025Q1,Mozambique,Vizag,Bauxite,Supramax,3450,1187.3,531.19,7.3
2025Q1,Mozambique,Vizag,Bauxite,Handysize,3450,1187.3,531.19,8.63
2025Q1,Mozambique,Vizag,Grain,Panamax,3450,1187.3,531.19,7.0
2025Q1,Mozambique,Vizag,Grain,Supramax,3450,1187.3,531.19,8.56
2025Q1,Mozambique,Vizag,Grain,Handysize,3450,1187.3,531.19,9.86
2025Q1,Mozambique,Haldia,Coal,Capesize,3720,1187.3,531.19,7.03
2025Q1,Mozambique,Haldia,Coal,Panamax,3720,1187.3,531.19,8.37
2025Q1,Mozambique,Haldia,Coal,Supramax,3720,1187.3,531.19,9.83
2025Q1,Mozambique,Haldia,Coal,Handysize,3720,1187.3,531.19,11.11
2025Q1,Mozambique,Haldia,Iron Ore,Capesize,3720,1187.3,531.19,6.42
2025Q1,Mozambique,Haldia,Iron Ore,Panamax,3720,1187.3,531.19,7.28
2025Q1,Mozambique,Haldia,Bauxite,Panamax,3720,1187.3,531.19,9.53
2025Q1,Mozambique,Haldia,Bauxite,Supramax,3720,1187.3,531.19,10.65
2025Q1,Mozambique,Haldia,Bauxite,Handysize,3720,1187.3,531.19,12.04
2025Q1,Mozambique,Haldia,Grain,Panamax,3720,1187.3,531.19,10.48
2025Q1,Mozambique,Haldia,Grain,Supramax,3720,1187.3,531.19,10.93
2025Q1,Mozambique,Haldia,Grain,Handysize,3720,1187.3,531.19,12.41
2025Q1,Mozambique,Kolkata,Coal,Capesize,3750,1187.3,531.19,8.04
2025Q1,Mozambique,Kolkata,Coal,Panamax,3750,1187.3,531.19,9.09
2025Q1,Mozambique,Kolkata,Coal,Supramax,3750,1187.3,531.19,11.05
2025Q1,Mozambique,Kolkata,Coal,Handysize,3750,1187.3,531.19,13.03
2025Q1,Mozambique,Kolkata,Iron Ore,Capesize,3750,1187.3,531.19,7.58
2025Q1,Mozambique,Kolkata,Iron Ore,Panamax,3750,1187.3,531.19,8.25
2025Q1,Mozambique,Kolkata,Bauxite,Panamax,3750,1187.3,531.19,10.17
2025Q1,Mozambique,Kolkata,Bauxite,Supramax,3750,1187.3,531.19,11.7
2025Q1,Mozambique,Kolkata,Bauxite,Handysize,3750,1187.3,531.19,13.74
2025Q1,Mozambique,Kolkata,Grain,Panamax,3750,1187.3,531.19,11.25
2025Q1,Mozambique,Kolkata,Grain,Supramax,3750,1187.3,531.19,14.02
2025Q1,Mozambique,Kolkata,Grain,Handysize,3750,1187.3,531.19,15.46
2025Q1,Russia,Paradip,Coal,Capesize,6000,1187.3,531.19,12.56
2025Q1,Russia,Paradip,Coal,Panamax,6000,1187.3,531.19,13.46
2025Q1,Russia,Paradip,Coal,Supramax,6000,1187.3,531.19,16.57
2025Q1,Russia,Paradip,Coal,Handysize,6000,1187.3,531.19,18.71
2025Q1,Russia,Paradip,Iron Ore,Capesize,6000,1187.3,531.19,10.52
2025Q1,Russia,Paradip,Iron Ore,Panamax,6000,1187.3,531.19,12.73
2025Q1,Russia,Paradip,Bauxite,Panamax,6000,1187.3,531.19,14.38
2025Q1,Russia,Paradip,Bauxite,Supramax,6000,1187.3,531.19,15.38
2025Q1,Russia,Paradip,Bauxite,Handysize,6000,1187.3,531.19,17.57
2025Q1,Russia,Paradip,Grain,Panamax,6000,1187.3,531.19,17.35
2025Q1,Russia,Paradip,Grain,Supramax,6000,1187.3,531.19,20.22
2025Q1,Russia,Paradip,Grain,Handysize,6000,1187.3,531.19,23.98
2025Q1,Russia,Dhamra,Coal,Capesize,5950,1187.3,531.19,11.58
2025Q1,Russia,Dhamra,Coal,Panamax,5950,1187.3,531.19,12.95
2025Q1,Russia,Dhamra,Coal,Supramax,5950,1187.3,531.19,15.59
2025Q1,Russia,Dhamra,Coal,Handysize,5950,1187.3,531.19,18.37
2025Q1,Russia,Dhamra,Iron Ore,Capesize,5950,1187.3,531.19,10.06
2025Q1,Russia,Dhamra,Iron Ore,Panamax,5950,1187.3,531.19,12.91
2025Q1,Russia,Dhamra,Bauxite,Panamax,5950,1187.3,531.19,15.36
2025Q1,Russia,Dhamra,Bauxite,Supramax,5950,1187.3,531.19,16.89
2025Q1,Russia,Dhamra,Bauxite,Handysize,5950,1187.3,531.19,19.28
2025Q1,Russia,Dhamra,Grain,Panamax,5950,1187.3,531.19,15.54
2025Q1,Russia,Dhamra,Grain,Supramax,5950,1187.3,531.19,20.02
2025Q1,Russia,Dhamra,Grain,Handysize,5950,1187.3,531.19,22.1
2025Q1,Russia,Vizag,Coal,Capesize,5850,1187.3,531.19,11.54
2025Q1,Russia,Vizag,Coal,Panamax,5850,1187.3,531.19,13.87
2025Q1,Russia,Vizag,Coal,Supramax,5850,1187.3,531.19,15.59
2025Q1,Russia,Vizag,Coal,Handysize,5850,1187.3,531.19,18.57
2025Q1,Russia,Vizag,Iron Ore,Capesize,5850,1187.3,531.19,9.96
2025Q1,Russia,Vizag,Iron Ore,Panamax,5850,1187.3,531.19,12.75
2025Q1,Russia,Vizag,Bauxite,Panamax,5850,1187.3,531.19,14.27
2025Q1,Russia,Vizag,Bauxite,Supramax,5850,1187.3,531.19,17.39
2025Q1,Russia,Vizag,Bauxite,Handysize,5850,1187.3,531.19,19.26
2025Q1,Russia,Vizag,Grain,Panamax,5850,1187.3,531.19,16.29
2025Q1,Russia,Vizag,Grain,Supramax,5850,1187.3,531.19,18.29
2025Q1,Russia,Vizag,Grain,Handysize,5850,1187.3,531.19,22.76
2025Q1,Russia,Haldia,Coal,Capesize,6120,1187.3,531.19,13.46
2025Q1,Russia,Haldia,Coal,Panamax,6120,1187.3,531.19,15.97
2025Q1,Russia,Haldia,Coal,Supramax,6120,1187.3,531.19,18.96
2025Q1,Russia,Haldia,Coal,Handysize,6120,1187.3,531.19,22.1
2025Q1,Russia,Haldia,Iron Ore,Capesize,6120,1187.3,531.19,11.75
2025Q1,Russia,Haldia,Iron Ore,Panamax,6120,1187.3,531.19,14.51
2025Q1,Russia,Haldia,Bauxite,Panamax,6120,1187.3,531.19,17.54
2025Q1,Russia,Haldia,Bauxite,Supramax,6120,1187.3,531.19,19.64
2025Q1,Russia,Haldia,Bauxite,Handysize,6120,1187.3,531.19,22.93
2025Q1,Russia,Haldia,Grain,Panamax,6120,1187.3,531.19,19.61
2025Q1,Russia,Haldia,Grain,Supramax,6120,1187.3,531.19,22.65
2025Q1,Russia,Haldia,Grain,Handysize,6120,1187.3,531.19,25.46
2025Q1,Russia,Kolkata,Coal,Capesize,6150,1187.3,531.19,14.99
2025Q1,Russia,Kolkata,Coal,Panamax,6150,1187.3,531.19,18.19
2025Q1,Russia,Kolkata,Coal,Supramax,6150,1187.3,531.19,19.75
2025Q1,Russia,Kolkata,Coal,Handysize,6150,1187.3,531.19,23.49
2025Q1,Russia,Kolkata,Iron Ore,Capesize,6150,1187.3,531.19,12.86
2025Q1,Russia,Kolkata,Iron Ore,Panamax,6150,1187.3,531.19,16.34
2025Q1,Russia,Kolkata,Bauxite,Panamax,6150,1187.3,531.19,18.39
2025Q1,Russia,Kolkata,Bauxite,Supramax,6150,1187.3,531.19,20.89
2025Q1,Russia,Kolkata,Bauxite,Handysize,6150,1187.3,531.19,25.07
2025Q1,Russia,Kolkata,Grain,Panamax,6150,1187.3,531.19,20.2
2025Q1,Russia,Kolkata,Grain,Supramax,6150,1187.3,531.19,23.72
2025Q1,Russia,Kolkata,Grain,Handysize,6150,1187.3,531.19,27.1
2025Q2,Australia,Paradip,Coal,Capesize,4400,1431.0,502.99,6.68
2025Q2,Australia,Paradip,Coal,Panamax,4400,1431.0,502.99,8.51
2025Q2,Australia,Paradip,Coal,Supramax,4400,1431.0,502.99,9.24
2025Q2,Australia,Paradip,Coal,Handysize,4400,1431.0,502.99,11.18
2025Q2,Australia,Paradip,Iron Ore,Capesize,4400,1431.0,502.99,6.06
2025Q2,Australia,Paradip,Iron Ore,Panamax,4400,1431.0,502.99,7.51
2025Q2,Australia,Paradip,Bauxite,Panamax,4400,1431.0,502.99,8.22
2025Q2,Australia,Paradip,Bauxite,Supramax,4400,1431.0,502.99,9.97
2025Q2,Australia,Paradip,Bauxite,Handysize,4400,1431.0,502.99,11.57
2025Q2,Australia,Paradip,Grain,Panamax,4400,1431.0,502.99,10.54
2025Q2,Australia,Paradip,Grain,Supramax,4400,1431.0,502.99,11.63
2025Q2,Australia,Paradip,Grain,Handysize,4400,1431.0,502.99,12.93
2025Q2,Australia,Dhamra,Coal,Capesize,4350,1431.0,502.99,6.85
2025Q2,Australia,Dhamra,Coal,Panamax,4350,1431.0,502.99,8.42
2025Q2,Australia,Dhamra,Coal,Supramax,4350,1431.0,502.99,8.62
2025Q2,Australia,Dhamra,Coal,Handysize,4350,1431.0,502.99,10.3
2025Q2,Australia,Dhamra,Iron Ore,Capesize,4350,1431.0,502.99,5.97
2025Q2,Australia,Dhamra,Iron Ore,Panamax,4350,1431.0,502.99,6.95
2025Q2,Australia,Dhamra,Bauxite,Panamax,4350,1431.0,502.99,8.13
2025Q2,Australia,Dhamra,Bauxite,Supramax,4350,1431.0,502.99,9.16
2025Q2,Australia,Dhamra,Bauxite,Handysize,4350,1431.0,502.99,11.69
2025Q2,Australia,Dhamra,Grain,Panamax,4350,1431.0,502.99,8.93
2025Q2,Australia,Dhamra,Grain,Supramax,4350,1431.0,502.99,10.89
2025Q2,Australia,Dhamra,Grain,Handysize,4350,1431.0,502.99,13.2
2025Q2,Australia,Vizag,Coal,Capesize,4250,1431.0,502.99,6.81
2025Q2,Australia,Vizag,Coal,Panamax,4250,1431.0,502.99,7.71
2025Q2,Australia,Vizag,Coal,Supramax,4250,1431.0,502.99,8.87
2025Q2,Australia,Vizag,Coal,Handysize,4250,1431.0,502.99,10.72
2025Q2,Australia,Vizag,Iron Ore,Capesize,4250,1431.0,502.99,5.97
2025Q2,Australia,Vizag,Iron Ore,Panamax,4250,1431.0,502.99,7.23
2025Q2,Australia,Vizag,Bauxite,Panamax,4250,1431.0,502.99,7.97
2025Q2,Australia,Vizag,Bauxite,Supramax,4250,1431.0,502.99,10.05
2025Q2,Australia,Vizag,Bauxite,Handysize,4250,1431.0,502.99,11.39
2025Q2,Australia,Vizag,Grain,Panamax,4250,1431.0,502.99,9.64
2025Q2,Australia,Vizag,Grain,Supramax,4250,1431.0,502.99,11.73
2025Q2,Australia,Vizag,Grain,Handysize,4250,1431.0,502.99,12.77
2025Q2,Australia,Haldia,Coal,Capesize,4520,1431.0,502.99,9.02
2025Q2,Australia,Haldia,Coal,Panamax,4520,1431.0,502.99,10.63
2025Q2,Australia,Haldia,Coal,Supramax,4520,1431.0,502.99,12.55
2025Q2,Australia,Haldia,Coal,Handysize,4520,1431.0,502.99,14.62
2025Q2,Australia,Haldia,Iron Ore,Capesize,4520,1431.0,502.99,8.09
2025Q2,Australia,Haldia,Iron Ore,Panamax,4520,1431.0,502.99,9.06
2025Q2,Australia,Haldia,Bauxite,Panamax,4520,1431.0,502.99,11.15
2025Q2,Australia,Haldia,Bauxite,Supramax,4520,1431.0,502.99,13.44
2025Q2,Australia,Haldia,Bauxite,Handysize,4520,1431.0,502.99,15.48
2025Q2,Australia,Haldia,Grain,Panamax,4520,1431.0,502.99,13.55
2025Q2,Australia,Haldia,Grain,Supramax,4520,1431.0,502.99,16.2
2025Q2,Australia,Haldia,Grain,Handysize,4520,1431.0,502.99,18.07
2025Q2,Australia,Kolkata,Coal,Capesize,4550,1431.0,502.99,10.91
2025Q2,Australia,Kolkata,Coal,Panamax,4550,1431.0,502.99,12.51
2025Q2,Australia,Kolkata,Coal,Supramax,4550,1431.0,502.99,15.07
2025Q2,Australia,Kolkata,Coal,Handysize,4550,1431.0,502.99,17.57
2025Q2,Australia,Kolkata,Iron Ore,Capesize,4550,1431.0,502.99,9.68
2025Q2,Australia,Kolkata,Iron Ore,Panamax,4550,1431.0,502.99,11.24
2025Q2,Australia,Kolkata,Bauxite,Panamax,4550,1431.0,502.99,12.7
2025Q2,Australia,Kolkata,Bauxite,Supramax,4550,1431.0,502.99,14.91
2025Q2,Australia,Kolkata,Bauxite,Handysize,4550,1431.0,502.99,17.12
2025Q2,Australia,Kolkata,Grain,Panamax,4550,1431.0,502.99,14.94
2025Q2,Australia,Kolkata,Grain,Supramax,4550,1431.0,502.99,16.63
2025Q2,Australia,Kolkata,Grain,Handysize,4550,1431.0,502.99,19.67
2025Q2,Indonesia,Paradip,Coal,Capesize,2800,1431.0,502.99,4.0
2025Q2,Indonesia,Paradip,Coal,Panamax,2800,1431.0,502.99,5.33
2025Q2,Indonesia,Paradip,Coal,Supramax,2800,1431.0,502.99,5.82
2025Q2,Indonesia,Paradip,Coal,Handysize,2800,1431.0,502.99,6.92
2025Q2,Indonesia,Paradip,Iron Ore,Capesize,2800,1431.0,502.99,4.06
2025Q2,Indonesia,Paradip,Iron Ore,Panamax,2800,1431.0,502.99,4.57
2025Q2,Indonesia,Paradip,Bauxite,Panamax,2800,1431.0,502.99,5.55
2025Q2,Indonesia,Paradip,Bauxite,Supramax,2800,1431.0,502.99,5.89
2025Q2,Indonesia,Paradip,Bauxite,Handysize,2800,1431.0,502.99,7.75
2025Q2,Indonesia,Paradip,Grain,Panamax,2800,1431.0,502.99,6.27
2025Q2,Indonesia,Paradip,Grain,Supramax,2800,1431.0,502.99,7.09
2025Q2,Indonesia,Paradip,Grain,Handysize,2800,1431.0,502.99,8.58
2025Q2,Indonesia,Dhamra,Coal,Capesize,2750,1431.0,502.99,4.0
2025Q2,Indonesia,Dhamra,Coal,Panamax,2750,1431.0,502.99,4.69
2025Q2,Indonesia,Dhamra,Coal,Supramax,2750,1431.0,502.99,5.81
2025Q2,Indonesia,Dhamra,Coal,Handysize,2750,1431.0,502.99,6.0
2025Q2,Indonesia,Dhamra,Iron Ore,Capesize,2750,1431.0,502.99,4.0
2025Q2,Indonesia,Dhamra,Iron Ore,Panamax,2750,1431.0,502.99,4.34
2025Q2,Indonesia,Dhamra,Bauxite,Panamax,2750,1431.0,502.99,5.32
2025Q2,Indonesia,Dhamra,Bauxite,Supramax,2750,1431.0,502.99,5.48
2025Q2,Indonesia,Dhamra,Bauxite,Handysize,2750,1431.0,502.99,7.12
2025Q2,Indonesia,Dhamra,Grain,Panamax,2750,1431.0,502.99,5.58
2025Q2,Indonesia,Dhamra,Grain,Supramax,2750,1431.0,502.99,6.53
2025Q2,Indonesia,Dhamra,Grain,Handysize,2750,1431.0,502.99,7.37
2025Q2,Indonesia,Vizag,Coal,Capesize,2650,1431.0,502.99,4.0
2025Q2,Indonesia,Vizag,Coal,Panamax,2650,1431.0,502.99,4.71
2025Q2,Indonesia,Vizag,Coal,Supramax,2650,1431.0,502.99,5.21
2025Q2,Indonesia,Vizag,Coal,Handysize,2650,1431.0,502.99,6.45
2025Q2,Indonesia,Vizag,Iron Ore,Capesize,2650,1431.0,502.99,4.0
2025Q2,Indonesia,Vizag,Iron Ore,Panamax,2650,1431.0,502.99,4.0
2025Q2,Indonesia,Vizag,Bauxite,Panamax,2650,1431.0,502.99,4.78
2025Q2,Indonesia,Vizag,Bauxite,Supramax,2650,1431.0,502.99,5.75
2025Q2,Indonesia,Vizag,Bauxite,Handysize,2650,1431.0,502.99,6.54
2025Q2,Indonesia,Vizag,Grain,Panamax,2650,1431.0,502.99,5.58
2025Q2,Indonesia,Vizag,Grain,Supramax,2650,1431.0,502.99,6.66
2025Q2,Indonesia,Vizag,Grain,Handysize,2650,1431.0,502.99,7.83
2025Q2,Indonesia,Haldia,Coal,Capesize,2920,1431.0,502.99,5.64
2025Q2,Indonesia,Haldia,Coal,Panamax,2920,1431.0,502.99,6.43
2025Q2,Indonesia,Haldia,Coal,Supramax,2920,1431.0,502.99,7.81
2025Q2,Indonesia,Haldia,Coal,Handysize,2920,1431.0,502.99,9.19
2025Q2,Indonesia,Haldia,Iron Ore,Capesize,2920,1431.0,502.99,4.87
2025Q2,Indonesia,Haldia,Iron Ore,Panamax,2920,1431.0,502.99,5.82
2025Q2,Indonesia,Haldia,Bauxite,Panamax,2920,1431.0,502.99,6.83
2025Q2,Indonesia,Haldia,Bauxite,Supramax,2920,1431.0,502.99,8.12
2025Q2,Indonesia,Haldia,Bauxite,Handysize,2920,1431.0,502.99,9.24
2025Q2,Indonesia,Haldia,Grain,Panamax,2920,1431.0,502.99,8.21
2025Q2,Indonesia,Haldia,Grain,Supramax,2920,1431.0,502.99,8.82
2025Q2,Indonesia,Haldia,Grain,Handysize,2920,1431.0,502.99,10.25
2025Q2,Indonesia,Kolkata,Coal,Capesize,2950,1431.0,502.99,6.49
2025Q2,Indonesia,Kolkata,Coal,Panamax,2950,1431.0,502.99,7.64
2025Q2,Indonesia,Kolkata,Coal,Supramax,2950,1431.0,502.99,8.51
2025Q2,Indonesia,Kolkata,Coal,Handysize,2950,1431.0,502.99,10.19
2025Q2,Indonesia,Kolkata,Iron Ore,Capesize,2950,1431.0,502.99,5.83
2025Q2,Indonesia,Kolkata,Iron Ore,Panamax,2950,1431.0,502.99,6.83
2025Q2,Indonesia,Kolkata,Bauxite,Panamax,2950,1431.0,502.99,8.12
2025Q2,Indonesia,Kolkata,Bauxite,Supramax,2950,1431.0,502.99,9.2
2025Q2,Indonesia,Kolkata,Bauxite,Handysize,2950,1431.0,502.99,11.5
2025Q2,Indonesia,Kolkata,Grain,Panamax,2950,1431.0,502.99,9.38
2025Q2,Indonesia,Kolkata,Grain,Supramax,2950,1431.0,502.99,10.46
2025Q2,Indonesia,Kolkata,Grain,Handysize,2950,1431.0,502.99,12.54
2025Q2,South Africa,Paradip,Coal,Capesize,5000,1431.0,502.99,7.26
2025Q2,South Africa,Paradip,Coal,Panamax,5000,1431.0,502.99,8.82
2025Q2,South Africa,Paradip,Coal,Supramax,5000,1431.0,502.99,9.67
2025Q2,South Africa,Paradip,Coal,Handysize,5000,1431.0,502.99,11.77
2025Q2,South Africa,Paradip,Iron Ore,Capesize,5000,1431.0,502.99,6.52
2025Q2,South Africa,Paradip,Iron Ore,Panamax,5000,1431.0,502.99,8.01
2025Q2,South Africa,Paradip,Bauxite,Panamax,5000,1431.0,502.99,9.29
2025Q2,South Africa,Paradip,Bauxite,Supramax,5000,1431.0,502.99,10.44
2025Q2,South Africa,Paradip,Bauxite,Handysize,5000,1431.0,502.99,11.92
2025Q2,South Africa,Paradip,Grain,Panamax,5000,1431.0,502.99,10.34
2025Q2,South Africa,Paradip,Grain,Supramax,5000,1431.0,502.99,11.77
2025Q2,South Africa,Paradip,Grain,Handysize,5000,1431.0,502.99,14.56
2025Q2,South Africa,Dhamra,Coal,Capesize,4950,1431.0,502.99,7.04
2025Q2,South Africa,Dhamra,Coal,Panamax,4950,1431.0,502.99,8.1
2025Q2,South Africa,Dhamra,Coal,Supramax,4950,1431.0,502.99,9.44
2025Q2,South Africa,Dhamra,Coal,Handysize,4950,1431.0,502.99,10.66
2025Q2,South Africa,Dhamra,Iron Ore,Capesize,4950,1431.0,502.99,6.44
2025Q2,South Africa,Dhamra,Iron Ore,Panamax,4950,1431.0,502.99,7.19
2025Q2,South Africa,Dhamra,Bauxite,Panamax,4950,1431.0,502.99,8.96
2025Q2,South Africa,Dhamra,Bauxite,Supramax,4950,1431.0,502.99,9.62
2025Q2,South Africa,Dhamra,Bauxite,Handysize,4950,1431.0,502.99,11.74
2025Q2,South Africa,Dhamra,Grain,Panamax,4950,1431.0,502.99,10.26
2025Q2,South Africa,Dhamra,Grain,Supramax,4950,1431.0,502.99,10.64
2025Q2,South Africa,Dhamra,Grain,Handysize,4950,1431.0,502.99,14.3
2025Q2,South Africa,Vizag,Coal,Capesize,4850,1431.0,502.99,6.84
2025Q2,South Africa,Vizag,Coal,Panamax,4850,1431.0,502.99,8.16
2025Q2,South Africa,Vizag,Coal,Supramax,4850,1431.0,502.99,9.67
2025Q2,South Africa,Vizag,Coal,Handysize,4850,1431.0,502.99,11.28
2025Q2,South Africa,Vizag,Iron Ore,Capesize,4850,1431.0,502.99,6.31
2025Q2,South Africa,Vizag,Iron Ore,Panamax,4850,1431.0,502.99,7.57
2025Q2,South Africa,Vizag,Bauxite,Panamax,4850,1431.0,502.99,8.69
2025Q2,South Africa,Vizag,Bauxite,Supramax,4850,1431.0,502.99,10.57
2025Q2,South Africa,Vizag,Bauxite,Handysize,4850,1431.0,502.99,11.76
2025Q2,South Africa,Vizag,Grain,Panamax,4850,1431.0,502.99,10.42
2025Q2,South Africa,Vizag,Grain,Supramax,4850,1431.0,502.99,11.73
2025Q2,South Africa,Vizag,Grain,Handysize,4850,1431.0,502.99,12.37
2025Q2,South Africa,Haldia,Coal,Capesize,5120,1431.0,502.99,10.28
2025Q2,South Africa,Haldia,Coal,Panamax,5120,1431.0,502.99,10.8
2025Q2,South Africa,Haldia,Coal,Supramax,5120,1431.0,502.99,13.54
2025Q2,South Africa,Haldia,Coal,Handysize,5120,1431.0,502.99,14.95
2025Q2,South Africa,Haldia,Iron Ore,Capesize,5120,1431.0,502.99,8.79
2025Q2,South Africa,Haldia,Iron Ore,Panamax,5120,1431.0,502.99,9.68
2025Q2,South Africa,Haldia,Bauxite,Panamax,5120,1431.0,502.99,11.83
2025Q2,South Africa,Haldia,Bauxite,Supramax,5120,1431.0,502.99,13.39
2025Q2,South Africa,Haldia,Bauxite,Handysize,5120,1431.0,502.99,16.54
2025Q2,South Africa,Haldia,Grain,Panamax,5120,1431.0,502.99,13.43
2025Q2,South Africa,Haldia,Grain,Supramax,5120,1431.0,502.99,15.94
2025Q2,South Africa,Haldia,Grain,Handysize,5120,1431.0,502.99,16.56
2025Q2,South Africa,Kolkata,Coal,Capesize,5150,1431.0,502.99,10.54
2025Q2,South Africa,Kolkata,Coal,Panamax,5150,1431.0,502.99,12.56
2025Q2,South Africa,Kolkata,Coal,Supramax,5150,1431.0,502.99,14.56
2025Q2,South Africa,Kolkata,Coal,Handysize,5150,1431.0,502.99,17.33
2025Q2,South Africa,Kolkata,Iron Ore,Capesize,5150,1431.0,502.99,9.4
2025Q2,South Africa,Kolkata,Iron Ore,Panamax,5150,1431.0,502.99,11.16
2025Q2,South Africa,Kolkata,Bauxite,Panamax,5150,1431.0,502.99,13.54
2025Q2,South Africa,Kolkata,Bauxite,Supramax,5150,1431.0,502.99,13.96
2025Q2,South Africa,Kolkata,Bauxite,Handysize,5150,1431.0,502.99,17.97
2025Q2,South Africa,Kolkata,Grain,Panamax,5150,1431.0,502.99,14.68
2025Q2,South Africa,Kolkata,Grain,Supramax,5150,1431.0,502.99,16.78
2025Q2,South Africa,Kolkata,Grain,Handysize,5150,1431.0,502.99,20.36
2025Q2,Mozambique,Paradip,Coal,Capesize,3600,1431.0,502.99,6.81
2025Q2,Mozambique,Paradip,Coal,Panamax,3600,1431.0,502.99,7.92
2025Q2,Mozambique,Paradip,Coal,Supramax,3600,1431.0,502.99,8.87
2025Q2,Mozambique,Paradip,Coal,Handysize,3600,1431.0,502.99,10.66
2025Q2,Mozambique,Paradip,Iron Ore,Capesize,3600,1431.0,502.99,6.05
2025Q2,Mozambique,Paradip,Iron Ore,Panamax,3600,1431.0,502.99,6.86
2025Q2,Mozambique,Paradip,Bauxite,Panamax,3600,1431.0,502.99,7.83
2025Q2,Mozambique,Paradip,Bauxite,Supramax,3600,1431.0,502.99,9.15
2025Q2,Mozambique,Paradip,Bauxite,Handysize,3600,1431.0,502.99,11.18
2025Q2,Mozambique,Paradip,Grain,Panamax,3600,1431.0,502.99,9.16
2025Q2,Mozambique,Paradip,Grain,Supramax,3600,1431.0,502.99,10.31
2025Q2,Mozambique,Paradip,Grain,Handysize,3600,1431.0,502.99,11.68
2025Q2,Mozambique,Dhamra,Coal,Capesize,3550,1431.0,502.99,6.5
2025Q2,Mozambique,Dhamra,Coal,Panamax,3550,1431.0,502.99,7.26
2025Q2,Mozambique,Dhamra,Coal,Supramax,3550,1431.0,502.99,8.73
2025Q2,Mozambique,Dhamra,Coal,Handysize,3550,1431.0,502.99,10.45
2025Q2,Mozambique,Dhamra,Iron Ore,Capesize,3550,1431.0,502.99,5.43
2025Q2,Mozambique,Dhamra,Iron Ore,Panamax,3550,1431.0,502.99,6.65
2025Q2,Mozambique,Dhamra,Bauxite,Panamax,3550,1431.0,502.99,7.72
2025Q2,Mozambique,Dhamra,Bauxite,Supramax,3550,1431.0,502.99,9.18
2025Q2,Mozambique,Dhamra,Bauxite,Handysize,3550,1431.0,502.99,10.98
2025Q2,Mozambique,Dhamra,Grain,Panamax,3550,1431.0,502.99,8.47
2025Q2,Mozambique,Dhamra,Grain,Supramax,3550,1431.0,502.99,10.57
2025Q2,Mozambique,Dhamra,Grain,Handysize,3550,1431.0,502.99,12.46
2025Q2,Mozambique,Vizag,Coal,Capesize,3450,1431.0,502.99,6.2
2025Q2,Mozambique,Vizag,Coal,Panamax,3450,1431.0,502.99,7.27
2025Q2,Mozambique,Vizag,Coal,Supramax,3450,1431.0,502.99,8.64
2025Q2,Mozambique,Vizag,Coal,Handysize,3450,1431.0,502.99,10.01
2025Q2,Mozambique,Vizag,Iron Ore,Capesize,3450,1431.0,502.99,5.73
2025Q2,Mozambique,Vizag,Iron Ore,Panamax,3450,1431.0,502.99,6.7
2025Q2,Mozambique,Vizag,Bauxite,Panamax,3450,1431.0,502.99,7.4
2025Q2,Mozambique,Vizag,Bauxite,Supramax,3450,1431.0,502.99,9.26
2025Q2,Mozambique,Vizag,Bauxite,Handysize,3450,1431.0,502.99,10.81
2025Q2,Mozambique,Vizag,Grain,Panamax,3450,1431.0,502.99,8.82
2025Q2,Mozambique,Vizag,Grain,Supramax,3450,1431.0,502.99,9.69
2025Q2,Mozambique,Vizag,Grain,Handysize,3450,1431.0,502.99,11.82
2025Q2,Mozambique,Haldia,Coal,Capesize,3720,1431.0,502.99,8.69
2025Q2,Mozambique,Haldia,Coal,Panamax,3720,1431.0,502.99,9.7
2025Q2,Mozambique,Haldia,Coal,Supramax,3720,1431.0,502.99,11.64
2025Q2,Mozambique,Haldia,Coal,Handysize,3720,1431.0,502.99,13.01
2025Q2,Mozambique,Haldia,Iron Ore,Capesize,3720,1431.0,502.99,7.94
2025Q2,Mozambique,Haldia,Iron Ore,Panamax,3720,1431.0,502.99,9.15
2025Q2,Mozambique,Haldia,Bauxite,Panamax,3720,1431.0,502.99,10.0
2025Q2,Mozambique,Haldia,Bauxite,Supramax,3720,1431.0,502.99,12.53
2025Q2,Mozambique,Haldia,Bauxite,Handysize,3720,1431.0,502.99,14.34
2025Q2,Mozambique,Haldia,Grain,Panamax,3720,1431.0,502.99,12.35
2025Q2,Mozambique,Haldia,Grain,Supramax,3720,1431.0,502.99,13.96
2025Q2,Mozambique,Haldia,Grain,Handysize,3720,1431.0,502.99,15.96
2025Q2,Mozambique,Kolkata,Coal,Capesize,3750,1431.0,502.99,9.57
2025Q2,Mozambique,Kolkata,Coal,Panamax,3750,1431.0,502.99,11.29
2025Q2,Mozambique,Kolkata,Coal,Supramax,3750,1431.0,502.99,13.44
2025Q2,Mozambique,Kolkata,Coal,Handysize,3750,1431.0,502.99,15.67
2025Q2,Mozambique,Kolkata,Iron Ore,Capesize,3750,1431.0,502.99,8.79
2025Q2,Mozambique,Kolkata,Iron Ore,Panamax,3750,1431.0,502.99,10.21
2025Q2,Mozambique,Kolkata,Bauxite,Panamax,3750,1431.0,502.99,11.94
2025Q2,Mozambique,Kolkata,Bauxite,Supramax,3750,1431.0,502.99,15.34
2025Q2,Mozambique,Kolkata,Bauxite,Handysize,3750,1431.0,502.99,15.92
2025Q2,Mozambique,Kolkata,Grain,Panamax,3750,1431.0,502.99,13.54
2025Q2,Mozambique,Kolkata,Grain,Supramax,3750,1431.0,502.99,17.97
2025Q2,Mozambique,Kolkata,Grain,Handysize,3750,1431.0,502.99,18.98
2025Q2,Russia,Paradip,Coal,Capesize,6000,1431.0,502.99,13.56
2025Q2,Russia,Paradip,Coal,Panamax,6000,1431.0,502.99,17.18
2025Q2,Russia,Paradip,Coal,Supramax,6000,1431.0,502.99,18.85
2025Q2,Russia,Paradip,Coal,Handysize,6000,1431.0,502.99,23.31
2025Q2,Russia,Paradip,Iron Ore,Capesize,6000,1431.0,502.99,12.73
2025Q2,Russia,Paradip,Iron Ore,Panamax,6000,1431.0,502.99,14.78
2025Q2,Russia,Paradip,Bauxite,Panamax,6000,1431.0,502.99,18.51
2025Q2,Russia,Paradip,Bauxite,Supramax,6000,1431.0,502.99,20.84
2025Q2,Russia,Paradip,Bauxite,Handysize,6000,1431.0,502.99,24.53
2025Q2,Russia,Paradip,Grain,Panamax,6000,1431.0,502.99,20.33
2025Q2,Russia,Paradip,Grain,Supramax,6000,1431.0,502.99,22.99
2025Q2,Russia,Paradip,Grain,Handysize,6000,1431.0,502.99,27.69
2025Q2,Russia,Dhamra,Coal,Capesize,5950,1431.0,502.99,14.55
2025Q2,Russia,Dhamra,Coal,Panamax,5950,1431.0,502.99,16.42
2025Q2,Russia,Dhamra,Coal,Supramax,5950,1431.0,502.99,20.27
2025Q2,Russia,Dhamra,Coal,Handysize,5950,1431.0,502.99,22.79
2025Q2,Russia,Dhamra,Iron Ore,Capesize,5950,1431.0,502.99,12.66
2025Q2,Russia,Dhamra,Iron Ore,Panamax,5950,1431.0,502.99,14.84
2025Q2,Russia,Dhamra,Bauxite,Panamax,5950,1431.0,502.99,17.25
2025Q2,Russia,Dhamra,Bauxite,Supramax,5950,1431.0,502.99,19.15
2025Q2,Russia,Dhamra,Bauxite,Handysize,5950,1431.0,502.99,23.17
2025Q2,Russia,Dhamra,Grain,Panamax,5950,1431.0,502.99,19.77
2025Q2,Russia,Dhamra,Grain,Supramax,5950,1431.0,502.99,22.55
2025Q2,Russia,Dhamra,Grain,Handysize,5950,1431.0,502.99,26.88
2025Q2,Russia,Vizag,Coal,Capesize,5850,1431.0,502.99,14.06
2025Q2,Russia,Vizag,Coal,Panamax,5850,1431.0,502.99,16.89
2025Q2,Russia,Vizag,Coal,Supramax,5850,1431.0,502.99,19.63
2025Q2,Russia,Vizag,Coal,Handysize,5850,1431.0,502.99,22.4
2025Q2,Russia,Vizag,Iron Ore,Capesize,5850,1431.0,502.99,12.04
2025Q2,Russia,Vizag,Iron Ore,Panamax,5850,1431.0,502.99,15.73
2025Q2,Russia,Vizag,Bauxite,Panamax,5850,1431.0,502.99,17.18
2025Q2,Russia,Vizag,Bauxite,Supramax,5850,1431.0,502.99,20.09
2025Q2,Russia,Vizag,Bauxite,Handysize,5850,1431.0,502.99,23.1
2025Q2,Russia,Vizag,Grain,Panamax,5850,1431.0,502.99,19.39
2025Q2,Russia,Vizag,Grain,Supramax,5850,1431.0,502.99,24.26
2025Q2,Russia,Vizag,Grain,Handysize,5850,1431.0,502.99,28.02
2025Q2,Russia,Haldia,Coal,Capesize,6120,1431.0,502.99,16.99
2025Q2,Russia,Haldia,Coal,Panamax,6120,1431.0,502.99,19.51
2025Q2,Russia,Haldia,Coal,Supramax,6120,1431.0,502.99,23.35
2025Q2,Russia,Haldia,Coal,Handysize,6120,1431.0,502.99,26.59
2025Q2,Russia,Haldia,Iron Ore,Capesize,6120,1431.0,502.99,14.96
2025Q2,Russia,Haldia,Iron Ore,Panamax,6120,1431.0,502.99,17.84
2025Q2,Russia,Haldia,Bauxite,Panamax,6120,1431.0,502.99,20.25
2025Q2,Russia,Haldia,Bauxite,Supramax,6120,1431.0,502.99,24.2
2025Q2,Russia,Haldia,Bauxite,Handysize,6120,1431.0,502.99,28.05
2025Q2,Russia,Haldia,Grain,Panamax,6120,1431.0,502.99,24.0
2025Q2,Russia,Haldia,Grain,Supramax,6120,1431.0,502.99,26.83
2025Q2,Russia,Haldia,Grain,Handysize,6120,1431.0,502.99,32.62
2025Q2,Russia,Kolkata,Coal,Capesize,6150,1431.0,502.99,17.52
2025Q2,Russia,Kolkata,Coal,Panamax,6150,1431.0,502.99,20.76
2025Q2,Russia,Kolkata,Coal,Supramax,6150,1431.0,502.99,24.25
2025Q2,Russia,Kolkata,Coal,Handysize,6150,1431.0,502.99,27.61
2025Q2,Russia,Kolkata,Iron Ore,Capesize,6150,1431.0,502.99,16.86
2025Q2,Russia,Kolkata,Iron Ore,Panamax,6150,1431.0,502.99,18.42
2025Q2,Russia,Kolkata,Bauxite,Panamax,6150,1431.0,502.99,21.7
2025Q2,Russia,Kolkata,Bauxite,Supramax,6150,1431.0,502.99,27.09
2025Q2,Russia,Kolkata,Bauxite,Handysize,6150,1431.0,502.99,29.52
2025Q2,Russia,Kolkata,Grain,Panamax,6150,1431.0,502.99,25.25
2025Q2,Russia,Kolkata,Grain,Supramax,6150,1431.0,502.99,28.6
2025Q2,Russia,Kolkata,Grain,Handysize,6150,1431.0,502.99,35.42
2025Q3,Australia,Paradip,Coal,Capesize,4400,2054.0,496.9,10.26
2025Q3,Australia,Paradip,Coal,Panamax,4400,2054.0,496.9,11.96
2025Q3,Australia,Paradip,Coal,Supramax,4400,2054.0,496.9,13.86
2025Q3,Australia,Paradip,Coal,Handysize,4400,2054.0,496.9,15.83
2025Q3,Australia,Paradip,Iron Ore,Capesize,4400,2054.0,496.9,8.8
2025Q3,Australia,Paradip,Iron Ore,Panamax,4400,2054.0,496.9,10.2
2025Q3,Australia,Paradip,Bauxite,Panamax,4400,2054.0,496.9,12.8
2025Q3,Australia,Paradip,Bauxite,Supramax,4400,2054.0,496.9,14.67
2025Q3,Australia,Paradip,Bauxite,Handysize,4400,2054.0,496.9,16.18
2025Q3,Australia,Paradip,Grain,Panamax,4400,2054.0,496.9,14.01
2025Q3,Australia,Paradip,Grain,Supramax,4400,2054.0,496.9,16.15
2025Q3,Australia,Paradip,Grain,Handysize,4400,2054.0,496.9,18.2
2025Q3,Australia,Dhamra,Coal,Capesize,4350,2054.0,496.9,9.67
2025Q3,Australia,Dhamra,Coal,Panamax,4350,2054.0,496.9,11.08
2025Q3,Australia,Dhamra,Coal,Supramax,4350,2054.0,496.9,12.68
2025Q3,Australia,Dhamra,Coal,Handysize,4350,2054.0,496.9,14.44
2025Q3,Australia,Dhamra,Iron Ore,Capesize,4350,2054.0,496.9,8.17
2025Q3,Australia,Dhamra,Iron Ore,Panamax,4350,2054.0,496.9,9.99
2025Q3,Australia,Dhamra,Bauxite,Panamax,4350,2054.0,496.9,11.77
2025Q3,Australia,Dhamra,Bauxite,Supramax,4350,2054.0,496.9,13.35
2025Q3,Australia,Dhamra,Bauxite,Handysize,4350,2054.0,496.9,16.35
2025Q3,Australia,Dhamra,Grain,Panamax,4350,2054.0,496.9,13.46
2025Q3,Australia,Dhamra,Grain,Supramax,4350,2054.0,496.9,16.06
2025Q3,Australia,Dhamra,Grain,Handysize,4350,2054.0,496.9,18.16
2025Q3,Australia,Vizag,Coal,Capesize,4250,2054.0,496.9,9.51
2025Q3,Australia,Vizag,Coal,Panamax,4250,2054.0,496.9,11.5
2025Q3,Australia,Vizag,Coal,Supramax,4250,2054.0,496.9,12.77
2025Q3,Australia,Vizag,Coal,Handysize,4250,2054.0,496.9,15.8
2025Q3,Australia,Vizag,Iron Ore,Capesize,4250,2054.0,496.9,8.52
2025Q3,Australia,Vizag,Iron Ore,Panamax,4250,2054.0,496.9,10.64
2025Q3,Australia,Vizag,Bauxite,Panamax,4250,2054.0,496.9,11.88
2025Q3,Australia,Vizag,Bauxite,Supramax,4250,2054.0,496.9,14.55
2025Q3,Australia,Vizag,Bauxite,Handysize,4250,2054.0,496.9,15.65
2025Q3,Australia,Vizag,Grain,Panamax,4250,2054.0,496.9,13.42
2025Q3,Australia,Vizag,Grain,Supramax,4250,2054.0,496.9,16.25
2025Q3,Australia,Vizag,Grain,Handysize,4250,2054.0,496.9,19.37
2025Q3,Australia,Haldia,Coal,Capesize,4520,2054.0,496.9,14.06
2025Q3,Australia,Haldia,Coal,Panamax,4520,2054.0,496.9,15.57
2025Q3,Australia,Haldia,Coal,Supramax,4520,2054.0,496.9,19.31
2025Q3,Australia,Haldia,Coal,Handysize,4520,2054.0,496.9,20.84
2025Q3,Australia,Haldia,Iron Ore,Capesize,4520,2054.0,496.9,12.41
2025Q3,Australia,Haldia,Iron Ore,Panamax,4520,2054.0,496.9,13.53
2025Q3,Australia,Haldia,Bauxite,Panamax,4520,2054.0,496.9,16.57
2025Q3,Australia,Haldia,Bauxite,Supramax,4520,2054.0,496.9,17.49
2025Q3,Australia,Haldia,Bauxite,Handysize,4520,2054.0,496.9,21.24
2025Q3,Australia,Haldia,Grain,Panamax,4520,2054.0,496.9,18.96
2025Q3,Australia,Haldia,Grain,Supramax,4520,2054.0,496.9,20.77
2025Q3,Australia,Haldia,Grain,Handysize,4520,2054.0,496.9,25.64
2025Q3,Australia,Kolkata,Coal,Capesize,4550,2054.0,496.9,15.42
2025Q3,Australia,Kolkata,Coal,Panamax,4550,2054.0,496.9,17.19
2025Q3,Australia,Kolkata,Coal,Supramax,4550,2054.0,496.9,19.72
2025Q3,Australia,Kolkata,Coal,Handysize,4550,2054.0,496.9,23.29
2025Q3,Australia,Kolkata,Iron Ore,Capesize,4550,2054.0,496.9,12.99
2025Q3,Australia,Kolkata,Iron Ore,Panamax,4550,2054.0,496.9,15.69
2025Q3,Australia,Kolkata,Bauxite,Panamax,4550,2054.0,496.9,18.43
2025Q3,Australia,Kolkata,Bauxite,Supramax,4550,2054.0,496.9,21.2
2025Q3,Australia,Kolkata,Bauxite,Handysize,4550,2054.0,496.9,26.33
2025Q3,Australia,Kolkata,Grain,Panamax,4550,2054.0,496.9,20.46
2025Q3,Australia,Kolkata,Grain,Supramax,4550,2054.0,496.9,25.68
2025Q3,Australia,Kolkata,Grain,Handysize,4550,2054.0,496.9,27.39
2025Q3,Indonesia,Paradip,Coal,Capesize,2800,2054.0,496.9,6.18
2025Q3,Indonesia,Paradip,Coal,Panamax,2800,2054.0,496.9,7.52
2025Q3,Indonesia,Paradip,Coal,Supramax,2800,2054.0,496.9,8.76
2025Q3,Indonesia,Paradip,Coal,Handysize,2800,2054.0,496.9,9.63
2025Q3,Indonesia,Paradip,Iron Ore,Capesize,2800,2054.0,496.9,5.66
2025Q3,Indonesia,Paradip,Iron Ore,Panamax,2800,2054.0,496.9,6.59
2025Q3,Indonesia,Paradip,Bauxite,Panamax,2800,2054.0,496.9,7.44
2025Q3,Indonesia,Paradip,Bauxite,Supramax,2800,2054.0,496.9,9.03
2025Q3,Indonesia,Paradip,Bauxite,Handysize,2800,2054.0,496.9,10.93
2025Q3,Indonesia,Paradip,Grain,Panamax,2800,2054.0,496.9,8.81
2025Q3,Indonesia,Paradip,Grain,Supramax,2800,2054.0,496.9,10.31
2025Q3,Indonesia,Paradip,Grain,Handysize,2800,2054.0,496.9,12.01
2025Q3,Indonesia,Dhamra,Coal,Capesize,2750,2054.0,496.9,5.51
2025Q3,Indonesia,Dhamra,Coal,Panamax,2750,2054.0,496.9,6.91
2025Q3,Indonesia,Dhamra,Coal,Supramax,2750,2054.0,496.9,7.65
2025Q3,Indonesia,Dhamra,Coal,Handysize,2750,2054.0,496.9,9.02
2025Q3,Indonesia,Dhamra,Iron Ore,Capesize,2750,2054.0,496.9,5.63
2025Q3,Indonesia,Dhamra,Iron Ore,Panamax,2750,2054.0,496.9,6.07
2025Q3,Indonesia,Dhamra,Bauxite,Panamax,2750,2054.0,496.9,6.96
2025Q3,Indonesia,Dhamra,Bauxite,Supramax,2750,2054.0,496.9,8.67
2025Q3,Indonesia,Dhamra,Bauxite,Handysize,2750,2054.0,496.9,9.35
2025Q3,Indonesia,Dhamra,Grain,Panamax,2750,2054.0,496.9,8.04
2025Q3,Indonesia,Dhamra,Grain,Supramax,2750,2054.0,496.9,9.94
2025Q3,Indonesia,Dhamra,Grain,Handysize,2750,2054.0,496.9,11.07
2025Q3,Indonesia,Vizag,Coal,Capesize,2650,2054.0,496.9,5.38
2025Q3,Indonesia,Vizag,Coal,Panamax,2650,2054.0,496.9,6.79
2025Q3,Indonesia,Vizag,Coal,Supramax,2650,2054.0,496.9,7.67
2025Q3,Indonesia,Vizag,Coal,Handysize,2650,2054.0,496.9,9.51
2025Q3,Indonesia,Vizag,Iron Ore,Capesize,2650,2054.0,496.9,5.01
2025Q3,Indonesia,Vizag,Iron Ore,Panamax,2650,2054.0,496.9,6.22
2025Q3,Indonesia,Vizag,Bauxite,Panamax,2650,2054.0,496.9,7.43
2025Q3,Indonesia,Vizag,Bauxite,Supramax,2650,2054.0,496.9,7.92
2025Q3,Indonesia,Vizag,Bauxite,Handysize,2650,2054.0,496.9,9.41
2025Q3,Indonesia,Vizag,Grain,Panamax,2650,2054.0,496.9,8.11
2025Q3,Indonesia,Vizag,Grain,Supramax,2650,2054.0,496.9,9.05
2025Q3,Indonesia,Vizag,Grain,Handysize,2650,2054.0,496.9,10.93
2025Q3,Indonesia,Haldia,Coal,Capesize,2920,2054.0,496.9,8.12
2025Q3,Indonesia,Haldia,Coal,Panamax,2920,2054.0,496.9,9.5
2025Q3,Indonesia,Haldia,Coal,Supramax,2920,2054.0,496.9,11.2
2025Q3,Indonesia,Haldia,Coal,Handysize,2920,2054.0,496.9,13.0
2025Q3,Indonesia,Haldia,Iron Ore,Capesize,2920,2054.0,496.9,7.41
2025Q3,Indonesia,Haldia,Iron Ore,Panamax,2920,2054.0,496.9,8.44
2025Q3,Indonesia,Haldia,Bauxite,Panamax,2920,2054.0,496.9,9.86
2025Q3,Indonesia,Haldia,Bauxite,Supramax,2920,2054.0,496.9,11.69
2025Q3,Indonesia,Haldia,Bauxite,Handysize,2920,2054.0,496.9,13.6
2025Q3,Indonesia,Haldia,Grain,Panamax,2920,2054.0,496.9,11.32
2025Q3,Indonesia,Haldia,Grain,Supramax,2920,2054.0,496.9,13.56
2025Q3,Indonesia,Haldia,Grain,Handysize,2920,2054.0,496.9,14.58
2025Q3,Indonesia,Kolkata,Coal,Capesize,2950,2054.0,496.9,9.19
2025Q3,Indonesia,Kolkata,Coal,Panamax,2950,2054.0,496.9,10.93
2025Q3,Indonesia,Kolkata,Coal,Supramax,2950,2054.0,496.9,12.49
2025Q3,Indonesia,Kolkata,Coal,Handysize,2950,2054.0,496.9,15.8
2025Q3,Indonesia,Kolkata,Iron Ore,Capesize,2950,2054.0,496.9,8.49
2025Q3,Indonesia,Kolkata,Iron Ore,Panamax,2950,2054.0,496.9,9.99
2025Q3,Indonesia,Kolkata,Bauxite,Panamax,2950,2054.0,496.9,11.39
2025Q3,Indonesia,Kolkata,Bauxite,Supramax,2950,2054.0,496.9,13.51
2025Q3,Indonesia,Kolkata,Bauxite,Handysize,2950,2054.0,496.9,15.03
2025Q3,Indonesia,Kolkata,Grain,Panamax,2950,2054.0,496.9,13.17
2025Q3,Indonesia,Kolkata,Grain,Supramax,2950,2054.0,496.9,14.95
2025Q3,Indonesia,Kolkata,Grain,Handysize,2950,2054.0,496.9,17.76
2025Q3,South Africa,Paradip,Coal,Capesize,5000,2054.0,496.9,9.45
2025Q3,South Africa,Paradip,Coal,Panamax,5000,2054.0,496.9,11.67
2025Q3,South Africa,Paradip,Coal,Supramax,5000,2054.0,496.9,14.9
2025Q3,South Africa,Paradip,Coal,Handysize,5000,2054.0,496.9,16.93
2025Q3,South Africa,Paradip,Iron Ore,Capesize,5000,2054.0,496.9,9.77
2025Q3,South Africa,Paradip,Iron Ore,Panamax,5000,2054.0,496.9,11.46
2025Q3,South Africa,Paradip,Bauxite,Panamax,5000,2054.0,496.9,13.06
2025Q3,South Africa,Paradip,Bauxite,Supramax,5000,2054.0,496.9,14.65
2025Q3,South Africa,Paradip,Bauxite,Handysize,5000,2054.0,496.9,16.65
2025Q3,South Africa,Paradip,Grain,Panamax,5000,2054.0,496.9,15.16
2025Q3,South Africa,Paradip,Grain,Supramax,5000,2054.0,496.9,17.05
2025Q3,South Africa,Paradip,Grain,Handysize,5000,2054.0,496.9,21.46
2025Q3,South Africa,Dhamra,Coal,Capesize,4950,2054.0,496.9,9.95
2025Q3,South Africa,Dhamra,Coal,Panamax,4950,2054.0,496.9,12.62
2025Q3,South Africa,Dhamra,Coal,Supramax,4950,2054.0,496.9,13.69
2025Q3,South Africa,Dhamra,Coal,Handysize,4950,2054.0,496.9,16.73
2025Q3,South Africa,Dhamra,Iron Ore,Capesize,4950,2054.0,496.9,9.61
2025Q3,South Africa,Dhamra,Iron Ore,Panamax,4950,2054.0,496.9,10.24
2025Q3,South Africa,Dhamra,Bauxite,Panamax,4950,2054.0,496.9,12.18
2025Q3,South Africa,Dhamra,Bauxite,Supramax,4950,2054.0,496.9,13.93
2025Q3,South Africa,Dhamra,Bauxite,Handysize,4950,2054.0,496.9,16.06
2025Q3,South Africa,Dhamra,Grain,Panamax,4950,2054.0,496.9,14.49
2025Q3,South Africa,Dhamra,Grain,Supramax,4950,2054.0,496.9,16.41
2025Q3,South Africa,Dhamra,Grain,Handysize,4950,2054.0,496.9,19.21
2025Q3,South Africa,Vizag,Coal,Capesize,4850,2054.0,496.9,10.16
2025Q3,South Africa,Vizag,Coal,Panamax,4850,2054.0,496.9,10.9
2025Q3,South Africa,Vizag,Coal,Supramax,4850,2054.0,496.9,14.22
2025Q3,South Africa,Vizag,Coal,Handysize,4850,2054.0,496.9,15.6
2025Q3,South Africa,Vizag,Iron Ore,Capesize,4850,2054.0,496.9,9.13
2025Q3,South Africa,Vizag,Iron Ore,Panamax,4850,2054.0,496.9,10.72
2025Q3,South Africa,Vizag,Bauxite,Panamax,4850,2054.0,496.9,12.83
2025Q3,South Africa,Vizag,Bauxite,Supramax,4850,2054.0,496.9,14.23
2025Q3,South Africa,Vizag,Bauxite,Handysize,4850,2054.0,496.9,15.35
2025Q3,South Africa,Vizag,Grain,Panamax,4850,2054.0,496.9,14.02
2025Q3,South Africa,Vizag,Grain,Supramax,4850,2054.0,496.9,16.44
2025Q3,South Africa,Vizag,Grain,Handysize,4850,2054.0,496.9,18.26
2025Q3,South Africa,Haldia,Coal,Capesize,5120,2054.0,496.9,13.59
2025Q3,South Africa,Haldia,Coal,Panamax,5120,2054.0,496.9,15.63
2025Q3,South Africa,Haldia,Coal,Supramax,5120,2054.0,496.9,17.6
2025Q3,South Africa,Haldia,Coal,Handysize,5120,2054.0,496.9,21.94
2025Q3,South Africa,Haldia,Iron Ore,Capesize,5120,2054.0,496.9,11.93
2025Q3,South Africa,Haldia,Iron Ore,Panamax,5120,2054.0,496.9,14.04
2025Q3,South Africa,Haldia,Bauxite,Panamax,5120,2054.0,496.9,16.35
2025Q3,South Africa,Haldia,Bauxite,Supramax,5120,2054.0,496.9,20.23
2025Q3,South Africa,Haldia,Bauxite,Handysize,5120,2054.0,496.9,22.47
2025Q3,South Africa,Haldia,Grain,Panamax,5120,2054.0,496.9,19.04
2025Q3,South Africa,Haldia,Grain,Supramax,5120,2054.0,496.9,21.82
2025Q3,South Africa,Haldia,Grain,Handysize,5120,2054.0,496.9,26.14
2025Q3,South Africa,Kolkata,Coal,Capesize,5150,2054.0,496.9,15.9
2025Q3,South Africa,Kolkata,Coal,Panamax,5150,2054.0,496.9,18.17
2025Q3,South Africa,Kolkata,Coal,Supramax,5150,2054.0,496.9,21.23
2025Q3,South Africa,Kolkata,Coal,Handysize,5150,2054.0,496.9,24.57
2025Q3,South Africa,Kolkata,Iron Ore,Capesize,5150,2054.0,496.9,13.0
2025Q3,South Africa,Kolkata,Iron Ore,Panamax,5150,2054.0,496.9,15.5
2025Q3,South Africa,Kolkata,Bauxite,Panamax,5150,2054.0,496.9,18.52
2025Q3,South Africa,Kolkata,Bauxite,Supramax,5150,2054.0,496.9,21.22
2025Q3,South Africa,Kolkata,Bauxite,Handysize,5150,2054.0,496.9,24.33
2025Q3,South Africa,Kolkata,Grain,Panamax,5150,2054.0,496.9,19.93
2025Q3,South Africa,Kolkata,Grain,Supramax,5150,2054.0,496.9,23.71
2025Q3,South Africa,Kolkata,Grain,Handysize,5150,2054.0,496.9,28.62
2025Q3,Mozambique,Paradip,Coal,Capesize,3600,2054.0,496.9,9.35
2025Q3,Mozambique,Paradip,Coal,Panamax,3600,2054.0,496.9,10.66
2025Q3,Mozambique,Paradip,Coal,Supramax,3600,2054.0,496.9,12.83
2025Q3,Mozambique,Paradip,Coal,Handysize,3600,2054.0,496.9,14.63
2025Q3,Mozambique,Paradip,Iron Ore,Capesize,3600,2054.0,496.9,8.75
2025Q3,Mozambique,Paradip,Iron Ore,Panamax,3600,2054.0,496.9,9.82
2025Q3,Mozambique,Paradip,Bauxite,Panamax,3600,2054.0,496.9,11.8
2025Q3,Mozambique,Paradip,Bauxite,Supramax,3600,2054.0,496.9,13.53
2025Q3,Mozambique,Paradip,Bauxite,Handysize,3600,2054.0,496.9,14.83
2025Q3,Mozambique,Paradip,Grain,Panamax,3600,2054.0,496.9,13.12
2025Q3,Mozambique,Paradip,Grain,Supramax,3600,2054.0,496.9,14.69
2025Q3,Mozambique,Paradip,Grain,Handysize,3600,2054.0,496.9,17.75
2025Q3,Mozambique,Dhamra,Coal,Capesize,3550,2054.0,496.9,8.84
2025Q3,Mozambique,Dhamra,Coal,Panamax,3550,2054.0,496.9,10.76
2025Q3,Mozambique,Dhamra,Coal,Supramax,3550,2054.0,496.9,11.81
2025Q3,Mozambique,Dhamra,Coal,Handysize,3550,2054.0,496.9,14.39
2025Q3,Mozambique,Dhamra,Iron Ore,Capesize,3550,2054.0,496.9,8.33
2025Q3,Mozambique,Dhamra,Iron Ore,Panamax,3550,2054.0,496.9,9.86
2025Q3,Mozambique,Dhamra,Bauxite,Panamax,3550,2054.0,496.9,10.85
2025Q3,Mozambique,Dhamra,Bauxite,Supramax,3550,2054.0,496.9,13.02
2025Q3,Mozambique,Dhamra,Bauxite,Handysize,3550,2054.0,496.9,15.2
2025Q3,Mozambique,Dhamra,Grain,Panamax,3550,2054.0,496.9,13.43
2025Q3,Mozambique,Dhamra,Grain,Supramax,3550,2054.0,496.9,14.1
2025Q3,Mozambique,Dhamra,Grain,Handysize,3550,2054.0,496.9,16.71
2025Q3,Mozambique,Vizag,Coal,Capesize,3450,2054.0,496.9,9.83
2025Q3,Mozambique,Vizag,Coal,Panamax,3450,2054.0,496.9,10.38
2025Q3,Mozambique,Vizag,Coal,Supramax,3450,2054.0,496.9,11.42
2025Q3,Mozambique,Vizag,Coal,Handysize,3450,2054.0,496.9,13.9
2025Q3,Mozambique,Vizag,Iron Ore,Capesize,3450,2054.0,496.9,7.28
2025Q3,Mozambique,Vizag,Iron Ore,Panamax,3450,2054.0,496.9,9.51
2025Q3,Mozambique,Vizag,Bauxite,Panamax,3450,2054.0,496.9,11.32
2025Q3,Mozambique,Vizag,Bauxite,Supramax,3450,2054.0,496.9,12.43
2025Q3,Mozambique,Vizag,Bauxite,Handysize,3450,2054.0,496.9,14.66
2025Q3,Mozambique,Vizag,Grain,Panamax,3450,2054.0,496.9,12.98
2025Q3,Mozambique,Vizag,Grain,Supramax,3450,2054.0,496.9,13.78
2025Q3,Mozambique,Vizag,Grain,Handysize,3450,2054.0,496.9,16.24
2025Q3,Mozambique,Haldia,Coal,Capesize,3720,2054.0,496.9,12.29
2025Q3,Mozambique,Haldia,Coal,Panamax,3720,2054.0,496.9,14.13
2025Q3,Mozambique,Haldia,Coal,Supramax,3720,2054.0,496.9,16.75
2025Q3,Mozambique,Haldia,Coal,Handysize,3720,2054.0,496.9,18.78
2025Q3,Mozambique,Haldia,Iron Ore,Capesize,3720,2054.0,496.9,11.24
2025Q3,Mozambique,Haldia,Iron Ore,Panamax,3720,2054.0,496.9,12.99
2025Q3,Mozambique,Haldia,Bauxite,Panamax,3720,2054.0,496.9,15.53
2025Q3,Mozambique,Haldia,Bauxite,Supramax,3720,2054.0,496.9,17.9
2025Q3,Mozambique,Haldia,Bauxite,Handysize,3720,2054.0,496.9,20.78
2025Q3,Mozambique,Haldia,Grain,Panamax,3720,2054.0,496.9,16.53
2025Q3,Mozambique,Haldia,Grain,Supramax,3720,2054.0,496.9,20.66
2025Q3,Mozambique,Haldia,Grain,Handysize,3720,2054.0,496.9,23.3
2025Q3,Mozambique,Kolkata,Coal,Capesize,3750,2054.0,496.9,14.03
2025Q3,Mozambique,Kolkata,Coal,Panamax,3750,2054.0,496.9,17.13
2025Q3,Mozambique,Kolkata,Coal,Supramax,3750,2054.0,496.9,18.79
2025Q3,Mozambique,Kolkata,Coal,Handysize,3750,2054.0,496.9,23.43
2025Q3,Mozambique,Kolkata,Iron Ore,Capesize,3750,2054.0,496.9,13.34
2025Q3,Mozambique,Kolkata,Iron Ore,Panamax,3750,2054.0,496.9,15.26
2025Q3,Mozambique,Kolkata,Bauxite,Panamax,3750,2054.0,496.9,16.75
2025Q3,Mozambique,Kolkata,Bauxite,Supramax,3750,2054.0,496.9,18.69
2025Q3,Mozambique,Kolkata,Bauxite,Handysize,3750,2054.0,496.9,24.38
2025Q3,Mozambique,Kolkata,Grain,Panamax,3750,2054.0,496.9,19.9
2025Q3,Mozambique,Kolkata,Grain,Supramax,3750,2054.0,496.9,22.53
2025Q3,Mozambique,Kolkata,Grain,Handysize,3750,2054.0,496.9,27.95
2025Q3,Russia,Paradip,Coal,Capesize,6000,2054.0,496.9,19.84
2025Q3,Russia,Paradip,Coal,Panamax,6000,2054.0,496.9,23.59
2025Q3,Russia,Paradip,Coal,Supramax,6000,2054.0,496.9,28.45
2025Q3,Russia,Paradip,Coal,Handysize,6000,2054.0,496.9,31.17
2025Q3,Russia,Paradip,Iron Ore,Capesize,6000,2054.0,496.9,18.34
2025Q3,Russia,Paradip,Iron Ore,Panamax,6000,2054.0,496.9,22.38
2025Q3,Russia,Paradip,Bauxite,Panamax,6000,2054.0,496.9,25.33
2025Q3,Russia,Paradip,Bauxite,Supramax,6000,2054.0,496.9,30.62
2025Q3,Russia,Paradip,Bauxite,Handysize,6000,2054.0,496.9,35.4
2025Q3,Russia,Paradip,Grain,Panamax,6000,2054.0,496.9,28.75
2025Q3,Russia,Paradip,Grain,Supramax,6000,2054.0,496.9,30.79
2025Q3,Russia,Paradip,Grain,Handysize,6000,2054.0,496.9,37.41
2025Q3,Russia,Dhamra,Coal,Capesize,5950,2054.0,496.9,20.58
2025Q3,Russia,Dhamra,Coal,Panamax,5950,2054.0,496.9,22.19
2025Q3,Russia,Dhamra,Coal,Supramax,5950,2054.0,496.9,27.06
2025Q3,Russia,Dhamra,Coal,Handysize,5950,2054.0,496.9,32.15
2025Q3,Russia,Dhamra,Iron Ore,Capesize,5950,2054.0,496.9,18.96
2025Q3,Russia,Dhamra,Iron Ore,Panamax,5950,2054.0,496.9,20.69
2025Q3,Russia,Dhamra,Bauxite,Panamax,5950,2054.0,496.9,24.08
2025Q3,Russia,Dhamra,Bauxite,Supramax,5950,2054.0,496.9,28.69
2025Q3,Russia,Dhamra,Bauxite,Handysize,5950,2054.0,496.9,33.77
2025Q3,Russia,Dhamra,Grain,Panamax,5950,2054.0,496.9,28.0
2025Q3,Russia,Dhamra,Grain,Supramax,5950,2054.0,496.9,34.05
2025Q3,Russia,Dhamra,Grain,Handysize,5950,2054.0,496.9,37.06
2025Q3,Russia,Vizag,Coal,Capesize,5850,2054.0,496.9,20.24
2025Q3,Russia,Vizag,Coal,Panamax,5850,2054.0,496.9,23.97
2025Q3,Russia,Vizag,Coal,Supramax,5850,2054.0,496.9,27.15
2025Q3,Russia,Vizag,Coal,Handysize,5850,2054.0,496.9,32.9
2025Q3,Russia,Vizag,Iron Ore,Capesize,5850,2054.0,496.9,18.24
2025Q3,Russia,Vizag,Iron Ore,Panamax,5850,2054.0,496.9,21.83
2025Q3,Russia,Vizag,Bauxite,Panamax,5850,2054.0,496.9,24.95
2025Q3,Russia,Vizag,Bauxite,Supramax,5850,2054.0,496.9,29.29
2025Q3,Russia,Vizag,Bauxite,Handysize,5850,2054.0,496.9,32.82
2025Q3,Russia,Vizag,Grain,Panamax,5850,2054.0,496.9,27.7
2025Q3,Russia,Vizag,Grain,Supramax,5850,2054.0,496.9,34.46
2025Q3,Russia,Vizag,Grain,Handysize,5850,2054.0,496.9,39.21
2025Q3,Russia,Haldia,Coal,Capesize,6120,2054.0,496.9,23.15
2025Q3,Russia,Haldia,Coal,Panamax,6120,2054.0,496.9,28.29
2025Q3,Russia,Haldia,Coal,Supramax,6120,2054.0,496.9,30.07
2025Q3,Russia,Haldia,Coal,Handysize,6120,2054.0,496.9,37.31
2025Q3,Russia,Haldia,Iron Ore,Capesize,6120,2054.0,496.9,22.34
2025Q3,Russia,Haldia,Iron Ore,Panamax,6120,2054.0,496.9,25.19
2025Q3,Russia,Haldia,Bauxite,Panamax,6120,2054.0,496.9,29.64
2025Q3,Russia,Haldia,Bauxite,Supramax,6120,2054.0,496.9,30.8
2025Q3,Russia,Haldia,Bauxite,Handysize,6120,2054.0,496.9,39.42
2025Q3,Russia,Haldia,Grain,Panamax,6120,2054.0,496.9,34.14
2025Q3,Russia,Haldia,Grain,Supramax,6120,2054.0,496.9,40.0
2025Q3,Russia,Haldia,Grain,Handysize,6120,2054.0,496.9,47.22
2025Q3,Russia,Kolkata,Coal,Capesize,6150,2054.0,496.9,25.78
2025Q3,Russia,Kolkata,Coal,Panamax,6150,2054.0,496.9,30.23
2025Q3,Russia,Kolkata,Coal,Supramax,6150,2054.0,496.9,33.82
2025Q3,Russia,Kolkata,Coal,Handysize,6150,2054.0,496.9,40.88
2025Q3,Russia,Kolkata,Iron Ore,Capesize,6150,2054.0,496.9,22.34
2025Q3,Russia,Kolkata,Iron Ore,Panamax,6150,2054.0,496.9,25.59
2025Q3,Russia,Kolkata,Bauxite,Panamax,6150,2054.0,496.9,30.71
2025Q3,Russia,Kolkata,Bauxite,Supramax,6150,2054.0,496.9,39.21
2025Q3,Russia,Kolkata,Bauxite,Handysize,6150,2054.0,496.9,42.82
2025Q3,Russia,Kolkata,Grain,Panamax,6150,2054.0,496.9,36.77
2025Q3,Russia,Kolkata,Grain,Supramax,6150,2054.0,496.9,41.8
2025Q3,Russia,Kolkata,Grain,Handysize,6150,2054.0,496.9,46.31
2025Q4,Australia,Paradip,Coal,Capesize,4400,2134.3,492.7,10.69
2025Q4,Australia,Paradip,Coal,Panamax,4400,2134.3,492.7,11.2
2025Q4,Australia,Paradip,Coal,Supramax,4400,2134.3,492.7,13.86
2025Q4,Australia,Paradip,Coal,Handysize,4400,2134.3,492.7,16.38
2025Q4,Australia,Paradip,Iron Ore,Capesize,4400,2134.3,492.7,9.39
2025Q4,Australia,Paradip,Iron Ore,Panamax,4400,2134.3,492.7,10.63
2025Q4,Australia,Paradip,Bauxite,Panamax,4400,2134.3,492.7,11.91
2025Q4,Australia,Paradip,Bauxite,Supramax,4400,2134.3,492.7,14.43
2025Q4,Australia,Paradip,Bauxite,Handysize,4400,2134.3,492.7,16.78
2025Q4,Australia,Paradip,Grain,Panamax,4400,2134.3,492.7,14.15
2025Q4,Australia,Paradip,Grain,Supramax,4400,2134.3,492.7,17.54
2025Q4,Australia,Paradip,Grain,Handysize,4400,2134.3,492.7,18.86
2025Q4,Australia,Dhamra,Coal,Capesize,4350,2134.3,492.7,10.09
2025Q4,Australia,Dhamra,Coal,Panamax,4350,2134.3,492.7,11.75
2025Q4,Australia,Dhamra,Coal,Supramax,4350,2134.3,492.7,14.09
2025Q4,Australia,Dhamra,Coal,Handysize,4350,2134.3,492.7,15.75
2025Q4,Australia,Dhamra,Iron Ore,Capesize,4350,2134.3,492.7,9.23
2025Q4,Australia,Dhamra,Iron Ore,Panamax,4350,2134.3,492.7,10.45
2025Q4,Australia,Dhamra,Bauxite,Panamax,4350,2134.3,492.7,12.46
2025Q4,Australia,Dhamra,Bauxite,Supramax,4350,2134.3,492.7,13.56
2025Q4,Australia,Dhamra,Bauxite,Handysize,4350,2134.3,492.7,15.08
2025Q4,Australia,Dhamra,Grain,Panamax,4350,2134.3,492.7,14.21
2025Q4,Australia,Dhamra,Grain,Supramax,4350,2134.3,492.7,16.61
2025Q4,Australia,Dhamra,Grain,Handysize,4350,2134.3,492.7,19.3
2025Q4,Australia,Vizag,Coal,Capesize,4250,2134.3,492.7,9.98
2025Q4,Australia,Vizag,Coal,Panamax,4250,2134.3,492.7,12.52
2025Q4,Australia,Vizag,Coal,Supramax,4250,2134.3,492.7,13.66
2025Q4,Australia,Vizag,Coal,Handysize,4250,2134.3,492.7,16.35
2025Q4,Australia,Vizag,Iron Ore,Capesize,4250,2134.3,492.7,9.34
2025Q4,Australia,Vizag,Iron Ore,Panamax,4250,2134.3,492.7,11.36
2025Q4,Australia,Vizag,Bauxite,Panamax,4250,2134.3,492.7,12.36
2025Q4,Australia,Vizag,Bauxite,Supramax,4250,2134.3,492.7,14.25
2025Q4,Australia,Vizag,Bauxite,Handysize,4250,2134.3,492.7,16.04
2025Q4,Australia,Vizag,Grain,Panamax,4250,2134.3,492.7,15.06
2025Q4,Australia,Vizag,Grain,Supramax,4250,2134.3,492.7,16.91
2025Q4,Australia,Vizag,Grain,Handysize,4250,2134.3,492.7,19.65
2025Q4,Australia,Haldia,Coal,Capesize,4520,2134.3,492.7,15.31
2025Q4,Australia,Haldia,Coal,Panamax,4520,2134.3,492.7,16.34
2025Q4,Australia,Haldia,Coal,Supramax,4520,2134.3,492.7,17.99
2025Q4,Australia,Haldia,Coal,Handysize,4520,2134.3,492.7,21.73
2025Q4,Australia,Haldia,Iron Ore,Capesize,4520,2134.3,492.7,12.0
2025Q4,Australia,Haldia,Iron Ore,Panamax,4520,2134.3,492.7,14.34
2025Q4,Australia,Haldia,Bauxite,Panamax,4520,2134.3,492.7,16.73
2025Q4,Australia,Haldia,Bauxite,Supramax,4520,2134.3,492.7,19.39
2025Q4,Australia,Haldia,Bauxite,Handysize,4520,2134.3,492.7,21.85
2025Q4,Australia,Haldia,Grain,Panamax,4520,2134.3,492.7,20.47
2025Q4,Australia,Haldia,Grain,Supramax,4520,2134.3,492.7,22.86
2025Q4,Australia,Haldia,Grain,Handysize,4520,2134.3,492.7,26.05
2025Q4,Australia,Kolkata,Coal,Capesize,4550,2134.3,492.7,15.94
2025Q4,Australia,Kolkata,Coal,Panamax,4550,2134.3,492.7,18.48
2025Q4,Australia,Kolkata,Coal,Supramax,4550,2134.3,492.7,21.41
2025Q4,Australia,Kolkata,Coal,Handysize,4550,2134.3,492.7,25.2
2025Q4,Australia,Kolkata,Iron Ore,Capesize,4550,2134.3,492.7,14.04
2025Q4,Australia,Kolkata,Iron Ore,Panamax,4550,2134.3,492.7,16.74
2025Q4,Australia,Kolkata,Bauxite,Panamax,4550,2134.3,492.7,19.59
2025Q4,Australia,Kolkata,Bauxite,Supramax,4550,2134.3,492.7,22.39
2025Q4,Australia,Kolkata,Bauxite,Handysize,4550,2134.3,492.7,25.65
2025Q4,Australia,Kolkata,Grain,Panamax,4550,2134.3,492.7,22.98
2025Q4,Australia,Kolkata,Grain,Supramax,4550,2134.3,492.7,25.02
2025Q4,Australia,Kolkata,Grain,Handysize,4550,2134.3,492.7,29.94
2025Q4,Indonesia,Paradip,Coal,Capesize,2800,2134.3,492.7,6.5
2025Q4,Indonesia,Paradip,Coal,Panamax,2800,2134.3,492.7,7.34
2025Q4,Indonesia,Paradip,Coal,Supramax,2800,2134.3,492.7,8.5
2025Q4,Indonesia,Paradip,Coal,Handysize,2800,2134.3,492.7,10.03
2025Q4,Indonesia,Paradip,Iron Ore,Capesize,2800,2134.3,492.7,5.67
2025Q4,Indonesia,Paradip,Iron Ore,Panamax,2800,2134.3,492.7,6.41
2025Q4,Indonesia,Paradip,Bauxite,Panamax,2800,2134.3,492.7,7.7
2025Q4,Indonesia,Paradip,Bauxite,Supramax,2800,2134.3,492.7,9.28
2025Q4,Indonesia,Paradip,Bauxite,Handysize,2800,2134.3,492.7,11.14
2025Q4,Indonesia,Paradip,Grain,Panamax,2800,2134.3,492.7,9.18
2025Q4,Indonesia,Paradip,Grain,Supramax,2800,2134.3,492.7,9.55
2025Q4,Indonesia,Paradip,Grain,Handysize,2800,2134.3,492.7,12.46
2025Q4,Indonesia,Dhamra,Coal,Capesize,2750,2134.3,492.7,5.92
2025Q4,Indonesia,Dhamra,Coal,Panamax,2750,2134.3,492.7,7.18
2025Q4,Indonesia,Dhamra,Coal,Supramax,2750,2134.3,492.7,8.24
2025Q4,Indonesia,Dhamra,Coal,Handysize,2750,2134.3,492.7,9.51
2025Q4,Indonesia,Dhamra,Iron Ore,Capesize,2750,2134.3,492.7,5.41
2025Q4,Indonesia,Dhamra,Iron Ore,Panamax,2750,2134.3,492.7,6.36
2025Q4,Indonesia,Dhamra,Bauxite,Panamax,2750,2134.3,492.7,7.77
2025Q4,Indonesia,Dhamra,Bauxite,Supramax,2750,2134.3,492.7,8.65
2025Q4,Indonesia,Dhamra,Bauxite,Handysize,2750,2134.3,492.7,10.43
2025Q4,Indonesia,Dhamra,Grain,Panamax,2750,2134.3,492.7,8.76
2025Q4,Indonesia,Dhamra,Grain,Supramax,2750,2134.3,492.7,10.13
2025Q4,Indonesia,Dhamra,Grain,Handysize,2750,2134.3,492.7,10.77
2025Q4,Indonesia,Vizag,Coal,Capesize,2650,2134.3,492.7,6.15
2025Q4,Indonesia,Vizag,Coal,Panamax,2650,2134.3,492.7,6.81
2025Q4,Indonesia,Vizag,Coal,Supramax,2650,2134.3,492.7,8.28
2025Q4,Indonesia,Vizag,Coal,Handysize,2650,2134.3,492.7,9.06
2025Q4,Indonesia,Vizag,Iron Ore,Capesize,2650,2134.3,492.7,5.1
2025Q4,Indonesia,Vizag,Iron Ore,Panamax,2650,2134.3,492.7,6.66
2025Q4,Indonesia,Vizag,Bauxite,Panamax,2650,2134.3,492.7,7.03
2025Q4,Indonesia,Vizag,Bauxite,Supramax,2650,2134.3,492.7,8.82
2025Q4,Indonesia,Vizag,Bauxite,Handysize,2650,2134.3,492.7,9.89
2025Q4,Indonesia,Vizag,Grain,Panamax,2650,2134.3,492.7,8.19
2025Q4,Indonesia,Vizag,Grain,Supramax,2650,2134.3,492.7,9.68
2025Q4,Indonesia,Vizag,Grain,Handysize,2650,2134.3,492.7,10.74
2025Q4,Indonesia,Haldia,Coal,Capesize,2920,2134.3,492.7,8.5
2025Q4,Indonesia,Haldia,Coal,Panamax,2920,2134.3,492.7,9.58
2025Q4,Indonesia,Haldia,Coal,Supramax,2920,2134.3,492.7,11.45
2025Q4,Indonesia,Haldia,Coal,Handysize,2920,2134.3,492.7,13.92
2025Q4,Indonesia,Haldia,Iron Ore,Capesize,2920,2134.3,492.7,7.72
2025Q4,Indonesia,Haldia,Iron Ore,Panamax,2920,2134.3,492.7,8.49
2025Q4,Indonesia,Haldia,Bauxite,Panamax,2920,2134.3,492.7,10.76
2025Q4,Indonesia,Haldia,Bauxite,Supramax,2920,2134.3,492.7,12.19
2025Q4,Indonesia,Haldia,Bauxite,Handysize,2920,2134.3,492.7,13.88
2025Q4,Indonesia,Haldia,Grain,Panamax,2920,2134.3,492.7,12.26
2025Q4,Indonesia,Haldia,Grain,Supramax,2920,2134.3,492.7,13.85
2025Q4,Indonesia,Haldia,Grain,Handysize,2920,2134.3,492.7,15.52
2025Q4,Indonesia,Kolkata,Coal,Capesize,2950,2134.3,492.7,10.43
2025Q4,Indonesia,Kolkata,Coal,Panamax,2950,2134.3,492.7,11.46
2025Q4,Indonesia,Kolkata,Coal,Supramax,2950,2134.3,492.7,13.34
2025Q4,Indonesia,Kolkata,Coal,Handysize,2950,2134.3,492.7,15.31
2025Q4,Indonesia,Kolkata,Iron Ore,Capesize,2950,2134.3,492.7,9.18
2025Q4,Indonesia,Kolkata,Iron Ore,Panamax,2950,2134.3,492.7,10.13
2025Q4,Indonesia,Kolkata,Bauxite,Panamax,2950,2134.3,492.7,11.39
2025Q4,Indonesia,Kolkata,Bauxite,Supramax,2950,2134.3,492.7,13.72
2025Q4,Indonesia,Kolkata,Bauxite,Handysize,2950,2134.3,492.7,17.06
2025Q4,Indonesia,Kolkata,Grain,Panamax,2950,2134.3,492.7,14.16
2025Q4,Indonesia,Kolkata,Grain,Supramax,2950,2134.3,492.7,15.91
2025Q4,Indonesia,Kolkata,Grain,Handysize,2950,2134.3,492.7,19.53
2025Q4,South Africa,Paradip,Coal,Capesize,5000,2134.3,492.7,11.06
2025Q4,South Africa,Paradip,Coal,Panamax,5000,2134.3,492.7,12.51
2025Q4,South Africa,Paradip,Coal,Supramax,5000,2134.3,492.7,14.64
2025Q4,South Africa,Paradip,Coal,Handysize,5000,2134.3,492.7,17.29
2025Q4,South Africa,Paradip,Iron Ore,Capesize,5000,2134.3,492.7,9.42
2025Q4,South Africa,Paradip,Iron Ore,Panamax,5000,2134.3,492.7,11.36
2025Q4,South Africa,Paradip,Bauxite,Panamax,5000,2134.3,492.7,13.4
2025Q4,South Africa,Paradip,Bauxite,Supramax,5000,2134.3,492.7,14.55
2025Q4,South Africa,Paradip,Bauxite,Handysize,5000,2134.3,492.7,17.83
2025Q4,South Africa,Paradip,Grain,Panamax,5000,2134.3,492.7,14.99
2025Q4,South Africa,Paradip,Grain,Supramax,5000,2134.3,492.7,18.31
2025Q4,South Africa,Paradip,Grain,Handysize,5000,2134.3,492.7,19.19
2025Q4,South Africa,Dhamra,Coal,Capesize,4950,2134.3,492.7,10.33
2025Q4,South Africa,Dhamra,Coal,Panamax,4950,2134.3,492.7,12.06
2025Q4,South Africa,Dhamra,Coal,Supramax,4950,2134.3,492.7,14.79
2025Q4,South Africa,Dhamra,Coal,Handysize,4950,2134.3,492.7,16.58
2025Q4,South Africa,Dhamra,Iron Ore,Capesize,4950,2134.3,492.7,10.02
2025Q4,South Africa,Dhamra,Iron Ore,Panamax,4950,2134.3,492.7,11.29
2025Q4,South Africa,Dhamra,Bauxite,Panamax,4950,2134.3,492.7,12.69
2025Q4,South Africa,Dhamra,Bauxite,Supramax,4950,2134.3,492.7,15.15
2025Q4,South Africa,Dhamra,Bauxite,Handysize,4950,2134.3,492.7,17.22
2025Q4,South Africa,Dhamra,Grain,Panamax,4950,2134.3,492.7,15.16
2025Q4,South Africa,Dhamra,Grain,Supramax,4950,2134.3,492.7,16.37
2025Q4,South Africa,Dhamra,Grain,Handysize,4950,2134.3,492.7,19.35
2025Q4,South Africa,Vizag,Coal,Capesize,4850,2134.3,492.7,10.52
2025Q4,South Africa,Vizag,Coal,Panamax,4850,2134.3,492.7,12.64
2025Q4,South Africa,Vizag,Coal,Supramax,4850,2134.3,492.7,13.05
2025Q4,South Africa,Vizag,Coal,Handysize,4850,2134.3,492.7,17.2
2025Q4,South Africa,Vizag,Iron Ore,Capesize,4850,2134.3,492.7,9.27
2025Q4,South Africa,Vizag,Iron Ore,Panamax,4850,2134.3,492.7,10.19
2025Q4,South Africa,Vizag,Bauxite,Panamax,4850,2134.3,492.7,11.39
2025Q4,South Africa,Vizag,Bauxite,Supramax,4850,2134.3,492.7,14.05
2025Q4,South Africa,Vizag,Bauxite,Handysize,4850,2134.3,492.7,17.22
2025Q4,South Africa,Vizag,Grain,Panamax,4850,2134.3,492.7,14.51
2025Q4,South Africa,Vizag,Grain,Supramax,4850,2134.3,492.7,17.34
2025Q4,South Africa,Vizag,Grain,Handysize,4850,2134.3,492.7,19.31
2025Q4,South Africa,Haldia,Coal,Capesize,5120,2134.3,492.7,13.5
2025Q4,South Africa,Haldia,Coal,Panamax,5120,2134.3,492.7,16.21
2025Q4,South Africa,Haldia,Coal,Supramax,5120,2134.3,492.7,19.21
2025Q4,South Africa,Haldia,Coal,Handysize,5120,2134.3,492.7,22.45
2025Q4,South Africa,Haldia,Iron Ore,Capesize,5120,2134.3,492.7,12.29
2025Q4,South Africa,Haldia,Iron Ore,Panamax,5120,2134.3,492.7,15.27
2025Q4,South Africa,Haldia,Bauxite,Panamax,5120,2134.3,492.7,16.89
2025Q4,South Africa,Haldia,Bauxite,Supramax,5120,2134.3,492.7,19.53
2025Q4,South Africa,Haldia,Bauxite,Handysize,5120,2134.3,492.7,22.94
2025Q4,South Africa,Haldia,Grain,Panamax,5120,2134.3,492.7,20.48
2025Q4,South Africa,Haldia,Grain,Supramax,5120,2134.3,492.7,22.92
2025Q4,South Africa,Haldia,Grain,Handysize,5120,2134.3,492.7,26.07
2025Q4,South Africa,Kolkata,Coal,Capesize,5150,2134.3,492.7,16.28
2025Q4,South Africa,Kolkata,Coal,Panamax,5150,2134.3,492.7,19.85
2025Q4,South Africa,Kolkata,Coal,Supramax,5150,2134.3,492.7,21.7
2025Q4,South Africa,Kolkata,Coal,Handysize,5150,2134.3,492.7,26.08
2025Q4,South Africa,Kolkata,Iron Ore,Capesize,5150,2134.3,492.7,14.71
2025Q4,South Africa,Kolkata,Iron Ore,Panamax,5150,2134.3,492.7,16.27
2025Q4,South Africa,Kolkata,Bauxite,Panamax,5150,2134.3,492.7,19.41
2025Q4,South Africa,Kolkata,Bauxite,Supramax,5150,2134.3,492.7,21.6
2025Q4,South Africa,Kolkata,Bauxite,Handysize,5150,2134.3,492.7,26.07
2025Q4,South Africa,Kolkata,Grain,Panamax,5150,2134.3,492.7,21.67
2025Q4,South Africa,Kolkata,Grain,Supramax,5150,2134.3,492.7,25.49
2025Q4,South Africa,Kolkata,Grain,Handysize,5150,2134.3,492.7,29.22
2025Q4,Mozambique,Paradip,Coal,Capesize,3600,2134.3,492.7,9.64
2025Q4,Mozambique,Paradip,Coal,Panamax,3600,2134.3,492.7,11.61
2025Q4,Mozambique,Paradip,Coal,Supramax,3600,2134.3,492.7,13.24
2025Q4,Mozambique,Paradip,Coal,Handysize,3600,2134.3,492.7,14.43
2025Q4,Mozambique,Paradip,Iron Ore,Capesize,3600,2134.3,492.7,8.53
2025Q4,Mozambique,Paradip,Iron Ore,Panamax,3600,2134.3,492.7,9.71
2025Q4,Mozambique,Paradip,Bauxite,Panamax,3600,2134.3,492.7,12.07
2025Q4,Mozambique,Paradip,Bauxite,Supramax,3600,2134.3,492.7,14.21
2025Q4,Mozambique,Paradip,Bauxite,Handysize,3600,2134.3,492.7,16.35
2025Q4,Mozambique,Paradip,Grain,Panamax,3600,2134.3,492.7,13.3
2025Q4,Mozambique,Paradip,Grain,Supramax,3600,2134.3,492.7,16.09
2025Q4,Mozambique,Paradip,Grain,Handysize,3600,2134.3,492.7,18.21
2025Q4,Mozambique,Dhamra,Coal,Capesize,3550,2134.3,492.7,9.05
2025Q4,Mozambique,Dhamra,Coal,Panamax,3550,2134.3,492.7,11.32
2025Q4,Mozambique,Dhamra,Coal,Supramax,3550,2134.3,492.7,13.24
2025Q4,Mozambique,Dhamra,Coal,Handysize,3550,2134.3,492.7,15.44
2025Q4,Mozambique,Dhamra,Iron Ore,Capesize,3550,2134.3,492.7,8.3
2025Q4,Mozambique,Dhamra,Iron Ore,Panamax,3550,2134.3,492.7,10.34
2025Q4,Mozambique,Dhamra,Bauxite,Panamax,3550,2134.3,492.7,11.39
2025Q4,Mozambique,Dhamra,Bauxite,Supramax,3550,2134.3,492.7,13.83
2025Q4,Mozambique,Dhamra,Bauxite,Handysize,3550,2134.3,492.7,15.41
2025Q4,Mozambique,Dhamra,Grain,Panamax,3550,2134.3,492.7,13.14
2025Q4,Mozambique,Dhamra,Grain,Supramax,3550,2134.3,492.7,14.14
2025Q4,Mozambique,Dhamra,Grain,Handysize,3550,2134.3,492.7,17.74
2025Q4,Mozambique,Vizag,Coal,Capesize,3450,2134.3,492.7,9.33
2025Q4,Mozambique,Vizag,Coal,Panamax,3450,2134.3,492.7,10.74
2025Q4,Mozambique,Vizag,Coal,Supramax,3450,2134.3,492.7,13.49
2025Q4,Mozambique,Vizag,Coal,Handysize,3450,2134.3,492.7,14.15
2025Q4,Mozambique,Vizag,Iron Ore,Capesize,3450,2134.3,492.7,8.21
2025Q4,Mozambique,Vizag,Iron Ore,Panamax,3450,2134.3,492.7,9.49
2025Q4,Mozambique,Vizag,Bauxite,Panamax,3450,2134.3,492.7,11.21
2025Q4,Mozambique,Vizag,Bauxite,Supramax,3450,2134.3,492.7,13.82
2025Q4,Mozambique,Vizag,Bauxite,Handysize,3450,2134.3,492.7,16.29
2025Q4,Mozambique,Vizag,Grain,Panamax,3450,2134.3,492.7,12.75
2025Q4,Mozambique,Vizag,Grain,Supramax,3450,2134.3,492.7,14.86
2025Q4,Mozambique,Vizag,Grain,Handysize,3450,2134.3,492.7,16.98
2025Q4,Mozambique,Haldia,Coal,Capesize,3720,2134.3,492.7,13.47
2025Q4,Mozambique,Haldia,Coal,Panamax,3720,2134.3,492.7,15.67
2025Q4,Mozambique,Haldia,Coal,Supramax,3720,2134.3,492.7,17.52
2025Q4,Mozambique,Haldia,Coal,Handysize,3720,2134.3,492.7,19.42
2025Q4,Mozambique,Haldia,Iron Ore,Capesize,3720,2134.3,492.7,11.06
2025Q4,Mozambique,Haldia,Iron Ore,Panamax,3720,2134.3,492.7,13.65
2025Q4,Mozambique,Haldia,Bauxite,Panamax,3720,2134.3,492.7,16.13
2025Q4,Mozambique,Haldia,Bauxite,Supramax,3720,2134.3,492.7,17.13
2025Q4,Mozambique,Haldia,Bauxite,Handysize,3720,2134.3,492.7,21.19
2025Q4,Mozambique,Haldia,Grain,Panamax,3720,2134.3,492.7,19.11
2025Q4,Mozambique,Haldia,Grain,Supramax,3720,2134.3,492.7,20.94
2025Q4,Mozambique,Haldia,Grain,Handysize,3720,2134.3,492.7,25.77
2025Q4,Mozambique,Kolkata,Coal,Capesize,3750,2134.3,492.7,15.0
2025Q4,Mozambique,Kolkata,Coal,Panamax,3750,2134.3,492.7,16.52
2025Q4,Mozambique,Kolkata,Coal,Supramax,3750,2134.3,492.7,19.82
2025Q4,Mozambique,Kolkata,Coal,Handysize,3750,2134.3,492.7,23.14
2025Q4,Mozambique,Kolkata,Iron Ore,Capesize,3750,2134.3,492.7,12.76
2025Q4,Mozambique,Kolkata,Iron Ore,Panamax,3750,2134.3,492.7,14.93
2025Q4,Mozambique,Kolkata,Bauxite,Panamax,3750,2134.3,492.7,18.98
2025Q4,Mozambique,Kolkata,Bauxite,Supramax,3750,2134.3,492.7,20.31
2025Q4,Mozambique,Kolkata,Bauxite,Handysize,3750,2134.3,492.7,25.33
2025Q4,Mozambique,Kolkata,Grain,Panamax,3750,2134.3,492.7,20.29
2025Q4,Mozambique,Kolkata,Grain,Supramax,3750,2134.3,492.7,24.01
2025Q4,Mozambique,Kolkata,Grain,Handysize,3750,2134.3,492.7,28.44
2025Q4,Russia,Paradip,Coal,Capesize,6000,2134.3,492.7,20.81
2025Q4,Russia,Paradip,Coal,Panamax,6000,2134.3,492.7,25.38
2025Q4,Russia,Paradip,Coal,Supramax,6000,2134.3,492.7,26.95
2025Q4,Russia,Paradip,Coal,Handysize,6000,2134.3,492.7,34.22
2025Q4,Russia,Paradip,Iron Ore,Capesize,6000,2134.3,492.7,17.48
2025Q4,Russia,Paradip,Iron Ore,Panamax,6000,2134.3,492.7,22.22
2025Q4,Russia,Paradip,Bauxite,Panamax,6000,2134.3,492.7,26.91
2025Q4,Russia,Paradip,Bauxite,Supramax,6000,2134.3,492.7,31.15
2025Q4,Russia,Paradip,Bauxite,Handysize,6000,2134.3,492.7,33.78
2025Q4,Russia,Paradip,Grain,Panamax,6000,2134.3,492.7,28.64
2025Q4,Russia,Paradip,Grain,Supramax,6000,2134.3,492.7,34.0
2025Q4,Russia,Paradip,Grain,Handysize,6000,2134.3,492.7,40.7
2025Q4,Russia,Dhamra,Coal,Capesize,5950,2134.3,492.7,19.34
2025Q4,Russia,Dhamra,Coal,Panamax,5950,2134.3,492.7,24.37
2025Q4,Russia,Dhamra,Coal,Supramax,5950,2134.3,492.7,28.75
2025Q4,Russia,Dhamra,Coal,Handysize,5950,2134.3,492.7,32.69
2025Q4,Russia,Dhamra,Iron Ore,Capesize,5950,2134.3,492.7,19.09
2025Q4,Russia,Dhamra,Iron Ore,Panamax,5950,2134.3,492.7,22.11
2025Q4,Russia,Dhamra,Bauxite,Panamax,5950,2134.3,492.7,25.11
2025Q4,Russia,Dhamra,Bauxite,Supramax,5950,2134.3,492.7,27.84
2025Q4,Russia,Dhamra,Bauxite,Handysize,5950,2134.3,492.7,34.83
2025Q4,Russia,Dhamra,Grain,Panamax,5950,2134.3,492.7,28.28
2025Q4,Russia,Dhamra,Grain,Supramax,5950,2134.3,492.7,33.44
2025Q4,Russia,Dhamra,Grain,Handysize,5950,2134.3,492.7,40.28
2025Q4,Russia,Vizag,Coal,Capesize,5850,2134.3,492.7,21.99
2025Q4,Russia,Vizag,Coal,Panamax,5850,2134.3,492.7,24.49
2025Q4,Russia,Vizag,Coal,Supramax,5850,2134.3,492.7,29.17
2025Q4,Russia,Vizag,Coal,Handysize,5850,2134.3,492.7,31.53
2025Q4,Russia,Vizag,Iron Ore,Capesize,5850,2134.3,492.7,19.02
2025Q4,Russia,Vizag,Iron Ore,Panamax,5850,2134.3,492.7,22.03
2025Q4,Russia,Vizag,Bauxite,Panamax,5850,2134.3,492.7,26.86
2025Q4,Russia,Vizag,Bauxite,Supramax,5850,2134.3,492.7,29.47
2025Q4,Russia,Vizag,Bauxite,Handysize,5850,2134.3,492.7,34.58
2025Q4,Russia,Vizag,Grain,Panamax,5850,2134.3,492.7,30.52
2025Q4,Russia,Vizag,Grain,Supramax,5850,2134.3,492.7,34.22
2025Q4,Russia,Vizag,Grain,Handysize,5850,2134.3,492.7,38.31
2025Q4,Russia,Haldia,Coal,Capesize,6120,2134.3,492.7,27.18
2025Q4,Russia,Haldia,Coal,Panamax,6120,2134.3,492.7,28.11
2025Q4,Russia,Haldia,Coal,Supramax,6120,2134.3,492.7,34.0
2025Q4,Russia,Haldia,Coal,Handysize,6120,2134.3,492.7,40.04
2025Q4,Russia,Haldia,Iron Ore,Capesize,6120,2134.3,492.7,22.67
2025Q4,Russia,Haldia,Iron Ore,Panamax,6120,2134.3,492.7,26.12
2025Q4,Russia,Haldia,Bauxite,Panamax,6120,2134.3,492.7,30.48
2025Q4,Russia,Haldia,Bauxite,Supramax,6120,2134.3,492.7,35.49
2025Q4,Russia,Haldia,Bauxite,Handysize,6120,2134.3,492.7,39.91
2025Q4,Russia,Haldia,Grain,Panamax,6120,2134.3,492.7,37.69
2025Q4,Russia,Haldia,Grain,Supramax,6120,2134.3,492.7,40.58
2025Q4,Russia,Haldia,Grain,Handysize,6120,2134.3,492.7,48.46
2025Q4,Russia,Kolkata,Coal,Capesize,6150,2134.3,492.7,26.67
2025Q4,Russia,Kolkata,Coal,Panamax,6150,2134.3,492.7,31.2
2025Q4,Russia,Kolkata,Coal,Supramax,6150,2134.3,492.7,36.27
2025Q4,Russia,Kolkata,Coal,Handysize,6150,2134.3,492.7,40.46
2025Q4,Russia,Kolkata,Iron Ore,Capesize,6150,2134.3,492.7,24.15
2025Q4,Russia,Kolkata,Iron Ore,Panamax,6150,2134.3,492.7,28.03
2025Q4,Russia,Kolkata,Bauxite,Panamax,6150,2134.3,492.7,34.53
2025Q4,Russia,Kolkata,Bauxite,Supramax,6150,2134.3,492.7,37.08
2025Q4,Russia,Kolkata,Bauxite,Handysize,6150,2134.3,492.7,44.01
2025Q4,Russia,Kolkata,Grain,Panamax,6150,2134.3,492.7,36.72
2025Q4,Russia,Kolkata,Grain,Supramax,6150,2134.3,492.7,46.46
2025Q4,Russia,Kolkata,Grain,Handysize,6150,2134.3,492.7,49.78
2026Q1,Australia,Paradip,Coal,Capesize,4400,2094.3,574.12,10.36
2026Q1,Australia,Paradip,Coal,Panamax,4400,2094.3,574.12,12.29
2026Q1,Australia,Paradip,Coal,Supramax,4400,2094.3,574.12,13.8
2026Q1,Australia,Paradip,Coal,Handysize,4400,2094.3,574.12,15.33
2026Q1,Australia,Paradip,Iron Ore,Capesize,4400,2094.3,574.12,8.7
2026Q1,Australia,Paradip,Iron Ore,Panamax,4400,2094.3,574.12,11.02
2026Q1,Australia,Paradip,Bauxite,Panamax,4400,2094.3,574.12,11.93
2026Q1,Australia,Paradip,Bauxite,Supramax,4400,2094.3,574.12,14.77
2026Q1,Australia,Paradip,Bauxite,Handysize,4400,2094.3,574.12,16.97
2026Q1,Australia,Paradip,Grain,Panamax,4400,2094.3,574.12,14.46
2026Q1,Australia,Paradip,Grain,Supramax,4400,2094.3,574.12,16.92
2026Q1,Australia,Paradip,Grain,Handysize,4400,2094.3,574.12,18.69
2026Q1,Australia,Dhamra,Coal,Capesize,4350,2094.3,574.12,9.46
2026Q1,Australia,Dhamra,Coal,Panamax,4350,2094.3,574.12,11.75
2026Q1,Australia,Dhamra,Coal,Supramax,4350,2094.3,574.12,13.08
2026Q1,Australia,Dhamra,Coal,Handysize,4350,2094.3,574.12,14.03
2026Q1,Australia,Dhamra,Iron Ore,Capesize,4350,2094.3,574.12,9.01
2026Q1,Australia,Dhamra,Iron Ore,Panamax,4350,2094.3,574.12,9.95
2026Q1,Australia,Dhamra,Bauxite,Panamax,4350,2094.3,574.12,12.24
2026Q1,Australia,Dhamra,Bauxite,Supramax,4350,2094.3,574.12,14.73
2026Q1,Australia,Dhamra,Bauxite,Handysize,4350,2094.3,574.12,16.31
2026Q1,Australia,Dhamra,Grain,Panamax,4350,2094.3,574.12,14.24
2026Q1,Australia,Dhamra,Grain,Supramax,4350,2094.3,574.12,16.14
2026Q1,Australia,Dhamra,Grain,Handysize,4350,2094.3,574.12,19.67
2026Q1,Australia,Vizag,Coal,Capesize,4250,2094.3,574.12,9.6
2026Q1,Australia,Vizag,Coal,Panamax,4250,2094.3,574.12,11.68
2026Q1,Australia,Vizag,Coal,Supramax,4250,2094.3,574.12,13.95
2026Q1,Australia,Vizag,Coal,Handysize,4250,2094.3,574.12,15.71
2026Q1,Australia,Vizag,Iron Ore,Capesize,4250,2094.3,574.12,9.34
2026Q1,Australia,Vizag,Iron Ore,Panamax,4250,2094.3,574.12,10.35
2026Q1,Australia,Vizag,Bauxite,Panamax,4250,2094.3,574.12,13.15
2026Q1,Australia,Vizag,Bauxite,Supramax,4250,2094.3,574.12,15.37
2026Q1,Australia,Vizag,Bauxite,Handysize,4250,2094.3,574.12,16.77
2026Q1,Australia,Vizag,Grain,Panamax,4250,2094.3,574.12,14.29
2026Q1,Australia,Vizag,Grain,Supramax,4250,2094.3,574.12,17.03
2026Q1,Australia,Vizag,Grain,Handysize,4250,2094.3,574.12,18.19
2026Q1,Australia,Haldia,Coal,Capesize,4520,2094.3,574.12,12.92
2026Q1,Australia,Haldia,Coal,Panamax,4520,2094.3,574.12,16.55
2026Q1,Australia,Haldia,Coal,Supramax,4520,2094.3,574.12,18.67
2026Q1,Australia,Haldia,Coal,Handysize,4520,2094.3,574.12,21.3
2026Q1,Australia,Haldia,Iron Ore,Capesize,4520,2094.3,574.12,12.19
2026Q1,Australia,Haldia,Iron Ore,Panamax,4520,2094.3,574.12,13.08
2026Q1,Australia,Haldia,Bauxite,Panamax,4520,2094.3,574.12,16.54
2026Q1,Australia,Haldia,Bauxite,Supramax,4520,2094.3,574.12,18.91
2026Q1,Australia,Haldia,Bauxite,Handysize,4520,2094.3,574.12,23.27
2026Q1,Australia,Haldia,Grain,Panamax,4520,2094.3,574.12,19.69
2026Q1,Australia,Haldia,Grain,Supramax,4520,2094.3,574.12,22.64
2026Q1,Australia,Haldia,Grain,Handysize,4520,2094.3,574.12,26.12
2026Q1,Australia,Kolkata,Coal,Capesize,4550,2094.3,574.12,14.44
2026Q1,Australia,Kolkata,Coal,Panamax,4550,2094.3,574.12,18.2
2026Q1,Australia,Kolkata,Coal,Supramax,4550,2094.3,574.12,21.27
2026Q1,Australia,Kolkata,Coal,Handysize,4550,2094.3,574.12,25.21
2026Q1,Australia,Kolkata,Iron Ore,Capesize,4550,2094.3,574.12,14.73
2026Q1,Australia,Kolkata,Iron Ore,Panamax,4550,2094.3,574.12,15.1
2026Q1,Australia,Kolkata,Bauxite,Panamax,4550,2094.3,574.12,18.47
2026Q1,Australia,Kolkata,Bauxite,Supramax,4550,2094.3,574.12,21.28
2026Q1,Australia,Kolkata,Bauxite,Handysize,4550,2094.3,574.12,25.51
2026Q1,Australia,Kolkata,Grain,Panamax,4550,2094.3,574.12,21.41
2026Q1,Australia,Kolkata,Grain,Supramax,4550,2094.3,574.12,24.77
2026Q1,Australia,Kolkata,Grain,Handysize,4550,2094.3,574.12,30.03
2026Q1,Indonesia,Paradip,Coal,Capesize,2800,2094.3,574.12,6.05
2026Q1,Indonesia,Paradip,Coal,Panamax,2800,2094.3,574.12,7.09
2026Q1,Indonesia,Paradip,Coal,Supramax,2800,2094.3,574.12,8.28
2026Q1,Indonesia,Paradip,Coal,Handysize,2800,2094.3,574.12,9.84
2026Q1,Indonesia,Paradip,Iron Ore,Capesize,2800,2094.3,574.12,5.42
2026Q1,Indonesia,Paradip,Iron Ore,Panamax,2800,2094.3,574.12,6.61
2026Q1,Indonesia,Paradip,Bauxite,Panamax,2800,2094.3,574.12,7.68
2026Q1,Indonesia,Paradip,Bauxite,Supramax,2800,2094.3,574.12,8.77
2026Q1,Indonesia,Paradip,Bauxite,Handysize,2800,2094.3,574.12,10.79
2026Q1,Indonesia,Paradip,Grain,Panamax,2800,2094.3,574.12,8.81
2026Q1,Indonesia,Paradip,Grain,Supramax,2800,2094.3,574.12,10.69
2026Q1,Indonesia,Paradip,Grain,Handysize,2800,2094.3,574.12,11.88
2026Q1,Indonesia,Dhamra,Coal,Capesize,2750,2094.3,574.12,5.92
2026Q1,Indonesia,Dhamra,Coal,Panamax,2750,2094.3,574.12,6.8
2026Q1,Indonesia,Dhamra,Coal,Supramax,2750,2094.3,574.12,8.09
2026Q1,Indonesia,Dhamra,Coal,Handysize,2750,2094.3,574.12,9.63
2026Q1,Indonesia,Dhamra,Iron Ore,Capesize,2750,2094.3,574.12,5.26
2026Q1,Indonesia,Dhamra,Iron Ore,Panamax,2750,2094.3,574.12,6.36
2026Q1,Indonesia,Dhamra,Bauxite,Panamax,2750,2094.3,574.12,7.08
2026Q1,Indonesia,Dhamra,Bauxite,Supramax,2750,2094.3,574.12,8.72
2026Q1,Indonesia,Dhamra,Bauxite,Handysize,2750,2094.3,574.12,9.66
2026Q1,Indonesia,Dhamra,Grain,Panamax,2750,2094.3,574.12,8.57
2026Q1,Indonesia,Dhamra,Grain,Supramax,2750,2094.3,574.12,9.73
2026Q1,Indonesia,Dhamra,Grain,Handysize,2750,2094.3,574.12,11.87
2026Q1,Indonesia,Vizag,Coal,Capesize,2650,2094.3,574.12,5.57
2026Q1,Indonesia,Vizag,Coal,Panamax,2650,2094.3,574.12,6.44
2026Q1,Indonesia,Vizag,Coal,Supramax,2650,2094.3,574.12,7.76
2026Q1,Indonesia,Vizag,Coal,Handysize,2650,2094.3,574.12,8.76
2026Q1,Indonesia,Vizag,Iron Ore,Capesize,2650,2094.3,574.12,4.97
2026Q1,Indonesia,Vizag,Iron Ore,Panamax,2650,2094.3,574.12,6.25
2026Q1,Indonesia,Vizag,Bauxite,Panamax,2650,2094.3,574.12,7.13
2026Q1,Indonesia,Vizag,Bauxite,Supramax,2650,2094.3,574.12,8.18
2026Q1,Indonesia,Vizag,Bauxite,Handysize,2650,2094.3,574.12,9.53
2026Q1,Indonesia,Vizag,Grain,Panamax,2650,2094.3,574.12,7.98
2026Q1,Indonesia,Vizag,Grain,Supramax,2650,2094.3,574.12,10.06
2026Q1,Indonesia,Vizag,Grain,Handysize,2650,2094.3,574.12,10.76
2026Q1,Indonesia,Haldia,Coal,Capesize,2920,2094.3,574.12,7.96
2026Q1,Indonesia,Haldia,Coal,Panamax,2920,2094.3,574.12,10.04
2026Q1,Indonesia,Haldia,Coal,Supramax,2920,2094.3,574.12,11.31
2026Q1,Indonesia,Haldia,Coal,Handysize,2920,2094.3,574.12,14.17
2026Q1,Indonesia,Haldia,Iron Ore,Capesize,2920,2094.3,574.12,7.37
2026Q1,Indonesia,Haldia,Iron Ore,Panamax,2920,2094.3,574.12,9.05
2026Q1,Indonesia,Haldia,Bauxite,Panamax,2920,2094.3,574.12,10.64
2026Q1,Indonesia,Haldia,Bauxite,Supramax,2920,2094.3,574.12,11.75
2026Q1,Indonesia,Haldia,Bauxite,Handysize,2920,2094.3,574.12,13.53
2026Q1,Indonesia,Haldia,Grain,Panamax,2920,2094.3,574.12,12.03
2026Q1,Indonesia,Haldia,Grain,Supramax,2920,2094.3,574.12,13.95
2026Q1,Indonesia,Haldia,Grain,Handysize,2920,2094.3,574.12,15.09
2026Q1,Indonesia,Kolkata,Coal,Capesize,2950,2094.3,574.12,9.23
2026Q1,Indonesia,Kolkata,Coal,Panamax,2950,2094.3,574.12,10.25
2026Q1,Indonesia,Kolkata,Coal,Supramax,2950,2094.3,574.12,13.4
2026Q1,Indonesia,Kolkata,Coal,Handysize,2950,2094.3,574.12,15.1
2026Q1,Indonesia,Kolkata,Iron Ore,Capesize,2950,2094.3,574.12,8.6
2026Q1,Indonesia,Kolkata,Iron Ore,Panamax,2950,2094.3,574.12,9.53
2026Q1,Indonesia,Kolkata,Bauxite,Panamax,2950,2094.3,574.12,11.36
2026Q1,Indonesia,Kolkata,Bauxite,Supramax,2950,2094.3,574.12,13.56
2026Q1,Indonesia,Kolkata,Bauxite,Handysize,2950,2094.3,574.12,15.62
2026Q1,Indonesia,Kolkata,Grain,Panamax,2950,2094.3,574.12,13.56
2026Q1,Indonesia,Kolkata,Grain,Supramax,2950,2094.3,574.12,16.08
2026Q1,Indonesia,Kolkata,Grain,Handysize,2950,2094.3,574.12,19.74
2026Q1,South Africa,Paradip,Coal,Capesize,5000,2094.3,574.12,10.57
2026Q1,South Africa,Paradip,Coal,Panamax,5000,2094.3,574.12,12.87
2026Q1,South Africa,Paradip,Coal,Supramax,5000,2094.3,574.12,14.03
2026Q1,South Africa,Paradip,Coal,Handysize,5000,2094.3,574.12,15.79
2026Q1,South Africa,Paradip,Iron Ore,Capesize,5000,2094.3,574.12,9.4
2026Q1,South Africa,Paradip,Iron Ore,Panamax,5000,2094.3,574.12,10.52
2026Q1,South Africa,Paradip,Bauxite,Panamax,5000,2094.3,574.12,13.01
2026Q1,South Africa,Paradip,Bauxite,Supramax,5000,2094.3,574.12,14.76
2026Q1,South Africa,Paradip,Bauxite,Handysize,5000,2094.3,574.12,16.41
2026Q1,South Africa,Paradip,Grain,Panamax,5000,2094.3,574.12,15.77
2026Q1,South Africa,Paradip,Grain,Supramax,5000,2094.3,574.12,17.01
2026Q1,South Africa,Paradip,Grain,Handysize,5000,2094.3,574.12,18.97
2026Q1,South Africa,Dhamra,Coal,Capesize,4950,2094.3,574.12,10.6
2026Q1,South Africa,Dhamra,Coal,Panamax,4950,2094.3,574.12,11.73
2026Q1,South Africa,Dhamra,Coal,Supramax,4950,2094.3,574.12,14.57
2026Q1,South Africa,Dhamra,Coal,Handysize,4950,2094.3,574.12,15.88
2026Q1,South Africa,Dhamra,Iron Ore,Capesize,4950,2094.3,574.12,9.07
2026Q1,South Africa,Dhamra,Iron Ore,Panamax,4950,2094.3,574.12,10.96
2026Q1,South Africa,Dhamra,Bauxite,Panamax,4950,2094.3,574.12,12.9
2026Q1,South Africa,Dhamra,Bauxite,Supramax,4950,2094.3,574.12,15.14
2026Q1,South Africa,Dhamra,Bauxite,Handysize,4950,2094.3,574.12,17.05
2026Q1,South Africa,Dhamra,Grain,Panamax,4950,2094.3,574.12,14.71
2026Q1,South Africa,Dhamra,Grain,Supramax,4950,2094.3,574.12,17.28
2026Q1,South Africa,Dhamra,Grain,Handysize,4950,2094.3,574.12,19.69
2026Q1,South Africa,Vizag,Coal,Capesize,4850,2094.3,574.12,10.11
2026Q1,South Africa,Vizag,Coal,Panamax,4850,2094.3,574.12,11.29
2026Q1,South Africa,Vizag,Coal,Supramax,4850,2094.3,574.12,14.16
2026Q1,South Africa,Vizag,Coal,Handysize,4850,2094.3,574.12,16.13
2026Q1,South Africa,Vizag,Iron Ore,Capesize,4850,2094.3,574.12,9.01
2026Q1,South Africa,Vizag,Iron Ore,Panamax,4850,2094.3,574.12,11.18
2026Q1,South Africa,Vizag,Bauxite,Panamax,4850,2094.3,574.12,11.86
2026Q1,South Africa,Vizag,Bauxite,Supramax,4850,2094.3,574.12,15.4
2026Q1,South Africa,Vizag,Bauxite,Handysize,4850,2094.3,574.12,16.89
2026Q1,South Africa,Vizag,Grain,Panamax,4850,2094.3,574.12,14.43
2026Q1,South Africa,Vizag,Grain,Supramax,4850,2094.3,574.12,16.42
2026Q1,South Africa,Vizag,Grain,Handysize,4850,2094.3,574.12,18.2
2026Q1,South Africa,Haldia,Coal,Capesize,5120,2094.3,574.12,13.72
2026Q1,South Africa,Haldia,Coal,Panamax,5120,2094.3,574.12,16.33
2026Q1,South Africa,Haldia,Coal,Supramax,5120,2094.3,574.12,19.27
2026Q1,South Africa,Haldia,Coal,Handysize,5120,2094.3,574.12,21.7
2026Q1,South Africa,Haldia,Iron Ore,Capesize,5120,2094.3,574.12,11.45
2026Q1,South Africa,Haldia,Iron Ore,Panamax,5120,2094.3,574.12,13.74
2026Q1,South Africa,Haldia,Bauxite,Panamax,5120,2094.3,574.12,18.16
2026Q1,South Africa,Haldia,Bauxite,Supramax,5120,2094.3,574.12,19.01
2026Q1,South Africa,Haldia,Bauxite,Handysize,5120,2094.3,574.12,24.09
2026Q1,South Africa,Haldia,Grain,Panamax,5120,2094.3,574.12,18.73
2026Q1,South Africa,Haldia,Grain,Supramax,5120,2094.3,574.12,22.45
2026Q1,South Africa,Haldia,Grain,Handysize,5120,2094.3,574.12,26.8
2026Q1,South Africa,Kolkata,Coal,Capesize,5150,2094.3,574.12,15.03
2026Q1,South Africa,Kolkata,Coal,Panamax,5150,2094.3,574.12,19.13
2026Q1,South Africa,Kolkata,Coal,Supramax,5150,2094.3,574.12,21.2
2026Q1,South Africa,Kolkata,Coal,Handysize,5150,2094.3,574.12,24.93
2026Q1,South Africa,Kolkata,Iron Ore,Capesize,5150,2094.3,574.12,13.8
2026Q1,South Africa,Kolkata,Iron Ore,Panamax,5150,2094.3,574.12,16.68
2026Q1,South Africa,Kolkata,Bauxite,Panamax,5150,2094.3,574.12,20.08
2026Q1,South Africa,Kolkata,Bauxite,Supramax,5150,2094.3,574.12,22.09
2026Q1,South Africa,Kolkata,Bauxite,Handysize,5150,2094.3,574.12,27.32
2026Q1,South Africa,Kolkata,Grain,Panamax,5150,2094.3,574.12,21.28
2026Q1,South Africa,Kolkata,Grain,Supramax,5150,2094.3,574.12,26.05
2026Q1,South Africa,Kolkata,Grain,Handysize,5150,2094.3,574.12,29.95
2026Q1,Mozambique,Paradip,Coal,Capesize,3600,2094.3,574.12,9.19
2026Q1,Mozambique,Paradip,Coal,Panamax,3600,2094.3,574.12,11.27
2026Q1,Mozambique,Paradip,Coal,Supramax,3600,2094.3,574.12,13.05
2026Q1,Mozambique,Paradip,Coal,Handysize,3600,2094.3,574.12,14.69
2026Q1,Mozambique,Paradip,Iron Ore,Capesize,3600,2094.3,574.12,8.7
2026Q1,Mozambique,Paradip,Iron Ore,Panamax,3600,2094.3,574.12,10.12
2026Q1,Mozambique,Paradip,Bauxite,Panamax,3600,2094.3,574.12,11.71
2026Q1,Mozambique,Paradip,Bauxite,Supramax,3600,2094.3,574.12,13.67
2026Q1,Mozambique,Paradip,Bauxite,Handysize,3600,2094.3,574.12,15.85
2026Q1,Mozambique,Paradip,Grain,Panamax,3600,2094.3,574.12,13.25
2026Q1,Mozambique,Paradip,Grain,Supramax,3600,2094.3,574.12,15.73
2026Q1,Mozambique,Paradip,Grain,Handysize,3600,2094.3,574.12,17.76
2026Q1,Mozambique,Dhamra,Coal,Capesize,3550,2094.3,574.12,10.11
2026Q1,Mozambique,Dhamra,Coal,Panamax,3550,2094.3,574.12,10.29
2026Q1,Mozambique,Dhamra,Coal,Supramax,3550,2094.3,574.12,12.38
2026Q1,Mozambique,Dhamra,Coal,Handysize,3550,2094.3,574.12,14.4
2026Q1,Mozambique,Dhamra,Iron Ore,Capesize,3550,2094.3,574.12,8.92
2026Q1,Mozambique,Dhamra,Iron Ore,Panamax,3550,2094.3,574.12,9.3
2026Q1,Mozambique,Dhamra,Bauxite,Panamax,3550,2094.3,574.12,11.54
2026Q1,Mozambique,Dhamra,Bauxite,Supramax,3550,2094.3,574.12,13.38
2026Q1,Mozambique,Dhamra,Bauxite,Handysize,3550,2094.3,574.12,15.58
2026Q1,Mozambique,Dhamra,Grain,Panamax,3550,2094.3,574.12,13.56
2026Q1,Mozambique,Dhamra,Grain,Supramax,3550,2094.3,574.12,15.81
2026Q1,Mozambique,Dhamra,Grain,Handysize,3550,2094.3,574.12,17.32
2026Q1,Mozambique,Vizag,Coal,Capesize,3450,2094.3,574.12,9.19
2026Q1,Mozambique,Vizag,Coal,Panamax,3450,2094.3,574.12,9.99
2026Q1,Mozambique,Vizag,Coal,Supramax,3450,2094.3,574.12,12.51
2026Q1,Mozambique,Vizag,Coal,Handysize,3450,2094.3,574.12,14.07
2026Q1,Mozambique,Vizag,Iron Ore,Capesize,3450,2094.3,574.12,8.16
2026Q1,Mozambique,Vizag,Iron Ore,Panamax,3450,2094.3,574.12,9.05
2026Q1,Mozambique,Vizag,Bauxite,Panamax,3450,2094.3,574.12,11.38
2026Q1,Mozambique,Vizag,Bauxite,Supramax,3450,2094.3,574.12,12.31
2026Q1,Mozambique,Vizag,Bauxite,Handysize,3450,2094.3,574.12,15.28
2026Q1,Mozambique,Vizag,Grain,Panamax,3450,2094.3,574.12,12.27
2026Q1,Mozambique,Vizag,Grain,Supramax,3450,2094.3,574.12,14.52
2026Q1,Mozambique,Vizag,Grain,Handysize,3450,2094.3,574.12,18.07
2026Q1,Mozambique,Haldia,Coal,Capesize,3720,2094.3,574.12,12.9
2026Q1,Mozambique,Haldia,Coal,Panamax,3720,2094.3,574.12,15.39
2026Q1,Mozambique,Haldia,Coal,Supramax,3720,2094.3,574.12,18.2
2026Q1,Mozambique,Haldia,Coal,Handysize,3720,2094.3,574.12,19.49
2026Q1,Mozambique,Haldia,Iron Ore,Capesize,3720,2094.3,574.12,11.97
2026Q1,Mozambique,Haldia,Iron Ore,Panamax,3720,2094.3,574.12,12.63
2026Q1,Mozambique,Haldia,Bauxite,Panamax,3720,2094.3,574.12,15.94
2026Q1,Mozambique,Haldia,Bauxite,Supramax,3720,2094.3,574.12,17.81
2026Q1,Mozambique,Haldia,Bauxite,Handysize,3720,2094.3,574.12,20.35
2026Q1,Mozambique,Haldia,Grain,Panamax,3720,2094.3,574.12,18.13
2026Q1,Mozambique,Haldia,Grain,Supramax,3720,2094.3,574.12,21.39
2026Q1,Mozambique,Haldia,Grain,Handysize,3720,2094.3,574.12,24.81
2026Q1,Mozambique,Kolkata,Coal,Capesize,3750,2094.3,574.12,14.5
2026Q1,Mozambique,Kolkata,Coal,Panamax,3750,2094.3,574.12,16.92
2026Q1,Mozambique,Kolkata,Coal,Supramax,3750,2094.3,574.12,20.02
2026Q1,Mozambique,Kolkata,Coal,Handysize,3750,2094.3,574.12,23.05
2026Q1,Mozambique,Kolkata,Iron Ore,Capesize,3750,2094.3,574.12,13.2
2026Q1,Mozambique,Kolkata,Iron Ore,Panamax,3750,2094.3,574.12,15.27
2026Q1,Mozambique,Kolkata,Bauxite,Panamax,3750,2094.3,574.12,18.21
2026Q1,Mozambique,Kolkata,Bauxite,Supramax,3750,2094.3,574.12,19.46
2026Q1,Mozambique,Kolkata,Bauxite,Handysize,3750,2094.3,574.12,23.84
2026Q1,Mozambique,Kolkata,Grain,Panamax,3750,2094.3,574.12,19.24
2026Q1,Mozambique,Kolkata,Grain,Supramax,3750,2094.3,574.12,23.81
2026Q1,Mozambique,Kolkata,Grain,Handysize,3750,2094.3,574.12,28.95
2026Q1,Russia,Paradip,Coal,Capesize,6000,2094.3,574.12,20.51
2026Q1,Russia,Paradip,Coal,Panamax,6000,2094.3,574.12,24.53
2026Q1,Russia,Paradip,Coal,Supramax,6000,2094.3,574.12,29.24
2026Q1,Russia,Paradip,Coal,Handysize,6000,2094.3,574.12,30.67
2026Q1,Russia,Paradip,Iron Ore,Capesize,6000,2094.3,574.12,18.43
2026Q1,Russia,Paradip,Iron Ore,Panamax,6000,2094.3,574.12,22.26
2026Q1,Russia,Paradip,Bauxite,Panamax,6000,2094.3,574.12,23.04
2026Q1,Russia,Paradip,Bauxite,Supramax,6000,2094.3,574.12,28.89
2026Q1,Russia,Paradip,Bauxite,Handysize,6000,2094.3,574.12,36.06
2026Q1,Russia,Paradip,Grain,Panamax,6000,2094.3,574.12,30.33
2026Q1,Russia,Paradip,Grain,Supramax,6000,2094.3,574.12,34.63
2026Q1,Russia,Paradip,Grain,Handysize,6000,2094.3,574.12,40.91
2026Q1,Russia,Dhamra,Coal,Capesize,5950,2094.3,574.12,20.59
2026Q1,Russia,Dhamra,Coal,Panamax,5950,2094.3,574.12,24.39
2026Q1,Russia,Dhamra,Coal,Supramax,5950,2094.3,574.12,27.6
2026Q1,Russia,Dhamra,Coal,Handysize,5950,2094.3,574.12,32.53
2026Q1,Russia,Dhamra,Iron Ore,Capesize,5950,2094.3,574.12,17.98
2026Q1,Russia,Dhamra,Iron Ore,Panamax,5950,2094.3,574.12,22.48
2026Q1,Russia,Dhamra,Bauxite,Panamax,5950,2094.3,574.12,26.46
2026Q1,Russia,Dhamra,Bauxite,Supramax,5950,2094.3,574.12,30.72
2026Q1,Russia,Dhamra,Bauxite,Handysize,5950,2094.3,574.12,33.53
2026Q1,Russia,Dhamra,Grain,Panamax,5950,2094.3,574.12,27.75
2026Q1,Russia,Dhamra,Grain,Supramax,5950,2094.3,574.12,34.99
2026Q1,Russia,Dhamra,Grain,Handysize,5950,2094.3,574.12,39.62
2026Q1,Russia,Vizag,Coal,Capesize,5850,2094.3,574.12,20.79
2026Q1,Russia,Vizag,Coal,Panamax,5850,2094.3,574.12,23.53
2026Q1,Russia,Vizag,Coal,Supramax,5850,2094.3,574.12,28.49
2026Q1,Russia,Vizag,Coal,Handysize,5850,2094.3,574.12,31.35
2026Q1,Russia,Vizag,Iron Ore,Capesize,5850,2094.3,574.12,18.91
2026Q1,Russia,Vizag,Iron Ore,Panamax,5850,2094.3,574.12,22.7
2026Q1,Russia,Vizag,Bauxite,Panamax,5850,2094.3,574.12,26.71
2026Q1,Russia,Vizag,Bauxite,Supramax,5850,2094.3,574.12,30.21
2026Q1,Russia,Vizag,Bauxite,Handysize,5850,2094.3,574.12,32.56
2026Q1,Russia,Vizag,Grain,Panamax,5850,2094.3,574.12,29.08
2026Q1,Russia,Vizag,Grain,Supramax,5850,2094.3,574.12,36.21
2026Q1,Russia,Vizag,Grain,Handysize,5850,2094.3,574.12,37.92
2026Q1,Russia,Haldia,Coal,Capesize,6120,2094.3,574.12,24.43
2026Q1,Russia,Haldia,Coal,Panamax,6120,2094.3,574.12,30.08
2026Q1,Russia,Haldia,Coal,Supramax,6120,2094.3,574.12,34.17
2026Q1,Russia,Haldia,Coal,Handysize,6120,2094.3,574.12,42.19
2026Q1,Russia,Haldia,Iron Ore,Capesize,6120,2094.3,574.12,21.47
2026Q1,Russia,Haldia,Iron Ore,Panamax,6120,2094.3,574.12,24.91
2026Q1,Russia,Haldia,Bauxite,Panamax,6120,2094.3,574.12,31.39
2026Q1,Russia,Haldia,Bauxite,Supramax,6120,2094.3,574.12,33.65
2026Q1,Russia,Haldia,Bauxite,Handysize,6120,2094.3,574.12,40.48
2026Q1,Russia,Haldia,Grain,Panamax,6120,2094.3,574.12,34.32
2026Q1,Russia,Haldia,Grain,Supramax,6120,2094.3,574.12,41.59
2026Q1,Russia,Haldia,Grain,Handysize,6120,2094.3,574.12,47.58
2026Q1,Russia,Kolkata,Coal,Capesize,6150,2094.3,574.12,26.9
2026Q1,Russia,Kolkata,Coal,Panamax,6150,2094.3,574.12,30.56
2026Q1,Russia,Kolkata,Coal,Supramax,6150,2094.3,574.12,37.71
2026Q1,Russia,Kolkata,Coal,Handysize,6150,2094.3,574.12,47.9
2026Q1,Russia,Kolkata,Iron Ore,Capesize,6150,2094.3,574.12,24.41
2026Q1,Russia,Kolkata,Iron Ore,Panamax,6150,2094.3,574.12,28.0
2026Q1,Russia,Kolkata,Bauxite,Panamax,6150,2094.3,574.12,31.07
2026Q1,Russia,Kolkata,Bauxite,Supramax,6150,2094.3,574.12,37.13
2026Q1,Russia,Kolkata,Bauxite,Handysize,6150,2094.3,574.12,43.75
2026Q1,Russia,Kolkata,Grain,Panamax,6150,2094.3,574.12,36.51
2026Q1,Russia,Kolkata,Grain,Supramax,6150,2094.3,574.12,43.38
2026Q1,Russia,Kolkata,Grain,Handysize,6150,2094.3,574.12,53.51
2026Q2,Australia,Paradip,Coal,Capesize,4400,2803.7,698.76,14.19
2026Q2,Australia,Paradip,Coal,Panamax,4400,2803.7,698.76,15.83
2026Q2,Australia,Paradip,Coal,Supramax,4400,2803.7,698.76,17.79
2026Q2,Australia,Paradip,Coal,Handysize,4400,2803.7,698.76,22.56
2026Q2,Australia,Paradip,Iron Ore,Capesize,4400,2803.7,698.76,12.22
2026Q2,Australia,Paradip,Iron Ore,Panamax,4400,2803.7,698.76,13.46
2026Q2,Australia,Paradip,Bauxite,Panamax,4400,2803.7,698.76,17.13
2026Q2,Australia,Paradip,Bauxite,Supramax,4400,2803.7,698.76,20.2
2026Q2,Australia,Paradip,Bauxite,Handysize,4400,2803.7,698.76,20.71
2026Q2,Australia,Paradip,Grain,Panamax,4400,2803.7,698.76,18.55
2026Q2,Australia,Paradip,Grain,Supramax,4400,2803.7,698.76,22.2
2026Q2,Australia,Paradip,Grain,Handysize,4400,2803.7,698.76,26.53
2026Q2,Australia,Dhamra,Coal,Capesize,4350,2803.7,698.76,12.87
2026Q2,Australia,Dhamra,Coal,Panamax,4350,2803.7,698.76,14.9
2026Q2,Australia,Dhamra,Coal,Supramax,4350,2803.7,698.76,18.36
2026Q2,Australia,Dhamra,Coal,Handysize,4350,2803.7,698.76,20.45
2026Q2,Australia,Dhamra,Iron Ore,Capesize,4350,2803.7,698.76,12.02
2026Q2,Australia,Dhamra,Iron Ore,Panamax,4350,2803.7,698.76,13.28
2026Q2,Australia,Dhamra,Bauxite,Panamax,4350,2803.7,698.76,15.35
2026Q2,Australia,Dhamra,Bauxite,Supramax,4350,2803.7,698.76,19.3
2026Q2,Australia,Dhamra,Bauxite,Handysize,4350,2803.7,698.76,22.02
2026Q2,Australia,Dhamra,Grain,Panamax,4350,2803.7,698.76,19.01
2026Q2,Australia,Dhamra,Grain,Supramax,4350,2803.7,698.76,21.09
2026Q2,Australia,Dhamra,Grain,Handysize,4350,2803.7,698.76,24.25
2026Q2,Australia,Vizag,Coal,Capesize,4250,2803.7,698.76,13.99
2026Q2,Australia,Vizag,Coal,Panamax,4250,2803.7,698.76,14.8
2026Q2,Australia,Vizag,Coal,Supramax,4250,2803.7,698.76,19.04
2026Q2,Australia,Vizag,Coal,Handysize,4250,2803.7,698.76,22.15
2026Q2,Australia,Vizag,Iron Ore,Capesize,4250,2803.7,698.76,12.38
2026Q2,Australia,Vizag,Iron Ore,Panamax,4250,2803.7,698.76,13.73
2026Q2,Australia,Vizag,Bauxite,Panamax,4250,2803.7,698.76,15.95
2026Q2,Australia,Vizag,Bauxite,Supramax,4250,2803.7,698.76,19.01
2026Q2,Australia,Vizag,Bauxite,Handysize,4250,2803.7,698.76,21.22
2026Q2,Australia,Vizag,Grain,Panamax,4250,2803.7,698.76,18.13
2026Q2,Australia,Vizag,Grain,Supramax,4250,2803.7,698.76,22.38
2026Q2,Australia,Vizag,Grain,Handysize,4250,2803.7,698.76,25.98
2026Q2,Australia,Haldia,Coal,Capesize,4520,2803.7,698.76,17.46
2026Q2,Australia,Haldia,Coal,Panamax,4520,2803.7,698.76,21.73
2026Q2,Australia,Haldia,Coal,Supramax,4520,2803.7,698.76,25.16
2026Q2,Australia,Haldia,Coal,Handysize,4520,2803.7,698.76,30.26
2026Q2,Australia,Haldia,Iron Ore,Capesize,4520,2803.7,698.76,16.64
2026Q2,Australia,Haldia,Iron Ore,Panamax,4520,2803.7,698.76,19.81
2026Q2,Australia,Haldia,Bauxite,Panamax,4520,2803.7,698.76,22.66
2026Q2,Australia,Haldia,Bauxite,Supramax,4520,2803.7,698.76,26.89
2026Q2,Australia,Haldia,Bauxite,Handysize,4520,2803.7,698.76,28.82
2026Q2,Australia,Haldia,Grain,Panamax,4520,2803.7,698.76,25.36
2026Q2,Australia,Haldia,Grain,Supramax,4520,2803.7,698.76,29.67
2026Q2,Australia,Haldia,Grain,Handysize,4520,2803.7,698.76,34.19
2026Q2,Australia,Kolkata,Coal,Capesize,4550,2803.7,698.76,20.71
2026Q2,Australia,Kolkata,Coal,Panamax,4550,2803.7,698.76,24.41
2026Q2,Australia,Kolkata,Coal,Supramax,4550,2803.7,698.76,28.24
2026Q2,Australia,Kolkata,Coal,Handysize,4550,2803.7,698.76,32.13
2026Q2,Australia,Kolkata,Iron Ore,Capesize,4550,2803.7,698.76,17.88
2026Q2,Australia,Kolkata,Iron Ore,Panamax,4550,2803.7,698.76,22.31
2026Q2,Australia,Kolkata,Bauxite,Panamax,4550,2803.7,698.76,25.38
2026Q2,Australia,Kolkata,Bauxite,Supramax,4550,2803.7,698.76,28.21
2026Q2,Australia,Kolkata,Bauxite,Handysize,4550,2803.7,698.76,33.72
2026Q2,Australia,Kolkata,Grain,Panamax,4550,2803.7,698.76,26.9
2026Q2,Australia,Kolkata,Grain,Supramax,4550,2803.7,698.76,33.47
2026Q2,Australia,Kolkata,Grain,Handysize,4550,2803.7,698.76,38.53
2026Q2,Indonesia,Paradip,Coal,Capesize,2800,2803.7,698.76,8.25
2026Q2,Indonesia,Paradip,Coal,Panamax,2800,2803.7,698.76,10.4
2026Q2,Indonesia,Paradip,Coal,Supramax,2800,2803.7,698.76,11.03
2026Q2,Indonesia,Paradip,Coal,Handysize,2800,2803.7,698.76,13.67
2026Q2,Indonesia,Paradip,Iron Ore,Capesize,2800,2803.7,698.76,8.16
2026Q2,Indonesia,Paradip,Iron Ore,Panamax,2800,2803.7,698.76,9.2
2026Q2,Indonesia,Paradip,Bauxite,Panamax,2800,2803.7,698.76,10.34
2026Q2,Indonesia,Paradip,Bauxite,Supramax,2800,2803.7,698.76,11.59
2026Q2,Indonesia,Paradip,Bauxite,Handysize,2800,2803.7,698.76,13.34
2026Q2,Indonesia,Paradip,Grain,Panamax,2800,2803.7,698.76,11.65
2026Q2,Indonesia,Paradip,Grain,Supramax,2800,2803.7,698.76,13.46
2026Q2,Indonesia,Paradip,Grain,Handysize,2800,2803.7,698.76,15.61
2026Q2,Indonesia,Dhamra,Coal,Capesize,2750,2803.7,698.76,7.84
2026Q2,Indonesia,Dhamra,Coal,Panamax,2750,2803.7,698.76,9.25
2026Q2,Indonesia,Dhamra,Coal,Supramax,2750,2803.7,698.76,11.02
2026Q2,Indonesia,Dhamra,Coal,Handysize,2750,2803.7,698.76,12.03
2026Q2,Indonesia,Dhamra,Iron Ore,Capesize,2750,2803.7,698.76,6.97
2026Q2,Indonesia,Dhamra,Iron Ore,Panamax,2750,2803.7,698.76,8.31
2026Q2,Indonesia,Dhamra,Bauxite,Panamax,2750,2803.7,698.76,9.68
2026Q2,Indonesia,Dhamra,Bauxite,Supramax,2750,2803.7,698.76,12.11
2026Q2,Indonesia,Dhamra,Bauxite,Handysize,2750,2803.7,698.76,13.31
2026Q2,Indonesia,Dhamra,Grain,Panamax,2750,2803.7,698.76,10.51
2026Q2,Indonesia,Dhamra,Grain,Supramax,2750,2803.7,698.76,13.19
2026Q2,Indonesia,Dhamra,Grain,Handysize,2750,2803.7,698.76,15.38
2026Q2,Indonesia,Vizag,Coal,Capesize,2650,2803.7,698.76,7.74
2026Q2,Indonesia,Vizag,Coal,Panamax,2650,2803.7,698.76,8.71
2026Q2,Indonesia,Vizag,Coal,Supramax,2650,2803.7,698.76,11.27
2026Q2,Indonesia,Vizag,Coal,Handysize,2650,2803.7,698.76,11.86
2026Q2,Indonesia,Vizag,Iron Ore,Capesize,2650,2803.7,698.76,7.15
2026Q2,Indonesia,Vizag,Iron Ore,Panamax,2650,2803.7,698.76,8.24
2026Q2,Indonesia,Vizag,Bauxite,Panamax,2650,2803.7,698.76,9.75
2026Q2,Indonesia,Vizag,Bauxite,Supramax,2650,2803.7,698.76,11.81
2026Q2,Indonesia,Vizag,Bauxite,Handysize,2650,2803.7,698.76,13.19
2026Q2,Indonesia,Vizag,Grain,Panamax,2650,2803.7,698.76,10.7
2026Q2,Indonesia,Vizag,Grain,Supramax,2650,2803.7,698.76,13.23
2026Q2,Indonesia,Vizag,Grain,Handysize,2650,2803.7,698.76,14.45
2026Q2,Indonesia,Haldia,Coal,Capesize,2920,2803.7,698.76,11.23
2026Q2,Indonesia,Haldia,Coal,Panamax,2920,2803.7,698.76,12.48
2026Q2,Indonesia,Haldia,Coal,Supramax,2920,2803.7,698.76,14.7
2026Q2,Indonesia,Haldia,Coal,Handysize,2920,2803.7,698.76,17.74
2026Q2,Indonesia,Haldia,Iron Ore,Capesize,2920,2803.7,698.76,10.18
2026Q2,Indonesia,Haldia,Iron Ore,Panamax,2920,2803.7,698.76,11.07
2026Q2,Indonesia,Haldia,Bauxite,Panamax,2920,2803.7,698.76,13.97
2026Q2,Indonesia,Haldia,Bauxite,Supramax,2920,2803.7,698.76,15.56
2026Q2,Indonesia,Haldia,Bauxite,Handysize,2920,2803.7,698.76,19.42
2026Q2,Indonesia,Haldia,Grain,Panamax,2920,2803.7,698.76,15.5
2026Q2,Indonesia,Haldia,Grain,Supramax,2920,2803.7,698.76,17.59
2026Q2,Indonesia,Haldia,Grain,Handysize,2920,2803.7,698.76,21.3
2026Q2,Indonesia,Kolkata,Coal,Capesize,2950,2803.7,698.76,12.46
2026Q2,Indonesia,Kolkata,Coal,Panamax,2950,2803.7,698.76,15.73
2026Q2,Indonesia,Kolkata,Coal,Supramax,2950,2803.7,698.76,17.58
2026Q2,Indonesia,Kolkata,Coal,Handysize,2950,2803.7,698.76,20.29
2026Q2,Indonesia,Kolkata,Iron Ore,Capesize,2950,2803.7,698.76,11.82
2026Q2,Indonesia,Kolkata,Iron Ore,Panamax,2950,2803.7,698.76,13.08
2026Q2,Indonesia,Kolkata,Bauxite,Panamax,2950,2803.7,698.76,15.1
2026Q2,Indonesia,Kolkata,Bauxite,Supramax,2950,2803.7,698.76,18.72
2026Q2,Indonesia,Kolkata,Bauxite,Handysize,2950,2803.7,698.76,20.6
2026Q2,Indonesia,Kolkata,Grain,Panamax,2950,2803.7,698.76,17.38
2026Q2,Indonesia,Kolkata,Grain,Supramax,2950,2803.7,698.76,21.71
2026Q2,Indonesia,Kolkata,Grain,Handysize,2950,2803.7,698.76,24.93
2026Q2,South Africa,Paradip,Coal,Capesize,5000,2803.7,698.76,13.54
2026Q2,South Africa,Paradip,Coal,Panamax,5000,2803.7,698.76,16.22
2026Q2,South Africa,Paradip,Coal,Supramax,5000,2803.7,698.76,18.73
2026Q2,South Africa,Paradip,Coal,Handysize,5000,2803.7,698.76,23.85
2026Q2,South Africa,Paradip,Iron Ore,Capesize,5000,2803.7,698.76,13.15
2026Q2,South Africa,Paradip,Iron Ore,Panamax,5000,2803.7,698.76,14.7
2026Q2,South Africa,Paradip,Bauxite,Panamax,5000,2803.7,698.76,17.76
2026Q2,South Africa,Paradip,Bauxite,Supramax,5000,2803.7,698.76,19.35
2026Q2,South Africa,Paradip,Bauxite,Handysize,5000,2803.7,698.76,23.02
2026Q2,South Africa,Paradip,Grain,Panamax,5000,2803.7,698.76,19.97
2026Q2,South Africa,Paradip,Grain,Supramax,5000,2803.7,698.76,23.58
2026Q2,South Africa,Paradip,Grain,Handysize,5000,2803.7,698.76,26.85
2026Q2,South Africa,Dhamra,Coal,Capesize,4950,2803.7,698.76,13.88
2026Q2,South Africa,Dhamra,Coal,Panamax,4950,2803.7,698.76,16.15
2026Q2,South Africa,Dhamra,Coal,Supramax,4950,2803.7,698.76,18.68
2026Q2,South Africa,Dhamra,Coal,Handysize,4950,2803.7,698.76,21.59
2026Q2,South Africa,Dhamra,Iron Ore,Capesize,4950,2803.7,698.76,12.2
2026Q2,South Africa,Dhamra,Iron Ore,Panamax,4950,2803.7,698.76,14.61
2026Q2,South Africa,Dhamra,Bauxite,Panamax,4950,2803.7,698.76,17.16
2026Q2,South Africa,Dhamra,Bauxite,Supramax,4950,2803.7,698.76,19.87
2026Q2,South Africa,Dhamra,Bauxite,Handysize,4950,2803.7,698.76,21.96
2026Q2,South Africa,Dhamra,Grain,Panamax,4950,2803.7,698.76,18.65
2026Q2,South Africa,Dhamra,Grain,Supramax,4950,2803.7,698.76,22.87
2026Q2,South Africa,Dhamra,Grain,Handysize,4950,2803.7,698.76,27.52
2026Q2,South Africa,Vizag,Coal,Capesize,4850,2803.7,698.76,13.67
2026Q2,South Africa,Vizag,Coal,Panamax,4850,2803.7,698.76,15.69
2026Q2,South Africa,Vizag,Coal,Supramax,4850,2803.7,698.76,18.72
2026Q2,South Africa,Vizag,Coal,Handysize,4850,2803.7,698.76,20.7
2026Q2,South Africa,Vizag,Iron Ore,Capesize,4850,2803.7,698.76,12.8
2026Q2,South Africa,Vizag,Iron Ore,Panamax,4850,2803.7,698.76,14.42
2026Q2,South Africa,Vizag,Bauxite,Panamax,4850,2803.7,698.76,16.32
2026Q2,South Africa,Vizag,Bauxite,Supramax,4850,2803.7,698.76,19.39
2026Q2,South Africa,Vizag,Bauxite,Handysize,4850,2803.7,698.76,22.22
2026Q2,South Africa,Vizag,Grain,Panamax,4850,2803.7,698.76,19.98
2026Q2,South Africa,Vizag,Grain,Supramax,4850,2803.7,698.76,22.13
2026Q2,South Africa,Vizag,Grain,Handysize,4850,2803.7,698.76,26.01
2026Q2,South Africa,Haldia,Coal,Capesize,5120,2803.7,698.76,18.82
2026Q2,South Africa,Haldia,Coal,Panamax,5120,2803.7,698.76,21.04
2026Q2,South Africa,Haldia,Coal,Supramax,5120,2803.7,698.76,25.37
2026Q2,South Africa,Haldia,Coal,Handysize,5120,2803.7,698.76,29.54
2026Q2,South Africa,Haldia,Iron Ore,Capesize,5120,2803.7,698.76,15.7
2026Q2,South Africa,Haldia,Iron Ore,Panamax,5120,2803.7,698.76,19.61
2026Q2,South Africa,Haldia,Bauxite,Panamax,5120,2803.7,698.76,22.65
2026Q2,South Africa,Haldia,Bauxite,Supramax,5120,2803.7,698.76,26.58
2026Q2,South Africa,Haldia,Bauxite,Handysize,5120,2803.7,698.76,30.76
2026Q2,South Africa,Haldia,Grain,Panamax,5120,2803.7,698.76,26.16
2026Q2,South Africa,Haldia,Grain,Supramax,5120,2803.7,698.76,31.66
2026Q2,South Africa,Haldia,Grain,Handysize,5120,2803.7,698.76,33.66
2026Q2,South Africa,Kolkata,Coal,Capesize,5150,2803.7,698.76,20.47
2026Q2,South Africa,Kolkata,Coal,Panamax,5150,2803.7,698.76,24.82
2026Q2,South Africa,Kolkata,Coal,Supramax,5150,2803.7,698.76,28.78
2026Q2,South Africa,Kolkata,Coal,Handysize,5150,2803.7,698.76,33.37
2026Q2,South Africa,Kolkata,Iron Ore,Capesize,5150,2803.7,698.76,20.44
2026Q2,South Africa,Kolkata,Iron Ore,Panamax,5150,2803.7,698.76,22.3
2026Q2,South Africa,Kolkata,Bauxite,Panamax,5150,2803.7,698.76,26.48
2026Q2,South Africa,Kolkata,Bauxite,Supramax,5150,2803.7,698.76,29.39
2026Q2,South Africa,Kolkata,Bauxite,Handysize,5150,2803.7,698.76,33.29
2026Q2,South Africa,Kolkata,Grain,Panamax,5150,2803.7,698.76,28.79
2026Q2,South Africa,Kolkata,Grain,Supramax,5150,2803.7,698.76,34.8
2026Q2,South Africa,Kolkata,Grain,Handysize,5150,2803.7,698.76,39.98
2026Q2,Mozambique,Paradip,Coal,Capesize,3600,2803.7,698.76,12.97
2026Q2,Mozambique,Paradip,Coal,Panamax,3600,2803.7,698.76,14.86
2026Q2,Mozambique,Paradip,Coal,Supramax,3600,2803.7,698.76,17.24
2026Q2,Mozambique,Paradip,Coal,Handysize,3600,2803.7,698.76,20.15
2026Q2,Mozambique,Paradip,Iron Ore,Capesize,3600,2803.7,698.76,11.8
2026Q2,Mozambique,Paradip,Iron Ore,Panamax,3600,2803.7,698.76,13.87
2026Q2,Mozambique,Paradip,Bauxite,Panamax,3600,2803.7,698.76,15.17
2026Q2,Mozambique,Paradip,Bauxite,Supramax,3600,2803.7,698.76,18.83
2026Q2,Mozambique,Paradip,Bauxite,Handysize,3600,2803.7,698.76,20.8
2026Q2,Mozambique,Paradip,Grain,Panamax,3600,2803.7,698.76,18.26
2026Q2,Mozambique,Paradip,Grain,Supramax,3600,2803.7,698.76,20.82
2026Q2,Mozambique,Paradip,Grain,Handysize,3600,2803.7,698.76,25.66
2026Q2,Mozambique,Dhamra,Coal,Capesize,3550,2803.7,698.76,12.2
2026Q2,Mozambique,Dhamra,Coal,Panamax,3550,2803.7,698.76,14.59
2026Q2,Mozambique,Dhamra,Coal,Supramax,3550,2803.7,698.76,17.27
2026Q2,Mozambique,Dhamra,Coal,Handysize,3550,2803.7,698.76,19.03
2026Q2,Mozambique,Dhamra,Iron Ore,Capesize,3550,2803.7,698.76,11.12
2026Q2,Mozambique,Dhamra,Iron Ore,Panamax,3550,2803.7,698.76,12.93
2026Q2,Mozambique,Dhamra,Bauxite,Panamax,3550,2803.7,698.76,14.95
2026Q2,Mozambique,Dhamra,Bauxite,Supramax,3550,2803.7,698.76,17.49
2026Q2,Mozambique,Dhamra,Bauxite,Handysize,3550,2803.7,698.76,21.41
2026Q2,Mozambique,Dhamra,Grain,Panamax,3550,2803.7,698.76,17.03
2026Q2,Mozambique,Dhamra,Grain,Supramax,3550,2803.7,698.76,20.7
2026Q2,Mozambique,Dhamra,Grain,Handysize,3550,2803.7,698.76,23.82
2026Q2,Mozambique,Vizag,Coal,Capesize,3450,2803.7,698.76,11.62
2026Q2,Mozambique,Vizag,Coal,Panamax,3450,2803.7,698.76,14.57
2026Q2,Mozambique,Vizag,Coal,Supramax,3450,2803.7,698.76,15.87
2026Q2,Mozambique,Vizag,Coal,Handysize,3450,2803.7,698.76,19.8
2026Q2,Mozambique,Vizag,Iron Ore,Capesize,3450,2803.7,698.76,10.8
2026Q2,Mozambique,Vizag,Iron Ore,Panamax,3450,2803.7,698.76,12.88
2026Q2,Mozambique,Vizag,Bauxite,Panamax,3450,2803.7,698.76,14.34
2026Q2,Mozambique,Vizag,Bauxite,Supramax,3450,2803.7,698.76,17.6
2026Q2,Mozambique,Vizag,Bauxite,Handysize,3450,2803.7,698.76,21.0
2026Q2,Mozambique,Vizag,Grain,Panamax,3450,2803.7,698.76,16.68
2026Q2,Mozambique,Vizag,Grain,Supramax,3450,2803.7,698.76,19.6
2026Q2,Mozambique,Vizag,Grain,Handysize,3450,2803.7,698.76,23.62
2026Q2,Mozambique,Haldia,Coal,Capesize,3720,2803.7,698.76,17.2
2026Q2,Mozambique,Haldia,Coal,Panamax,3720,2803.7,698.76,18.12
2026Q2,Mozambique,Haldia,Coal,Supramax,3720,2803.7,698.76,24.73
2026Q2,Mozambique,Haldia,Coal,Handysize,3720,2803.7,698.76,27.31
2026Q2,Mozambique,Haldia,Iron Ore,Capesize,3720,2803.7,698.76,15.59
2026Q2,Mozambique,Haldia,Iron Ore,Panamax,3720,2803.7,698.76,17.73
2026Q2,Mozambique,Haldia,Bauxite,Panamax,3720,2803.7,698.76,19.44
2026Q2,Mozambique,Haldia,Bauxite,Supramax,3720,2803.7,698.76,24.83
2026Q2,Mozambique,Haldia,Bauxite,Handysize,3720,2803.7,698.76,27.6
2026Q2,Mozambique,Haldia,Grain,Panamax,3720,2803.7,698.76,24.22
2026Q2,Mozambique,Haldia,Grain,Supramax,3720,2803.7,698.76,27.51
2026Q2,Mozambique,Haldia,Grain,Handysize,3720,2803.7,698.76,32.45
2026Q2,Mozambique,Kolkata,Coal,Capesize,3750,2803.7,698.76,18.74
2026Q2,Mozambique,Kolkata,Coal,Panamax,3750,2803.7,698.76,23.23
2026Q2,Mozambique,Kolkata,Coal,Supramax,3750,2803.7,698.76,25.21
2026Q2,Mozambique,Kolkata,Coal,Handysize,3750,2803.7,698.76,32.94
2026Q2,Mozambique,Kolkata,Iron Ore,Capesize,3750,2803.7,698.76,18.69
2026Q2,Mozambique,Kolkata,Iron Ore,Panamax,3750,2803.7,698.76,21.46
2026Q2,Mozambique,Kolkata,Bauxite,Panamax,3750,2803.7,698.76,24.74
2026Q2,Mozambique,Kolkata,Bauxite,Supramax,3750,2803.7,698.76,27.54
2026Q2,Mozambique,Kolkata,Bauxite,Handysize,3750,2803.7,698.76,33.37
2026Q2,Mozambique,Kolkata,Grain,Panamax,3750,2803.7,698.76,26.97
2026Q2,Mozambique,Kolkata,Grain,Supramax,3750,2803.7,698.76,29.85
2026Q2,Mozambique,Kolkata,Grain,Handysize,3750,2803.7,698.76,38.57
2026Q2,Russia,Paradip,Coal,Capesize,6000,2803.7,698.76,29.02
2026Q2,Russia,Paradip,Coal,Panamax,6000,2803.7,698.76,32.65
2026Q2,Russia,Paradip,Coal,Supramax,6000,2803.7,698.76,36.5
2026Q2,Russia,Paradip,Coal,Handysize,6000,2803.7,698.76,43.36
2026Q2,Russia,Paradip,Iron Ore,Capesize,6000,2803.7,698.76,23.53
2026Q2,Russia,Paradip,Iron Ore,Panamax,6000,2803.7,698.76,30.39
2026Q2,Russia,Paradip,Bauxite,Panamax,6000,2803.7,698.76,32.4
2026Q2,Russia,Paradip,Bauxite,Supramax,6000,2803.7,698.76,40.45
2026Q2,Russia,Paradip,Bauxite,Handysize,6000,2803.7,698.76,45.11
2026Q2,Russia,Paradip,Grain,Panamax,6000,2803.7,698.76,37.27
2026Q2,Russia,Paradip,Grain,Supramax,6000,2803.7,698.76,46.15
2026Q2,Russia,Paradip,Grain,Handysize,6000,2803.7,698.76,52.5
2026Q2,Russia,Dhamra,Coal,Capesize,5950,2803.7,698.76,28.16
2026Q2,Russia,Dhamra,Coal,Panamax,5950,2803.7,698.76,30.6
2026Q2,Russia,Dhamra,Coal,Supramax,5950,2803.7,698.76,36.37
2026Q2,Russia,Dhamra,Coal,Handysize,5950,2803.7,698.76,39.74
2026Q2,Russia,Dhamra,Iron Ore,Capesize,5950,2803.7,698.76,22.74
2026Q2,Russia,Dhamra,Iron Ore,Panamax,5950,2803.7,698.76,30.64
2026Q2,Russia,Dhamra,Bauxite,Panamax,5950,2803.7,698.76,36.08
2026Q2,Russia,Dhamra,Bauxite,Supramax,5950,2803.7,698.76,39.36
2026Q2,Russia,Dhamra,Bauxite,Handysize,5950,2803.7,698.76,44.22
2026Q2,Russia,Dhamra,Grain,Panamax,5950,2803.7,698.76,38.03
2026Q2,Russia,Dhamra,Grain,Supramax,5950,2803.7,698.76,46.21
2026Q2,Russia,Dhamra,Grain,Handysize,5950,2803.7,698.76,51.1
2026Q2,Russia,Vizag,Coal,Capesize,5850,2803.7,698.76,27.75
2026Q2,Russia,Vizag,Coal,Panamax,5850,2803.7,698.76,32.2
2026Q2,Russia,Vizag,Coal,Supramax,5850,2803.7,698.76,36.84
2026Q2,Russia,Vizag,Coal,Handysize,5850,2803.7,698.76,42.82
2026Q2,Russia,Vizag,Iron Ore,Capesize,5850,2803.7,698.76,25.02
2026Q2,Russia,Vizag,Iron Ore,Panamax,5850,2803.7,698.76,28.0
2026Q2,Russia,Vizag,Bauxite,Panamax,5850,2803.7,698.76,34.36
2026Q2,Russia,Vizag,Bauxite,Supramax,5850,2803.7,698.76,38.81
2026Q2,Russia,Vizag,Bauxite,Handysize,5850,2803.7,698.76,46.01
2026Q2,Russia,Vizag,Grain,Panamax,5850,2803.7,698.76,40.53
2026Q2,Russia,Vizag,Grain,Supramax,5850,2803.7,698.76,44.84
2026Q2,Russia,Vizag,Grain,Handysize,5850,2803.7,698.76,54.03
2026Q2,Russia,Haldia,Coal,Capesize,6120,2803.7,698.76,30.72
2026Q2,Russia,Haldia,Coal,Panamax,6120,2803.7,698.76,37.74
2026Q2,Russia,Haldia,Coal,Supramax,6120,2803.7,698.76,44.81
2026Q2,Russia,Haldia,Coal,Handysize,6120,2803.7,698.76,55.46
2026Q2,Russia,Haldia,Iron Ore,Capesize,6120,2803.7,698.76,27.48
2026Q2,Russia,Haldia,Iron Ore,Panamax,6120,2803.7,698.76,34.42
2026Q2,Russia,Haldia,Bauxite,Panamax,6120,2803.7,698.76,42.35
2026Q2,Russia,Haldia,Bauxite,Supramax,6120,2803.7,698.76,45.72
2026Q2,Russia,Haldia,Bauxite,Handysize,6120,2803.7,698.76,54.16
2026Q2,Russia,Haldia,Grain,Panamax,6120,2803.7,698.76,46.58
2026Q2,Russia,Haldia,Grain,Supramax,6120,2803.7,698.76,54.07
2026Q2,Russia,Haldia,Grain,Handysize,6120,2803.7,698.76,65.77
2026Q2,Russia,Kolkata,Coal,Capesize,6150,2803.7,698.76,36.0
2026Q2,Russia,Kolkata,Coal,Panamax,6150,2803.7,698.76,43.43
2026Q2,Russia,Kolkata,Coal,Supramax,6150,2803.7,698.76,47.81
2026Q2,Russia,Kolkata,Coal,Handysize,6150,2803.7,698.76,54.74
2026Q2,Russia,Kolkata,Iron Ore,Capesize,6150,2803.7,698.76,31.65
2026Q2,Russia,Kolkata,Iron Ore,Panamax,6150,2803.7,698.76,35.84
2026Q2,Russia,Kolkata,Bauxite,Panamax,6150,2803.7,698.76,44.31
2026Q2,Russia,Kolkata,Bauxite,Supramax,6150,2803.7,698.76,50.15
2026Q2,Russia,Kolkata,Bauxite,Handysize,6150,2803.7,698.76,57.62
2026Q2,Russia,Kolkata,Grain,Panamax,6150,2803.7,698.76,50.67
2026Q2,Russia,Kolkata,Grain,Supramax,6150,2803.7,698.76,55.78
2026Q2,Russia,Kolkata,Grain,Handysize,6150,2803.7,698.76,69.26
2026Q3,Australia,Paradip,Coal,Capesize,4400,2959.0,744.76,14.11
2026Q3,Australia,Paradip,Coal,Panamax,4400,2959.0,744.76,17.48
2026Q3,Australia,Paradip,Coal,Supramax,4400,2959.0,744.76,19.33
2026Q3,Australia,Paradip,Coal,Handysize,4400,2959.0,744.76,23.25
2026Q3,Australia,Paradip,Iron Ore,Capesize,4400,2959.0,744.76,13.0
2026Q3,Australia,Paradip,Iron Ore,Panamax,4400,2959.0,744.76,15.51
2026Q3,Australia,Paradip,Bauxite,Panamax,4400,2959.0,744.76,17.71
2026Q3,Australia,Paradip,Bauxite,Supramax,4400,2959.0,744.76,19.38
2026Q3,Australia,Paradip,Bauxite,Handysize,4400,2959.0,744.76,24.73
2026Q3,Australia,Paradip,Grain,Panamax,4400,2959.0,744.76,20.1
2026Q3,Australia,Paradip,Grain,Supramax,4400,2959.0,744.76,24.17
2026Q3,Australia,Paradip,Grain,Handysize,4400,2959.0,744.76,27.96
2026Q3,Australia,Dhamra,Coal,Capesize,4350,2959.0,744.76,13.46
2026Q3,Australia,Dhamra,Coal,Panamax,4350,2959.0,744.76,15.68
2026Q3,Australia,Dhamra,Coal,Supramax,4350,2959.0,744.76,19.33
2026Q3,Australia,Dhamra,Coal,Handysize,4350,2959.0,744.76,21.7
2026Q3,Australia,Dhamra,Iron Ore,Capesize,4350,2959.0,744.76,12.86
2026Q3,Australia,Dhamra,Iron Ore,Panamax,4350,2959.0,744.76,14.49
2026Q3,Australia,Dhamra,Bauxite,Panamax,4350,2959.0,744.76,17.62
2026Q3,Australia,Dhamra,Bauxite,Supramax,4350,2959.0,744.76,20.14
2026Q3,Australia,Dhamra,Bauxite,Handysize,4350,2959.0,744.76,23.27
2026Q3,Australia,Dhamra,Grain,Panamax,4350,2959.0,744.76,19.19
2026Q3,Australia,Dhamra,Grain,Supramax,4350,2959.0,744.76,22.86
2026Q3,Australia,Dhamra,Grain,Handysize,4350,2959.0,744.76,27.42
2026Q3,Australia,Vizag,Coal,Capesize,4250,2959.0,744.76,14.07
2026Q3,Australia,Vizag,Coal,Panamax,4250,2959.0,744.76,16.81
2026Q3,Australia,Vizag,Coal,Supramax,4250,2959.0,744.76,19.28
2026Q3,Australia,Vizag,Coal,Handysize,4250,2959.0,744.76,22.44
2026Q3,Australia,Vizag,Iron Ore,Capesize,4250,2959.0,744.76,13.45
2026Q3,Australia,Vizag,Iron Ore,Panamax,4250,2959.0,744.76,15.47
2026Q3,Australia,Vizag,Bauxite,Panamax,4250,2959.0,744.76,17.37
2026Q3,Australia,Vizag,Bauxite,Supramax,4250,2959.0,744.76,20.36
2026Q3,Australia,Vizag,Bauxite,Handysize,4250,2959.0,744.76,22.88
2026Q3,Australia,Vizag,Grain,Panamax,4250,2959.0,744.76,19.68
2026Q3,Australia,Vizag,Grain,Supramax,4250,2959.0,744.76,23.35
2026Q3,Australia,Vizag,Grain,Handysize,4250,2959.0,744.76,27.61
2026Q3,Australia,Haldia,Coal,Capesize,4520,2959.0,744.76,19.64
2026Q3,Australia,Haldia,Coal,Panamax,4520,2959.0,744.76,21.53
2026Q3,Australia,Haldia,Coal,Supramax,4520,2959.0,744.76,27.03
2026Q3,Australia,Haldia,Coal,Handysize,4520,2959.0,744.76,30.24
2026Q3,Australia,Haldia,Iron Ore,Capesize,4520,2959.0,744.76,16.63
2026Q3,Australia,Haldia,Iron Ore,Panamax,4520,2959.0,744.76,21.1
2026Q3,Australia,Haldia,Bauxite,Panamax,4520,2959.0,744.76,24.72
2026Q3,Australia,Haldia,Bauxite,Supramax,4520,2959.0,744.76,27.69
2026Q3,Australia,Haldia,Bauxite,Handysize,4520,2959.0,744.76,32.64
2026Q3,Australia,Haldia,Grain,Panamax,4520,2959.0,744.76,27.6
2026Q3,Australia,Haldia,Grain,Supramax,4520,2959.0,744.76,32.89
2026Q3,Australia,Haldia,Grain,Handysize,4520,2959.0,744.76,37.33
2026Q3,Australia,Kolkata,Coal,Capesize,4550,2959.0,744.76,20.52
2026Q3,Australia,Kolkata,Coal,Panamax,4550,2959.0,744.76,26.97
2026Q3,Australia,Kolkata,Coal,Supramax,4550,2959.0,744.76,30.5
2026Q3,Australia,Kolkata,Coal,Handysize,4550,2959.0,744.76,33.52
2026Q3,Australia,Kolkata,Iron Ore,Capesize,4550,2959.0,744.76,18.67
2026Q3,Australia,Kolkata,Iron Ore,Panamax,4550,2959.0,744.76,23.08
2026Q3,Australia,Kolkata,Bauxite,Panamax,4550,2959.0,744.76,26.2
2026Q3,Australia,Kolkata,Bauxite,Supramax,4550,2959.0,744.76,31.23
2026Q3,Australia,Kolkata,Bauxite,Handysize,4550,2959.0,744.76,36.76
2026Q3,Australia,Kolkata,Grain,Panamax,4550,2959.0,744.76,29.64
2026Q3,Australia,Kolkata,Grain,Supramax,4550,2959.0,744.76,33.9
2026Q3,Australia,Kolkata,Grain,Handysize,4550,2959.0,744.76,41.5
2026Q3,Indonesia,Paradip,Coal,Capesize,2800,2959.0,744.76,8.72
2026Q3,Indonesia,Paradip,Coal,Panamax,2800,2959.0,744.76,10.45
2026Q3,Indonesia,Paradip,Coal,Supramax,2800,2959.0,744.76,11.56
2026Q3,Indonesia,Paradip,Coal,Handysize,2800,2959.0,744.76,13.96
2026Q3,Indonesia,Paradip,Iron Ore,Capesize,2800,2959.0,744.76,8.2
2026Q3,Indonesia,Paradip,Iron Ore,Panamax,2800,2959.0,744.76,9.56
2026Q3,Indonesia,Paradip,Bauxite,Panamax,2800,2959.0,744.76,10.62
2026Q3,Indonesia,Paradip,Bauxite,Supramax,2800,2959.0,744.76,12.22
2026Q3,Indonesia,Paradip,Bauxite,Handysize,2800,2959.0,744.76,14.8
2026Q3,Indonesia,Paradip,Grain,Panamax,2800,2959.0,744.76,12.73
2026Q3,Indonesia,Paradip,Grain,Supramax,2800,2959.0,744.76,14.77
2026Q3,Indonesia,Paradip,Grain,Handysize,2800,2959.0,744.76,16.6
2026Q3,Indonesia,Dhamra,Coal,Capesize,2750,2959.0,744.76,8.46
2026Q3,Indonesia,Dhamra,Coal,Panamax,2750,2959.0,744.76,10.32
2026Q3,Indonesia,Dhamra,Coal,Supramax,2750,2959.0,744.76,11.52
2026Q3,Indonesia,Dhamra,Coal,Handysize,2750,2959.0,744.76,12.51
2026Q3,Indonesia,Dhamra,Iron Ore,Capesize,2750,2959.0,744.76,7.59
2026Q3,Indonesia,Dhamra,Iron Ore,Panamax,2750,2959.0,744.76,9.45
2026Q3,Indonesia,Dhamra,Bauxite,Panamax,2750,2959.0,744.76,9.83
2026Q3,Indonesia,Dhamra,Bauxite,Supramax,2750,2959.0,744.76,12.02
2026Q3,Indonesia,Dhamra,Bauxite,Handysize,2750,2959.0,744.76,13.82
2026Q3,Indonesia,Dhamra,Grain,Panamax,2750,2959.0,744.76,11.8
2026Q3,Indonesia,Dhamra,Grain,Supramax,2750,2959.0,744.76,13.81
2026Q3,Indonesia,Dhamra,Grain,Handysize,2750,2959.0,744.76,16.56
2026Q3,Indonesia,Vizag,Coal,Capesize,2650,2959.0,744.76,8.22
2026Q3,Indonesia,Vizag,Coal,Panamax,2650,2959.0,744.76,10.03
2026Q3,Indonesia,Vizag,Coal,Supramax,2650,2959.0,744.76,11.15
2026Q3,Indonesia,Vizag,Coal,Handysize,2650,2959.0,744.76,12.84
2026Q3,Indonesia,Vizag,Iron Ore,Capesize,2650,2959.0,744.76,7.21
2026Q3,Indonesia,Vizag,Iron Ore,Panamax,2650,2959.0,744.76,8.09
2026Q3,Indonesia,Vizag,Bauxite,Panamax,2650,2959.0,744.76,10.18
2026Q3,Indonesia,Vizag,Bauxite,Supramax,2650,2959.0,744.76,12.61
2026Q3,Indonesia,Vizag,Bauxite,Handysize,2650,2959.0,744.76,13.87
2026Q3,Indonesia,Vizag,Grain,Panamax,2650,2959.0,744.76,11.8
2026Q3,Indonesia,Vizag,Grain,Supramax,2650,2959.0,744.76,13.25
2026Q3,Indonesia,Vizag,Grain,Handysize,2650,2959.0,744.76,15.47
2026Q3,Indonesia,Haldia,Coal,Capesize,2920,2959.0,744.76,12.19
2026Q3,Indonesia,Haldia,Coal,Panamax,2920,2959.0,744.76,14.77
2026Q3,Indonesia,Haldia,Coal,Supramax,2920,2959.0,744.76,16.94
2026Q3,Indonesia,Haldia,Coal,Handysize,2920,2959.0,744.76,19.21
2026Q3,Indonesia,Haldia,Iron Ore,Capesize,2920,2959.0,744.76,10.62
2026Q3,Indonesia,Haldia,Iron Ore,Panamax,2920,2959.0,744.76,12.51
2026Q3,Indonesia,Haldia,Bauxite,Panamax,2920,2959.0,744.76,14.11
2026Q3,Indonesia,Haldia,Bauxite,Supramax,2920,2959.0,744.76,16.05
2026Q3,Indonesia,Haldia,Bauxite,Handysize,2920,2959.0,744.76,18.85
2026Q3,Indonesia,Haldia,Grain,Panamax,2920,2959.0,744.76,16.59
2026Q3,Indonesia,Haldia,Grain,Supramax,2920,2959.0,744.76,19.12
2026Q3,Indonesia,Haldia,Grain,Handysize,2920,2959.0,744.76,21.27
2026Q3,Indonesia,Kolkata,Coal,Capesize,2950,2959.0,744.76,13.56
2026Q3,Indonesia,Kolkata,Coal,Panamax,2950,2959.0,744.76,15.72
2026Q3,Indonesia,Kolkata,Coal,Supramax,2950,2959.0,744.76,17.79
2026Q3,Indonesia,Kolkata,Coal,Handysize,2950,2959.0,744.76,21.25
2026Q3,Indonesia,Kolkata,Iron Ore,Capesize,2950,2959.0,744.76,12.09
2026Q3,Indonesia,Kolkata,Iron Ore,Panamax,2950,2959.0,744.76,14.0
2026Q3,Indonesia,Kolkata,Bauxite,Panamax,2950,2959.0,744.76,17.24
2026Q3,Indonesia,Kolkata,Bauxite,Supramax,2950,2959.0,744.76,18.18
2026Q3,Indonesia,Kolkata,Bauxite,Handysize,2950,2959.0,744.76,21.04
2026Q3,Indonesia,Kolkata,Grain,Panamax,2950,2959.0,744.76,19.08
2026Q3,Indonesia,Kolkata,Grain,Supramax,2950,2959.0,744.76,22.33
2026Q3,Indonesia,Kolkata,Grain,Handysize,2950,2959.0,744.76,26.2
2026Q3,South Africa,Paradip,Coal,Capesize,5000,2959.0,744.76,14.67
2026Q3,South Africa,Paradip,Coal,Panamax,5000,2959.0,744.76,16.94
2026Q3,South Africa,Paradip,Coal,Supramax,5000,2959.0,744.76,20.41
2026Q3,South Africa,Paradip,Coal,Handysize,5000,2959.0,744.76,23.33
2026Q3,South Africa,Paradip,Iron Ore,Capesize,5000,2959.0,744.76,14.18
2026Q3,South Africa,Paradip,Iron Ore,Panamax,5000,2959.0,744.76,15.57
2026Q3,South Africa,Paradip,Bauxite,Panamax,5000,2959.0,744.76,18.34
2026Q3,South Africa,Paradip,Bauxite,Supramax,5000,2959.0,744.76,23.29
2026Q3,South Africa,Paradip,Bauxite,Handysize,5000,2959.0,744.76,24.71
2026Q3,South Africa,Paradip,Grain,Panamax,5000,2959.0,744.76,21.41
2026Q3,South Africa,Paradip,Grain,Supramax,5000,2959.0,744.76,25.05
2026Q3,South Africa,Paradip,Grain,Handysize,5000,2959.0,744.76,29.17
2026Q3,South Africa,Dhamra,Coal,Capesize,4950,2959.0,744.76,14.67
2026Q3,South Africa,Dhamra,Coal,Panamax,4950,2959.0,744.76,17.12
2026Q3,South Africa,Dhamra,Coal,Supramax,4950,2959.0,744.76,19.9
2026Q3,South Africa,Dhamra,Coal,Handysize,4950,2959.0,744.76,22.56
2026Q3,South Africa,Dhamra,Iron Ore,Capesize,4950,2959.0,744.76,13.22
2026Q3,South Africa,Dhamra,Iron Ore,Panamax,4950,2959.0,744.76,16.39
2026Q3,South Africa,Dhamra,Bauxite,Panamax,4950,2959.0,744.76,18.61
2026Q3,South Africa,Dhamra,Bauxite,Supramax,4950,2959.0,744.76,21.05
2026Q3,South Africa,Dhamra,Bauxite,Handysize,4950,2959.0,744.76,24.9
2026Q3,South Africa,Dhamra,Grain,Panamax,4950,2959.0,744.76,19.78
2026Q3,South Africa,Dhamra,Grain,Supramax,4950,2959.0,744.76,23.58
2026Q3,South Africa,Dhamra,Grain,Handysize,4950,2959.0,744.76,28.54
2026Q3,South Africa,Vizag,Coal,Capesize,4850,2959.0,744.76,15.1
2026Q3,South Africa,Vizag,Coal,Panamax,4850,2959.0,744.76,16.35
2026Q3,South Africa,Vizag,Coal,Supramax,4850,2959.0,744.76,19.27
2026Q3,South Africa,Vizag,Coal,Handysize,4850,2959.0,744.76,24.49
2026Q3,South Africa,Vizag,Iron Ore,Capesize,4850,2959.0,744.76,12.96
2026Q3,South Africa,Vizag,Iron Ore,Panamax,4850,2959.0,744.76,16.08
2026Q3,South Africa,Vizag,Bauxite,Panamax,4850,2959.0,744.76,17.77
2026Q3,South Africa,Vizag,Bauxite,Supramax,4850,2959.0,744.76,20.76
2026Q3,South Africa,Vizag,Bauxite,Handysize,4850,2959.0,744.76,23.63
2026Q3,South Africa,Vizag,Grain,Panamax,4850,2959.0,744.76,20.83
2026Q3,South Africa,Vizag,Grain,Supramax,4850,2959.0,744.76,24.64
2026Q3,South Africa,Vizag,Grain,Handysize,4850,2959.0,744.76,26.31
2026Q3,South Africa,Haldia,Coal,Capesize,5120,2959.0,744.76,19.23
2026Q3,South Africa,Haldia,Coal,Panamax,5120,2959.0,744.76,23.53
2026Q3,South Africa,Haldia,Coal,Supramax,5120,2959.0,744.76,26.48
2026Q3,South Africa,Haldia,Coal,Handysize,5120,2959.0,744.76,30.34
2026Q3,South Africa,Haldia,Iron Ore,Capesize,5120,2959.0,744.76,18.15
2026Q3,South Africa,Haldia,Iron Ore,Panamax,5120,2959.0,744.76,21.31
2026Q3,South Africa,Haldia,Bauxite,Panamax,5120,2959.0,744.76,23.56
2026Q3,South Africa,Haldia,Bauxite,Supramax,5120,2959.0,744.76,28.14
2026Q3,South Africa,Haldia,Bauxite,Handysize,5120,2959.0,744.76,31.05
2026Q3,South Africa,Haldia,Grain,Panamax,5120,2959.0,744.76,26.5
2026Q3,South Africa,Haldia,Grain,Supramax,5120,2959.0,744.76,32.06
2026Q3,South Africa,Haldia,Grain,Handysize,5120,2959.0,744.76,37.09
2026Q3,South Africa,Kolkata,Coal,Capesize,5150,2959.0,744.76,21.13
2026Q3,South Africa,Kolkata,Coal,Panamax,5150,2959.0,744.76,24.96
2026Q3,South Africa,Kolkata,Coal,Supramax,5150,2959.0,744.76,28.75
2026Q3,South Africa,Kolkata,Coal,Handysize,5150,2959.0,744.76,35.22
2026Q3,South Africa,Kolkata,Iron Ore,Capesize,5150,2959.0,744.76,18.32
2026Q3,South Africa,Kolkata,Iron Ore,Panamax,5150,2959.0,744.76,22.22
2026Q3,South Africa,Kolkata,Bauxite,Panamax,5150,2959.0,744.76,25.13
2026Q3,South Africa,Kolkata,Bauxite,Supramax,5150,2959.0,744.76,31.82
2026Q3,South Africa,Kolkata,Bauxite,Handysize,5150,2959.0,744.76,34.1
2026Q3,South Africa,Kolkata,Grain,Panamax,5150,2959.0,744.76,30.75
2026Q3,South Africa,Kolkata,Grain,Supramax,5150,2959.0,744.76,37.9
2026Q3,South Africa,Kolkata,Grain,Handysize,5150,2959.0,744.76,44.04
2026Q3,Mozambique,Paradip,Coal,Capesize,3600,2959.0,744.76,12.64
2026Q3,Mozambique,Paradip,Coal,Panamax,3600,2959.0,744.76,15.97
2026Q3,Mozambique,Paradip,Coal,Supramax,3600,2959.0,744.76,17.8
2026Q3,Mozambique,Paradip,Coal,Handysize,3600,2959.0,744.76,20.5
2026Q3,Mozambique,Paradip,Iron Ore,Capesize,3600,2959.0,744.76,12.1
2026Q3,Mozambique,Paradip,Iron Ore,Panamax,3600,2959.0,744.76,14.83
2026Q3,Mozambique,Paradip,Bauxite,Panamax,3600,2959.0,744.76,16.94
2026Q3,Mozambique,Paradip,Bauxite,Supramax,3600,2959.0,744.76,18.87
2026Q3,Mozambique,Paradip,Bauxite,Handysize,3600,2959.0,744.76,23.02
2026Q3,Mozambique,Paradip,Grain,Panamax,3600,2959.0,744.76,17.47
2026Q3,Mozambique,Paradip,Grain,Supramax,3600,2959.0,744.76,21.54
2026Q3,Mozambique,Paradip,Grain,Handysize,3600,2959.0,744.76,24.93
2026Q3,Mozambique,Dhamra,Coal,Capesize,3550,2959.0,744.76,13.1
2026Q3,Mozambique,Dhamra,Coal,Panamax,3550,2959.0,744.76,15.19
2026Q3,Mozambique,Dhamra,Coal,Supramax,3550,2959.0,744.76,17.76
2026Q3,Mozambique,Dhamra,Coal,Handysize,3550,2959.0,744.76,20.59
2026Q3,Mozambique,Dhamra,Iron Ore,Capesize,3550,2959.0,744.76,11.77
2026Q3,Mozambique,Dhamra,Iron Ore,Panamax,3550,2959.0,744.76,14.03
2026Q3,Mozambique,Dhamra,Bauxite,Panamax,3550,2959.0,744.76,16.15
2026Q3,Mozambique,Dhamra,Bauxite,Supramax,3550,2959.0,744.76,18.56
2026Q3,Mozambique,Dhamra,Bauxite,Handysize,3550,2959.0,744.76,22.06
2026Q3,Mozambique,Dhamra,Grain,Panamax,3550,2959.0,744.76,18.89
2026Q3,Mozambique,Dhamra,Grain,Supramax,3550,2959.0,744.76,21.0
2026Q3,Mozambique,Dhamra,Grain,Handysize,3550,2959.0,744.76,24.81
2026Q3,Mozambique,Vizag,Coal,Capesize,3450,2959.0,744.76,13.42
2026Q3,Mozambique,Vizag,Coal,Panamax,3450,2959.0,744.76,14.52
2026Q3,Mozambique,Vizag,Coal,Supramax,3450,2959.0,744.76,18.73
2026Q3,Mozambique,Vizag,Coal,Handysize,3450,2959.0,744.76,19.49
2026Q3,Mozambique,Vizag,Iron Ore,Capesize,3450,2959.0,744.76,11.47
2026Q3,Mozambique,Vizag,Iron Ore,Panamax,3450,2959.0,744.76,13.14
2026Q3,Mozambique,Vizag,Bauxite,Panamax,3450,2959.0,744.76,17.07
2026Q3,Mozambique,Vizag,Bauxite,Supramax,3450,2959.0,744.76,18.17
2026Q3,Mozambique,Vizag,Bauxite,Handysize,3450,2959.0,744.76,21.09
2026Q3,Mozambique,Vizag,Grain,Panamax,3450,2959.0,744.76,17.88
2026Q3,Mozambique,Vizag,Grain,Supramax,3450,2959.0,744.76,21.21
2026Q3,Mozambique,Vizag,Grain,Handysize,3450,2959.0,744.76,24.26
2026Q3,Mozambique,Haldia,Coal,Capesize,3720,2959.0,744.76,17.77
2026Q3,Mozambique,Haldia,Coal,Panamax,3720,2959.0,744.76,18.32
2026Q3,Mozambique,Haldia,Coal,Supramax,3720,2959.0,744.76,24.43
2026Q3,Mozambique,Haldia,Coal,Handysize,3720,2959.0,744.76,28.32
2026Q3,Mozambique,Haldia,Iron Ore,Capesize,3720,2959.0,744.76,16.65
2026Q3,Mozambique,Haldia,Iron Ore,Panamax,3720,2959.0,744.76,19.67
2026Q3,Mozambique,Haldia,Bauxite,Panamax,3720,2959.0,744.76,21.8
2026Q3,Mozambique,Haldia,Bauxite,Supramax,3720,2959.0,744.76,26.33
2026Q3,Mozambique,Haldia,Bauxite,Handysize,3720,2959.0,744.76,28.57
2026Q3,Mozambique,Haldia,Grain,Panamax,3720,2959.0,744.76,25.75
2026Q3,Mozambique,Haldia,Grain,Supramax,3720,2959.0,744.76,28.67
2026Q3,Mozambique,Haldia,Grain,Handysize,3720,2959.0,744.76,32.55
2026Q3,Mozambique,Kolkata,Coal,Capesize,3750,2959.0,744.76,20.2
2026Q3,Mozambique,Kolkata,Coal,Panamax,3750,2959.0,744.76,24.97
2026Q3,Mozambique,Kolkata,Coal,Supramax,3750,2959.0,744.76,27.94
2026Q3,Mozambique,Kolkata,Coal,Handysize,3750,2959.0,744.76,33.92
2026Q3,Mozambique,Kolkata,Iron Ore,Capesize,3750,2959.0,744.76,17.82
2026Q3,Mozambique,Kolkata,Iron Ore,Panamax,3750,2959.0,744.76,22.21
2026Q3,Mozambique,Kolkata,Bauxite,Panamax,3750,2959.0,744.76,24.42
2026Q3,Mozambique,Kolkata,Bauxite,Supramax,3750,2959.0,744.76,29.38
2026Q3,Mozambique,Kolkata,Bauxite,Handysize,3750,2959.0,744.76,34.1
2026Q3,Mozambique,Kolkata,Grain,Panamax,3750,2959.0,744.76,29.22
2026Q3,Mozambique,Kolkata,Grain,Supramax,3750,2959.0,744.76,33.61
2026Q3,Mozambique,Kolkata,Grain,Handysize,3750,2959.0,744.76,37.67
2026Q3,Russia,Paradip,Coal,Capesize,6000,2959.0,744.76,30.38
2026Q3,Russia,Paradip,Coal,Panamax,6000,2959.0,744.76,36.59
2026Q3,Russia,Paradip,Coal,Supramax,6000,2959.0,744.76,39.43
2026Q3,Russia,Paradip,Coal,Handysize,6000,2959.0,744.76,43.72
2026Q3,Russia,Paradip,Iron Ore,Capesize,6000,2959.0,744.76,26.99
2026Q3,Russia,Paradip,Iron Ore,Panamax,6000,2959.0,744.76,30.69
2026Q3,Russia,Paradip,Bauxite,Panamax,6000,2959.0,744.76,36.06
2026Q3,Russia,Paradip,Bauxite,Supramax,6000,2959.0,744.76,43.09
2026Q3,Russia,Paradip,Bauxite,Handysize,6000,2959.0,744.76,48.27
2026Q3,Russia,Paradip,Grain,Panamax,6000,2959.0,744.76,41.01
2026Q3,Russia,Paradip,Grain,Supramax,6000,2959.0,744.76,48.13
2026Q3,Russia,Paradip,Grain,Handysize,6000,2959.0,744.76,58.95
2026Q3,Russia,Dhamra,Coal,Capesize,5950,2959.0,744.76,28.9
2026Q3,Russia,Dhamra,Coal,Panamax,5950,2959.0,744.76,32.34
2026Q3,Russia,Dhamra,Coal,Supramax,5950,2959.0,744.76,37.78
2026Q3,Russia,Dhamra,Coal,Handysize,5950,2959.0,744.76,45.99
2026Q3,Russia,Dhamra,Iron Ore,Capesize,5950,2959.0,744.76,24.96
2026Q3,Russia,Dhamra,Iron Ore,Panamax,5950,2959.0,744.76,28.76
2026Q3,Russia,Dhamra,Bauxite,Panamax,5950,2959.0,744.76,36.28
2026Q3,Russia,Dhamra,Bauxite,Supramax,5950,2959.0,744.76,42.4
2026Q3,Russia,Dhamra,Bauxite,Handysize,5950,2959.0,744.76,47.44
2026Q3,Russia,Dhamra,Grain,Panamax,5950,2959.0,744.76,40.98
2026Q3,Russia,Dhamra,Grain,Supramax,5950,2959.0,744.76,47.63
2026Q3,Russia,Dhamra,Grain,Handysize,5950,2959.0,744.76,56.08
2026Q3,Russia,Vizag,Coal,Capesize,5850,2959.0,744.76,29.66
2026Q3,Russia,Vizag,Coal,Panamax,5850,2959.0,744.76,30.9
2026Q3,Russia,Vizag,Coal,Supramax,5850,2959.0,744.76,39.33
2026Q3,Russia,Vizag,Coal,Handysize,5850,2959.0,744.76,46.88
2026Q3,Russia,Vizag,Iron Ore,Capesize,5850,2959.0,744.76,25.76
2026Q3,Russia,Vizag,Iron Ore,Panamax,5850,2959.0,744.76,30.64
2026Q3,Russia,Vizag,Bauxite,Panamax,5850,2959.0,744.76,36.64
2026Q3,Russia,Vizag,Bauxite,Supramax,5850,2959.0,744.76,41.77
2026Q3,Russia,Vizag,Bauxite,Handysize,5850,2959.0,744.76,50.9
2026Q3,Russia,Vizag,Grain,Panamax,5850,2959.0,744.76,42.41
2026Q3,Russia,Vizag,Grain,Supramax,5850,2959.0,744.76,47.4
2026Q3,Russia,Vizag,Grain,Handysize,5850,2959.0,744.76,54.87
2026Q3,Russia,Haldia,Coal,Capesize,6120,2959.0,744.76,31.14
2026Q3,Russia,Haldia,Coal,Panamax,6120,2959.0,744.76,40.04
2026Q3,Russia,Haldia,Coal,Supramax,6120,2959.0,744.76,45.01
2026Q3,Russia,Haldia,Coal,Handysize,6120,2959.0,744.76,55.27
2026Q3,Russia,Haldia,Iron Ore,Capesize,6120,2959.0,744.76,31.3
2026Q3,Russia,Haldia,Iron Ore,Panamax,6120,2959.0,744.76,37.34
2026Q3,Russia,Haldia,Bauxite,Panamax,6120,2959.0,744.76,44.6
2026Q3,Russia,Haldia,Bauxite,Supramax,6120,2959.0,744.76,49.57
2026Q3,Russia,Haldia,Bauxite,Handysize,6120,2959.0,744.76,62.18
2026Q3,Russia,Haldia,Grain,Panamax,6120,2959.0,744.76,49.0
2026Q3,Russia,Haldia,Grain,Supramax,6120,2959.0,744.76,54.1
2026Q3,Russia,Haldia,Grain,Handysize,6120,2959.0,744.76,64.52
2026Q3,Russia,Kolkata,Coal,Capesize,6150,2959.0,744.76,36.92
2026Q3,Russia,Kolkata,Coal,Panamax,6150,2959.0,744.76,44.71
2026Q3,Russia,Kolkata,Coal,Supramax,6150,2959.0,744.76,49.41
2026Q3,Russia,Kolkata,Coal,Handysize,6150,2959.0,744.76,58.69
2026Q3,Russia,Kolkata,Iron Ore,Capesize,6150,2959.0,744.76,33.48
2026Q3,Russia,Kolkata,Iron Ore,Panamax,6150,2959.0,744.76,38.8
2026Q3,Russia,Kolkata,Bauxite,Panamax,6150,2959.0,744.76,47.3
2026Q3,Russia,Kolkata,Bauxite,Supramax,6150,2959.0,744.76,54.86
2026Q3,Russia,Kolkata,Bauxite,Handysize,6150,2959.0,744.76,64.82
2026Q3,Russia,Kolkata,Grain,Panamax,6150,2959.0,744.76,51.95
2026Q3,Russia,Kolkata,Grain,Supramax,6150,2959.0,744.76,63.9
2026Q3,Russia,Kolkata,Grain,Handysize,6150,2959.0,744.76,67.78
