record_id,vessel_id,vessel_class,dwt,vessel_draft_m,port_name,voyage_month,is_monsoon_period,weather_condition,pre_berthing_wait_hours,demurrage_rate_usd_per_day,estimated_demurrage_usd
VC-000001,SYNV-00001,Supramax,61465,13.1,Vizag,10,True,Calm,17.2,8500,6091.67
VC-000007,SYNV-00007,Supramax,45673,13.0,Kamarajar,2,False,Normal,31.0,8500,10979.17
VC-000016,SYNV-00016,Supramax,47538,12.9,Kamarajar,6,False,Normal,15.4,8500,5454.17
VC-000017,SYNV-00017,Capesize,209030,17.4,Kolkata,2,False,Calm,78.8,18000,59100.0
VC-000018,SYNV-00018,Panamax,80728,12.7,Chennai,10,True,Calm,24.3,12000,12150.0
VC-000019,SYNV-00019,Handysize,22649,10.6,Vizag,6,False,Calm,9.9,6000,2475.0
VC-000020,SYNV-00020,Panamax,80123,13.6,Paradip,10,True,Rough,61.3,12000,30650.0
VC-000024,SYNV-00024,Supramax,63446,12.7,Chennai,6,False,Normal,22.0,8500,7791.67
VC-000028,SYNV-00028,Supramax,60745,13.4,Vizag,7,False,Normal,31.7,8500,11227.08
VC-000030,SYNV-00030,Capesize,207001,17.5,Kolkata,6,True,Severe Storm,151.9,18000,113925.0
VC-000031,SYNV-00031,Supramax,59300,13.0,Vizag,7,False,Normal,26.4,8500,9350.0
VC-000035,SYNV-00035,Panamax,69264,13.3,Chennai,2,False,Normal,15.0,12000,7500.0
VC-000036,SYNV-00036,Panamax,90039,13.8,Haldia,3,False,Calm,41.3,12000,20650.0
VC-000038,SYNV-00038,Supramax,55849,11.3,Kamarajar,1,False,Calm,22.3,8500,7897.92
VC-000039,SYNV-00039,Supramax,63326,13.4,Paradip,12,True,Rough,48.2,8500,17070.83
VC-000042,SYNV-00042,Capesize,154468,16.5,Vizag,8,False,Calm,17.4,18000,13050.0
VC-000044,SYNV-00044,Handysize,38024,10.2,Kolkata,4,False,Calm,26.3,6000,6575.0
VC-000045,SYNV-00045,Handysize,16385,10.2,Kamarajar,2,False,Calm,20.9,6000,5225.0
VC-000048,SYNV-00048,Supramax,53094,11.3,Chennai,1,False,Rough,29.6,8500,10483.33
VC-000049,SYNV-00049,Handysize,36089,10.9,Haldia,12,False,Severe Storm,72.0,6000,18000.0
VC-000052,SYNV-00052,Supramax,45814,12.1,Kamarajar,6,False,Normal,22.2,8500,7862.5
VC-000053,SYNV-00053,Panamax,75391,14.4,Kamarajar,5,True,Severe Storm,147.5,12000,73750.0
VC-000058,SYNV-00058,Supramax,42376,12.8,Vizag,4,False,Calm,28.9,8500,10235.42
VC-000059,SYNV-00059,Supramax,53066,13.3,Paradip,7,True,Rough,103.9,8500,36797.92
VC-000060,SYNV-00060,Capesize,114368,16.2,Chennai,8,False,Calm,26.1,18000,19575.0
VC-000065,SYNV-00065,Panamax,69267,13.5,Chennai,11,True,Rough,45.1,12000,22550.0
VC-000066,SYNV-00066,Panamax,75338,13.1,Vizag,6,False,Normal,30.2,12000,15100.0
VC-000070,SYNV-00070,Panamax,66266,12.0,Paradip,11,True,Calm,19.1,12000,9550.0
VC-000072,SYNV-00072,Panamax,94329,12.1,Vizag,10,True,Normal,57.0,12000,28500.0
VC-000074,SYNV-00074,Capesize,173385,16.1,Vizag,9,False,Normal,35.2,18000,26400.0
VC-000075,SYNV-00075,Panamax,71059,12.2,Chennai,11,True,Normal,22.1,12000,11050.0
VC-000078,SYNV-00078,Supramax,51854,11.4,Kamarajar,7,False,Calm,21.9,8500,7756.25
VC-000079,SYNV-00079,Supramax,55275,12.9,Vizag,4,False,Normal,17.0,8500,6020.83
VC-000081,SYNV-00081,Supramax,54144,13.1,Dhamra,3,False,Normal,19.2,8500,6800.0
VC-000084,SYNV-00084,Supramax,60935,12.5,Chennai,10,True,Normal,35.3,8500,12502.08
VC-000086,SYNV-00086,Handysize,35679,10.9,Paradip,9,True,Normal,51.7,6000,12925.0
VC-000087,SYNV-00087,Handysize,24123,11.0,Chennai,8,False,Severe Storm,37.6,6000,9400.0
VC-000088,SYNV-00088,Panamax,89689,13.0,Haldia,4,False,Normal,50.9,12000,25450.0
VC-000091,SYNV-00091,Panamax,80182,13.2,Kolkata,1,False,Calm,29.0,12000,14500.0
VC-000092,SYNV-00092,Handysize,20821,10.3,Chennai,11,True,Rough,48.0,6000,12000.0
VC-000094,SYNV-00094,Panamax,67034,12.9,Haldia,9,True,Rough,123.4,12000,61700.0
VC-000096,SYNV-00096,Capesize,140871,17.0,Kolkata,8,True,Rough,77.4,18000,58050.0
VC-000097,SYNV-00097,Capesize,175700,16.4,Paradip,5,False,Normal,50.4,18000,37800.0
VC-000098,SYNV-00098,Capesize,153785,16.6,Chennai,1,False,Normal,26.4,18000,19800.0
VC-000099,SYNV-00099,Panamax,87182,14.5,Haldia,4,False,Normal,96.1,12000,48050.0
VC-000101,SYNV-00101,Panamax,80403,13.4,Vizag,2,False,Normal,45.7,12000,22850.0
VC-000102,SYNV-00102,Handysize,33344,10.7,Vizag,12,False,Normal,10.9,6000,2725.0
VC-000103,SYNV-00103,Panamax,82139,14.5,Kolkata,1,False,Normal,28.9,12000,14450.0
VC-000104,SYNV-00104,Panamax,67969,13.4,Chennai,5,False,Rough,37.5,12000,18750.0
VC-000105,SYNV-00105,Handysize,24318,10.0,Kamarajar,10,True,Normal,31.0,6000,7750.0
VC-000112,SYNV-00112,Capesize,159630,16.3,Paradip,5,False,Normal,26.3,18000,19725.0
VC-000113,SYNV-00113,Handysize,26332,10.6,Kolkata,3,False,Normal,32.2,6000,8050.0
VC-000116,SYNV-00116,Handysize,23062,10.2,Paradip,4,False,Rough,37.9,6000,9475.0
VC-000117,SYNV-00117,Panamax,92434,13.1,Paradip,7,True,Rough,100.5,12000,50250.0
VC-000119,SYNV-00119,Panamax,98437,13.3,Kolkata,2,False,Normal,66.8,12000,33400.0
VC-000121,SYNV-00121,Supramax,41274,11.3,Chennai,7,False,Normal,28.9,8500,10235.42
VC-000123,SYNV-00123,Capesize,100148,17.0,Kolkata,2,False,Normal,32.3,18000,24225.0
VC-000124,SYNV-00124,Panamax,94442,12.7,Haldia,6,True,Normal,31.8,12000,15900.0
VC-000126,SYNV-00126,Panamax,70266,12.1,Kamarajar,6,False,Calm,26.0,12000,13000.0
VC-000127,SYNV-00127,Handysize,15782,10.1,Vizag,1,False,Normal,26.7,6000,6675.0
VC-000128,SYNV-00128,Supramax,61236,11.0,Vizag,7,False,Rough,55.7,8500,19727.08
VC-000129,SYNV-00129,Panamax,94942,12.6,Kamarajar,2,False,Rough,26.7,12000,13350.0
VC-000131,SYNV-00131,Handysize,25351,10.3,Vizag,8,False,Calm,18.2,6000,4550.0
VC-000134,SYNV-00134,Supramax,64794,11.0,Paradip,3,False,Calm,44.6,8500,15795.83
VC-000136,SYNV-00136,Handysize,29864,10.3,Dhamra,4,False,Normal,8.2,6000,2050.0
VC-000137,SYNV-00137,Supramax,45782,13.6,Dhamra,1,False,Calm,11.4,8500,4037.5
VC-000138,SYNV-00138,Supramax,56941,13.2,Dhamra,7,True,Rough,32.5,8500,11510.42
VC-000140,SYNV-00140,Handysize,37241,10.4,Haldia,5,False,Normal,42.6,6000,10650.0
VC-000141,SYNV-00141,Handysize,19989,10.9,Haldia,12,False,Rough,40.2,6000,10050.0
VC-000142,SYNV-00142,Panamax,95743,12.9,Kolkata,6,True,Rough,132.6,12000,66300.0
VC-000147,SYNV-00147,Supramax,43278,11.5,Kolkata,5,False,Normal,19.2,8500,6800.0
VC-000148,SYNV-00148,Handysize,17473,10.8,Paradip,12,True,Severe Storm,55.6,6000,13900.0
VC-000149,SYNV-00149,Handysize,28050,10.5,Kamarajar,3,False,Calm,20.1,6000,5025.0
VC-000150,SYNV-00150,Capesize,178302,17.0,Paradip,6,True,Normal,56.6,18000,42450.0
VC-000151,SYNV-00151,Panamax,95685,14.3,Vizag,4,False,Severe Storm,34.1,12000,17050.0
VC-000152,SYNV-00152,Handysize,18445,10.3,Kolkata,12,False,Normal,13.9,6000,3475.0
VC-000154,SYNV-00154,Supramax,58378,11.9,Vizag,11,True,Normal,35.8,8500,12679.17
VC-000155,SYNV-00155,Panamax,72238,14.4,Vizag,10,True,Normal,34.3,12000,17150.0
VC-000157,SYNV-00157,Panamax,94797,14.2,Dhamra,3,False,Normal,24.9,12000,12450.0
VC-000159,SYNV-00159,Supramax,53244,12.6,Kolkata,7,True,Normal,60.0,8500,21250.0
VC-000160,SYNV-00160,Capesize,157844,17.9,Haldia,2,False,Calm,75.2,18000,56400.0
VC-000163,SYNV-00163,Panamax,81407,12.4,Vizag,10,True,Severe Storm,45.2,12000,22600.0
VC-000166,SYNV-00166,Handysize,26457,10.1,Chennai,4,False,Calm,13.9,6000,3475.0
VC-000167,SYNV-00167,Capesize,138299,17.5,Kamarajar,5,True,Rough,57.0,18000,42750.0
VC-000170,SYNV-00170,Panamax,75587,14.4,Kamarajar,7,False,Normal,47.9,12000,23950.0
VC-000171,SYNV-00171,Supramax,57995,12.5,Haldia,5,False,Rough,84.7,8500,29997.92
VC-000172,SYNV-00172,Supramax,50204,12.3,Dhamra,8,True,Normal,28.4,8500,10058.33
VC-000173,SYNV-00173,Panamax,88202,12.0,Kolkata,9,True,Normal,96.0,12000,48000.0
VC-000174,SYNV-00174,Capesize,129602,17.3,Dhamra,10,False,Calm,18.8,18000,14100.0
VC-000180,SYNV-00180,Capesize,189399,17.5,Kolkata,11,False,Rough,189.1,18000,141825.0
VC-000182,SYNV-00182,Handysize,35401,10.9,Haldia,5,False,Calm,37.2,6000,9300.0
VC-000183,SYNV-00183,Panamax,94371,12.3,Paradip,5,False,Rough,30.0,12000,15000.0
VC-000184,SYNV-00184,Capesize,123111,16.3,Vizag,5,True,Normal,112.0,18000,84000.0
VC-000186,SYNV-00186,Panamax,68915,14.1,Kamarajar,11,True,Normal,38.0,12000,19000.0
VC-000188,SYNV-00188,Panamax,99183,12.8,Vizag,2,False,Normal,31.9,12000,15950.0
VC-000189,SYNV-00189,Panamax,77367,14.0,Dhamra,1,False,Rough,21.2,12000,10600.0
VC-000191,SYNV-00191,Capesize,111531,16.3,Chennai,2,False,Normal,19.1,18000,14325.0
VC-000194,SYNV-00194,Handysize,24862,10.7,Kamarajar,10,True,Normal,31.0,6000,7750.0
VC-000195,SYNV-00195,Panamax,81264,12.9,Dhamra,7,True,Normal,24.0,12000,12000.0
VC-000197,SYNV-00197,Capesize,116465,17.3,Paradip,5,False,Normal,43.1,18000,32325.0
VC-000198,SYNV-00198,Capesize,204743,16.4,Dhamra,11,False,Calm,18.2,18000,13650.0
VC-000200,SYNV-00200,Handysize,30039,10.5,Kamarajar,1,False,Calm,12.8,6000,3200.0
VC-000201,SYNV-00201,Panamax,84643,13.0,Chennai,10,True,Normal,37.3,12000,18650.0
VC-000202,SYNV-00202,Supramax,56916,11.2,Dhamra,4,False,Calm,9.5,8500,3364.58
VC-000205,SYNV-00205,Handysize,20175,10.4,Paradip,3,False,Calm,20.7,6000,5175.0
VC-000208,SYNV-00208,Panamax,69269,14.1,Paradip,2,False,Rough,76.9,12000,38450.0
VC-000210,SYNV-00210,Panamax,70962,14.4,Vizag,7,False,Normal,27.3,12000,13650.0
VC-000213,SYNV-00213,Capesize,146979,16.7,Haldia,12,False,Normal,103.1,18000,77325.0
VC-000214,SYNV-00214,Panamax,84404,12.8,Haldia,6,True,Normal,70.7,12000,35350.0
VC-000219,SYNV-00219,Supramax,40137,13.4,Chennai,6,False,Normal,19.8,8500,7012.5
VC-000221,SYNV-00221,Capesize,215630,17.7,Chennai,7,False,Calm,16.4,18000,12300.0
VC-000228,SYNV-00228,Handysize,31292,10.9,Haldia,12,False,Normal,33.8,6000,8450.0
VC-000229,SYNV-00229,Handysize,28365,11.0,Vizag,6,False,Severe Storm,41.8,6000,10450.0
VC-000230,SYNV-00230,Supramax,62575,11.1,Dhamra,9,True,Severe Storm,30.5,8500,10802.08
VC-000235,SYNV-00235,Supramax,62473,13.9,Kolkata,7,True,Rough,32.2,8500,11404.17
VC-000236,SYNV-00236,Supramax,49040,12.2,Kamarajar,6,False,Calm,14.5,8500,5135.42
VC-000239,SYNV-00239,Handysize,18840,10.1,Paradip,3,False,Calm,26.2,6000,6550.0
VC-000240,SYNV-00240,Supramax,55650,11.6,Haldia,11,False,Rough,126.1,8500,44660.42
VC-000243,SYNV-00243,Panamax,80217,12.6,Dhamra,8,True,Rough,50.8,12000,25400.0
VC-000247,SYNV-00247,Supramax,41508,13.5,Kamarajar,11,True,Rough,42.8,8500,15158.33
VC-000250,SYNV-00250,Supramax,45387,13.2,Paradip,9,True,Normal,64.5,8500,22843.75
VC-000251,SYNV-00251,Panamax,96314,12.7,Haldia,8,True,Normal,42.5,12000,21250.0
VC-000253,SYNV-00253,Handysize,23942,10.5,Dhamra,9,True,Normal,22.8,6000,5700.0
VC-000254,SYNV-00254,Handysize,28756,10.7,Chennai,4,False,Calm,9.8,6000,2450.0
VC-000255,SYNV-00255,Panamax,93528,13.1,Chennai,10,True,Severe Storm,49.2,12000,24600.0
VC-000256,SYNV-00256,Handysize,26687,10.4,Kolkata,5,False,Calm,28.7,6000,7175.0
VC-000257,SYNV-00257,Handysize,18272,10.4,Dhamra,4,False,Normal,7.6,6000,1900.0
VC-000264,SYNV-00264,Handysize,38732,10.4,Chennai,3,False,Rough,18.4,6000,4600.0
VC-000266,SYNV-00266,Panamax,73234,12.7,Kolkata,9,True,Severe Storm,126.3,12000,63150.0
VC-000267,SYNV-00267,Supramax,46326,13.3,Paradip,6,True,Rough,58.7,8500,20789.58
VC-000269,SYNV-00269,Supramax,60249,11.3,Dhamra,3,False,Normal,10.2,8500,3612.5
VC-000270,SYNV-00270,Handysize,19887,10.4,Dhamra,5,False,Normal,9.3,6000,2325.0
VC-000272,SYNV-00272,Panamax,91410,12.2,Vizag,3,False,Normal,15.4,12000,7700.0
VC-000273,SYNV-00273,Supramax,47236,13.4,Dhamra,3,False,Rough,21.2,8500,7508.33
VC-000276,SYNV-00276,Handysize,37935,10.9,Kamarajar,10,True,Severe Storm,103.2,6000,25800.0
VC-000278,SYNV-00278,Capesize,187405,16.9,Vizag,10,True,Severe Storm,75.2,18000,56400.0
VC-000280,SYNV-00280,Supramax,54566,12.2,Kolkata,7,True,Rough,63.8,8500,22595.83
VC-000282,SYNV-00282,Panamax,97125,14.5,Kamarajar,12,False,Normal,29.3,12000,14650.0
VC-000285,SYNV-00285,Panamax,88047,14.1,Dhamra,5,False,Calm,10.4,12000,5200.0
VC-000290,SYNV-00290,Supramax,51903,12.3,Haldia,9,True,Rough,124.6,8500,44129.17
VC-000291,SYNV-00291,Panamax,77235,13.4,Paradip,11,True,Normal,34.3,12000,17150.0
VC-000292,SYNV-00292,Capesize,139860,16.3,Dhamra,11,False,Calm,29.8,18000,22350.0
VC-000293,SYNV-00293,Handysize,39746,10.1,Dhamra,2,False,Calm,9.4,6000,2350.0
VC-000299,SYNV-00299,Panamax,69728,13.7,Kamarajar,8,False,Normal,23.6,12000,11800.0
VC-000307,SYNV-00307,Panamax,73074,14.3,Kolkata,5,False,Normal,53.6,12000,26800.0
VC-000308,SYNV-00308,Capesize,126873,16.6,Kamarajar,11,True,Normal,49.6,18000,37200.0
VC-000310,SYNV-00310,Handysize,28214,10.8,Haldia,12,False,Normal,58.8,6000,14700.0
VC-000311,SYNV-00311,Capesize,208733,17.6,Chennai,12,True,Normal,25.6,18000,19200.0
VC-000314,SYNV-00314,Panamax,84389,12.1,Paradip,3,False,Normal,25.9,12000,12950.0
VC-000315,SYNV-00315,Handysize,16624,10.1,Chennai,8,False,Normal,16.0,6000,4000.0
VC-000316,SYNV-00316,Handysize,30164,10.4,Paradip,11,True,Normal,57.9,6000,14475.0
VC-000317,SYNV-00317,Capesize,101322,16.4,Kamarajar,10,True,Severe Storm,77.2,18000,57900.0
VC-000320,SYNV-00320,Panamax,65645,13.1,Vizag,5,True,Rough,33.7,12000,16850.0
VC-000323,SYNV-00323,Capesize,124162,17.9,Vizag,10,True,Calm,46.0,18000,34500.0
VC-000325,SYNV-00325,Handysize,36245,10.6,Dhamra,7,True,Rough,23.3,6000,5825.0
VC-000330,SYNV-00330,Panamax,99556,12.4,Vizag,4,False,Calm,16.7,12000,8350.0
VC-000332,SYNV-00332,Supramax,61068,12.3,Paradip,11,True,Severe Storm,71.8,8500,25429.17
VC-000333,SYNV-00333,Capesize,158712,16.3,Dhamra,2,False,Calm,16.0,18000,12000.0
VC-000334,SYNV-00334,Handysize,18495,10.4,Vizag,1,False,Normal,17.6,6000,4400.0
VC-000335,SYNV-00335,Handysize,30360,10.4,Chennai,4,False,Normal,8.8,6000,2200.0
VC-000336,SYNV-00336,Handysize,26414,10.4,Haldia,1,False,Rough,52.9,6000,13225.0
VC-000340,SYNV-00340,Supramax,43669,12.0,Haldia,6,True,Severe Storm,115.0,8500,40729.17
VC-000341,SYNV-00341,Panamax,76337,13.2,Vizag,6,False,Severe Storm,62.0,12000,31000.0
VC-000342,SYNV-00342,Handysize,38635,10.3,Paradip,2,False,Normal,19.7,6000,4925.0
VC-000347,SYNV-00347,Supramax,49032,13.6,Kolkata,9,True,Rough,102.1,8500,36160.42
VC-000348,SYNV-00348,Supramax,40974,12.5,Paradip,11,True,Normal,114.6,8500,40587.5
VC-000350,SYNV-00350,Capesize,140985,16.3,Haldia,9,True,Rough,96.4,18000,72300.0
VC-000354,SYNV-00354,Panamax,99678,14.3,Chennai,3,False,Normal,19.5,12000,9750.0
VC-000356,SYNV-00356,Panamax,75796,14.3,Vizag,10,True,Calm,54.1,12000,27050.0
VC-000357,SYNV-00357,Handysize,31406,10.0,Kamarajar,10,True,Rough,32.2,6000,8050.0
VC-000361,SYNV-00361,Handysize,23798,10.6,Haldia,7,True,Normal,83.7,6000,20925.0
VC-000365,SYNV-00365,Supramax,46464,13.0,Paradip,1,False,Calm,18.0,8500,6375.0
VC-000366,SYNV-00366,Handysize,23082,10.6,Chennai,11,True,Rough,24.8,6000,6200.0
VC-000367,SYNV-00367,Handysize,39994,10.5,Kamarajar,2,False,Rough,36.1,6000,9025.0
VC-000369,SYNV-00369,Supramax,50404,11.6,Kolkata,5,False,Rough,52.5,8500,18593.75
VC-000370,SYNV-00370,Handysize,15969,10.7,Kamarajar,9,False,Normal,23.7,6000,5925.0
VC-000371,SYNV-00371,Capesize,189822,17.8,Kamarajar,2,False,Calm,25.5,18000,19125.0
VC-000375,SYNV-00375,Panamax,67055,13.1,Vizag,11,True,Rough,68.9,12000,34450.0
VC-000377,SYNV-00377,Capesize,175474,17.2,Vizag,9,False,Rough,31.3,18000,23475.0
VC-000379,SYNV-00379,Handysize,23476,10.7,Kamarajar,6,False,Calm,12.9,6000,3225.0
VC-000380,SYNV-00380,Panamax,71993,12.7,Kamarajar,11,True,Severe Storm,56.9,12000,28450.0
VC-000385,SYNV-00385,Panamax,82370,14.3,Chennai,3,False,Calm,13.3,12000,6650.0
VC-000386,SYNV-00386,Handysize,21568,11.0,Paradip,5,False,Calm,45.0,6000,11250.0
VC-000387,SYNV-00387,Supramax,54511,12.1,Vizag,7,False,Rough,33.3,8500,11793.75
VC-000389,SYNV-00389,Handysize,33197,10.3,Kolkata,3,False,Normal,46.1,6000,11525.0
VC-000393,SYNV-00393,Panamax,74216,13.0,Vizag,8,False,Normal,23.5,12000,11750.0
VC-000394,SYNV-00394,Supramax,47637,11.8,Chennai,6,False,Normal,24.0,8500,8500.0
VC-000396,SYNV-00396,Handysize,16181,10.8,Kamarajar,2,False,Severe Storm,56.1,6000,14025.0
VC-000397,SYNV-00397,Handysize,29803,10.8,Kolkata,9,True,Normal,49.7,6000,12425.0
VC-000398,SYNV-00398,Capesize,130914,16.4,Kolkata,8,True,Normal,93.8,18000,70350.0
VC-000401,SYNV-00401,Supramax,52178,11.3,Kamarajar,6,False,Calm,18.0,8500,6375.0
VC-000402,SYNV-00402,Capesize,114861,16.4,Vizag,1,False,Rough,70.7,18000,53025.0
VC-000403,SYNV-00403,Panamax,67402,13.7,Dhamra,11,False,Normal,20.1,12000,10050.0
VC-000404,SYNV-00404,Panamax,85516,12.8,Paradip,10,True,Rough,51.4,12000,25700.0
VC-000405,SYNV-00405,Panamax,80299,13.9,Paradip,8,True,Severe Storm,122.2,12000,61100.0
VC-000406,SYNV-00406,Supramax,52034,12.7,Paradip,3,False,Calm,24.2,8500,8570.83
VC-000411,SYNV-00411,Supramax,49206,11.2,Paradip,9,True,Normal,58.9,8500,20860.42
VC-000412,SYNV-00412,Capesize,160618,16.5,Dhamra,5,False,Calm,29.6,18000,22200.0
VC-000413,SYNV-00413,Supramax,59313,13.4,Paradip,10,True,Normal,24.4,8500,8641.67
VC-000417,SYNV-00417,Panamax,81191,13.0,Paradip,7,True,Normal,24.4,12000,12200.0
VC-000419,SYNV-00419,Supramax,49202,12.9,Kolkata,2,False,Rough,49.7,8500,17602.08
VC-000422,SYNV-00422,Supramax,52680,12.3,Kolkata,1,False,Normal,40.6,8500,14379.17
VC-000423,SYNV-00423,Handysize,22992,10.3,Paradip,12,True,Rough,101.9,6000,25475.0
VC-000424,SYNV-00424,Capesize,134227,17.4,Vizag,8,False,Calm,28.5,18000,21375.0
VC-000425,SYNV-00425,Handysize,30442,10.7,Chennai,6,False,Normal,19.3,6000,4825.0
VC-000427,SYNV-00427,Supramax,58775,13.5,Haldia,1,False,Normal,28.4,8500,10058.33
VC-000428,SYNV-00428,Capesize,114675,17.9,Chennai,9,False,Calm,12.2,18000,9150.0
VC-000429,SYNV-00429,Handysize,15097,10.4,Kolkata,1,False,Normal,28.4,6000,7100.0
VC-000430,SYNV-00430,Supramax,59192,13.7,Dhamra,6,True,Rough,49.1,8500,17389.58
VC-000434,SYNV-00434,Handysize,27356,10.2,Kolkata,10,False,Rough,73.8,6000,18450.0
VC-000436,SYNV-00436,Supramax,48565,11.9,Dhamra,6,True,Normal,31.5,8500,11156.25
VC-000439,SYNV-00439,Handysize,37040,10.7,Kolkata,11,False,Rough,62.2,6000,15550.0
VC-000440,SYNV-00440,Capesize,150420,17.6,Dhamra,11,False,Normal,18.2,18000,13650.0
VC-000444,SYNV-00444,Supramax,52525,12.4,Kamarajar,6,False,Rough,60.6,8500,21462.5
VC-000445,SYNV-00445,Panamax,94878,12.4,Paradip,5,False,Normal,31.2,12000,15600.0
VC-000447,SYNV-00447,Capesize,218433,17.7,Haldia,5,False,Calm,90.9,18000,68175.0
VC-000453,SYNV-00453,Supramax,62323,11.0,Kolkata,2,False,Calm,39.0,8500,13812.5
VC-000454,SYNV-00454,Handysize,26501,10.2,Paradip,5,False,Normal,42.4,6000,10600.0
VC-000455,SYNV-00455,Handysize,36110,10.2,Vizag,7,False,Rough,36.1,6000,9025.0
VC-000456,SYNV-00456,Handysize,19667,10.5,Kamarajar,10,True,Calm,40.0,6000,10000.0
VC-000457,SYNV-00457,Panamax,67827,14.2,Paradip,9,True,Rough,112.4,12000,56200.0
VC-000464,SYNV-00464,Panamax,85288,13.6,Chennai,12,True,Normal,23.1,12000,11550.0
VC-000466,SYNV-00466,Supramax,58276,11.6,Chennai,3,False,Calm,16.0,8500,5666.67
VC-000467,SYNV-00467,Panamax,66398,12.1,Dhamra,11,False,Normal,21.5,12000,10750.0
VC-000471,SYNV-00471,Panamax,74466,12.9,Kolkata,8,True,Calm,46.4,12000,23200.0
VC-000472,SYNV-00472,Supramax,46134,11.6,Haldia,6,True,Rough,117.5,8500,41614.58
VC-000474,SYNV-00474,Panamax,97884,13.7,Haldia,4,False,Normal,72.1,12000,36050.0
VC-000477,SYNV-00477,Handysize,17962,10.2,Paradip,1,False,Calm,18.0,6000,4500.0
VC-000478,SYNV-00478,Handysize,19047,10.1,Kolkata,7,True,Rough,77.5,6000,19375.0
VC-000479,SYNV-00479,Handysize,15606,10.9,Kamarajar,7,False,Calm,19.0,6000,4750.0
VC-000480,SYNV-00480,Capesize,174119,17.2,Dhamra,2,False,Severe Storm,33.5,18000,25125.0
VC-000481,SYNV-00481,Handysize,30577,10.4,Haldia,12,False,Normal,47.1,6000,11775.0
VC-000482,SYNV-00482,Capesize,145495,17.3,Kolkata,2,False,Severe Storm,135.2,18000,101400.0
VC-000483,SYNV-00483,Supramax,57610,11.4,Haldia,12,False,Normal,55.1,8500,19514.58
VC-000484,SYNV-00484,Handysize,21103,10.9,Vizag,6,False,Calm,12.5,6000,3125.0
VC-000486,SYNV-00486,Supramax,49130,13.1,Chennai,9,False,Normal,23.9,8500,8464.58
VC-000493,SYNV-00493,Handysize,26728,10.7,Dhamra,7,True,Normal,32.0,6000,8000.0
VC-000495,SYNV-00495,Handysize,17488,10.6,Dhamra,8,True,Calm,12.7,6000,3175.0
VC-000496,SYNV-00496,Supramax,44008,12.8,Kamarajar,1,False,Rough,27.1,8500,9597.92
VC-000497,SYNV-00497,Supramax,54075,12.4,Vizag,4,False,Normal,17.3,8500,6127.08
VC-000499,SYNV-00499,Panamax,85649,12.3,Paradip,2,False,Calm,28.1,12000,14050.0
VC-000500,SYNV-00500,Capesize,191449,17.4,Chennai,4,False,Calm,29.6,18000,22200.0
VC-000503,SYNV-00503,Supramax,59748,11.2,Paradip,8,True,Normal,22.6,8500,8004.17
VC-000504,SYNV-00504,Panamax,86623,12.0,Dhamra,12,False,Calm,17.3,12000,8650.0
VC-000506,SYNV-00506,Panamax,97153,12.6,Dhamra,6,True,Severe Storm,94.6,12000,47300.0
VC-000509,SYNV-00509,Supramax,50243,11.5,Kolkata,5,False,Normal,50.4,8500,17850.0
VC-000510,SYNV-00510,Capesize,197892,17.4,Kolkata,1,False,Rough,72.3,18000,54225.0
VC-000512,SYNV-00512,Panamax,91633,12.8,Chennai,8,False,Calm,15.7,12000,7850.0
VC-000514,SYNV-00514,Handysize,17089,10.4,Vizag,6,False,Calm,13.4,6000,3350.0
VC-000517,SYNV-00517,Panamax,80795,13.6,Haldia,9,True,Normal,66.4,12000,33200.0
VC-000519,SYNV-00519,Handysize,28543,10.1,Paradip,3,False,Normal,16.2,6000,4050.0
VC-000520,SYNV-00520,Capesize,111798,16.1,Vizag,6,False,Normal,31.9,18000,23925.0
VC-000522,SYNV-00522,Handysize,35675,10.6,Kamarajar,12,False,Normal,28.3,6000,7075.0
VC-000523,SYNV-00523,Handysize,15021,10.6,Dhamra,11,False,Normal,22.1,6000,5525.0
VC-000524,SYNV-00524,Supramax,41756,11.2,Haldia,3,False,Rough,71.6,8500,25358.33
VC-000526,SYNV-00526,Handysize,16916,10.6,Chennai,2,False,Severe Storm,25.7,6000,6425.0
VC-000527,SYNV-00527,Capesize,181361,16.1,Dhamra,9,True,Severe Storm,93.4,18000,70050.0
VC-000529,SYNV-00529,Handysize,33175,10.9,Paradip,1,False,Calm,29.8,6000,7450.0
VC-000530,SYNV-00530,Handysize,28836,10.7,Kolkata,3,False,Normal,39.5,6000,9875.0
VC-000531,SYNV-00531,Handysize,18858,10.9,Chennai,7,False,Rough,26.5,6000,6625.0
VC-000533,SYNV-00533,Handysize,23793,10.7,Dhamra,2,False,Rough,41.2,6000,10300.0
VC-000537,SYNV-00537,Handysize,19106,10.1,Vizag,7,False,Severe Storm,43.4,6000,10850.0
VC-000538,SYNV-00538,Supramax,62456,12.7,Chennai,5,False,Rough,19.6,8500,6941.67
VC-000539,SYNV-00539,Supramax,48638,13.4,Vizag,2,False,Rough,40.5,8500,14343.75
VC-000540,SYNV-00540,Supramax,46773,12.5,Vizag,12,False,Calm,13.6,8500,4816.67
VC-000541,SYNV-00541,Supramax,54133,11.1,Vizag,2,False,Calm,13.3,8500,4710.42
VC-000542,SYNV-00542,Supramax,48467,11.7,Kolkata,1,False,Calm,33.7,8500,11935.42
VC-000543,SYNV-00543,Handysize,38992,10.6,Kolkata,12,False,Normal,51.7,6000,12925.0
VC-000546,SYNV-00546,Supramax,42254,12.3,Paradip,8,True,Normal,26.3,8500,9314.58
VC-000551,SYNV-00551,Supramax,40312,12.3,Vizag,2,False,Normal,16.7,8500,5914.58
VC-000553,SYNV-00553,Handysize,15655,10.2,Paradip,12,True,Normal,25.3,6000,6325.0
VC-000554,SYNV-00554,Capesize,135081,17.0,Kolkata,7,True,Normal,65.9,18000,49425.0
VC-000555,SYNV-00555,Handysize,27575,10.7,Haldia,2,False,Rough,83.4,6000,20850.0
VC-000557,SYNV-00557,Supramax,54015,12.4,Dhamra,6,True,Rough,28.0,8500,9916.67
VC-000565,SYNV-00565,Capesize,205359,17.6,Kamarajar,7,False,Normal,35.2,18000,26400.0
VC-000567,SYNV-00567,Handysize,30501,10.8,Kamarajar,4,False,Calm,33.8,6000,8450.0
VC-000568,SYNV-00568,Supramax,56475,12.2,Chennai,11,True,Normal,33.8,8500,11970.83
VC-000571,SYNV-00571,Supramax,46601,11.6,Kamarajar,1,False,Calm,13.3,8500,4710.42
VC-000572,SYNV-00572,Supramax,56977,13.3,Vizag,11,True,Normal,18.7,8500,6622.92
VC-000573,SYNV-00573,Supramax,40025,11.1,Paradip,9,True,Severe Storm,67.9,8500,24047.92
VC-000574,SYNV-00574,Capesize,102453,17.6,Kolkata,12,False,Normal,47.7,18000,35775.0
VC-000575,SYNV-00575,Handysize,33783,10.8,Kolkata,1,False,Normal,31.7,6000,7925.0
VC-000576,SYNV-00576,Capesize,152705,16.9,Kamarajar,4,False,Normal,41.8,18000,31350.0
VC-000577,SYNV-00577,Supramax,60668,13.7,Haldia,7,True,Severe Storm,186.7,8500,66122.92
VC-000578,SYNV-00578,Panamax,94341,13.4,Chennai,6,False,Normal,41.3,12000,20650.0
VC-000580,SYNV-00580,Panamax,90097,13.9,Haldia,2,False,Normal,81.0,12000,40500.0
VC-000583,SYNV-00583,Capesize,210269,17.5,Vizag,12,False,Normal,37.0,18000,27750.0
VC-000584,SYNV-00584,Panamax,83230,14.2,Paradip,7,True,Normal,51.9,12000,25950.0
VC-000586,SYNV-00586,Handysize,26837,10.2,Kamarajar,1,False,Normal,26.8,6000,6700.0
VC-000589,SYNV-00589,Capesize,203642,17.1,Dhamra,2,False,Normal,21.9,18000,16425.0
VC-000590,SYNV-00590,Panamax,82440,14.3,Chennai,4,False,Normal,21.3,12000,10650.0
VC-000593,SYNV-00593,Supramax,48058,12.2,Chennai,4,False,Rough,26.6,8500,9420.83
VC-000595,SYNV-00595,Panamax,78666,13.2,Haldia,11,False,Rough,84.8,12000,42400.0
VC-000596,SYNV-00596,Supramax,60150,11.3,Kamarajar,10,True,Calm,42.0,8500,14875.0
VC-000598,SYNV-00598,Handysize,38389,10.0,Paradip,7,True,Normal,19.1,6000,4775.0
VC-000604,SYNV-00604,Supramax,46914,11.1,Chennai,10,True,Severe Storm,39.8,8500,14095.83
VC-000605,SYNV-00605,Panamax,77252,13.0,Kamarajar,1,False,Calm,43.9,12000,21950.0
VC-000608,SYNV-00608,Panamax,73417,13.0,Kamarajar,11,True,Normal,41.3,12000,20650.0
VC-000611,SYNV-00611,Handysize,25643,10.5,Paradip,9,True,Normal,50.3,6000,12575.0
VC-000614,SYNV-00614,Supramax,62084,11.7,Kamarajar,1,False,Normal,37.3,8500,13210.42
VC-000617,SYNV-00617,Panamax,97714,13.2,Haldia,9,True,Rough,95.6,12000,47800.0
VC-000622,SYNV-00622,Capesize,137149,16.4,Dhamra,4,False,Calm,19.5,18000,14625.0
VC-000624,SYNV-00624,Handysize,39704,10.3,Paradip,12,True,Calm,20.5,6000,5125.0
VC-000627,SYNV-00627,Handysize,33951,11.0,Kamarajar,9,False,Calm,29.9,6000,7475.0
VC-000628,SYNV-00628,Handysize,28120,10.9,Chennai,12,True,Severe Storm,44.4,6000,11100.0
VC-000630,SYNV-00630,Panamax,87712,13.9,Vizag,7,False,Normal,24.9,12000,12450.0
VC-000631,SYNV-00631,Handysize,22810,10.2,Vizag,1,False,Calm,18.8,6000,4700.0
VC-000632,SYNV-00632,Panamax,97749,14.0,Kamarajar,8,False,Normal,28.8,12000,14400.0
VC-000634,SYNV-00634,Panamax,91898,13.6,Dhamra,9,True,Rough,33.0,12000,16500.0
VC-000640,SYNV-00640,Handysize,35107,10.4,Kamarajar,8,False,Normal,18.2,6000,4550.0
VC-000641,SYNV-00641,Handysize,31898,10.3,Paradip,6,True,Severe Storm,48.2,6000,12050.0
VC-000642,SYNV-00642,Handysize,30503,10.5,Chennai,7,False,Normal,12.2,6000,3050.0
VC-000643,SYNV-00643,Handysize,39976,10.4,Dhamra,2,False,Calm,24.3,6000,6075.0
VC-000644,SYNV-00644,Supramax,57937,13.7,Dhamra,1,False,Normal,10.7,8500,3789.58
VC-000645,SYNV-00645,Handysize,39672,10.8,Chennai,12,True,Severe Storm,44.4,6000,11100.0
VC-000651,SYNV-00651,Capesize,141520,17.8,Kamarajar,3,False,Calm,49.5,18000,37125.0
VC-000652,SYNV-00652,Panamax,69860,14.3,Chennai,7,False,Normal,14.2,12000,7100.0
VC-000653,SYNV-00653,Handysize,27427,10.3,Chennai,7,False,Normal,16.4,6000,4100.0
VC-000654,SYNV-00654,Handysize,16826,10.2,Haldia,6,True,Normal,31.7,6000,7925.0
VC-000656,SYNV-00656,Capesize,213324,17.4,Vizag,6,False,Calm,14.3,18000,10725.0
VC-000657,SYNV-00657,Capesize,112720,16.8,Dhamra,12,False,Normal,24.4,18000,18300.0
VC-000658,SYNV-00658,Handysize,23622,10.1,Vizag,9,False,Normal,16.3,6000,4075.0
VC-000659,SYNV-00659,Handysize,38846,10.1,Dhamra,6,True,Rough,47.3,6000,11825.0
VC-000661,SYNV-00661,Supramax,54531,11.7,Haldia,2,False,Normal,29.9,8500,10589.58
VC-000662,SYNV-00662,Supramax,64761,14.0,Kamarajar,3,False,Severe Storm,56.1,8500,19868.75
VC-000665,SYNV-00665,Handysize,27383,10.2,Kolkata,7,True,Normal,36.2,6000,9050.0
VC-000666,SYNV-00666,Handysize,38244,10.0,Kolkata,4,False,Normal,38.6,6000,9650.0
VC-000668,SYNV-00668,Capesize,195576,17.9,Haldia,4,False,Normal,77.4,18000,58050.0
VC-000673,SYNV-00673,Supramax,60705,13.5,Dhamra,7,True,Normal,21.5,8500,7614.58
VC-000674,SYNV-00674,Panamax,98839,13.8,Vizag,5,True,Normal,25.5,12000,12750.0
VC-000675,SYNV-00675,Panamax,74846,13.7,Dhamra,2,False,Rough,31.0,12000,15500.0
VC-000677,SYNV-00677,Supramax,43906,12.4,Kamarajar,8,False,Normal,29.3,8500,10377.08
VC-000678,SYNV-00678,Supramax,53504,13.8,Kolkata,9,True,Rough,68.4,8500,24225.0
VC-000679,SYNV-00679,Handysize,17524,10.8,Dhamra,1,False,Rough,13.3,6000,3325.0
VC-000680,SYNV-00680,Supramax,54777,12.9,Dhamra,3,False,Normal,16.2,8500,5737.5
VC-000681,SYNV-00681,Panamax,84590,12.8,Kamarajar,4,False,Rough,42.1,12000,21050.0
VC-000685,SYNV-00685,Handysize,27969,10.5,Haldia,12,False,Rough,57.1,6000,14275.0
VC-000687,SYNV-00687,Capesize,185113,17.6,Vizag,7,False,Normal,25.3,18000,18975.0
VC-000693,SYNV-00693,Handysize,34726,10.6,Kolkata,12,False,Normal,48.8,6000,12200.0
VC-000695,SYNV-00695,Panamax,68645,12.3,Kamarajar,12,False,Calm,15.7,12000,7850.0
VC-000696,SYNV-00696,Panamax,84333,14.1,Chennai,1,False,Calm,18.1,12000,9050.0
VC-000701,SYNV-00701,Handysize,23362,10.2,Kamarajar,3,False,Calm,12.6,6000,3150.0
VC-000703,SYNV-00703,Panamax,67351,12.4,Kamarajar,9,False,Normal,93.9,12000,46950.0
VC-000705,SYNV-00705,Capesize,102494,16.4,Haldia,4,False,Rough,58.2,18000,43650.0
VC-000706,SYNV-00706,Handysize,28269,10.8,Chennai,2,False,Calm,17.0,6000,4250.0
VC-000709,SYNV-00709,Capesize,157421,17.6,Paradip,10,True,Severe Storm,94.2,18000,70650.0
VC-000714,SYNV-00714,Supramax,57847,14.0,Kolkata,9,True,Normal,59.9,8500,21214.58
VC-000715,SYNV-00715,Supramax,48606,13.8,Dhamra,2,False,Normal,20.0,8500,7083.33
VC-000719,SYNV-00719,Handysize,38493,10.1,Chennai,12,True,Rough,49.4,6000,12350.0
VC-000721,SYNV-00721,Supramax,45857,13.2,Paradip,2,False,Rough,45.4,8500,16079.17
VC-000722,SYNV-00722,Supramax,60808,11.5,Kamarajar,11,True,Calm,26.4,8500,9350.0
VC-000725,SYNV-00725,Supramax,43666,12.3,Haldia,6,True,Normal,96.7,8500,34247.92
VC-000726,SYNV-00726,Handysize,29763,10.2,Haldia,7,True,Rough,78.9,6000,19725.0
VC-000728,SYNV-00728,Capesize,136390,16.3,Vizag,11,True,Rough,44.0,18000,33000.0
VC-000732,SYNV-00732,Handysize,24282,10.1,Haldia,11,False,Normal,39.4,6000,9850.0
VC-000734,SYNV-00734,Handysize,30340,10.2,Kolkata,4,False,Normal,33.6,6000,8400.0
VC-000737,SYNV-00737,Supramax,41022,11.9,Kolkata,4,False,Rough,48.5,8500,17177.08
VC-000739,SYNV-00739,Capesize,178409,17.3,Vizag,11,True,Rough,38.8,18000,29100.0
VC-000741,SYNV-00741,Capesize,120990,16.3,Haldia,4,False,Calm,39.2,18000,29400.0
VC-000744,SYNV-00744,Panamax,92664,12.6,Kamarajar,6,False,Rough,42.6,12000,21300.0
VC-000745,SYNV-00745,Handysize,22210,10.5,Kolkata,10,False,Normal,43.6,6000,10900.0
VC-000746,SYNV-00746,Handysize,21785,10.4,Dhamra,12,False,Normal,11.1,6000,2775.0
VC-000747,SYNV-00747,Panamax,65660,13.1,Chennai,11,True,Rough,27.9,12000,13950.0
VC-000748,SYNV-00748,Supramax,50291,11.6,Paradip,2,False,Rough,60.7,8500,21497.92
VC-000756,SYNV-00756,Panamax,73763,13.9,Chennai,1,False,Rough,19.4,12000,9700.0
VC-000757,SYNV-00757,Panamax,99655,12.6,Haldia,1,False,Calm,34.6,12000,17300.0
VC-000758,SYNV-00758,Panamax,91426,12.1,Vizag,2,False,Normal,35.8,12000,17900.0
VC-000760,SYNV-00760,Handysize,27231,10.1,Kolkata,10,False,Normal,34.5,6000,8625.0
VC-000762,SYNV-00762,Capesize,128254,17.0,Vizag,8,False,Normal,35.4,18000,26550.0
VC-000763,SYNV-00763,Capesize,152153,16.4,Haldia,3,False,Normal,64.7,18000,48525.0
VC-000764,SYNV-00764,Capesize,218391,17.3,Kamarajar,8,False,Normal,20.5,18000,15375.0
VC-000766,SYNV-00766,Supramax,48078,11.9,Vizag,9,False,Calm,29.6,8500,10483.33
VC-000769,SYNV-00769,Supramax,48149,11.8,Haldia,4,False,Normal,34.2,8500,12112.5
VC-000771,SYNV-00771,Handysize,21823,11.0,Paradip,6,True,Severe Storm,105.4,6000,26350.0
VC-000778,SYNV-00778,Capesize,187431,16.9,Chennai,6,False,Calm,19.4,18000,14550.0
VC-000782,SYNV-00782,Panamax,96541,13.4,Kamarajar,3,False,Calm,48.0,12000,24000.0
VC-000783,SYNV-00783,Supramax,43715,12.3,Haldia,8,True,Rough,93.0,8500,32937.5
VC-000786,SYNV-00786,Panamax,66734,12.3,Haldia,9,True,Rough,121.8,12000,60900.0
VC-000787,SYNV-00787,Panamax,75007,12.2,Paradip,3,False,Calm,19.3,12000,9650.0
VC-000789,SYNV-00789,Capesize,165387,16.8,Dhamra,6,True,Severe Storm,52.1,18000,39075.0
VC-000792,SYNV-00792,Handysize,26165,10.0,Chennai,5,False,Calm,10.4,6000,2600.0
VC-000793,SYNV-00793,Handysize,31387,10.3,Kamarajar,1,False,Severe Storm,54.4,6000,13600.0
VC-000794,SYNV-00794,Capesize,204162,16.6,Chennai,8,False,Normal,26.1,18000,19575.0
VC-000795,SYNV-00795,Supramax,40421,11.8,Vizag,9,False,Severe Storm,48.4,8500,17141.67
VC-000796,SYNV-00796,Handysize,26980,10.8,Chennai,3,False,Rough,18.5,6000,4625.0
VC-000797,SYNV-00797,Handysize,26566,10.8,Dhamra,3,False,Normal,14.3,6000,3575.0
VC-000799,SYNV-00799,Supramax,40398,11.7,Haldia,12,False,Normal,57.1,8500,20222.92
VC-000801,SYNV-00801,Handysize,25350,10.8,Kolkata,5,False,Rough,75.5,6000,18875.0
VC-000802,SYNV-00802,Panamax,90905,12.8,Vizag,4,False,Rough,38.4,12000,19200.0
VC-000803,SYNV-00803,Handysize,18900,10.9,Haldia,1,False,Normal,48.7,6000,12175.0
VC-000806,SYNV-00806,Supramax,55756,11.1,Vizag,12,False,Calm,18.1,8500,6410.42
VC-000807,SYNV-00807,Handysize,34380,10.7,Vizag,11,True,Normal,18.8,6000,4700.0
VC-000808,SYNV-00808,Supramax,55883,12.3,Haldia,3,False,Calm,73.1,8500,25889.58
VC-000809,SYNV-00809,Supramax,53860,11.7,Chennai,8,False,Normal,21.3,8500,7543.75
VC-000811,SYNV-00811,Handysize,32376,10.4,Vizag,11,True,Severe Storm,96.6,6000,24150.0
VC-000815,SYNV-00815,Handysize,26640,10.4,Kamarajar,3,False,Rough,21.0,6000,5250.0
VC-000816,SYNV-00816,Panamax,88377,14.3,Paradip,10,True,Normal,51.8,12000,25900.0
VC-000818,SYNV-00818,Handysize,33943,10.6,Kolkata,9,True,Rough,67.8,6000,16950.0
VC-000819,SYNV-00819,Handysize,24095,10.7,Kamarajar,8,False,Normal,26.7,6000,6675.0
VC-000820,SYNV-00820,Handysize,29880,11.0,Haldia,11,False,Normal,59.8,6000,14950.0
VC-000821,SYNV-00821,Panamax,87946,13.7,Paradip,8,True,Normal,31.3,12000,15650.0
VC-000823,SYNV-00823,Panamax,70556,12.4,Vizag,5,True,Rough,28.2,12000,14100.0
VC-000824,SYNV-00824,Handysize,24261,10.3,Dhamra,3,False,Calm,10.0,6000,2500.0
VC-000826,SYNV-00826,Handysize,35297,10.9,Paradip,6,True,Severe Storm,41.1,6000,10275.0
VC-000828,SYNV-00828,Handysize,15172,10.9,Dhamra,12,False,Normal,9.5,6000,2375.0
VC-000830,SYNV-00830,Panamax,91840,12.4,Kolkata,3,False,Calm,43.0,12000,21500.0
VC-000832,SYNV-00832,Panamax,71894,12.7,Vizag,3,False,Normal,31.8,12000,15900.0
VC-000833,SYNV-00833,Supramax,62987,13.5,Kamarajar,8,False,Rough,35.4,8500,12537.5
VC-000834,SYNV-00834,Panamax,80221,12.8,Kolkata,8,True,Rough,71.7,12000,35850.0
VC-000835,SYNV-00835,Capesize,105571,17.0,Vizag,1,False,Normal,46.3,18000,34725.0
VC-000836,SYNV-00836,Handysize,37113,10.8,Haldia,11,False,Calm,32.9,6000,8225.0
VC-000837,SYNV-00837,Supramax,46145,14.0,Dhamra,4,False,Calm,23.3,8500,8252.08
VC-000842,SYNV-00842,Supramax,64608,11.7,Chennai,6,False,Normal,20.6,8500,7295.83
VC-000843,SYNV-00843,Panamax,71106,13.5,Vizag,5,True,Normal,39.9,12000,19950.0
VC-000846,SYNV-00846,Panamax,93977,14.2,Paradip,9,True,Rough,84.6,12000,42300.0
VC-000849,SYNV-00849,Capesize,172176,17.5,Vizag,2,False,Calm,26.7,18000,20025.0
VC-000854,SYNV-00854,Panamax,96357,13.2,Chennai,4,False,Rough,29.3,12000,14650.0
VC-000855,SYNV-00855,Handysize,26848,10.2,Paradip,8,True,Calm,28.6,6000,7150.0
VC-000856,SYNV-00856,Supramax,51381,11.9,Haldia,4,False,Severe Storm,56.7,8500,20081.25
VC-000858,SYNV-00858,Supramax,57911,12.9,Chennai,2,False,Rough,31.3,8500,11085.42
VC-000860,SYNV-00860,Supramax,40080,13.0,Kamarajar,8,False,Calm,15.5,8500,5489.58
VC-000861,SYNV-00861,Supramax,62373,12.7,Kolkata,1,False,Normal,33.2,8500,11758.33
VC-000864,SYNV-00864,Handysize,16302,10.9,Haldia,3,False,Calm,27.0,6000,6750.0
VC-000866,SYNV-00866,Handysize,22321,10.1,Chennai,5,False,Calm,10.4,6000,2600.0
VC-000868,SYNV-00868,Handysize,35006,10.9,Kolkata,3,False,Normal,36.4,6000,9100.0
VC-000870,SYNV-00870,Handysize,22649,10.3,Chennai,2,False,Normal,15.2,6000,3800.0
VC-000871,SYNV-00871,Handysize,17573,10.8,Paradip,7,True,Rough,55.2,6000,13800.0
VC-000872,SYNV-00872,Panamax,91310,14.2,Haldia,4,False,Normal,49.8,12000,24900.0
VC-000875,SYNV-00875,Capesize,199028,17.7,Kamarajar,12,False,Normal,35.7,18000,26775.0
VC-000881,SYNV-00881,Handysize,19598,10.3,Paradip,12,True,Normal,34.8,6000,8700.0
VC-000882,SYNV-00882,Supramax,49901,11.1,Chennai,8,False,Rough,33.0,8500,11687.5
VC-000885,SYNV-00885,Handysize,19021,10.4,Chennai,9,False,Rough,29.7,6000,7425.0
VC-000889,SYNV-00889,Supramax,50417,12.1,Kolkata,12,False,Rough,49.6,8500,17566.67
VC-000890,SYNV-00890,Handysize,37505,10.9,Paradip,1,False,Severe Storm,40.2,6000,10050.0
VC-000891,SYNV-00891,Panamax,76049,12.4,Haldia,10,False,Severe Storm,85.1,12000,42550.0
VC-000894,SYNV-00894,Handysize,19769,10.5,Paradip,10,True,Severe Storm,48.2,6000,12050.0
VC-000895,SYNV-00895,Capesize,155645,16.9,Kamarajar,5,True,Normal,64.3,18000,48225.0
VC-000896,SYNV-00896,Panamax,66429,13.7,Kolkata,4,False,Calm,44.2,12000,22100.0
VC-000899,SYNV-00899,Handysize,38999,10.1,Kolkata,6,True,Normal,45.7,6000,11425.0
VC-000901,SYNV-00901,Capesize,172120,16.7,Kolkata,10,False,Normal,56.3,18000,42225.0
VC-000902,SYNV-00902,Panamax,68215,14.1,Kolkata,6,True,Normal,86.2,12000,43100.0
VC-000904,SYNV-00904,Panamax,77321,13.3,Kamarajar,4,False,Normal,29.3,12000,14650.0
VC-000905,SYNV-00905,Panamax,71109,14.3,Paradip,7,True,Rough,79.3,12000,39650.0
VC-000906,SYNV-00906,Handysize,16588,10.7,Paradip,8,True,Normal,48.6,6000,12150.0
VC-000909,SYNV-00909,Handysize,26274,10.6,Paradip,2,False,Severe Storm,46.0,6000,11500.0
VC-000910,SYNV-00910,Supramax,49154,13.7,Vizag,1,False,Rough,29.6,8500,10483.33
VC-000914,SYNV-00914,Panamax,85702,12.3,Kamarajar,5,True,Rough,60.3,12000,30150.0
VC-000918,SYNV-00918,Supramax,48669,13.5,Kamarajar,11,True,Rough,53.4,8500,18912.5
VC-000919,SYNV-00919,Supramax,40026,13.9,Chennai,8,False,Normal,26.3,8500,9314.58
VC-000920,SYNV-00920,Supramax,47251,13.9,Kamarajar,8,False,Normal,32.6,8500,11545.83
VC-000921,SYNV-00921,Handysize,16609,10.4,Vizag,6,False,Calm,15.2,6000,3800.0
VC-000922,SYNV-00922,Supramax,48322,13.0,Chennai,11,True,Normal,39.8,8500,14095.83
VC-000923,SYNV-00923,Handysize,19367,10.9,Chennai,5,False,Calm,10.4,6000,2600.0
VC-000925,SYNV-00925,Supramax,43204,13.9,Kolkata,11,False,Normal,26.5,8500,9385.42
VC-000927,SYNV-00927,Supramax,47366,12.5,Kamarajar,12,False,Normal,31.4,8500,11120.83
VC-000929,SYNV-00929,Supramax,51875,12.6,Paradip,5,False,Calm,23.2,8500,8216.67
VC-000930,SYNV-00930,Supramax,53914,11.2,Kamarajar,11,True,Rough,33.5,8500,11864.58
VC-000931,SYNV-00931,Handysize,32772,10.3,Kolkata,9,True,Rough,63.4,6000,15850.0
VC-000933,SYNV-00933,Panamax,86510,12.0,Chennai,4,False,Normal,30.3,12000,15150.0
VC-000935,SYNV-00935,Handysize,31717,10.3,Dhamra,1,False,Normal,12.8,6000,3200.0
VC-000936,SYNV-00936,Supramax,59924,13.4,Dhamra,7,True,Normal,14.7,8500,5206.25
VC-000938,SYNV-00938,Handysize,20073,10.9,Dhamra,5,False,Rough,19.5,6000,4875.0
VC-000944,SYNV-00944,Supramax,42639,12.6,Vizag,11,True,Severe Storm,106.1,8500,37577.08
VC-000945,SYNV-00945,Capesize,202491,16.1,Dhamra,2,False,Rough,52.5,18000,39375.0
VC-000951,SYNV-00951,Capesize,118708,17.9,Vizag,9,False,Normal,38.8,18000,29100.0
VC-000952,SYNV-00952,Supramax,57989,12.9,Paradip,11,True,Rough,62.8,8500,22241.67
VC-000953,SYNV-00953,Handysize,19579,11.0,Haldia,9,True,Severe Storm,159.9,6000,39975.0
VC-000954,SYNV-00954,Supramax,58992,13.3,Chennai,1,False,Calm,41.3,8500,14627.08
VC-000955,SYNV-00955,Supramax,45992,11.2,Chennai,2,False,Calm,19.6,8500,6941.67
VC-000956,SYNV-00956,Capesize,156399,16.8,Kolkata,9,True,Normal,37.9,18000,28425.0
VC-000958,SYNV-00958,Handysize,32696,10.5,Kolkata,3,False,Normal,44.8,6000,11200.0
VC-000959,SYNV-00959,Capesize,155800,17.7,Haldia,12,False,Calm,34.1,18000,25575.0
VC-000961,SYNV-00961,Handysize,34298,10.6,Kolkata,2,False,Normal,41.2,6000,10300.0
VC-000965,SYNV-00965,Handysize,23768,10.4,Chennai,4,False,Normal,12.0,6000,3000.0
VC-000966,SYNV-00966,Handysize,24155,10.2,Kamarajar,9,False,Normal,39.2,6000,9800.0
VC-000967,SYNV-00967,Panamax,88483,12.7,Kolkata,7,True,Normal,68.5,12000,34250.0
VC-000969,SYNV-00969,Supramax,46768,12.7,Chennai,5,False,Normal,21.2,8500,7508.33
VC-000971,SYNV-00971,Handysize,16084,10.8,Vizag,1,False,Normal,20.5,6000,5125.0
VC-000972,SYNV-00972,Handysize,30041,10.0,Kamarajar,7,False,Normal,11.2,6000,2800.0
VC-000976,SYNV-00976,Capesize,159100,16.1,Kamarajar,10,True,Normal,52.2,18000,39150.0
VC-000979,SYNV-00979,Handysize,18459,10.8,Dhamra,10,False,Normal,14.7,6000,3675.0
VC-000983,SYNV-00983,Handysize,35485,10.8,Kolkata,7,True,Severe Storm,86.4,6000,21600.0
VC-000984,SYNV-00984,Handysize,22736,10.2,Vizag,12,False,Calm,17.3,6000,4325.0
VC-000985,SYNV-00985,Supramax,56390,13.5,Paradip,3,False,Normal,46.6,8500,16504.17
VC-000990,SYNV-00990,Handysize,30522,10.8,Vizag,10,True,Normal,20.5,6000,5125.0
VC-000997,SYNV-00997,Panamax,65355,13.6,Haldia,10,False,Calm,70.6,12000,35300.0
VC-001002,SYNV-01002,Handysize,34481,11.0,Haldia,6,True,Rough,82.0,6000,20500.0
VC-001004,SYNV-01004,Handysize,15692,10.0,Paradip,11,True,Normal,40.1,6000,10025.0
VC-001005,SYNV-01005,Capesize,176214,16.8,Chennai,10,True,Normal,34.7,18000,26025.0
VC-001007,SYNV-01007,Handysize,15321,10.2,Kolkata,12,False,Rough,40.2,6000,10050.0
VC-001009,SYNV-01009,Handysize,17394,10.8,Vizag,7,False,Normal,29.9,6000,7475.0
VC-001011,SYNV-01011,Supramax,41627,12.6,Dhamra,12,False,Normal,18.8,8500,6658.33
VC-001013,SYNV-01013,Handysize,24193,10.6,Chennai,12,True,Calm,19.6,6000,4900.0
VC-001014,SYNV-01014,Capesize,149390,17.5,Kamarajar,4,False,Normal,34.2,18000,25650.0
VC-001017,SYNV-01017,Panamax,90379,12.7,Vizag,4,False,Normal,12.2,12000,6100.0
VC-001018,SYNV-01018,Handysize,19580,10.4,Chennai,12,True,Normal,25.7,6000,6425.0
VC-001022,SYNV-01022,Supramax,48528,12.7,Dhamra,9,True,Severe Storm,46.3,8500,16397.92
VC-001027,SYNV-01027,Handysize,19871,10.5,Paradip,11,True,Calm,28.8,6000,7200.0
VC-001028,SYNV-01028,Handysize,26499,11.0,Kamarajar,10,True,Rough,53.1,6000,13275.0
VC-001029,SYNV-01029,Panamax,78852,12.7,Kolkata,2,False,Calm,28.1,12000,14050.0
VC-001032,SYNV-01032,Handysize,27744,10.1,Chennai,7,False,Normal,12.4,6000,3100.0
VC-001033,SYNV-01033,Supramax,62698,12.5,Chennai,6,False,Rough,18.4,8500,6516.67
VC-001034,SYNV-01034,Handysize,25519,10.7,Kamarajar,5,True,Severe Storm,45.7,6000,11425.0
VC-001036,SYNV-01036,Capesize,173951,16.8,Chennai,12,True,Severe Storm,56.0,18000,42000.0
VC-001037,SYNV-01037,Supramax,62817,13.8,Kamarajar,6,False,Normal,61.8,8500,21887.5
VC-001043,SYNV-01043,Capesize,186363,17.9,Chennai,5,False,Rough,72.4,18000,54300.0
VC-001046,SYNV-01046,Panamax,77229,13.8,Vizag,9,False,Calm,15.5,12000,7750.0
VC-001047,SYNV-01047,Handysize,32296,10.5,Paradip,12,True,Rough,85.1,6000,21275.0
VC-001050,SYNV-01050,Supramax,58657,12.1,Chennai,7,False,Normal,10.1,8500,3577.08
VC-001051,SYNV-01051,Panamax,95556,14.3,Kamarajar,2,False,Rough,74.1,12000,37050.0
VC-001052,SYNV-01052,Panamax,98415,13.8,Haldia,4,False,Normal,69.4,12000,34700.0
VC-001054,SYNV-01054,Supramax,48705,12.9,Vizag,7,False,Normal,22.2,8500,7862.5
VC-001056,SYNV-01056,Panamax,74950,12.5,Kolkata,12,False,Calm,37.2,12000,18600.0
VC-001057,SYNV-01057,Supramax,57643,13.6,Chennai,4,False,Normal,20.1,8500,7118.75
VC-001059,SYNV-01059,Panamax,76160,12.3,Haldia,2,False,Normal,45.4,12000,22700.0
VC-001060,SYNV-01060,Handysize,28922,10.8,Kamarajar,10,True,Normal,45.9,6000,11475.0
VC-001061,SYNV-01061,Supramax,44867,13.2,Vizag,1,False,Severe Storm,32.1,8500,11368.75
VC-001062,SYNV-01062,Handysize,15450,10.8,Kamarajar,8,False,Normal,31.3,6000,7825.0
VC-001064,SYNV-01064,Supramax,56737,13.3,Vizag,5,True,Calm,27.7,8500,9810.42
VC-001065,SYNV-01065,Supramax,51668,11.4,Chennai,2,False,Normal,22.8,8500,8075.0
VC-001066,SYNV-01066,Capesize,171898,16.8,Kolkata,2,False,Normal,70.6,18000,52950.0
VC-001069,SYNV-01069,Handysize,27271,10.3,Vizag,4,False,Normal,12.7,6000,3175.0
VC-001071,SYNV-01071,Handysize,28899,10.9,Kolkata,9,True,Normal,30.9,6000,7725.0
VC-001076,SYNV-01076,Handysize,36197,10.0,Kolkata,11,False,Normal,16.4,6000,4100.0
VC-001077,SYNV-01077,Supramax,62871,12.0,Dhamra,5,False,Normal,18.2,8500,6445.83
VC-001081,SYNV-01081,Handysize,23561,11.0,Kolkata,1,False,Normal,36.3,6000,9075.0
VC-001082,SYNV-01082,Handysize,21852,11.0,Paradip,7,True,Rough,37.2,6000,9300.0
VC-001084,SYNV-01084,Handysize,38075,10.5,Chennai,11,True,Normal,20.8,6000,5200.0
VC-001086,SYNV-01086,Handysize,18998,10.4,Vizag,11,True,Severe Storm,58.1,6000,14525.0
VC-001089,SYNV-01089,Supramax,56130,12.8,Kolkata,9,True,Normal,110.0,8500,38958.33
VC-001091,SYNV-01091,Supramax,46433,11.0,Chennai,3,False,Severe Storm,14.9,8500,5277.08
VC-001092,SYNV-01092,Handysize,32324,10.4,Kolkata,7,True,Severe Storm,140.8,6000,35200.0
VC-001094,SYNV-01094,Panamax,68696,14.2,Haldia,2,False,Calm,63.3,12000,31650.0
VC-001095,SYNV-01095,Panamax,73982,13.3,Kolkata,1,False,Calm,71.8,12000,35900.0
VC-001097,SYNV-01097,Handysize,25698,10.0,Kolkata,4,False,Rough,36.2,6000,9050.0
VC-001100,SYNV-01100,Handysize,35456,10.2,Paradip,5,False,Normal,24.1,6000,6025.0
VC-001101,SYNV-01101,Handysize,15643,10.9,Vizag,2,False,Normal,17.3,6000,4325.0
VC-001106,SYNV-01106,Supramax,62293,11.1,Paradip,2,False,Normal,32.5,8500,11510.42
VC-001107,SYNV-01107,Supramax,60612,11.7,Vizag,11,True,Normal,36.0,8500,12750.0
VC-001113,SYNV-01113,Panamax,80731,13.0,Haldia,11,False,Normal,41.7,12000,20850.0
VC-001114,SYNV-01114,Supramax,49736,11.1,Paradip,2,False,Calm,23.9,8500,8464.58
VC-001115,SYNV-01115,Panamax,83994,14.1,Vizag,7,False,Rough,53.6,12000,26800.0
VC-001117,SYNV-01117,Handysize,15212,10.1,Vizag,5,True,Calm,12.8,6000,3200.0
VC-001118,SYNV-01118,Supramax,57298,11.1,Vizag,7,False,Calm,17.8,8500,6304.17
VC-001122,SYNV-01122,Supramax,64428,12.5,Vizag,7,False,Normal,28.1,8500,9952.08
VC-001123,SYNV-01123,Supramax,58073,12.1,Paradip,7,True,Normal,74.6,8500,26420.83
VC-001124,SYNV-01124,Panamax,82674,13.1,Kolkata,1,False,Normal,44.6,12000,22300.0
VC-001125,SYNV-01125,Supramax,48176,13.1,Chennai,11,True,Rough,36.3,8500,12856.25
VC-001126,SYNV-01126,Panamax,71651,13.4,Dhamra,7,True,Normal,25.6,12000,12800.0
VC-001127,SYNV-01127,Supramax,49490,13.7,Kolkata,8,True,Rough,92.6,8500,32795.83
VC-001128,SYNV-01128,Supramax,59702,11.5,Vizag,12,False,Calm,13.1,8500,4639.58
VC-001129,SYNV-01129,Supramax,44807,12.9,Vizag,2,False,Calm,10.8,8500,3825.0
VC-001130,SYNV-01130,Panamax,97776,13.2,Paradip,12,True,Calm,66.5,12000,33250.0
VC-001131,SYNV-01131,Handysize,36531,10.6,Haldia,7,True,Rough,182.9,6000,45725.0
VC-001133,SYNV-01133,Capesize,207495,17.4,Chennai,8,False,Severe Storm,28.8,18000,21600.0
VC-001134,SYNV-01134,Panamax,67792,12.6,Vizag,5,True,Normal,43.4,12000,21700.0
VC-001135,SYNV-01135,Capesize,144512,17.4,Haldia,12,False,Normal,61.2,18000,45900.0
VC-001136,SYNV-01136,Handysize,23202,10.2,Paradip,5,False,Calm,19.1,6000,4775.0
VC-001139,SYNV-01139,Handysize,27502,10.0,Vizag,5,True,Normal,34.7,6000,8675.0
VC-001142,SYNV-01142,Handysize,20250,10.2,Kamarajar,4,False,Calm,26.1,6000,6525.0
VC-001146,SYNV-01146,Handysize,29864,10.8,Paradip,8,True,Rough,64.3,6000,16075.0
VC-001147,SYNV-01147,Supramax,44226,11.8,Kamarajar,7,False,Rough,28.4,8500,10058.33
VC-001148,SYNV-01148,Handysize,33077,10.6,Paradip,12,True,Rough,44.1,6000,11025.0
VC-001149,SYNV-01149,Capesize,167616,16.1,Paradip,9,True,Normal,99.0,18000,74250.0
VC-001153,SYNV-01153,Supramax,44393,12.7,Chennai,11,True,Normal,31.7,8500,11227.08
VC-001157,SYNV-01157,Supramax,55730,12.8,Haldia,10,False,Calm,41.8,8500,14804.17
VC-001159,SYNV-01159,Panamax,78698,14.2,Dhamra,11,False,Normal,8.5,12000,4250.0
VC-001160,SYNV-01160,Supramax,53214,13.7,Vizag,11,True,Rough,29.2,8500,10341.67
VC-001161,SYNV-01161,Handysize,28207,10.1,Vizag,1,False,Severe Storm,34.4,6000,8600.0
VC-001162,SYNV-01162,Handysize,39189,10.4,Haldia,9,True,Calm,57.5,6000,14375.0
VC-001163,SYNV-01163,Capesize,217573,16.7,Paradip,7,True,Rough,145.6,18000,109200.0
VC-001164,SYNV-01164,Panamax,96489,12.0,Vizag,4,False,Calm,38.3,12000,19150.0
VC-001165,SYNV-01165,Handysize,30648,10.1,Kamarajar,2,False,Normal,21.2,6000,5300.0
VC-001166,SYNV-01166,Panamax,71909,12.2,Chennai,12,True,Normal,19.4,12000,9700.0
VC-001168,SYNV-01168,Supramax,50734,11.4,Kolkata,3,False,Normal,20.6,8500,7295.83
VC-001170,SYNV-01170,Supramax,60255,13.2,Dhamra,1,False,Rough,15.0,8500,5312.5
VC-001171,SYNV-01171,Panamax,72597,12.8,Paradip,9,True,Rough,41.9,12000,20950.0
VC-001172,SYNV-01172,Handysize,39837,10.1,Haldia,6,True,Severe Storm,110.2,6000,27550.0
VC-001173,SYNV-01173,Panamax,72286,13.6,Chennai,11,True,Rough,98.2,12000,49100.0
VC-001174,SYNV-01174,Handysize,23203,10.5,Dhamra,4,False,Normal,11.4,6000,2850.0
VC-001175,SYNV-01175,Panamax,74222,13.2,Kamarajar,10,True,Normal,24.6,12000,12300.0
VC-001177,SYNV-01177,Panamax,84887,12.8,Haldia,1,False,Calm,46.5,12000,23250.0
VC-001179,SYNV-01179,Handysize,31296,10.4,Kamarajar,9,False,Calm,27.4,6000,6850.0
VC-001181,SYNV-01181,Supramax,56640,11.4,Kamarajar,4,False,Normal,30.2,8500,10695.83
VC-001182,SYNV-01182,Handysize,20818,10.7,Kamarajar,9,False,Calm,21.8,6000,5450.0
VC-001183,SYNV-01183,Panamax,68321,14.1,Kolkata,9,True,Rough,143.3,12000,71650.0
VC-001184,SYNV-01184,Panamax,86031,13.4,Kolkata,10,False,Normal,25.2,12000,12600.0
VC-001186,SYNV-01186,Supramax,51232,12.7,Vizag,2,False,Rough,39.6,8500,14025.0
VC-001187,SYNV-01187,Panamax,71888,13.3,Paradip,6,True,Calm,41.8,12000,20900.0
VC-001188,SYNV-01188,Panamax,87732,12.9,Chennai,7,False,Calm,23.1,12000,11550.0
VC-001190,SYNV-01190,Handysize,25070,10.3,Haldia,5,False,Normal,30.4,6000,7600.0
VC-001192,SYNV-01192,Handysize,37098,10.7,Kolkata,12,False,Normal,48.4,6000,12100.0
VC-001196,SYNV-01196,Handysize,28095,10.1,Chennai,3,False,Normal,21.9,6000,5475.0
VC-001200,SYNV-01200,Capesize,205492,16.4,Paradip,6,True,Rough,103.0,18000,77250.0
VC-001202,SYNV-01202,Capesize,185408,16.1,Kolkata,6,True,Severe Storm,178.3,18000,133725.0
VC-001204,SYNV-01204,Supramax,61501,13.8,Haldia,11,False,Calm,69.6,8500,24650.0
VC-001206,SYNV-01206,Handysize,18956,10.1,Dhamra,9,True,Severe Storm,45.9,6000,11475.0
VC-001207,SYNV-01207,Handysize,29357,10.2,Kolkata,10,False,Normal,34.6,6000,8650.0
VC-001208,SYNV-01208,Handysize,31154,11.0,Vizag,10,True,Rough,22.7,6000,5675.0
VC-001210,SYNV-01210,Supramax,41815,13.4,Kolkata,7,True,Normal,65.8,8500,23304.17
VC-001211,SYNV-01211,Handysize,25063,10.6,Chennai,5,False,Normal,14.0,6000,3500.0
VC-001213,SYNV-01213,Capesize,187685,16.7,Kamarajar,5,True,Severe Storm,103.9,18000,77925.0
VC-001214,SYNV-01214,Supramax,45289,13.7,Vizag,4,False,Normal,31.0,8500,10979.17
VC-001216,SYNV-01216,Handysize,36948,10.1,Vizag,7,False,Normal,19.9,6000,4975.0
VC-001217,SYNV-01217,Supramax,46608,11.4,Paradip,5,False,Calm,20.5,8500,7260.42
VC-001219,SYNV-01219,Panamax,81767,13.9,Paradip,4,False,Rough,59.8,12000,29900.0
VC-001220,SYNV-01220,Handysize,19236,10.8,Haldia,3,False,Rough,40.4,6000,10100.0
VC-001221,SYNV-01221,Panamax,83768,14.1,Kamarajar,4,False,Normal,28.0,12000,14000.0
VC-001222,SYNV-01222,Capesize,151096,16.7,Paradip,1,False,Normal,40.8,18000,30600.0
VC-001224,SYNV-01224,Handysize,21520,10.0,Kamarajar,1,False,Calm,10.3,6000,2575.0
VC-001227,SYNV-01227,Supramax,54729,11.6,Paradip,12,True,Rough,79.1,8500,28014.58
VC-001230,SYNV-01230,Handysize,39816,10.2,Dhamra,9,True,Rough,24.3,6000,6075.0
VC-001238,SYNV-01238,Supramax,52004,11.8,Haldia,5,False,Normal,40.1,8500,14202.08
VC-001240,SYNV-01240,Handysize,19018,10.0,Haldia,4,False,Rough,35.5,6000,8875.0
VC-001241,SYNV-01241,Panamax,76629,13.3,Paradip,11,True,Rough,55.4,12000,27700.0
VC-001242,SYNV-01242,Panamax,71588,13.1,Vizag,7,False,Normal,10.6,12000,5300.0
VC-001243,SYNV-01243,Panamax,86753,13.5,Haldia,12,False,Normal,70.4,12000,35200.0
VC-001244,SYNV-01244,Panamax,90072,13.3,Kolkata,1,False,Rough,56.9,12000,28450.0
VC-001246,SYNV-01246,Handysize,34513,10.8,Kolkata,3,False,Normal,46.1,6000,11525.0
VC-001249,SYNV-01249,Capesize,166095,16.6,Dhamra,8,True,Rough,39.1,18000,29325.0
VC-001250,SYNV-01250,Handysize,37105,10.7,Chennai,2,False,Calm,23.2,6000,5800.0
VC-001256,SYNV-01256,Supramax,43643,14.0,Haldia,7,True,Rough,74.2,8500,26279.17
VC-001257,SYNV-01257,Capesize,198543,17.6,Paradip,5,False,Normal,46.1,18000,34575.0
VC-001259,SYNV-01259,Supramax,62433,14.0,Paradip,7,True,Rough,57.8,8500,20470.83
VC-001260,SYNV-01260,Capesize,192202,17.5,Haldia,4,False,Normal,60.7,18000,45525.0
VC-001261,SYNV-01261,Panamax,75282,13.7,Chennai,5,False,Normal,29.9,12000,14950.0
VC-001263,SYNV-01263,Capesize,105872,17.7,Dhamra,12,False,Normal,35.6,18000,26700.0
VC-001268,SYNV-01268,Panamax,69984,13.4,Dhamra,10,False,Normal,31.8,12000,15900.0
VC-001270,SYNV-01270,Supramax,64798,11.5,Haldia,8,True,Severe Storm,132.5,8500,46927.08
VC-001271,SYNV-01271,Supramax,46634,13.9,Kolkata,6,True,Severe Storm,79.4,8500,28120.83
VC-001272,SYNV-01272,Panamax,80809,14.1,Haldia,12,False,Calm,42.3,12000,21150.0
VC-001275,SYNV-01275,Supramax,44001,12.6,Dhamra,2,False,Normal,17.2,8500,6091.67
VC-001276,SYNV-01276,Supramax,44524,12.4,Paradip,6,True,Normal,47.9,8500,16964.58
VC-001277,SYNV-01277,Panamax,79910,12.6,Paradip,6,True,Normal,54.1,12000,27050.0
VC-001278,SYNV-01278,Panamax,91919,13.1,Paradip,7,True,Normal,82.7,12000,41350.0
VC-001279,SYNV-01279,Supramax,61415,12.2,Chennai,1,False,Calm,15.9,8500,5631.25
VC-001281,SYNV-01281,Supramax,58462,12.3,Paradip,10,True,Calm,45.1,8500,15972.92
VC-001283,SYNV-01283,Panamax,75074,14.0,Paradip,7,True,Severe Storm,84.8,12000,42400.0
VC-001284,SYNV-01284,Panamax,79857,14.3,Dhamra,11,False,Calm,21.4,12000,10700.0
VC-001285,SYNV-01285,Supramax,48786,13.8,Kolkata,5,False,Calm,36.6,8500,12962.5
VC-001286,SYNV-01286,Handysize,33189,10.4,Kamarajar,8,False,Severe Storm,56.0,6000,14000.0
VC-001287,SYNV-01287,Handysize,17204,11.0,Kamarajar,1,False,Normal,16.0,6000,4000.0
VC-001288,SYNV-01288,Capesize,124187,17.4,Kamarajar,3,False,Rough,40.4,18000,30300.0
VC-001289,SYNV-01289,Handysize,24473,11.0,Haldia,7,True,Rough,119.9,6000,29975.0
VC-001295,SYNV-01295,Supramax,56205,12.7,Haldia,12,False,Normal,47.2,8500,16716.67
VC-001297,SYNV-01297,Panamax,68154,13.7,Dhamra,12,False,Normal,33.5,12000,16750.0
VC-001298,SYNV-01298,Panamax,90948,12.8,Chennai,4,False,Rough,30.3,12000,15150.0
VC-001300,SYNV-01300,Panamax,84145,14.1,Kamarajar,3,False,Normal,43.6,12000,21800.0
VC-001301,SYNV-01301,Panamax,71890,12.6,Paradip,4,False,Rough,69.4,12000,34700.0
VC-001303,SYNV-01303,Handysize,29719,10.7,Kolkata,1,False,Calm,37.9,6000,9475.0
VC-001305,SYNV-01305,Capesize,132804,16.1,Paradip,12,True,Normal,69.1,18000,51825.0
VC-001306,SYNV-01306,Supramax,47451,11.7,Vizag,1,False,Normal,28.0,8500,9916.67
VC-001307,SYNV-01307,Capesize,112377,16.3,Vizag,7,False,Normal,25.9,18000,19425.0
VC-001308,SYNV-01308,Handysize,38961,10.3,Kamarajar,8,False,Normal,30.1,6000,7525.0
VC-001310,SYNV-01310,Supramax,64619,11.4,Paradip,7,True,Normal,19.4,8500,6870.83
VC-001313,SYNV-01313,Supramax,40119,13.1,Chennai,3,False,Calm,20.7,8500,7331.25
VC-001315,SYNV-01315,Panamax,70869,12.9,Paradip,3,False,Normal,36.2,12000,18100.0
VC-001318,SYNV-01318,Handysize,17620,10.9,Haldia,5,False,Calm,37.2,6000,9300.0
VC-001319,SYNV-01319,Panamax,70627,14.0,Chennai,9,False,Normal,15.6,12000,7800.0
VC-001321,SYNV-01321,Capesize,200666,17.9,Chennai,10,True,Severe Storm,88.5,18000,66375.0
VC-001324,SYNV-01324,Capesize,106660,16.7,Chennai,2,False,Calm,14.2,18000,10650.0
VC-001325,SYNV-01325,Capesize,167119,17.8,Dhamra,3,False,Calm,23.6,18000,17700.0
VC-001327,SYNV-01327,Panamax,88691,12.9,Kolkata,12,False,Calm,55.2,12000,27600.0
VC-001329,SYNV-01329,Supramax,46125,12.5,Chennai,12,True,Normal,34.0,8500,12041.67
VC-001330,SYNV-01330,Supramax,54779,12.1,Kolkata,12,False,Normal,36.9,8500,13068.75
VC-001331,SYNV-01331,Capesize,151533,17.0,Kamarajar,1,False,Calm,41.0,18000,30750.0
VC-001336,SYNV-01336,Handysize,18187,10.4,Kamarajar,12,False,Calm,23.1,6000,5775.0
VC-001337,SYNV-01337,Supramax,45677,12.3,Paradip,6,True,Severe Storm,106.9,8500,37860.42
VC-001339,SYNV-01339,Supramax,43148,13.5,Kolkata,1,False,Rough,49.3,8500,17460.42
VC-001341,SYNV-01341,Capesize,109294,17.1,Kamarajar,1,False,Normal,44.3,18000,33225.0
VC-001345,SYNV-01345,Panamax,78170,13.4,Chennai,5,False,Normal,42.2,12000,21100.0
VC-001348,SYNV-01348,Handysize,34245,10.3,Kolkata,7,True,Normal,47.4,6000,11850.0
VC-001349,SYNV-01349,Supramax,55121,12.8,Kolkata,4,False,Calm,40.4,8500,14308.33
VC-001350,SYNV-01350,Handysize,27821,10.5,Vizag,10,True,Rough,33.8,6000,8450.0
VC-001351,SYNV-01351,Capesize,204562,16.4,Chennai,8,False,Calm,16.6,18000,12450.0
VC-001354,SYNV-01354,Supramax,41888,13.7,Chennai,8,False,Normal,14.8,8500,5241.67
VC-001357,SYNV-01357,Capesize,113676,17.8,Dhamra,9,True,Severe Storm,72.6,18000,54450.0
VC-001361,SYNV-01361,Handysize,36298,10.6,Chennai,3,False,Normal,14.3,6000,3575.0
VC-001366,SYNV-01366,Handysize,18867,10.1,Paradip,12,True,Normal,41.1,6000,10275.0
VC-001373,SYNV-01373,Capesize,141923,16.5,Dhamra,5,False,Normal,30.8,18000,23100.0
VC-001374,SYNV-01374,Handysize,32204,10.4,Vizag,6,False,Normal,15.8,6000,3950.0
VC-001378,SYNV-01378,Capesize,136699,16.9,Haldia,12,False,Calm,73.4,18000,55050.0
VC-001381,SYNV-01381,Panamax,93982,12.3,Dhamra,3,False,Normal,35.1,12000,17550.0
VC-001382,SYNV-01382,Supramax,56796,12.1,Kamarajar,2,False,Rough,32.2,8500,11404.17
VC-001383,SYNV-01383,Handysize,15579,10.1,Kolkata,8,True,Severe Storm,78.8,6000,19700.0
VC-001385,SYNV-01385,Handysize,19295,10.9,Haldia,11,False,Normal,29.8,6000,7450.0
VC-001386,SYNV-01386,Capesize,114356,17.5,Haldia,7,True,Normal,59.3,18000,44475.0
VC-001387,SYNV-01387,Supramax,45149,12.2,Kolkata,6,True,Rough,90.3,8500,31981.25
VC-001388,SYNV-01388,Panamax,79320,13.1,Chennai,9,False,Normal,24.9,12000,12450.0
VC-001389,SYNV-01389,Supramax,44297,12.2,Chennai,2,False,Severe Storm,70.3,8500,24897.92
VC-001391,SYNV-01391,Supramax,53683,13.3,Haldia,1,False,Severe Storm,67.1,8500,23764.58
VC-001392,SYNV-01392,Handysize,29707,10.8,Kamarajar,7,False,Rough,46.5,6000,11625.0
VC-001393,SYNV-01393,Panamax,95805,13.7,Kolkata,3,False,Normal,49.9,12000,24950.0
VC-001394,SYNV-01394,Handysize,17220,10.8,Haldia,8,True,Severe Storm,78.8,6000,19700.0
VC-001395,SYNV-01395,Handysize,22003,10.8,Dhamra,5,False,Normal,11.2,6000,2800.0
VC-001396,SYNV-01396,Supramax,59751,11.7,Dhamra,5,False,Severe Storm,27.0,8500,9562.5
VC-001397,SYNV-01397,Handysize,37055,10.6,Dhamra,1,False,Rough,19.5,6000,4875.0
VC-001398,SYNV-01398,Panamax,97814,12.4,Chennai,6,False,Rough,20.6,12000,10300.0
VC-001399,SYNV-01399,Supramax,61593,11.1,Paradip,4,False,Normal,30.4,8500,10766.67
VC-001400,SYNV-01400,Panamax,97967,12.2,Kolkata,2,False,Calm,28.5,12000,14250.0
VC-001402,SYNV-01402,Panamax,88044,14.1,Paradip,12,True,Rough,67.4,12000,33700.0
VC-001403,SYNV-01403,Supramax,53062,12.1,Paradip,5,False,Normal,26.2,8500,9279.17
VC-001405,SYNV-01405,Panamax,65673,12.4,Paradip,4,False,Rough,51.3,12000,25650.0
VC-001406,SYNV-01406,Panamax,97969,12.2,Haldia,10,False,Rough,44.9,12000,22450.0
VC-001407,SYNV-01407,Capesize,148504,17.8,Kolkata,3,False,Normal,53.3,18000,39975.0
VC-001408,SYNV-01408,Capesize,166799,16.0,Paradip,2,False,Calm,26.8,18000,20100.0
VC-001410,SYNV-01410,Capesize,134565,17.1,Chennai,12,True,Rough,32.4,18000,24300.0
VC-001412,SYNV-01412,Supramax,64191,12.2,Kamarajar,8,False,Calm,11.1,8500,3931.25
VC-001413,SYNV-01413,Panamax,91208,12.7,Paradip,10,True,Rough,68.9,12000,34450.0
VC-001417,SYNV-01417,Panamax,92971,13.8,Kolkata,8,True,Rough,84.7,12000,42350.0
VC-001418,SYNV-01418,Panamax,75499,14.2,Kolkata,9,True,Normal,34.1,12000,17050.0
VC-001421,SYNV-01421,Supramax,40564,11.8,Kamarajar,12,False,Normal,23.2,8500,8216.67
VC-001422,SYNV-01422,Supramax,53360,11.0,Kamarajar,8,False,Rough,16.3,8500,5772.92
VC-001423,SYNV-01423,Supramax,52154,12.9,Kamarajar,2,False,Normal,27.2,8500,9633.33
VC-001424,SYNV-01424,Supramax,41925,13.3,Haldia,11,False,Normal,46.9,8500,16610.42
VC-001426,SYNV-01426,Supramax,45559,13.2,Kamarajar,8,False,Calm,27.3,8500,9668.75
VC-001427,SYNV-01427,Panamax,87498,12.2,Chennai,2,False,Calm,19.0,12000,9500.0
VC-001429,SYNV-01429,Panamax,77008,12.1,Vizag,3,False,Normal,22.2,12000,11100.0
VC-001430,SYNV-01430,Capesize,161039,17.0,Chennai,5,False,Calm,24.0,18000,18000.0
VC-001431,SYNV-01431,Supramax,46508,12.2,Kamarajar,2,False,Normal,23.5,8500,8322.92
VC-001432,SYNV-01432,Capesize,106888,16.6,Vizag,4,False,Normal,29.2,18000,21900.0
VC-001435,SYNV-01435,Supramax,46814,11.8,Paradip,7,True,Severe Storm,63.5,8500,22489.58
VC-001437,SYNV-01437,Supramax,64637,11.5,Vizag,1,False,Calm,22.9,8500,8110.42
VC-001438,SYNV-01438,Panamax,92167,13.7,Paradip,10,True,Normal,28.0,12000,14000.0
VC-001440,SYNV-01440,Panamax,82710,12.8,Dhamra,1,False,Calm,15.6,12000,7800.0
VC-001441,SYNV-01441,Supramax,43743,12.1,Vizag,10,True,Normal,39.9,8500,14131.25
VC-001442,SYNV-01442,Supramax,45250,12.0,Haldia,4,False,Normal,59.2,8500,20966.67
VC-001444,SYNV-01444,Panamax,65138,12.1,Haldia,10,False,Calm,34.8,12000,17400.0
VC-001445,SYNV-01445,Handysize,35066,10.5,Vizag,7,False,Normal,19.2,6000,4800.0
VC-001447,SYNV-01447,Supramax,49460,12.4,Vizag,3,False,Rough,36.9,8500,13068.75
VC-001450,SYNV-01450,Supramax,58067,12.2,Paradip,10,True,Rough,120.4,8500,42641.67
VC-001451,SYNV-01451,Handysize,21750,10.2,Kolkata,2,False,Normal,45.1,6000,11275.0
VC-001453,SYNV-01453,Capesize,167808,16.2,Vizag,10,True,Normal,30.5,18000,22875.0
VC-001455,SYNV-01455,Handysize,29899,10.2,Kolkata,11,False,Severe Storm,62.3,6000,15575.0
VC-001456,SYNV-01456,Handysize,30401,10.7,Kamarajar,9,False,Normal,14.4,6000,3600.0
VC-001458,SYNV-01458,Panamax,69748,13.0,Kamarajar,6,False,Calm,23.0,12000,11500.0
VC-001460,SYNV-01460,Capesize,198762,18.0,Chennai,11,True,Rough,31.9,18000,23925.0
VC-001462,SYNV-01462,Supramax,56001,13.2,Paradip,5,False,Rough,42.2,8500,14945.83
VC-001463,SYNV-01463,Capesize,121435,17.9,Paradip,9,True,Calm,67.2,18000,50400.0
VC-001466,SYNV-01466,Supramax,60234,12.8,Kolkata,10,False,Rough,30.2,8500,10695.83
VC-001467,SYNV-01467,Handysize,18385,10.6,Chennai,5,False,Normal,15.5,6000,3875.0
VC-001468,SYNV-01468,Capesize,130386,16.4,Kolkata,11,False,Calm,46.0,18000,34500.0
VC-001470,SYNV-01470,Panamax,84231,14.2,Kamarajar,5,True,Calm,32.8,12000,16400.0
VC-001471,SYNV-01471,Supramax,61992,13.1,Haldia,1,False,Calm,26.9,8500,9527.08
VC-001472,SYNV-01472,Capesize,176119,16.0,Dhamra,9,True,Rough,57.6,18000,43200.0
VC-001476,SYNV-01476,Handysize,25171,10.8,Kolkata,12,False,Normal,23.3,6000,5825.0
VC-001479,SYNV-01479,Supramax,51008,12.4,Chennai,1,False,Normal,32.7,8500,11581.25
VC-001484,SYNV-01484,Capesize,156969,16.7,Kamarajar,4,False,Normal,38.1,18000,28575.0
VC-001487,SYNV-01487,Supramax,60686,11.2,Kamarajar,11,True,Normal,37.2,8500,13175.0
VC-001488,SYNV-01488,Capesize,186024,17.3,Vizag,1,False,Normal,42.9,18000,32175.0
VC-001489,SYNV-01489,Panamax,85891,13.9,Kolkata,8,True,Normal,47.6,12000,23800.0
VC-001490,SYNV-01490,Supramax,62051,11.5,Paradip,1,False,Calm,9.4,8500,3329.17
VC-001491,SYNV-01491,Capesize,200334,16.9,Paradip,6,True,Severe Storm,95.0,18000,71250.0
VC-001494,SYNV-01494,Handysize,39355,10.8,Vizag,11,True,Rough,33.5,6000,8375.0
VC-001497,SYNV-01497,Capesize,147793,17.8,Haldia,5,False,Normal,47.7,18000,35775.0
VC-001500,SYNV-01500,Supramax,42230,12.7,Kamarajar,12,False,Rough,45.3,8500,16043.75
VC-001501,SYNV-01501,Capesize,176385,18.0,Chennai,11,True,Calm,53.8,18000,40350.0
VC-001503,SYNV-01503,Supramax,56889,12.0,Chennai,5,False,Calm,20.0,8500,7083.33
VC-001509,SYNV-01509,Panamax,90560,13.8,Dhamra,6,True,Normal,39.6,12000,19800.0
VC-001510,SYNV-01510,Supramax,64606,12.1,Kolkata,10,False,Normal,24.3,8500,8606.25
VC-001511,SYNV-01511,Panamax,70435,13.4,Paradip,6,True,Rough,55.4,12000,27700.0
VC-001514,SYNV-01514,Supramax,40647,13.1,Paradip,6,True,Rough,58.4,8500,20683.33
VC-001517,SYNV-01517,Supramax,53053,13.9,Vizag,5,True,Rough,32.1,8500,11368.75
VC-001519,SYNV-01519,Supramax,52281,12.2,Paradip,9,True,Rough,27.2,8500,9633.33
VC-001529,SYNV-01529,Handysize,35644,11.0,Paradip,9,True,Rough,44.9,6000,11225.0
VC-001530,SYNV-01530,Handysize,34817,10.6,Chennai,5,False,Rough,48.4,6000,12100.0
VC-001531,SYNV-01531,Supramax,57082,13.4,Chennai,4,False,Severe Storm,43.6,8500,15441.67
VC-001536,SYNV-01536,Supramax,61322,13.7,Dhamra,9,True,Severe Storm,37.0,8500,13104.17
VC-001538,SYNV-01538,Supramax,63147,13.8,Dhamra,1,False,Severe Storm,24.9,8500,8818.75
VC-001539,SYNV-01539,Supramax,42558,13.6,Paradip,3,False,Normal,27.2,8500,9633.33
VC-001540,SYNV-01540,Supramax,61655,13.1,Dhamra,1,False,Calm,13.9,8500,4922.92
VC-001545,SYNV-01545,Panamax,74886,12.3,Vizag,2,False,Normal,34.0,12000,17000.0
VC-001548,SYNV-01548,Supramax,41346,11.0,Paradip,7,True,Severe Storm,104.0,8500,36833.33
VC-001550,SYNV-01550,Supramax,48675,13.2,Paradip,10,True,Rough,82.3,8500,29147.92
VC-001552,SYNV-01552,Supramax,59076,11.8,Paradip,8,True,Rough,63.8,8500,22595.83
VC-001557,SYNV-01557,Handysize,33534,10.7,Chennai,7,False,Normal,29.5,6000,7375.0
VC-001558,SYNV-01558,Panamax,88267,13.7,Paradip,10,True,Rough,91.1,12000,45550.0
VC-001562,SYNV-01562,Handysize,30108,10.8,Kolkata,7,True,Normal,42.1,6000,10525.0
VC-001563,SYNV-01563,Panamax,82372,12.5,Chennai,9,False,Normal,36.1,12000,18050.0
VC-001565,SYNV-01565,Capesize,184662,16.6,Dhamra,7,True,Rough,39.6,18000,29700.0
VC-001566,SYNV-01566,Supramax,46185,12.0,Dhamra,7,True,Severe Storm,48.0,8500,17000.0
VC-001569,SYNV-01569,Handysize,20033,10.6,Haldia,12,False,Normal,52.1,6000,13025.0
VC-001573,SYNV-01573,Capesize,147601,17.9,Vizag,12,False,Rough,30.0,18000,22500.0
VC-001575,SYNV-01575,Panamax,87090,12.5,Kamarajar,9,False,Normal,28.1,12000,14050.0
VC-001576,SYNV-01576,Handysize,33077,10.1,Kamarajar,7,False,Normal,23.3,6000,5825.0
VC-001577,SYNV-01577,Panamax,71156,14.3,Vizag,4,False,Rough,25.7,12000,12850.0
VC-001578,SYNV-01578,Handysize,37908,10.6,Kolkata,4,False,Calm,29.1,6000,7275.0
VC-001580,SYNV-01580,Panamax,98681,13.2,Haldia,7,True,Severe Storm,61.8,12000,30900.0
VC-001581,SYNV-01581,Handysize,32687,10.1,Kamarajar,11,True,Severe Storm,98.6,6000,24650.0
VC-001582,SYNV-01582,Supramax,54944,11.8,Chennai,6,False,Normal,15.0,8500,5312.5
VC-001583,SYNV-01583,Handysize,37980,10.1,Kamarajar,7,False,Normal,15.1,6000,3775.0
VC-001586,SYNV-01586,Panamax,67649,13.6,Kamarajar,3,False,Calm,21.4,12000,10700.0
VC-001587,SYNV-01587,Panamax,66827,13.4,Haldia,6,True,Normal,63.1,12000,31550.0
VC-001588,SYNV-01588,Handysize,32828,10.1,Kamarajar,2,False,Calm,28.0,6000,7000.0
VC-001593,SYNV-01593,Capesize,183391,17.3,Dhamra,5,False,Calm,14.7,18000,11025.0
VC-001594,SYNV-01594,Handysize,16775,10.6,Dhamra,6,True,Rough,24.0,6000,6000.0
VC-001596,SYNV-01596,Capesize,179345,17.6,Paradip,5,False,Severe Storm,164.3,18000,123225.0
VC-001601,SYNV-01601,Capesize,147506,16.7,Kamarajar,1,False,Rough,43.7,18000,32775.0
VC-001602,SYNV-01602,Handysize,33518,11.0,Haldia,11,False,Severe Storm,94.9,6000,23725.0
VC-001605,SYNV-01605,Capesize,134789,16.3,Chennai,1,False,Calm,42.2,18000,31650.0
VC-001608,SYNV-01608,Handysize,17882,11.0,Kolkata,3,False,Calm,27.3,6000,6825.0
VC-001609,SYNV-01609,Panamax,97345,14.0,Kolkata,2,False,Normal,36.7,12000,18350.0
VC-001612,SYNV-01612,Panamax,93164,12.6,Paradip,5,False,Calm,39.3,12000,19650.0
VC-001615,SYNV-01615,Supramax,56085,13.4,Kamarajar,5,True,Rough,61.3,8500,21710.42
VC-001619,SYNV-01619,Handysize,31299,10.7,Paradip,7,True,Calm,44.8,6000,11200.0
VC-001621,SYNV-01621,Panamax,93508,12.5,Chennai,8,False,Normal,19.9,12000,9950.0
VC-001624,SYNV-01624,Handysize,22169,10.1,Dhamra,8,True,Normal,26.8,6000,6700.0
VC-001626,SYNV-01626,Supramax,59194,11.9,Dhamra,1,False,Normal,18.4,8500,6516.67
VC-001628,SYNV-01628,Panamax,96922,13.3,Vizag,11,True,Normal,35.8,12000,17900.0
VC-001629,SYNV-01629,Capesize,159541,16.9,Kamarajar,1,False,Normal,47.3,18000,35475.0
VC-001630,SYNV-01630,Panamax,89877,14.1,Dhamra,3,False,Calm,11.1,12000,5550.0
VC-001631,SYNV-01631,Capesize,215814,17.2,Haldia,6,True,Normal,113.6,18000,85200.0
VC-001633,SYNV-01633,Handysize,32455,10.4,Paradip,1,False,Calm,32.7,6000,8175.0
VC-001636,SYNV-01636,Handysize,38123,10.0,Kolkata,10,False,Rough,54.3,6000,13575.0
VC-001637,SYNV-01637,Handysize,23942,10.8,Chennai,3,False,Rough,27.8,6000,6950.0
VC-001638,SYNV-01638,Handysize,18066,10.6,Chennai,5,False,Normal,21.8,6000,5450.0
VC-001644,SYNV-01644,Supramax,50322,11.3,Kamarajar,4,False,Rough,49.6,8500,17566.67
VC-001647,SYNV-01647,Capesize,134966,16.6,Vizag,3,False,Calm,23.8,18000,17850.0
VC-001648,SYNV-01648,Capesize,127521,17.6,Haldia,9,True,Rough,121.1,18000,90825.0
VC-001649,SYNV-01649,Panamax,73437,13.6,Dhamra,1,False,Normal,21.1,12000,10550.0
VC-001651,SYNV-01651,Supramax,48388,12.4,Dhamra,2,False,Normal,18.6,8500,6587.5
VC-001652,SYNV-01652,Handysize,15252,10.4,Vizag,12,False,Normal,16.0,6000,4000.0
VC-001653,SYNV-01653,Panamax,68292,14.5,Dhamra,7,True,Normal,31.2,12000,15600.0
VC-001657,SYNV-01657,Supramax,51169,11.9,Kamarajar,2,False,Calm,8.6,8500,3045.83
VC-001658,SYNV-01658,Panamax,89893,12.5,Kolkata,6,True,Calm,62.7,12000,31350.0
VC-001659,SYNV-01659,Supramax,64484,11.5,Haldia,2,False,Normal,22.3,8500,7897.92
VC-001660,SYNV-01660,Handysize,19042,10.9,Vizag,7,False,Calm,17.6,6000,4400.0
VC-001662,SYNV-01662,Handysize,18230,10.9,Paradip,12,True,Normal,38.1,6000,9525.0
VC-001663,SYNV-01663,Supramax,58783,13.2,Dhamra,8,True,Normal,13.1,8500,4639.58
VC-001664,SYNV-01664,Panamax,83298,13.3,Kolkata,11,False,Calm,22.9,12000,11450.0
VC-001665,SYNV-01665,Supramax,51782,12.9,Haldia,8,True,Normal,79.8,8500,28262.5
VC-001666,SYNV-01666,Handysize,15582,10.7,Paradip,9,True,Normal,23.2,6000,5800.0
VC-001667,SYNV-01667,Handysize,24702,10.7,Kamarajar,3,False,Severe Storm,39.7,6000,9925.0
VC-001668,SYNV-01668,Panamax,67462,13.4,Vizag,6,False,Rough,32.8,12000,16400.0
VC-001669,SYNV-01669,Handysize,17641,10.5,Chennai,12,True,Severe Storm,55.0,6000,13750.0
VC-001670,SYNV-01670,Handysize,33639,10.6,Haldia,10,False,Calm,45.4,6000,11350.0
VC-001676,SYNV-01676,Supramax,47442,12.0,Chennai,5,False,Rough,29.3,8500,10377.08
VC-001677,SYNV-01677,Capesize,165116,16.9,Paradip,6,True,Normal,93.3,18000,69975.0
VC-001679,SYNV-01679,Handysize,24579,10.9,Vizag,12,False,Calm,13.7,6000,3425.0
VC-001682,SYNV-01682,Handysize,16404,10.4,Dhamra,12,False,Normal,8.6,6000,2150.0
VC-001684,SYNV-01684,Supramax,58612,11.4,Vizag,10,True,Rough,41.9,8500,14839.58
VC-001686,SYNV-01686,Supramax,47948,13.7,Dhamra,2,False,Calm,18.7,8500,6622.92
VC-001688,SYNV-01688,Handysize,16229,10.0,Kolkata,8,True,Calm,48.1,6000,12025.0
VC-001690,SYNV-01690,Handysize,38024,10.1,Dhamra,6,True,Rough,28.0,6000,7000.0
VC-001691,SYNV-01691,Panamax,91929,13.1,Paradip,10,True,Rough,100.8,12000,50400.0
VC-001692,SYNV-01692,Supramax,45139,11.8,Vizag,7,False,Normal,21.3,8500,7543.75
VC-001693,SYNV-01693,Handysize,29125,10.7,Kamarajar,6,False,Normal,15.5,6000,3875.0
VC-001696,SYNV-01696,Supramax,59065,12.0,Vizag,5,True,Normal,33.3,8500,11793.75
VC-001698,SYNV-01698,Handysize,23441,10.3,Haldia,1,False,Rough,68.7,6000,17175.0
VC-001703,SYNV-01703,Panamax,77396,12.5,Chennai,11,True,Normal,49.9,12000,24950.0
VC-001704,SYNV-01704,Handysize,39596,10.7,Vizag,6,False,Rough,37.8,6000,9450.0
VC-001707,SYNV-01707,Panamax,79841,13.5,Kamarajar,8,False,Severe Storm,64.4,12000,32200.0
VC-001708,SYNV-01708,Supramax,61728,12.8,Haldia,8,True,Rough,208.8,8500,73950.0
VC-001709,SYNV-01709,Handysize,15664,10.5,Dhamra,9,True,Rough,12.0,6000,3000.0
VC-001710,SYNV-01710,Panamax,77124,13.3,Chennai,9,False,Severe Storm,40.5,12000,20250.0
VC-001714,SYNV-01714,Panamax,92021,14.4,Paradip,4,False,Calm,16.1,12000,8050.0
VC-001715,SYNV-01715,Panamax,84065,13.4,Paradip,5,False,Normal,23.9,12000,11950.0
VC-001716,SYNV-01716,Supramax,54004,13.2,Kamarajar,4,False,Normal,21.7,8500,7685.42
VC-001719,SYNV-01719,Capesize,128221,16.0,Paradip,6,True,Normal,35.5,18000,26625.0
VC-001720,SYNV-01720,Panamax,84792,12.6,Kolkata,9,True,Rough,91.5,12000,45750.0
VC-001721,SYNV-01721,Panamax,65763,14.0,Kamarajar,9,False,Rough,32.7,12000,16350.0
VC-001722,SYNV-01722,Panamax,70011,12.5,Vizag,8,False,Normal,36.5,12000,18250.0
VC-001725,SYNV-01725,Handysize,34551,10.7,Paradip,3,False,Normal,24.4,6000,6100.0
VC-001728,SYNV-01728,Handysize,30414,10.5,Paradip,6,True,Normal,30.2,6000,7550.0
VC-001729,SYNV-01729,Panamax,65138,13.6,Haldia,6,True,Normal,202.5,12000,101250.0
VC-001731,SYNV-01731,Supramax,64733,12.9,Paradip,4,False,Normal,25.3,8500,8960.42
VC-001733,SYNV-01733,Handysize,24302,10.8,Kolkata,10,False,Normal,42.2,6000,10550.0
VC-001737,SYNV-01737,Supramax,44924,13.7,Kamarajar,6,False,Severe Storm,59.8,8500,21179.17
VC-001738,SYNV-01738,Panamax,74150,13.6,Haldia,10,False,Calm,72.0,12000,36000.0
VC-001739,SYNV-01739,Panamax,73863,13.1,Chennai,12,True,Severe Storm,47.5,12000,23750.0
VC-001741,SYNV-01741,Handysize,19276,10.6,Dhamra,5,False,Rough,20.3,6000,5075.0
VC-001742,SYNV-01742,Handysize,15432,10.8,Kolkata,8,True,Rough,58.0,6000,14500.0
VC-001743,SYNV-01743,Supramax,62979,11.5,Chennai,2,False,Calm,15.4,8500,5454.17
VC-001744,SYNV-01744,Capesize,208776,17.5,Chennai,8,False,Calm,33.1,18000,24825.0
VC-001745,SYNV-01745,Supramax,64054,13.0,Kolkata,11,False,Calm,38.8,8500,13741.67
VC-001746,SYNV-01746,Handysize,23616,10.7,Vizag,9,False,Calm,21.9,6000,5475.0
VC-001747,SYNV-01747,Panamax,83148,14.4,Dhamra,9,True,Severe Storm,37.0,12000,18500.0
VC-001749,SYNV-01749,Supramax,63118,11.6,Dhamra,7,True,Severe Storm,56.7,8500,20081.25
VC-001750,SYNV-01750,Capesize,147286,16.1,Dhamra,10,False,Rough,24.4,18000,18300.0
VC-001751,SYNV-01751,Supramax,60237,11.6,Kamarajar,5,True,Rough,41.0,8500,14520.83
VC-001754,SYNV-01754,Handysize,34416,10.4,Paradip,4,False,Normal,15.6,6000,3900.0
VC-001755,SYNV-01755,Panamax,86306,14.4,Dhamra,6,True,Normal,22.7,12000,11350.0
VC-001758,SYNV-01758,Panamax,80115,12.3,Kolkata,11,False,Normal,32.4,12000,16200.0
VC-001769,SYNV-01769,Handysize,19898,10.8,Vizag,3,False,Calm,17.2,6000,4300.0
VC-001770,SYNV-01770,Supramax,52135,13.3,Kamarajar,12,False,Calm,17.4,8500,6162.5
VC-001772,SYNV-01772,Capesize,157658,18.0,Dhamra,10,False,Rough,35.2,18000,26400.0
VC-001773,SYNV-01773,Handysize,34410,10.1,Paradip,1,False,Normal,33.8,6000,8450.0
VC-001774,SYNV-01774,Panamax,91750,13.0,Haldia,11,False,Calm,37.3,12000,18650.0
VC-001776,SYNV-01776,Supramax,52438,11.5,Dhamra,10,False,Normal,19.9,8500,7047.92
VC-001777,SYNV-01777,Panamax,65615,13.4,Vizag,7,False,Calm,24.6,12000,12300.0
VC-001779,SYNV-01779,Capesize,162317,16.1,Kolkata,10,False,Normal,90.3,18000,67725.0
VC-001782,SYNV-01782,Panamax,79867,12.4,Vizag,6,False,Normal,23.1,12000,11550.0
VC-001785,SYNV-01785,Handysize,21228,10.4,Paradip,8,True,Severe Storm,107.6,6000,26900.0
VC-001786,SYNV-01786,Supramax,50571,12.8,Chennai,1,False,Calm,10.3,8500,3647.92
VC-001789,SYNV-01789,Handysize,38443,10.8,Paradip,1,False,Normal,31.9,6000,7975.0
VC-001790,SYNV-01790,Supramax,44581,11.9,Dhamra,2,False,Rough,15.4,8500,5454.17
VC-001791,SYNV-01791,Handysize,29863,10.1,Paradip,2,False,Normal,31.9,6000,7975.0
VC-001792,SYNV-01792,Handysize,20727,10.9,Paradip,4,False,Normal,15.7,6000,3925.0
VC-001794,SYNV-01794,Supramax,63932,11.3,Vizag,4,False,Calm,14.6,8500,5170.83
VC-001796,SYNV-01796,Handysize,22822,10.7,Paradip,10,True,Normal,63.0,6000,15750.0
VC-001798,SYNV-01798,Panamax,72505,14.3,Vizag,3,False,Normal,20.0,12000,10000.0
VC-001802,SYNV-01802,Handysize,32375,11.0,Chennai,1,False,Normal,18.8,6000,4700.0
VC-001804,SYNV-01804,Panamax,68704,14.1,Dhamra,5,False,Rough,40.4,12000,20200.0
VC-001805,SYNV-01805,Handysize,28025,10.8,Haldia,11,False,Normal,33.6,6000,8400.0
VC-001807,SYNV-01807,Panamax,65797,12.3,Kolkata,4,False,Calm,29.3,12000,14650.0
VC-001811,SYNV-01811,Panamax,90102,12.9,Chennai,7,False,Calm,16.6,12000,8300.0
VC-001812,SYNV-01812,Capesize,207517,16.7,Haldia,7,True,Normal,99.0,18000,74250.0
VC-001815,SYNV-01815,Capesize,215292,17.6,Haldia,12,False,Normal,117.6,18000,88200.0
VC-001816,SYNV-01816,Capesize,143627,17.5,Paradip,5,False,Rough,108.1,18000,81075.0
VC-001817,SYNV-01817,Supramax,52297,14.0,Vizag,12,False,Calm,16.3,8500,5772.92
VC-001820,SYNV-01820,Handysize,26277,10.2,Haldia,8,True,Rough,49.0,6000,12250.0
VC-001821,SYNV-01821,Handysize,18776,10.1,Paradip,5,False,Normal,16.3,6000,4075.0
VC-001822,SYNV-01822,Capesize,131190,17.8,Kolkata,2,False,Normal,115.8,18000,86850.0
VC-001824,SYNV-01824,Capesize,196339,16.1,Paradip,7,True,Severe Storm,69.1,18000,51825.0
VC-001829,SYNV-01829,Capesize,145331,16.5,Kolkata,6,True,Severe Storm,117.1,18000,87825.0
VC-001830,SYNV-01830,Capesize,162216,16.9,Vizag,11,True,Rough,94.7,18000,71025.0
VC-001831,SYNV-01831,Supramax,58466,11.9,Kamarajar,12,False,Normal,22.0,8500,7791.67
VC-001833,SYNV-01833,Supramax,47932,13.2,Chennai,11,True,Normal,28.3,8500,10022.92
VC-001835,SYNV-01835,Supramax,62463,12.3,Haldia,3,False,Normal,43.8,8500,15512.5
VC-001842,SYNV-01842,Supramax,49045,12.2,Chennai,6,False,Normal,12.7,8500,4497.92
VC-001845,SYNV-01845,Supramax,45571,11.3,Kamarajar,4,False,Rough,20.7,8500,7331.25
VC-001846,SYNV-01846,Handysize,39372,10.8,Kolkata,4,False,Rough,89.1,6000,22275.0
VC-001848,SYNV-01848,Handysize,32072,10.1,Vizag,1,False,Calm,26.0,6000,6500.0
VC-001850,SYNV-01850,Capesize,205158,16.4,Paradip,1,False,Calm,45.2,18000,33900.0
VC-001851,SYNV-01851,Handysize,38286,10.8,Dhamra,9,True,Rough,29.7,6000,7425.0
VC-001852,SYNV-01852,Panamax,92577,12.2,Paradip,11,True,Rough,75.1,12000,37550.0
VC-001855,SYNV-01855,Capesize,160201,16.4,Kolkata,5,False,Normal,59.3,18000,44475.0
VC-001857,SYNV-01857,Handysize,17449,10.7,Chennai,3,False,Calm,13.3,6000,3325.0
VC-001861,SYNV-01861,Handysize,27023,10.1,Haldia,8,True,Normal,45.3,6000,11325.0
VC-001865,SYNV-01865,Handysize,27266,10.3,Dhamra,6,True,Rough,20.5,6000,5125.0
VC-001866,SYNV-01866,Handysize,20000,10.5,Vizag,10,True,Calm,27.4,6000,6850.0
VC-001868,SYNV-01868,Handysize,18417,10.6,Paradip,4,False,Normal,22.1,6000,5525.0
VC-001869,SYNV-01869,Supramax,47994,13.9,Haldia,3,False,Calm,37.2,8500,13175.0
VC-001871,SYNV-01871,Supramax,41927,13.6,Chennai,8,False,Calm,14.5,8500,5135.42
VC-001874,SYNV-01874,Supramax,64689,13.9,Kolkata,8,True,Severe Storm,134.3,8500,47564.58
VC-001875,SYNV-01875,Handysize,36886,10.0,Chennai,7,False,Calm,15.9,6000,3975.0
VC-001876,SYNV-01876,Supramax,44395,11.3,Paradip,8,True,Normal,74.0,8500,26208.33
VC-001877,SYNV-01877,Panamax,73670,12.9,Paradip,1,False,Normal,33.2,12000,16600.0
VC-001881,SYNV-01881,Supramax,44893,13.1,Chennai,3,False,Normal,33.0,8500,11687.5
VC-001882,SYNV-01882,Supramax,64174,11.2,Dhamra,1,False,Normal,15.8,8500,5595.83
VC-001883,SYNV-01883,Supramax,43938,12.6,Haldia,2,False,Rough,96.1,8500,34035.42
VC-001887,SYNV-01887,Supramax,47187,12.9,Vizag,4,False,Calm,22.5,8500,7968.75
VC-001888,SYNV-01888,Supramax,46293,11.4,Kolkata,7,True,Rough,65.0,8500,23020.83
VC-001889,SYNV-01889,Supramax,51359,13.1,Kamarajar,4,False,Normal,16.2,8500,5737.5
VC-001893,SYNV-01893,Capesize,189938,17.5,Dhamra,7,True,Rough,30.1,18000,22575.0
VC-001894,SYNV-01894,Panamax,68696,13.6,Haldia,12,False,Calm,34.7,12000,17350.0
VC-001895,SYNV-01895,Panamax,70559,12.2,Haldia,9,True,Severe Storm,128.3,12000,64150.0
VC-001896,SYNV-01896,Panamax,94670,13.3,Dhamra,1,False,Normal,12.3,12000,6150.0
VC-001897,SYNV-01897,Panamax,94725,12.8,Kamarajar,3,False,Calm,21.7,12000,10850.0
VC-001899,SYNV-01899,Panamax,98613,12.9,Kamarajar,7,False,Calm,16.2,12000,8100.0
VC-001902,SYNV-01902,Panamax,78965,12.9,Dhamra,10,False,Calm,23.0,12000,11500.0
VC-001903,SYNV-01903,Handysize,18822,10.9,Chennai,1,False,Rough,15.9,6000,3975.0
VC-001905,SYNV-01905,Capesize,127983,17.5,Vizag,12,False,Calm,30.7,18000,23025.0
VC-001907,SYNV-01907,Supramax,52971,12.6,Chennai,7,False,Normal,10.6,8500,3754.17
VC-001910,SYNV-01910,Supramax,45753,12.7,Kamarajar,12,False,Normal,29.1,8500,10306.25
VC-001913,SYNV-01913,Handysize,27471,10.2,Paradip,2,False,Rough,45.3,6000,11325.0
VC-001916,SYNV-01916,Handysize,32588,10.4,Kamarajar,7,False,Calm,10.2,6000,2550.0
VC-001917,SYNV-01917,Supramax,61222,12.6,Chennai,9,False,Normal,21.6,8500,7650.0
VC-001918,SYNV-01918,Supramax,51399,13.2,Haldia,2,False,Normal,80.7,8500,28581.25
VC-001919,SYNV-01919,Capesize,138703,17.8,Chennai,10,True,Severe Storm,59.1,18000,44325.0
VC-001924,SYNV-01924,Handysize,21561,11.0,Dhamra,11,False,Calm,19.8,6000,4950.0
VC-001925,SYNV-01925,Supramax,42296,11.0,Kolkata,8,True,Calm,44.4,8500,15725.0
VC-001926,SYNV-01926,Panamax,95013,12.4,Chennai,3,False,Normal,21.4,12000,10700.0
VC-001928,SYNV-01928,Supramax,45231,13.9,Paradip,10,True,Normal,54.0,8500,19125.0
VC-001930,SYNV-01930,Panamax,96921,14.4,Dhamra,10,False,Normal,30.2,12000,15100.0
VC-001931,SYNV-01931,Panamax,85657,12.5,Vizag,5,True,Rough,81.6,12000,40800.0
VC-001932,SYNV-01932,Panamax,79768,13.3,Kolkata,5,False,Normal,34.4,12000,17200.0
VC-001936,SYNV-01936,Panamax,65184,12.5,Vizag,6,False,Calm,31.5,12000,15750.0
VC-001937,SYNV-01937,Supramax,50108,12.4,Chennai,7,False,Rough,18.1,8500,6410.42
VC-001938,SYNV-01938,Panamax,71966,12.7,Vizag,11,True,Rough,58.9,12000,29450.0
VC-001942,SYNV-01942,Panamax,86493,12.1,Kolkata,6,True,Calm,32.1,12000,16050.0
VC-001944,SYNV-01944,Supramax,54813,11.9,Paradip,2,False,Calm,20.0,8500,7083.33
VC-001946,SYNV-01946,Handysize,35911,10.9,Chennai,12,True,Severe Storm,29.3,6000,7325.0
VC-001949,SYNV-01949,Handysize,30543,10.6,Paradip,11,True,Rough,57.3,6000,14325.0
VC-001950,SYNV-01950,Supramax,47494,12.7,Haldia,12,False,Normal,64.6,8500,22879.17
VC-001951,SYNV-01951,Handysize,38384,10.1,Kamarajar,1,False,Normal,20.2,6000,5050.0
VC-001953,SYNV-01953,Handysize,15039,10.3,Kamarajar,3,False,Normal,17.1,6000,4275.0
VC-001955,SYNV-01955,Supramax,59322,11.6,Paradip,8,True,Rough,54.3,8500,19231.25
VC-001960,SYNV-01960,Handysize,16177,10.5,Chennai,8,False,Rough,38.2,6000,9550.0
VC-001961,SYNV-01961,Panamax,89344,12.7,Chennai,10,True,Rough,65.0,12000,32500.0
VC-001963,SYNV-01963,Capesize,163018,17.8,Kamarajar,4,False,Normal,36.7,18000,27525.0
VC-001966,SYNV-01966,Capesize,128690,16.6,Dhamra,5,False,Calm,25.8,18000,19350.0
VC-001967,SYNV-01967,Supramax,63796,14.0,Haldia,8,True,Severe Storm,206.7,8500,73206.25
VC-001971,SYNV-01971,Capesize,137726,16.8,Kamarajar,8,False,Severe Storm,45.4,18000,34050.0
VC-001972,SYNV-01972,Handysize,27163,10.2,Dhamra,10,False,Normal,17.6,6000,4400.0
VC-001975,SYNV-01975,Panamax,79178,13.5,Chennai,8,False,Rough,46.6,12000,23300.0
VC-001976,SYNV-01976,Handysize,39636,10.8,Kolkata,12,False,Rough,59.4,6000,14850.0
VC-001979,SYNV-01979,Supramax,43499,12.9,Haldia,10,False,Rough,70.3,8500,24897.92
VC-001980,SYNV-01980,Capesize,143104,17.4,Dhamra,11,False,Normal,21.2,18000,15900.0
VC-001981,SYNV-01981,Handysize,19624,10.6,Haldia,3,False,Calm,50.9,6000,12725.0
VC-001984,SYNV-01984,Handysize,21330,10.1,Paradip,10,True,Rough,37.5,6000,9375.0
VC-001986,SYNV-01986,Handysize,16849,10.5,Vizag,2,False,Calm,17.6,6000,4400.0
VC-001988,SYNV-01988,Handysize,38451,10.7,Kolkata,2,False,Rough,48.5,6000,12125.0
VC-001990,SYNV-01990,Panamax,83132,12.9,Haldia,10,False,Calm,35.2,12000,17600.0
VC-001991,SYNV-01991,Handysize,20898,10.9,Kamarajar,3,False,Rough,18.7,6000,4675.0
VC-001993,SYNV-01993,Capesize,170176,16.4,Kolkata,12,False,Calm,75.9,18000,56925.0
VC-001996,SYNV-01996,Capesize,160664,17.1,Kolkata,4,False,Normal,53.2,18000,39900.0
VC-001997,SYNV-01997,Panamax,97299,12.1,Kolkata,1,False,Calm,28.3,12000,14150.0
VC-001998,SYNV-01998,Supramax,53481,13.1,Kamarajar,8,False,Normal,23.8,8500,8429.17
VC-001999,SYNV-01999,Supramax,63072,12.7,Dhamra,2,False,Normal,21.7,8500,7685.42
VC-002001,SYNV-02001,Supramax,44209,13.9,Vizag,4,False,Calm,23.5,8500,8322.92
VC-002004,SYNV-02004,Panamax,96016,13.9,Dhamra,4,False,Normal,22.3,12000,11150.0
VC-002005,SYNV-02005,Panamax,82510,12.6,Vizag,1,False,Calm,24.4,12000,12200.0
VC-002006,SYNV-02006,Supramax,49682,11.3,Kolkata,6,True,Severe Storm,65.7,8500,23268.75
VC-002008,SYNV-02008,Handysize,22623,10.0,Paradip,9,True,Rough,53.1,6000,13275.0
VC-002011,SYNV-02011,Panamax,75490,13.7,Kamarajar,12,False,Calm,15.1,12000,7550.0
VC-002012,SYNV-02012,Handysize,23185,10.8,Paradip,7,True,Severe Storm,76.9,6000,19225.0
VC-002017,SYNV-02017,Panamax,71011,13.8,Paradip,1,False,Calm,64.5,12000,32250.0
VC-002018,SYNV-02018,Capesize,133182,17.2,Vizag,6,False,Normal,63.9,18000,47925.0
VC-002019,SYNV-02019,Supramax,63766,12.0,Paradip,4,False,Normal,26.8,8500,9491.67
VC-002022,SYNV-02022,Handysize,17141,10.4,Kamarajar,8,False,Calm,16.0,6000,4000.0
VC-002024,SYNV-02024,Capesize,162368,17.3,Kolkata,8,True,Normal,189.7,18000,142275.0
VC-002025,SYNV-02025,Handysize,34915,10.1,Kamarajar,4,False,Normal,26.2,6000,6550.0
VC-002026,SYNV-02026,Handysize,25710,10.3,Haldia,6,True,Severe Storm,85.0,6000,21250.0
VC-002027,SYNV-02027,Supramax,57735,13.2,Haldia,9,True,Calm,115.6,8500,40941.67
VC-002028,SYNV-02028,Supramax,61895,12.8,Kamarajar,1,False,Normal,20.3,8500,7189.58
VC-002031,SYNV-02031,Supramax,53070,13.1,Chennai,11,True,Rough,47.5,8500,16822.92
VC-002035,SYNV-02035,Handysize,36733,10.2,Kolkata,1,False,Calm,26.2,6000,6550.0
VC-002036,SYNV-02036,Supramax,63591,13.0,Kolkata,9,True,Rough,78.0,8500,27625.0
VC-002038,SYNV-02038,Panamax,97894,12.8,Kolkata,7,True,Rough,68.7,12000,34350.0
VC-002040,SYNV-02040,Handysize,18861,10.5,Haldia,3,False,Rough,36.4,6000,9100.0
VC-002042,SYNV-02042,Supramax,44707,12.4,Haldia,11,False,Normal,63.8,8500,22595.83
VC-002043,SYNV-02043,Supramax,51694,13.6,Dhamra,11,False,Normal,16.8,8500,5950.0
VC-002044,SYNV-02044,Supramax,49926,11.5,Paradip,2,False,Normal,32.1,8500,11368.75
VC-002046,SYNV-02046,Supramax,42322,12.5,Vizag,2,False,Normal,40.1,8500,14202.08
VC-002049,SYNV-02049,Panamax,72526,13.1,Dhamra,6,True,Severe Storm,116.6,12000,58300.0
VC-002052,SYNV-02052,Handysize,18849,10.0,Chennai,11,True,Normal,20.8,6000,5200.0
VC-002053,SYNV-02053,Capesize,193600,16.5,Dhamra,1,False,Rough,27.9,18000,20925.0
VC-002054,SYNV-02054,Supramax,54116,12.1,Paradip,10,True,Normal,31.5,8500,11156.25
VC-002056,SYNV-02056,Supramax,45587,12.1,Kamarajar,1,False,Calm,33.1,8500,11722.92
VC-002062,SYNV-02062,Capesize,113579,17.9,Paradip,4,False,Normal,42.3,18000,31725.0
VC-002064,SYNV-02064,Handysize,27011,10.2,Kamarajar,6,False,Normal,14.0,6000,3500.0
VC-002067,SYNV-02067,Supramax,43138,11.2,Vizag,10,True,Severe Storm,64.3,8500,22772.92
VC-002068,SYNV-02068,Handysize,21181,10.2,Kolkata,4,False,Normal,19.4,6000,4850.0
VC-002072,SYNV-02072,Handysize,27189,10.8,Kamarajar,1,False,Normal,34.6,6000,8650.0
VC-002073,SYNV-02073,Supramax,45785,11.7,Paradip,6,True,Rough,43.9,8500,15547.92
VC-002074,SYNV-02074,Capesize,169230,16.1,Dhamra,3,False,Normal,23.9,18000,17925.0
VC-002075,SYNV-02075,Panamax,65156,12.5,Kolkata,11,False,Calm,30.1,12000,15050.0
VC-002076,SYNV-02076,Panamax,82950,12.8,Kamarajar,7,False,Calm,18.6,12000,9300.0
VC-002078,SYNV-02078,Handysize,31398,10.2,Vizag,9,False,Calm,25.9,6000,6475.0
VC-002079,SYNV-02079,Supramax,47722,13.9,Chennai,5,False,Calm,23.7,8500,8393.75
VC-002080,SYNV-02080,Panamax,76297,13.4,Dhamra,11,False,Calm,19.9,12000,9950.0
VC-002081,SYNV-02081,Panamax,94677,12.5,Kolkata,6,True,Calm,45.9,12000,22950.0
VC-002082,SYNV-02082,Supramax,55714,12.5,Haldia,7,True,Severe Storm,140.6,8500,49795.83
VC-002085,SYNV-02085,Supramax,56982,13.7,Haldia,12,False,Normal,96.4,8500,34141.67
VC-002088,SYNV-02088,Supramax,52607,13.3,Haldia,1,False,Normal,109.3,8500,38710.42
VC-002089,SYNV-02089,Supramax,55806,13.2,Kolkata,10,False,Severe Storm,89.0,8500,31520.83
VC-002091,SYNV-02091,Panamax,87085,14.3,Paradip,3,False,Normal,55.7,12000,27850.0
VC-002093,SYNV-02093,Supramax,46888,14.0,Vizag,7,False,Normal,25.7,8500,9102.08
VC-002094,SYNV-02094,Supramax,63492,12.8,Haldia,10,False,Normal,45.4,8500,16079.17
VC-002096,SYNV-02096,Panamax,65333,14.0,Chennai,2,False,Normal,14.2,12000,7100.0
VC-002099,SYNV-02099,Panamax,74370,13.2,Kolkata,2,False,Calm,36.0,12000,18000.0
VC-002100,SYNV-02100,Handysize,38829,10.3,Kamarajar,12,False,Normal,16.9,6000,4225.0
VC-002101,SYNV-02101,Supramax,41696,13.1,Vizag,3,False,Normal,21.0,8500,7437.5
VC-002103,SYNV-02103,Panamax,73161,13.4,Haldia,2,False,Severe Storm,134.2,12000,67100.0
VC-002105,SYNV-02105,Panamax,75541,13.4,Vizag,2,False,Rough,43.4,12000,21700.0
VC-002107,SYNV-02107,Panamax,89418,13.7,Paradip,7,True,Normal,33.4,12000,16700.0
VC-002108,SYNV-02108,Handysize,23629,10.3,Paradip,3,False,Normal,11.8,6000,2950.0
VC-002110,SYNV-02110,Handysize,22377,10.1,Kolkata,5,False,Calm,36.1,6000,9025.0
VC-002111,SYNV-02111,Handysize,36774,10.7,Vizag,2,False,Normal,21.1,6000,5275.0
VC-002112,SYNV-02112,Handysize,21093,10.9,Kolkata,12,False,Rough,96.2,6000,24050.0
VC-002114,SYNV-02114,Supramax,61096,11.2,Dhamra,3,False,Rough,17.5,8500,6197.92
VC-002116,SYNV-02116,Panamax,73184,12.7,Kamarajar,12,False,Normal,22.5,12000,11250.0
VC-002117,SYNV-02117,Supramax,50699,13.2,Kamarajar,10,True,Rough,49.0,8500,17354.17
VC-002118,SYNV-02118,Supramax,55072,11.4,Vizag,2,False,Normal,21.0,8500,7437.5
VC-002119,SYNV-02119,Handysize,26726,10.1,Chennai,9,False,Normal,19.0,6000,4750.0
VC-002120,SYNV-02120,Panamax,68508,13.8,Chennai,6,False,Normal,22.4,12000,11200.0
VC-002122,SYNV-02122,Handysize,27385,10.0,Chennai,8,False,Calm,14.7,6000,3675.0
VC-002127,SYNV-02127,Handysize,16625,10.6,Kolkata,3,False,Normal,52.3,6000,13075.0
VC-002128,SYNV-02128,Handysize,33576,10.1,Kamarajar,11,True,Normal,33.5,6000,8375.0
VC-002129,SYNV-02129,Handysize,21778,10.1,Vizag,1,False,Rough,34.3,6000,8575.0
VC-002133,SYNV-02133,Handysize,34636,10.6,Chennai,1,False,Normal,17.4,6000,4350.0
VC-002135,SYNV-02135,Handysize,37538,10.1,Haldia,2,False,Calm,34.5,6000,8625.0
VC-002136,SYNV-02136,Supramax,59996,11.5,Haldia,5,False,Normal,63.3,8500,22418.75
VC-002137,SYNV-02137,Panamax,76153,14.2,Kamarajar,2,False,Rough,85.3,12000,42650.0
VC-002138,SYNV-02138,Handysize,37320,10.5,Paradip,4,False,Normal,17.5,6000,4375.0
VC-002139,SYNV-02139,Handysize,30621,10.6,Dhamra,4,False,Calm,9.8,6000,2450.0
VC-002140,SYNV-02140,Supramax,46058,13.2,Vizag,10,True,Rough,57.0,8500,20187.5
VC-002142,SYNV-02142,Handysize,22246,10.9,Kolkata,7,True,Normal,74.2,6000,18550.0
VC-002143,SYNV-02143,Panamax,74926,13.6,Paradip,7,True,Rough,81.9,12000,40950.0
VC-002146,SYNV-02146,Handysize,23086,10.3,Dhamra,12,False,Rough,10.4,6000,2600.0
VC-002147,SYNV-02147,Supramax,55195,13.5,Chennai,9,False,Normal,16.0,8500,5666.67
VC-002148,SYNV-02148,Supramax,46560,13.5,Kamarajar,4,False,Normal,25.5,8500,9031.25
VC-002154,SYNV-02154,Panamax,78805,13.7,Chennai,9,False,Rough,35.9,12000,17950.0
VC-002155,SYNV-02155,Handysize,26853,10.4,Dhamra,8,True,Normal,29.6,6000,7400.0
VC-002156,SYNV-02156,Supramax,62180,12.1,Dhamra,10,False,Rough,19.8,8500,7012.5
VC-002157,SYNV-02157,Panamax,92533,13.2,Chennai,5,False,Normal,32.9,12000,16450.0
VC-002158,SYNV-02158,Supramax,58942,12.2,Kamarajar,8,False,Normal,44.1,8500,15618.75
VC-002162,SYNV-02162,Supramax,42979,11.4,Haldia,1,False,Calm,29.0,8500,10270.83
VC-002164,SYNV-02164,Panamax,98651,13.9,Kolkata,2,False,Normal,79.7,12000,39850.0
VC-002167,SYNV-02167,Capesize,170962,17.9,Chennai,4,False,Normal,27.4,18000,20550.0
VC-002168,SYNV-02168,Panamax,67055,13.6,Paradip,10,True,Rough,74.9,12000,37450.0
VC-002171,SYNV-02171,Panamax,77478,12.3,Paradip,6,True,Severe Storm,76.7,12000,38350.0
VC-002173,SYNV-02173,Handysize,34544,10.4,Vizag,1,False,Calm,18.3,6000,4575.0
VC-002175,SYNV-02175,Handysize,25382,10.1,Kolkata,10,False,Calm,42.6,6000,10650.0
VC-002179,SYNV-02179,Supramax,42908,13.8,Vizag,5,True,Normal,40.6,8500,14379.17
VC-002180,SYNV-02180,Panamax,89523,12.0,Vizag,4,False,Calm,21.5,12000,10750.0
VC-002182,SYNV-02182,Panamax,78903,13.6,Dhamra,9,True,Severe Storm,82.8,12000,41400.0
VC-002183,SYNV-02183,Supramax,62172,11.1,Kamarajar,5,True,Calm,44.2,8500,15654.17
VC-002184,SYNV-02184,Handysize,22132,10.6,Haldia,10,False,Calm,24.2,6000,6050.0
VC-002185,SYNV-02185,Handysize,39810,10.2,Vizag,6,False,Rough,29.4,6000,7350.0
VC-002190,SYNV-02190,Supramax,60698,11.0,Kamarajar,1,False,Normal,23.2,8500,8216.67
VC-002192,SYNV-02192,Supramax,52339,12.2,Paradip,9,True,Severe Storm,101.8,8500,36054.17
VC-002194,SYNV-02194,Handysize,29561,10.4,Haldia,8,True,Rough,54.8,6000,13700.0
VC-002195,SYNV-02195,Panamax,80995,13.4,Paradip,3,False,Normal,29.7,12000,14850.0
VC-002196,SYNV-02196,Handysize,17760,10.7,Kolkata,9,True,Normal,41.6,6000,10400.0
VC-002198,SYNV-02198,Handysize,37011,10.1,Dhamra,12,False,Rough,19.2,6000,4800.0
VC-002200,SYNV-02200,Capesize,143344,16.3,Dhamra,1,False,Calm,14.1,18000,10575.0
VC-002204,SYNV-02204,Handysize,39328,10.7,Kamarajar,12,False,Rough,21.4,6000,5350.0
VC-002206,SYNV-02206,Handysize,25874,10.2,Chennai,1,False,Normal,14.9,6000,3725.0
VC-002208,SYNV-02208,Handysize,18786,10.3,Paradip,12,True,Rough,62.0,6000,15500.0
VC-002209,SYNV-02209,Panamax,71126,12.7,Kamarajar,1,False,Normal,36.0,12000,18000.0
VC-002210,SYNV-02210,Handysize,19913,10.0,Haldia,10,False,Rough,28.8,6000,7200.0
VC-002211,SYNV-02211,Supramax,62702,11.8,Chennai,8,False,Calm,17.5,8500,6197.92
VC-002214,SYNV-02214,Handysize,18928,10.8,Vizag,1,False,Rough,28.9,6000,7225.0
VC-002215,SYNV-02215,Panamax,90847,14.2,Chennai,8,False,Normal,43.2,12000,21600.0
VC-002216,SYNV-02216,Supramax,45326,11.3,Vizag,10,True,Normal,52.2,8500,18487.5
VC-002220,SYNV-02220,Capesize,131152,16.9,Dhamra,10,False,Calm,17.5,18000,13125.0
VC-002221,SYNV-02221,Supramax,46203,13.5,Kolkata,8,True,Rough,58.9,8500,20860.42
VC-002223,SYNV-02223,Supramax,55248,11.6,Paradip,2,False,Calm,39.6,8500,14025.0
VC-002224,SYNV-02224,Panamax,67628,13.2,Vizag,5,True,Normal,43.6,12000,21800.0
VC-002225,SYNV-02225,Handysize,35097,10.2,Kamarajar,2,False,Normal,17.7,6000,4425.0
VC-002228,SYNV-02228,Supramax,44450,13.9,Paradip,12,True,Severe Storm,103.5,8500,36656.25
VC-002230,SYNV-02230,Handysize,34466,10.1,Kolkata,4,False,Normal,33.2,6000,8300.0
VC-002231,SYNV-02231,Capesize,115185,17.8,Dhamra,4,False,Calm,26.4,18000,19800.0
VC-002233,SYNV-02233,Supramax,52048,11.2,Paradip,10,True,Rough,75.3,8500,26668.75
VC-002236,SYNV-02236,Supramax,56177,13.3,Kolkata,8,True,Severe Storm,92.0,8500,32583.33
VC-002241,SYNV-02241,Handysize,34549,10.3,Dhamra,8,True,Severe Storm,26.1,6000,6525.0
VC-002246,SYNV-02246,Panamax,96589,12.7,Paradip,6,True,Severe Storm,52.7,12000,26350.0
VC-002249,SYNV-02249,Capesize,114213,17.1,Kolkata,12,False,Severe Storm,185.9,18000,139425.0
VC-002250,SYNV-02250,Handysize,16709,10.8,Chennai,9,False,Normal,14.1,6000,3525.0
VC-002252,SYNV-02252,Capesize,181681,17.1,Paradip,1,False,Rough,71.8,18000,53850.0
VC-002253,SYNV-02253,Capesize,133665,16.7,Paradip,12,True,Normal,46.0,18000,34500.0
VC-002254,SYNV-02254,Supramax,64146,12.4,Chennai,8,False,Rough,29.8,8500,10554.17
VC-002255,SYNV-02255,Handysize,31437,10.6,Dhamra,7,True,Normal,19.5,6000,4875.0
VC-002257,SYNV-02257,Supramax,45569,11.6,Dhamra,1,False,Normal,17.4,8500,6162.5
VC-002259,SYNV-02259,Capesize,115569,16.2,Kolkata,9,True,Severe Storm,125.7,18000,94275.0
VC-002261,SYNV-02261,Panamax,75708,14.2,Kolkata,8,True,Rough,91.4,12000,45700.0
VC-002262,SYNV-02262,Capesize,111942,17.5,Chennai,11,True,Normal,36.8,18000,27600.0
VC-002263,SYNV-02263,Capesize,116942,16.3,Dhamra,4,False,Normal,21.6,18000,16200.0
VC-002264,SYNV-02264,Handysize,34865,10.6,Kamarajar,2,False,Rough,15.2,6000,3800.0
VC-002267,SYNV-02267,Capesize,149478,17.6,Paradip,7,True,Normal,35.2,18000,26400.0
VC-002269,SYNV-02269,Supramax,64888,12.5,Dhamra,3,False,Normal,12.9,8500,4568.75
VC-002276,SYNV-02276,Panamax,73843,13.5,Chennai,2,False,Calm,21.3,12000,10650.0
VC-002277,SYNV-02277,Panamax,91168,14.1,Paradip,3,False,Severe Storm,38.7,12000,19350.0
VC-002280,SYNV-02280,Supramax,54958,12.9,Paradip,8,True,Rough,48.8,8500,17283.33
VC-002283,SYNV-02283,Handysize,25508,10.5,Haldia,6,True,Rough,81.3,6000,20325.0
VC-002284,SYNV-02284,Panamax,86763,13.7,Haldia,4,False,Normal,85.1,12000,42550.0
VC-002287,SYNV-02287,Panamax,65369,14.1,Chennai,12,True,Rough,63.7,12000,31850.0
VC-002289,SYNV-02289,Handysize,30908,10.0,Chennai,8,False,Normal,19.3,6000,4825.0
VC-002290,SYNV-02290,Supramax,59288,11.3,Kolkata,8,True,Rough,56.9,8500,20152.08
VC-002291,SYNV-02291,Handysize,22706,10.6,Haldia,1,False,Severe Storm,108.8,6000,27200.0
VC-002293,SYNV-02293,Handysize,35158,11.0,Kamarajar,11,True,Severe Storm,52.4,6000,13100.0
VC-002294,SYNV-02294,Handysize,31943,10.3,Paradip,11,True,Rough,49.8,6000,12450.0
VC-002295,SYNV-02295,Handysize,16060,10.4,Vizag,1,False,Rough,33.2,6000,8300.0
VC-002296,SYNV-02296,Panamax,78018,13.3,Kolkata,10,False,Normal,30.9,12000,15450.0
VC-002300,SYNV-02300,Supramax,60782,12.3,Dhamra,11,False,Normal,15.5,8500,5489.58
VC-002302,SYNV-02302,Capesize,207556,17.0,Haldia,6,True,Normal,72.2,18000,54150.0
VC-002306,SYNV-02306,Supramax,48614,12.2,Kolkata,10,False,Normal,20.7,8500,7331.25
VC-002307,SYNV-02307,Panamax,82810,12.1,Vizag,9,False,Rough,28.0,12000,14000.0
VC-002309,SYNV-02309,Capesize,175370,16.1,Haldia,2,False,Normal,41.8,18000,31350.0
VC-002310,SYNV-02310,Panamax,82746,13.1,Paradip,12,True,Severe Storm,83.2,12000,41600.0
VC-002311,SYNV-02311,Supramax,48115,13.1,Paradip,7,True,Rough,44.8,8500,15866.67
VC-002313,SYNV-02313,Panamax,96254,13.9,Kamarajar,4,False,Normal,16.9,12000,8450.0
VC-002316,SYNV-02316,Handysize,24739,10.8,Haldia,8,True,Normal,47.1,6000,11775.0
VC-002318,SYNV-02318,Handysize,35020,10.8,Kamarajar,9,False,Calm,17.6,6000,4400.0
VC-002319,SYNV-02319,Handysize,35464,10.3,Chennai,6,False,Rough,13.5,6000,3375.0
VC-002320,SYNV-02320,Supramax,46686,13.4,Kolkata,11,False,Normal,31.6,8500,11191.67
VC-002322,SYNV-02322,Supramax,49071,12.1,Kolkata,1,False,Calm,39.1,8500,13847.92
VC-002325,SYNV-02325,Capesize,153761,17.6,Haldia,8,True,Severe Storm,215.9,18000,161925.0
VC-002327,SYNV-02327,Panamax,78279,13.4,Vizag,3,False,Normal,25.0,12000,12500.0
VC-002330,SYNV-02330,Supramax,60702,13.2,Haldia,4,False,Rough,52.9,8500,18735.42
VC-002331,SYNV-02331,Capesize,212440,16.9,Kolkata,4,False,Calm,58.2,18000,43650.0
VC-002332,SYNV-02332,Capesize,199801,16.8,Haldia,11,False,Calm,48.1,18000,36075.0
VC-002333,SYNV-02333,Handysize,17646,10.2,Kolkata,5,False,Calm,27.9,6000,6975.0
VC-002336,SYNV-02336,Handysize,23880,10.4,Vizag,5,True,Rough,41.2,6000,10300.0
VC-002338,SYNV-02338,Supramax,54355,13.8,Kolkata,3,False,Normal,49.6,8500,17566.67
VC-002340,SYNV-02340,Capesize,218975,17.7,Kamarajar,3,False,Normal,33.8,18000,25350.0
VC-002342,SYNV-02342,Supramax,41575,13.6,Kamarajar,3,False,Calm,16.8,8500,5950.0
VC-002343,SYNV-02343,Supramax,47039,12.2,Kolkata,4,False,Normal,44.3,8500,15689.58
VC-002344,SYNV-02344,Supramax,54621,13.7,Kamarajar,12,False,Calm,28.7,8500,10164.58
VC-002345,SYNV-02345,Panamax,84945,13.8,Vizag,12,False,Normal,14.2,12000,7100.0
VC-002346,SYNV-02346,Handysize,34814,10.5,Kamarajar,12,False,Calm,16.6,6000,4150.0
VC-002347,SYNV-02347,Supramax,60936,12.1,Paradip,10,True,Severe Storm,71.0,8500,25145.83
VC-002348,SYNV-02348,Handysize,26153,10.9,Paradip,10,True,Calm,35.8,6000,8950.0
VC-002353,SYNV-02353,Supramax,60949,12.7,Kamarajar,1,False,Normal,33.6,8500,11900.0
VC-002355,SYNV-02355,Panamax,96313,14.3,Dhamra,10,False,Rough,33.3,12000,16650.0
VC-002356,SYNV-02356,Capesize,171781,17.1,Chennai,4,False,Rough,35.1,18000,26325.0
VC-002357,SYNV-02357,Panamax,98797,12.1,Dhamra,2,False,Calm,19.4,12000,9700.0
VC-002359,SYNV-02359,Panamax,65475,13.1,Vizag,8,False,Normal,42.2,12000,21100.0
VC-002360,SYNV-02360,Supramax,64327,11.0,Chennai,12,True,Normal,31.7,8500,11227.08
VC-002361,SYNV-02361,Capesize,126216,17.6,Dhamra,5,False,Calm,25.7,18000,19275.0
VC-002362,SYNV-02362,Capesize,170255,17.3,Kamarajar,6,False,Calm,22.0,18000,16500.0
VC-002363,SYNV-02363,Panamax,73290,12.8,Dhamra,1,False,Normal,13.0,12000,6500.0
VC-002364,SYNV-02364,Handysize,26240,10.7,Vizag,5,True,Normal,52.8,6000,13200.0
VC-002370,SYNV-02370,Supramax,43918,12.7,Dhamra,9,True,Normal,17.0,8500,6020.83
VC-002371,SYNV-02371,Capesize,149867,17.2,Dhamra,5,False,Rough,27.8,18000,20850.0
VC-002372,SYNV-02372,Handysize,24121,10.1,Paradip,11,True,Rough,35.8,6000,8950.0
VC-002374,SYNV-02374,Supramax,49287,11.1,Chennai,12,True,Normal,25.2,8500,8925.0
VC-002375,SYNV-02375,Capesize,110066,17.2,Dhamra,6,True,Rough,80.5,18000,60375.0
VC-002378,SYNV-02378,Handysize,15851,10.1,Paradip,8,True,Normal,28.9,6000,7225.0
VC-002380,SYNV-02380,Supramax,49710,11.0,Dhamra,5,False,Rough,35.3,8500,12502.08
VC-002381,SYNV-02381,Handysize,33772,10.6,Paradip,11,True,Calm,40.3,6000,10075.0
VC-002384,SYNV-02384,Capesize,208670,17.3,Dhamra,12,False,Normal,19.2,18000,14400.0
VC-002386,SYNV-02386,Supramax,50578,13.1,Vizag,6,False,Calm,23.4,8500,8287.5
VC-002387,SYNV-02387,Supramax,50184,12.0,Kolkata,8,True,Calm,35.5,8500,12572.92
VC-002390,SYNV-02390,Capesize,205820,16.6,Kolkata,9,True,Rough,101.7,18000,76275.0
VC-002391,SYNV-02391,Supramax,40033,11.3,Chennai,9,False,Rough,23.7,8500,8393.75
VC-002394,SYNV-02394,Supramax,57492,12.0,Kamarajar,2,False,Normal,34.7,8500,12289.58
VC-002395,SYNV-02395,Handysize,34343,10.1,Vizag,11,True,Rough,68.5,6000,17125.0
VC-002398,SYNV-02398,Handysize,29289,10.7,Paradip,11,True,Normal,42.3,6000,10575.0
VC-002399,SYNV-02399,Supramax,49154,13.0,Vizag,4,False,Normal,18.5,8500,6552.08
VC-002400,SYNV-02400,Panamax,88241,12.3,Haldia,4,False,Calm,46.8,12000,23400.0
VC-002402,SYNV-02402,Supramax,60975,11.1,Paradip,10,True,Rough,49.9,8500,17672.92
VC-002404,SYNV-02404,Supramax,42333,13.3,Haldia,10,False,Normal,48.0,8500,17000.0
VC-002405,SYNV-02405,Handysize,31034,11.0,Chennai,11,True,Normal,16.9,6000,4225.0
VC-002406,SYNV-02406,Handysize,38206,10.5,Paradip,11,True,Severe Storm,135.0,6000,33750.0
VC-002408,SYNV-02408,Panamax,87165,13.4,Paradip,12,True,Rough,58.6,12000,29300.0
VC-002410,SYNV-02410,Panamax,98090,14.2,Vizag,12,False,Calm,26.9,12000,13450.0
VC-002411,SYNV-02411,Handysize,29572,10.3,Vizag,3,False,Rough,44.7,6000,11175.0
VC-002412,SYNV-02412,Capesize,214383,17.6,Kolkata,5,False,Rough,126.3,18000,94725.0
VC-002414,SYNV-02414,Handysize,22350,10.1,Kolkata,2,False,Normal,24.6,6000,6150.0
VC-002417,SYNV-02417,Handysize,21730,11.0,Paradip,8,True,Severe Storm,98.9,6000,24725.0
VC-002420,SYNV-02420,Supramax,58274,11.9,Kamarajar,10,True,Rough,37.3,8500,13210.42
VC-002423,SYNV-02423,Capesize,206547,17.7,Haldia,7,True,Normal,83.3,18000,62475.0
VC-002424,SYNV-02424,Capesize,101398,16.7,Haldia,9,True,Normal,93.3,18000,69975.0
VC-002425,SYNV-02425,Handysize,23986,10.7,Kamarajar,10,True,Normal,35.0,6000,8750.0
VC-002426,SYNV-02426,Supramax,64546,13.2,Dhamra,8,True,Severe Storm,57.6,8500,20400.0
VC-002429,SYNV-02429,Capesize,177093,17.4,Dhamra,4,False,Normal,37.1,18000,27825.0
VC-002430,SYNV-02430,Capesize,134297,17.7,Chennai,2,False,Rough,40.6,18000,30450.0
VC-002431,SYNV-02431,Handysize,25906,10.6,Kolkata,8,True,Calm,30.4,6000,7600.0
VC-002443,SYNV-02443,Panamax,70729,13.9,Chennai,9,False,Normal,49.5,12000,24750.0
VC-002445,SYNV-02445,Handysize,33657,10.5,Dhamra,9,True,Normal,15.9,6000,3975.0
VC-002446,SYNV-02446,Supramax,59328,12.6,Kamarajar,8,False,Rough,40.9,8500,14485.42
VC-002452,SYNV-02452,Handysize,37950,10.0,Chennai,10,True,Rough,15.2,6000,3800.0
VC-002454,SYNV-02454,Supramax,59098,13.3,Paradip,6,True,Severe Storm,121.7,8500,43102.08
VC-002455,SYNV-02455,Panamax,81913,12.3,Kamarajar,5,True,Severe Storm,35.9,12000,17950.0
VC-002456,SYNV-02456,Panamax,74909,12.2,Kolkata,1,False,Normal,69.5,12000,34750.0
VC-002459,SYNV-02459,Supramax,41114,12.8,Chennai,7,False,Normal,17.8,8500,6304.17
VC-002460,SYNV-02460,Panamax,94687,12.2,Chennai,6,False,Normal,21.4,12000,10700.0
VC-002462,SYNV-02462,Supramax,53178,11.1,Paradip,8,True,Calm,44.8,8500,15866.67
VC-002465,SYNV-02465,Panamax,86513,12.5,Kamarajar,11,True,Normal,43.3,12000,21650.0
VC-002468,SYNV-02468,Supramax,50452,13.1,Haldia,11,False,Rough,142.9,8500,50610.42
VC-002469,SYNV-02469,Panamax,65367,13.9,Dhamra,2,False,Calm,26.4,12000,13200.0
VC-002472,SYNV-02472,Handysize,30050,10.8,Vizag,2,False,Normal,23.0,6000,5750.0
VC-002478,SYNV-02478,Capesize,103229,17.0,Haldia,2,False,Calm,47.5,18000,35625.0
VC-002479,SYNV-02479,Supramax,62911,12.9,Paradip,3,False,Calm,21.9,8500,7756.25
VC-002480,SYNV-02480,Handysize,27169,10.8,Vizag,6,False,Normal,20.3,6000,5075.0
VC-002484,SYNV-02484,Panamax,89911,13.1,Haldia,12,False,Rough,43.1,12000,21550.0
VC-002485,SYNV-02485,Supramax,54149,13.7,Haldia,9,True,Rough,89.6,8500,31733.33
VC-002486,SYNV-02486,Capesize,177041,17.7,Kamarajar,9,False,Rough,100.1,18000,75075.0
VC-002487,SYNV-02487,Supramax,61201,13.7,Vizag,5,True,Normal,37.4,8500,13245.83
VC-002491,SYNV-02491,Panamax,92517,13.1,Dhamra,4,False,Rough,26.8,12000,13400.0
VC-002492,SYNV-02492,Handysize,23681,10.9,Kolkata,11,False,Rough,50.1,6000,12525.0
VC-002493,SYNV-02493,Panamax,89765,12.6,Chennai,9,False,Normal,25.8,12000,12900.0
VC-002494,SYNV-02494,Capesize,156861,16.4,Kolkata,8,True,Normal,122.8,18000,92100.0
VC-002495,SYNV-02495,Capesize,106671,16.8,Dhamra,1,False,Rough,23.0,18000,17250.0
VC-002496,SYNV-02496,Handysize,27789,10.6,Kolkata,10,False,Rough,54.7,6000,13675.0
VC-002500,SYNV-02500,Panamax,93426,12.1,Dhamra,8,True,Rough,34.9,12000,17450.0
VC-002503,SYNV-02503,Supramax,60717,11.4,Haldia,10,False,Rough,48.8,8500,17283.33
VC-002504,SYNV-02504,Supramax,55933,11.6,Dhamra,7,True,Rough,38.9,8500,13777.08
VC-002505,SYNV-02505,Panamax,86259,14.1,Dhamra,12,False,Calm,17.1,12000,8550.0
VC-002506,SYNV-02506,Panamax,65856,13.1,Chennai,5,False,Normal,15.3,12000,7650.0
VC-002509,SYNV-02509,Handysize,29220,10.1,Kolkata,6,True,Rough,35.5,6000,8875.0
VC-002513,SYNV-02513,Supramax,42661,13.9,Chennai,6,False,Severe Storm,29.2,8500,10341.67
VC-002514,SYNV-02514,Handysize,39522,10.8,Kamarajar,12,False,Calm,32.7,6000,8175.0
VC-002516,SYNV-02516,Supramax,44886,11.6,Dhamra,5,False,Normal,10.8,8500,3825.0
VC-002517,SYNV-02517,Supramax,56782,12.1,Kolkata,9,True,Severe Storm,138.2,8500,48945.83
VC-002519,SYNV-02519,Panamax,86013,14.4,Dhamra,10,False,Normal,17.0,12000,8500.0
VC-002522,SYNV-02522,Handysize,24269,10.6,Kamarajar,8,False,Rough,47.5,6000,11875.0
VC-002524,SYNV-02524,Panamax,88631,12.7,Chennai,3,False,Normal,20.9,12000,10450.0
VC-002525,SYNV-02525,Handysize,27526,10.2,Kolkata,10,False,Normal,41.5,6000,10375.0
VC-002527,SYNV-02527,Panamax,95957,12.7,Haldia,10,False,Normal,41.5,12000,20750.0
VC-002528,SYNV-02528,Panamax,86801,13.8,Chennai,11,True,Normal,16.5,12000,8250.0
VC-002531,SYNV-02531,Panamax,71517,12.5,Dhamra,1,False,Calm,12.7,12000,6350.0
VC-002532,SYNV-02532,Supramax,46522,11.5,Dhamra,12,False,Calm,9.1,8500,3222.92
VC-002533,SYNV-02533,Handysize,17574,10.3,Kolkata,2,False,Rough,62.4,6000,15600.0
VC-002534,SYNV-02534,Panamax,95870,12.5,Dhamra,9,True,Rough,72.1,12000,36050.0
VC-002540,SYNV-02540,Supramax,61662,12.1,Vizag,4,False,Normal,15.6,8500,5525.0
VC-002542,SYNV-02542,Supramax,41907,13.8,Chennai,8,False,Normal,17.6,8500,6233.33
VC-002544,SYNV-02544,Handysize,15384,10.6,Chennai,7,False,Calm,13.8,6000,3450.0
VC-002549,SYNV-02549,Panamax,96406,14.0,Paradip,11,True,Rough,56.0,12000,28000.0
VC-002551,SYNV-02551,Capesize,104377,16.7,Chennai,4,False,Rough,42.1,18000,31575.0
VC-002552,SYNV-02552,Capesize,199670,16.2,Vizag,4,False,Normal,20.8,18000,15600.0
VC-002553,SYNV-02553,Panamax,69335,13.2,Kolkata,3,False,Calm,57.4,12000,28700.0
VC-002559,SYNV-02559,Supramax,49840,13.6,Chennai,1,False,Normal,22.1,8500,7827.08
VC-002560,SYNV-02560,Panamax,88219,14.3,Paradip,10,True,Severe Storm,67.7,12000,33850.0
VC-002561,SYNV-02561,Supramax,52623,13.9,Vizag,5,True,Rough,57.3,8500,20293.75
VC-002565,SYNV-02565,Supramax,59403,11.2,Kamarajar,9,False,Rough,25.0,8500,8854.17
VC-002568,SYNV-02568,Supramax,42425,11.6,Haldia,2,False,Normal,42.6,8500,15087.5
VC-002569,SYNV-02569,Panamax,69140,13.5,Paradip,2,False,Normal,39.5,12000,19750.0
VC-002570,SYNV-02570,Handysize,37387,10.4,Haldia,9,True,Normal,63.1,6000,15775.0
VC-002571,SYNV-02571,Supramax,48791,11.5,Vizag,9,False,Normal,14.4,8500,5100.0
VC-002572,SYNV-02572,Capesize,121170,17.6,Kamarajar,5,True,Severe Storm,117.0,18000,87750.0
VC-002573,SYNV-02573,Supramax,42142,12.8,Dhamra,2,False,Severe Storm,58.9,8500,20860.42
VC-002574,SYNV-02574,Supramax,54224,11.7,Kamarajar,4,False,Rough,44.6,8500,15795.83
VC-002576,SYNV-02576,Supramax,47144,13.9,Paradip,10,True,Severe Storm,63.6,8500,22525.0
VC-002581,SYNV-02581,Handysize,39063,10.1,Chennai,3,False,Rough,10.4,6000,2600.0
VC-002582,SYNV-02582,Supramax,60525,13.2,Kamarajar,12,False,Normal,16.3,8500,5772.92
VC-002583,SYNV-02583,Handysize,38794,10.3,Kolkata,1,False,Rough,46.2,6000,11550.0
VC-002584,SYNV-02584,Capesize,105637,17.2,Kamarajar,4,False,Normal,19.3,18000,14475.0
VC-002585,SYNV-02585,Panamax,68792,14.0,Dhamra,3,False,Normal,13.1,12000,6550.0
VC-002587,SYNV-02587,Panamax,66220,12.1,Kolkata,6,True,Normal,33.0,12000,16500.0
VC-002593,SYNV-02593,Panamax,83352,12.3,Kamarajar,4,False,Rough,38.2,12000,19100.0
VC-002595,SYNV-02595,Supramax,40098,13.5,Kamarajar,5,True,Normal,36.3,8500,12856.25
VC-002596,SYNV-02596,Panamax,70927,13.5,Chennai,10,True,Rough,84.0,12000,42000.0
VC-002599,SYNV-02599,Panamax,99228,12.6,Haldia,10,False,Normal,46.6,12000,23300.0
VC-002601,SYNV-02601,Panamax,90643,13.6,Kamarajar,1,False,Normal,34.7,12000,17350.0
VC-002602,SYNV-02602,Handysize,22020,10.9,Paradip,10,True,Normal,36.5,6000,9125.0
VC-002603,SYNV-02603,Handysize,19017,10.4,Chennai,12,True,Rough,33.7,6000,8425.0
VC-002605,SYNV-02605,Supramax,60693,12.9,Kolkata,12,False,Calm,54.5,8500,19302.08
VC-002606,SYNV-02606,Supramax,40029,13.9,Vizag,12,False,Normal,28.0,8500,9916.67
VC-002609,SYNV-02609,Supramax,56537,13.8,Chennai,3,False,Severe Storm,45.3,8500,16043.75
VC-002610,SYNV-02610,Handysize,32349,10.8,Chennai,7,False,Rough,41.3,6000,10325.0
VC-002613,SYNV-02613,Handysize,34647,10.5,Kolkata,5,False,Normal,45.7,6000,11425.0
VC-002615,SYNV-02615,Supramax,52767,12.2,Chennai,12,True,Normal,27.4,8500,9704.17
VC-002616,SYNV-02616,Supramax,57997,13.9,Kamarajar,11,True,Calm,39.9,8500,14131.25
VC-002618,SYNV-02618,Handysize,29671,10.5,Dhamra,5,False,Calm,9.1,6000,2275.0
VC-002620,SYNV-02620,Capesize,122701,16.8,Haldia,11,False,Normal,46.2,18000,34650.0
VC-002621,SYNV-02621,Handysize,37852,10.7,Vizag,9,False,Normal,17.3,6000,4325.0
VC-002623,SYNV-02623,Panamax,86838,12.8,Kolkata,3,False,Severe Storm,70.5,12000,35250.0
VC-002624,SYNV-02624,Supramax,50471,11.1,Kamarajar,10,True,Rough,42.8,8500,15158.33
VC-002628,SYNV-02628,Supramax,55052,12.3,Vizag,9,False,Calm,15.4,8500,5454.17
VC-002629,SYNV-02629,Supramax,44783,14.0,Paradip,4,False,Rough,34.3,8500,12147.92
VC-002631,SYNV-02631,Panamax,99554,12.9,Dhamra,2,False,Rough,32.0,12000,16000.0
VC-002633,SYNV-02633,Handysize,38764,10.1,Vizag,11,True,Rough,29.5,6000,7375.0
VC-002636,SYNV-02636,Capesize,112092,16.7,Kamarajar,2,False,Normal,24.4,18000,18300.0
VC-002638,SYNV-02638,Handysize,22965,10.8,Kolkata,6,True,Severe Storm,77.3,6000,19325.0
VC-002639,SYNV-02639,Supramax,44167,12.1,Kamarajar,1,False,Normal,41.6,8500,14733.33
VC-002641,SYNV-02641,Handysize,37472,10.0,Haldia,3,False,Normal,21.6,6000,5400.0
VC-002642,SYNV-02642,Panamax,95197,14.1,Chennai,8,False,Normal,22.1,12000,11050.0
VC-002643,SYNV-02643,Panamax,82394,12.2,Kamarajar,2,False,Severe Storm,42.4,12000,21200.0
VC-002648,SYNV-02648,Panamax,84876,13.6,Haldia,2,False,Severe Storm,190.9,12000,95450.0
VC-002649,SYNV-02649,Supramax,45881,11.2,Chennai,10,True,Rough,33.0,8500,11687.5
VC-002650,SYNV-02650,Panamax,80941,13.3,Dhamra,9,True,Rough,23.6,12000,11800.0
VC-002651,SYNV-02651,Handysize,39495,10.0,Paradip,11,True,Normal,38.9,6000,9725.0
VC-002652,SYNV-02652,Handysize,18849,10.7,Kolkata,2,False,Normal,49.6,6000,12400.0
VC-002656,SYNV-02656,Supramax,57856,12.1,Kamarajar,3,False,Normal,17.7,8500,6268.75
VC-002657,SYNV-02657,Supramax,45252,11.0,Dhamra,3,False,Normal,24.4,8500,8641.67
VC-002658,SYNV-02658,Handysize,33490,10.9,Haldia,12,False,Normal,24.9,6000,6225.0
VC-002660,SYNV-02660,Handysize,22568,10.3,Haldia,10,False,Rough,63.2,6000,15800.0
VC-002661,SYNV-02661,Supramax,41903,13.9,Kolkata,4,False,Normal,63.9,8500,22631.25
VC-002662,SYNV-02662,Panamax,87190,13.2,Paradip,4,False,Normal,38.4,12000,19200.0
VC-002666,SYNV-02666,Handysize,15716,10.0,Chennai,10,True,Normal,15.5,6000,3875.0
VC-002667,SYNV-02667,Panamax,81987,12.2,Dhamra,4,False,Normal,9.7,12000,4850.0
VC-002672,SYNV-02672,Handysize,18799,10.7,Kamarajar,8,False,Rough,32.9,6000,8225.0
VC-002674,SYNV-02674,Capesize,211548,17.6,Paradip,3,False,Calm,43.7,18000,32775.0
VC-002675,SYNV-02675,Handysize,30422,10.8,Kamarajar,1,False,Rough,25.6,6000,6400.0
VC-002681,SYNV-02681,Capesize,121718,16.5,Kolkata,11,False,Normal,46.3,18000,34725.0
VC-002684,SYNV-02684,Panamax,74981,14.3,Vizag,9,False,Rough,21.3,12000,10650.0
VC-002685,SYNV-02685,Handysize,15708,10.1,Kamarajar,6,False,Normal,14.9,6000,3725.0
VC-002688,SYNV-02688,Supramax,47705,13.2,Kamarajar,3,False,Normal,21.7,8500,7685.42
VC-002694,SYNV-02694,Supramax,42775,13.9,Kolkata,11,False,Normal,48.1,8500,17035.42
VC-002697,SYNV-02697,Handysize,30493,10.1,Paradip,3,False,Rough,27.6,6000,6900.0
VC-002698,SYNV-02698,Capesize,215099,16.1,Kolkata,1,False,Severe Storm,87.1,18000,65325.0
VC-002699,SYNV-02699,Handysize,35436,10.8,Haldia,8,True,Severe Storm,240.0,6000,60000.0
VC-002700,SYNV-02700,Panamax,74557,12.3,Paradip,1,False,Calm,19.3,12000,9650.0
VC-002707,SYNV-02707,Capesize,184363,17.2,Haldia,1,False,Normal,47.6,18000,35700.0
VC-002709,SYNV-02709,Panamax,70084,12.2,Vizag,8,False,Calm,41.3,12000,20650.0
VC-002710,SYNV-02710,Panamax,91100,12.8,Chennai,12,True,Normal,29.3,12000,14650.0
VC-002711,SYNV-02711,Handysize,28374,10.7,Vizag,7,False,Normal,18.8,6000,4700.0
VC-002712,SYNV-02712,Handysize,25820,10.8,Haldia,8,True,Severe Storm,143.9,6000,35975.0
VC-002713,SYNV-02713,Supramax,46907,13.7,Vizag,1,False,Normal,26.2,8500,9279.17
VC-002714,SYNV-02714,Supramax,53044,13.8,Haldia,10,False,Calm,31.1,8500,11014.58
VC-002715,SYNV-02715,Supramax,47947,11.1,Kolkata,11,False,Normal,36.3,8500,12856.25
VC-002716,SYNV-02716,Handysize,24228,10.6,Kamarajar,5,True,Severe Storm,65.3,6000,16325.0
VC-002717,SYNV-02717,Panamax,70780,12.8,Haldia,8,True,Calm,41.9,12000,20950.0
VC-002718,SYNV-02718,Supramax,61494,11.3,Kolkata,12,False,Normal,27.8,8500,9845.83
VC-002719,SYNV-02719,Supramax,56282,12.5,Paradip,3,False,Rough,36.1,8500,12785.42
VC-002720,SYNV-02720,Capesize,108642,16.6,Paradip,6,True,Normal,28.8,18000,21600.0
VC-002722,SYNV-02722,Handysize,22602,10.4,Dhamra,6,True,Rough,39.6,6000,9900.0
VC-002723,SYNV-02723,Panamax,88218,14.4,Dhamra,2,False,Normal,17.0,12000,8500.0
VC-002724,SYNV-02724,Panamax,80264,12.3,Kamarajar,6,False,Severe Storm,70.3,12000,35150.0
VC-002726,SYNV-02726,Panamax,72956,14.1,Vizag,1,False,Rough,50.9,12000,25450.0
VC-002727,SYNV-02727,Supramax,62974,12.5,Dhamra,9,True,Normal,20.9,8500,7402.08
VC-002729,SYNV-02729,Handysize,22038,10.8,Vizag,2,False,Normal,12.8,6000,3200.0
VC-002736,SYNV-02736,Supramax,41148,12.6,Kamarajar,5,True,Rough,61.3,8500,21710.42
VC-002737,SYNV-02737,Panamax,92776,14.5,Haldia,4,False,Calm,92.4,12000,46200.0
VC-002741,SYNV-02741,Capesize,119444,17.6,Vizag,8,False,Calm,16.3,18000,12225.0
VC-002742,SYNV-02742,Handysize,17242,10.1,Chennai,7,False,Calm,11.5,6000,2875.0
VC-002745,SYNV-02745,Capesize,159617,16.6,Haldia,11,False,Normal,81.5,18000,61125.0
VC-002746,SYNV-02746,Handysize,30555,10.8,Kolkata,6,True,Severe Storm,62.5,6000,15625.0
VC-002747,SYNV-02747,Handysize,28292,10.3,Kamarajar,2,False,Calm,17.5,6000,4375.0
VC-002748,SYNV-02748,Handysize,27721,11.0,Paradip,5,False,Normal,23.6,6000,5900.0
VC-002749,SYNV-02749,Capesize,106509,17.3,Paradip,7,True,Rough,87.8,18000,65850.0
VC-002750,SYNV-02750,Capesize,138673,16.1,Kamarajar,2,False,Calm,15.1,18000,11325.0
VC-002751,SYNV-02751,Panamax,95304,12.0,Haldia,1,False,Rough,33.5,12000,16750.0
VC-002756,SYNV-02756,Supramax,48574,11.4,Dhamra,11,False,Normal,13.0,8500,4604.17
VC-002757,SYNV-02757,Panamax,95797,13.6,Chennai,10,True,Rough,50.5,12000,25250.0
VC-002758,SYNV-02758,Panamax,88227,12.0,Dhamra,6,True,Rough,35.2,12000,17600.0
VC-002761,SYNV-02761,Supramax,49053,12.5,Chennai,6,False,Normal,17.7,8500,6268.75
VC-002762,SYNV-02762,Panamax,75132,14.1,Haldia,5,False,Severe Storm,127.7,12000,63850.0
VC-002767,SYNV-02767,Panamax,78527,14.2,Chennai,12,True,Normal,28.5,12000,14250.0
VC-002768,SYNV-02768,Supramax,55560,12.2,Vizag,8,False,Rough,40.9,8500,14485.42
VC-002769,SYNV-02769,Supramax,58111,11.5,Paradip,4,False,Rough,46.2,8500,16362.5
VC-002770,SYNV-02770,Capesize,151204,16.4,Vizag,2,False,Calm,22.1,18000,16575.0
VC-002771,SYNV-02771,Supramax,41971,11.3,Paradip,12,True,Rough,27.2,8500,9633.33
VC-002775,SYNV-02775,Panamax,80112,14.3,Chennai,2,False,Calm,19.7,12000,9850.0
VC-002779,SYNV-02779,Panamax,84448,12.5,Chennai,12,True,Rough,64.3,12000,32150.0
VC-002782,SYNV-02782,Handysize,32140,10.4,Vizag,12,False,Calm,27.7,6000,6925.0
VC-002785,SYNV-02785,Supramax,54024,12.0,Paradip,2,False,Calm,31.4,8500,11120.83
VC-002786,SYNV-02786,Panamax,84570,13.1,Chennai,3,False,Normal,20.5,12000,10250.0
VC-002790,SYNV-02790,Panamax,95630,12.4,Haldia,12,False,Rough,59.2,12000,29600.0
VC-002796,SYNV-02796,Supramax,41332,12.9,Paradip,10,True,Rough,54.6,8500,19337.5
VC-002797,SYNV-02797,Panamax,65837,14.0,Paradip,3,False,Rough,51.0,12000,25500.0
VC-002799,SYNV-02799,Panamax,98078,13.7,Haldia,1,False,Normal,76.5,12000,38250.0
VC-002800,SYNV-02800,Handysize,31751,10.1,Kamarajar,9,False,Normal,38.1,6000,9525.0
VC-002801,SYNV-02801,Handysize,30449,10.3,Paradip,3,False,Normal,26.5,6000,6625.0
VC-002803,SYNV-02803,Handysize,16881,10.8,Kolkata,5,False,Rough,29.1,6000,7275.0
VC-002804,SYNV-02804,Supramax,43335,11.0,Vizag,12,False,Normal,13.3,8500,4710.42
VC-002806,SYNV-02806,Supramax,51023,13.3,Chennai,6,False,Rough,20.4,8500,7225.0
VC-002807,SYNV-02807,Handysize,15034,10.1,Paradip,4,False,Calm,17.1,6000,4275.0
VC-002808,SYNV-02808,Panamax,90313,14.5,Kolkata,10,False,Severe Storm,93.2,12000,46600.0
VC-002810,SYNV-02810,Supramax,59660,12.7,Paradip,8,True,Severe Storm,51.4,8500,18204.17
VC-002811,SYNV-02811,Supramax,45573,13.9,Kamarajar,11,True,Severe Storm,107.8,8500,38179.17
VC-002814,SYNV-02814,Handysize,37888,10.7,Chennai,10,True,Normal,24.7,6000,6175.0
VC-002818,SYNV-02818,Handysize,29549,10.5,Chennai,2,False,Calm,18.1,6000,4525.0
VC-002821,SYNV-02821,Handysize,19791,11.0,Vizag,8,False,Normal,14.1,6000,3525.0
VC-002827,SYNV-02827,Handysize,18631,10.7,Dhamra,12,False,Normal,12.8,6000,3200.0
VC-002829,SYNV-02829,Handysize,27751,10.3,Vizag,5,True,Rough,28.7,6000,7175.0
VC-002832,SYNV-02832,Supramax,40416,11.5,Haldia,4,False,Severe Storm,143.1,8500,50681.25
VC-002835,SYNV-02835,Supramax,52203,11.9,Kolkata,11,False,Normal,46.7,8500,16539.58
VC-002836,SYNV-02836,Capesize,186265,16.2,Dhamra,2,False,Rough,68.2,18000,51150.0
VC-002838,SYNV-02838,Capesize,108486,17.0,Paradip,11,True,Severe Storm,106.5,18000,79875.0
VC-002847,SYNV-02847,Capesize,216356,17.2,Kolkata,7,True,Rough,104.7,18000,78525.0
VC-002848,SYNV-02848,Handysize,32944,10.7,Dhamra,6,True,Normal,48.7,6000,12175.0
VC-002849,SYNV-02849,Handysize,32273,10.7,Vizag,9,False,Normal,19.2,6000,4800.0
VC-002855,SYNV-02855,Capesize,207423,16.2,Kolkata,3,False,Rough,39.9,18000,29925.0
VC-002856,SYNV-02856,Panamax,82753,14.4,Haldia,10,False,Calm,53.4,12000,26700.0
VC-002858,SYNV-02858,Handysize,32840,10.3,Haldia,3,False,Normal,48.7,6000,12175.0
VC-002859,SYNV-02859,Panamax,71485,14.2,Kamarajar,12,False,Rough,62.5,12000,31250.0
VC-002861,SYNV-02861,Panamax,68931,13.6,Dhamra,3,False,Rough,38.7,12000,19350.0
VC-002863,SYNV-02863,Handysize,32371,10.5,Paradip,12,True,Rough,77.2,6000,19300.0
VC-002865,SYNV-02865,Supramax,40091,11.8,Haldia,9,True,Rough,77.0,8500,27270.83
VC-002866,SYNV-02866,Supramax,56307,11.4,Vizag,6,False,Normal,18.0,8500,6375.0
VC-002867,SYNV-02867,Supramax,40707,11.2,Kamarajar,5,True,Severe Storm,90.4,8500,32016.67
VC-002869,SYNV-02869,Panamax,71787,14.5,Vizag,7,False,Calm,22.0,12000,11000.0
VC-002870,SYNV-02870,Supramax,49965,11.8,Dhamra,12,False,Calm,13.8,8500,4887.5
VC-002872,SYNV-02872,Capesize,211316,17.4,Haldia,12,False,Calm,80.4,18000,60300.0
VC-002876,SYNV-02876,Handysize,36003,10.0,Kamarajar,4,False,Rough,36.2,6000,9050.0
VC-002877,SYNV-02877,Panamax,70216,13.4,Kolkata,8,True,Normal,134.9,12000,67450.0
VC-002878,SYNV-02878,Handysize,21910,10.7,Dhamra,7,True,Rough,30.4,6000,7600.0
VC-002884,SYNV-02884,Capesize,196351,16.3,Chennai,6,False,Calm,14.0,18000,10500.0
VC-002885,SYNV-02885,Panamax,99168,13.4,Haldia,9,True,Normal,97.3,12000,48650.0
VC-002887,SYNV-02887,Panamax,91724,13.2,Kamarajar,2,False,Calm,26.4,12000,13200.0
VC-002888,SYNV-02888,Handysize,23134,10.9,Paradip,8,True,Rough,81.1,6000,20275.0
VC-002889,SYNV-02889,Handysize,21112,10.7,Paradip,12,True,Normal,65.6,6000,16400.0
VC-002890,SYNV-02890,Handysize,28596,10.6,Dhamra,10,False,Normal,21.7,6000,5425.0
VC-002895,SYNV-02895,Supramax,48716,12.0,Haldia,4,False,Calm,31.2,8500,11050.0
VC-002899,SYNV-02899,Panamax,86660,13.2,Kamarajar,4,False,Normal,21.6,12000,10800.0
VC-002900,SYNV-02900,Supramax,55166,12.2,Paradip,8,True,Calm,31.3,8500,11085.42
VC-002901,SYNV-02901,Capesize,103089,17.1,Dhamra,8,True,Normal,28.3,18000,21225.0
VC-002903,SYNV-02903,Capesize,193946,16.2,Kamarajar,4,False,Calm,39.8,18000,29850.0
VC-002905,SYNV-02905,Panamax,68194,14.0,Paradip,3,False,Calm,47.3,12000,23650.0
VC-002907,SYNV-02907,Panamax,80197,14.2,Kolkata,6,True,Normal,62.4,12000,31200.0
VC-002910,SYNV-02910,Capesize,121423,16.6,Vizag,10,True,Normal,33.0,18000,24750.0
VC-002911,SYNV-02911,Supramax,44010,12.2,Dhamra,10,False,Calm,34.9,8500,12360.42
VC-002913,SYNV-02913,Handysize,35254,10.9,Dhamra,8,True,Rough,48.8,6000,12200.0
VC-002914,SYNV-02914,Handysize,27482,10.1,Kamarajar,5,True,Rough,56.9,6000,14225.0
VC-002915,SYNV-02915,Supramax,59883,12.8,Vizag,3,False,Normal,31.1,8500,11014.58
VC-002917,SYNV-02917,Handysize,39944,10.9,Paradip,5,False,Calm,34.6,6000,8650.0
VC-002918,SYNV-02918,Panamax,81943,12.3,Vizag,2,False,Normal,22.6,12000,11300.0
VC-002919,SYNV-02919,Handysize,38630,10.1,Dhamra,5,False,Normal,13.1,6000,3275.0
VC-002922,SYNV-02922,Supramax,56661,13.8,Haldia,8,True,Normal,83.3,8500,29502.08
VC-002923,SYNV-02923,Handysize,19818,10.8,Paradip,3,False,Normal,50.9,6000,12725.0
VC-002924,SYNV-02924,Supramax,62311,13.9,Vizag,9,False,Rough,27.0,8500,9562.5
VC-002926,SYNV-02926,Capesize,204562,17.5,Kamarajar,2,False,Rough,46.4,18000,34800.0
VC-002927,SYNV-02927,Handysize,19570,10.5,Paradip,11,True,Normal,27.3,6000,6825.0
VC-002929,SYNV-02929,Supramax,49641,11.8,Kamarajar,9,False,Calm,37.3,8500,13210.42
VC-002933,SYNV-02933,Capesize,150591,16.9,Dhamra,7,True,Severe Storm,44.3,18000,33225.0
VC-002934,SYNV-02934,Handysize,21126,10.8,Vizag,6,False,Calm,16.1,6000,4025.0
VC-002935,SYNV-02935,Capesize,167181,17.0,Kolkata,1,False,Rough,123.8,18000,92850.0
VC-002936,SYNV-02936,Panamax,81698,13.9,Vizag,10,True,Severe Storm,93.8,12000,46900.0
VC-002938,SYNV-02938,Capesize,157030,18.0,Kamarajar,9,False,Normal,52.6,18000,39450.0
VC-002939,SYNV-02939,Supramax,54070,11.7,Haldia,9,True,Normal,96.2,8500,34070.83
VC-002940,SYNV-02940,Panamax,75632,12.7,Dhamra,1,False,Normal,8.7,12000,4350.0
VC-002941,SYNV-02941,Capesize,154972,16.8,Chennai,12,True,Calm,35.4,18000,26550.0
VC-002942,SYNV-02942,Capesize,218871,16.2,Kamarajar,2,False,Normal,48.6,18000,36450.0
VC-002943,SYNV-02943,Handysize,33088,10.2,Dhamra,7,True,Severe Storm,47.8,6000,11950.0
VC-002944,SYNV-02944,Capesize,188553,17.1,Paradip,8,True,Normal,93.3,18000,69975.0
VC-002946,SYNV-02946,Handysize,15784,10.6,Kamarajar,11,True,Rough,49.6,6000,12400.0
VC-002949,SYNV-02949,Supramax,47506,11.2,Vizag,4,False,Normal,28.7,8500,10164.58
VC-002950,SYNV-02950,Handysize,39361,10.5,Kolkata,11,False,Calm,27.8,6000,6950.0
VC-002953,SYNV-02953,Supramax,60686,12.3,Vizag,10,True,Rough,31.4,8500,11120.83
VC-002954,SYNV-02954,Handysize,35745,10.2,Kamarajar,12,False,Rough,17.3,6000,4325.0
VC-002956,SYNV-02956,Supramax,49236,13.0,Chennai,3,False,Calm,15.9,8500,5631.25
VC-002957,SYNV-02957,Supramax,62401,11.7,Kamarajar,11,True,Normal,34.3,8500,12147.92
VC-002958,SYNV-02958,Panamax,70205,13.3,Chennai,5,False,Calm,20.0,12000,10000.0
VC-002960,SYNV-02960,Panamax,83625,13.9,Paradip,5,False,Normal,44.2,12000,22100.0
VC-002967,SYNV-02967,Supramax,51984,13.4,Kolkata,1,False,Normal,63.9,8500,22631.25
VC-002968,SYNV-02968,Handysize,25026,11.0,Paradip,5,False,Calm,13.5,6000,3375.0
VC-002969,SYNV-02969,Capesize,117908,17.5,Kamarajar,12,False,Normal,53.8,18000,40350.0
VC-002972,SYNV-02972,Supramax,50436,12.5,Paradip,12,True,Normal,20.1,8500,7118.75
VC-002973,SYNV-02973,Handysize,38200,10.9,Paradip,5,False,Normal,18.7,6000,4675.0
VC-002975,SYNV-02975,Handysize,39169,10.2,Kolkata,5,False,Normal,22.0,6000,5500.0
VC-002976,SYNV-02976,Supramax,59192,12.6,Haldia,8,True,Normal,63.8,8500,22595.83
VC-002979,SYNV-02979,Panamax,97850,13.9,Vizag,3,False,Normal,26.9,12000,13450.0
VC-002980,SYNV-02980,Supramax,62532,12.3,Kolkata,12,False,Rough,63.2,8500,22383.33
VC-002981,SYNV-02981,Supramax,41275,13.4,Kolkata,7,True,Rough,83.1,8500,29431.25
VC-002982,SYNV-02982,Capesize,206460,17.2,Kamarajar,11,True,Severe Storm,149.8,18000,112350.0
VC-002984,SYNV-02984,Handysize,32146,10.9,Kolkata,1,False,Calm,47.7,6000,11925.0
VC-002986,SYNV-02986,Supramax,43418,13.4,Chennai,11,True,Severe Storm,101.6,8500,35983.33
VC-002988,SYNV-02988,Capesize,154842,16.1,Chennai,10,True,Calm,49.6,18000,37200.0
VC-002989,SYNV-02989,Supramax,56265,12.6,Kamarajar,12,False,Rough,21.5,8500,7614.58
VC-002990,SYNV-02990,Panamax,94663,14.3,Kamarajar,3,False,Normal,37.6,12000,18800.0
VC-002992,SYNV-02992,Handysize,28582,10.6,Kamarajar,6,False,Rough,27.2,6000,6800.0
VC-002994,SYNV-02994,Supramax,55622,12.5,Kamarajar,2,False,Rough,36.5,8500,12927.08
VC-002995,SYNV-02995,Handysize,17963,10.2,Chennai,12,True,Calm,28.1,6000,7025.0
VC-002997,SYNV-02997,Panamax,71213,13.3,Dhamra,9,True,Severe Storm,58.8,12000,29400.0
VC-002999,SYNV-02999,Supramax,45558,14.0,Kamarajar,6,False,Rough,76.8,8500,27200.0
VC-003001,SYNV-03001,Supramax,58858,12.9,Kamarajar,6,False,Normal,23.6,8500,8358.33
VC-003002,SYNV-03002,Handysize,20739,10.5,Vizag,5,True,Rough,38.8,6000,9700.0
VC-003003,SYNV-03003,Panamax,70504,13.0,Paradip,5,False,Calm,32.0,12000,16000.0
VC-003004,SYNV-03004,Supramax,54905,13.5,Kolkata,2,False,Normal,30.1,8500,10660.42
VC-003005,SYNV-03005,Supramax,45793,11.2,Haldia,9,True,Normal,58.8,8500,20825.0
VC-003006,SYNV-03006,Panamax,89221,12.8,Chennai,5,False,Normal,50.8,12000,25400.0
VC-003008,SYNV-03008,Handysize,19546,10.4,Kamarajar,7,False,Severe Storm,45.3,6000,11325.0
VC-003009,SYNV-03009,Capesize,157733,16.6,Haldia,4,False,Normal,38.2,18000,28650.0
VC-003010,SYNV-03010,Handysize,34764,10.3,Dhamra,12,False,Rough,14.5,6000,3625.0
VC-003011,SYNV-03011,Capesize,186175,16.3,Chennai,11,True,Calm,40.6,18000,30450.0
VC-003017,SYNV-03017,Handysize,24056,10.6,Paradip,8,True,Rough,62.5,6000,15625.0
VC-003019,SYNV-03019,Handysize,35959,10.1,Dhamra,1,False,Rough,25.9,6000,6475.0
VC-003021,SYNV-03021,Handysize,18970,10.8,Kamarajar,1,False,Calm,10.2,6000,2550.0
VC-003022,SYNV-03022,Capesize,180435,16.3,Kamarajar,11,True,Normal,85.5,18000,64125.0
VC-003025,SYNV-03025,Panamax,87410,13.7,Paradip,10,True,Rough,62.6,12000,31300.0
VC-003031,SYNV-03031,Panamax,67692,14.5,Haldia,2,False,Calm,56.7,12000,28350.0
VC-003034,SYNV-03034,Panamax,65939,14.2,Haldia,6,True,Rough,61.9,12000,30950.0
VC-003035,SYNV-03035,Supramax,64442,13.8,Chennai,11,True,Normal,20.9,8500,7402.08
VC-003036,SYNV-03036,Handysize,33299,10.1,Paradip,10,True,Normal,33.9,6000,8475.0
VC-003037,SYNV-03037,Panamax,86312,12.7,Haldia,9,True,Normal,37.4,12000,18700.0
VC-003039,SYNV-03039,Capesize,142034,16.0,Kamarajar,1,False,Rough,36.0,18000,27000.0
VC-003040,SYNV-03040,Supramax,48855,13.0,Kolkata,10,False,Normal,48.7,8500,17247.92
VC-003042,SYNV-03042,Supramax,47638,13.1,Kamarajar,4,False,Rough,24.1,8500,8535.42
VC-003043,SYNV-03043,Panamax,71701,13.5,Paradip,5,False,Normal,37.7,12000,18850.0
VC-003045,SYNV-03045,Supramax,47969,11.0,Dhamra,7,True,Calm,11.5,8500,4072.92
VC-003048,SYNV-03048,Handysize,39111,10.4,Dhamra,9,True,Calm,15.6,6000,3900.0
VC-003049,SYNV-03049,Supramax,63204,13.7,Kamarajar,9,False,Calm,25.9,8500,9172.92
VC-003050,SYNV-03050,Panamax,86056,12.7,Dhamra,4,False,Severe Storm,28.9,12000,14450.0
VC-003056,SYNV-03056,Handysize,32210,10.4,Dhamra,12,False,Normal,22.6,6000,5650.0
VC-003058,SYNV-03058,Supramax,61466,12.8,Haldia,7,True,Normal,56.2,8500,19904.17
VC-003059,SYNV-03059,Handysize,39926,10.2,Paradip,3,False,Calm,16.0,6000,4000.0
VC-003061,SYNV-03061,Capesize,176186,17.7,Dhamra,2,False,Rough,41.0,18000,30750.0
VC-003063,SYNV-03063,Supramax,59533,12.5,Kamarajar,4,False,Calm,38.9,8500,13777.08
VC-003065,SYNV-03065,Handysize,38377,10.6,Chennai,8,False,Normal,6.2,6000,1550.0
VC-003067,SYNV-03067,Handysize,29072,10.2,Paradip,11,True,Normal,33.0,6000,8250.0
VC-003068,SYNV-03068,Capesize,139408,17.4,Kolkata,1,False,Calm,46.6,18000,34950.0
VC-003071,SYNV-03071,Supramax,64671,11.7,Haldia,7,True,Normal,63.6,8500,22525.0
VC-003072,SYNV-03072,Capesize,178516,16.6,Haldia,9,True,Normal,126.5,18000,94875.0
VC-003073,SYNV-03073,Handysize,28643,10.4,Dhamra,12,False,Calm,17.2,6000,4300.0
VC-003074,SYNV-03074,Handysize,39150,10.9,Paradip,8,True,Calm,72.6,6000,18150.0
VC-003075,SYNV-03075,Handysize,22653,10.8,Vizag,4,False,Normal,32.8,6000,8200.0
VC-003079,SYNV-03079,Panamax,79380,13.8,Chennai,4,False,Normal,22.2,12000,11100.0
VC-003080,SYNV-03080,Panamax,86964,12.7,Dhamra,8,True,Severe Storm,41.0,12000,20500.0
VC-003082,SYNV-03082,Handysize,37757,10.3,Kolkata,8,True,Normal,42.2,6000,10550.0
VC-003083,SYNV-03083,Capesize,150459,16.6,Dhamra,3,False,Calm,23.7,18000,17775.0
VC-003085,SYNV-03085,Handysize,19554,10.3,Kamarajar,1,False,Calm,13.1,6000,3275.0
VC-003086,SYNV-03086,Handysize,19210,10.7,Haldia,12,False,Normal,32.5,6000,8125.0
VC-003094,SYNV-03094,Handysize,31696,10.8,Kolkata,2,False,Rough,38.6,6000,9650.0
VC-003096,SYNV-03096,Handysize,28466,10.7,Vizag,7,False,Normal,19.4,6000,4850.0
VC-003098,SYNV-03098,Panamax,98657,12.1,Paradip,4,False,Normal,27.6,12000,13800.0
VC-003104,SYNV-03104,Panamax,82278,13.1,Haldia,11,False,Calm,35.5,12000,17750.0
VC-003106,SYNV-03106,Panamax,93867,14.1,Chennai,12,True,Calm,17.8,12000,8900.0
VC-003108,SYNV-03108,Capesize,210833,16.0,Dhamra,11,False,Calm,13.0,18000,9750.0
VC-003109,SYNV-03109,Handysize,34074,10.0,Dhamra,4,False,Normal,11.6,6000,2900.0
VC-003112,SYNV-03112,Handysize,21498,10.2,Kolkata,6,True,Rough,64.5,6000,16125.0
VC-003113,SYNV-03113,Supramax,50671,12.6,Kamarajar,9,False,Calm,20.7,8500,7331.25
VC-003116,SYNV-03116,Capesize,121348,16.1,Kamarajar,7,False,Calm,33.7,18000,25275.0
VC-003117,SYNV-03117,Handysize,39522,10.9,Haldia,9,True,Rough,62.0,6000,15500.0
VC-003119,SYNV-03119,Supramax,45246,11.2,Chennai,12,True,Normal,34.3,8500,12147.92
VC-003120,SYNV-03120,Supramax,60340,11.0,Haldia,6,True,Severe Storm,79.0,8500,27979.17
VC-003121,SYNV-03121,Panamax,96612,12.2,Kamarajar,10,True,Rough,39.6,12000,19800.0
VC-003123,SYNV-03123,Supramax,44855,12.6,Paradip,11,True,Rough,50.4,8500,17850.0
VC-003124,SYNV-03124,Supramax,61935,13.4,Dhamra,9,True,Severe Storm,55.4,8500,19620.83
VC-003125,SYNV-03125,Panamax,67412,13.3,Vizag,3,False,Calm,20.4,12000,10200.0
VC-003126,SYNV-03126,Supramax,50423,11.4,Paradip,9,True,Normal,50.3,8500,17814.58
VC-003127,SYNV-03127,Capesize,214430,16.2,Kamarajar,11,True,Normal,77.1,18000,57825.0
VC-003128,SYNV-03128,Panamax,92511,13.2,Dhamra,8,True,Rough,25.5,12000,12750.0
VC-003130,SYNV-03130,Handysize,18492,10.7,Chennai,10,True,Normal,28.0,6000,7000.0
VC-003132,SYNV-03132,Handysize,27137,10.5,Vizag,1,False,Normal,40.3,6000,10075.0
VC-003133,SYNV-03133,Supramax,48745,13.1,Chennai,5,False,Normal,24.0,8500,8500.0
VC-003134,SYNV-03134,Panamax,67306,13.5,Chennai,9,False,Rough,12.5,12000,6250.0
VC-003135,SYNV-03135,Supramax,58446,13.7,Vizag,11,True,Severe Storm,47.7,8500,16893.75
VC-003136,SYNV-03136,Handysize,22251,10.9,Kolkata,9,True,Normal,35.4,6000,8850.0
VC-003141,SYNV-03141,Supramax,54996,13.3,Dhamra,11,False,Rough,33.3,8500,11793.75
VC-003143,SYNV-03143,Supramax,49786,13.5,Kolkata,4,False,Normal,62.0,8500,21958.33
VC-003144,SYNV-03144,Panamax,96193,13.0,Dhamra,7,True,Severe Storm,48.5,12000,24250.0
VC-003148,SYNV-03148,Handysize,30165,10.2,Kamarajar,2,False,Calm,15.2,6000,3800.0
VC-003150,SYNV-03150,Supramax,41783,12.0,Chennai,10,True,Rough,40.3,8500,14272.92
VC-003152,SYNV-03152,Supramax,56392,12.9,Paradip,6,True,Calm,20.7,8500,7331.25
VC-003156,SYNV-03156,Supramax,56527,12.5,Chennai,11,True,Severe Storm,51.4,8500,18204.17
VC-003159,SYNV-03159,Panamax,84655,12.8,Kolkata,8,True,Rough,99.9,12000,49950.0
VC-003160,SYNV-03160,Panamax,85178,12.7,Kamarajar,4,False,Normal,19.9,12000,9950.0
VC-003163,SYNV-03163,Capesize,145139,17.4,Vizag,6,False,Normal,32.4,18000,24300.0
VC-003167,SYNV-03167,Supramax,47411,12.3,Haldia,8,True,Severe Storm,168.5,8500,59677.08
VC-003171,SYNV-03171,Supramax,55927,12.5,Kamarajar,2,False,Calm,15.8,8500,5595.83
VC-003172,SYNV-03172,Handysize,31737,10.3,Kolkata,9,True,Normal,62.3,6000,15575.0
VC-003173,SYNV-03173,Handysize,18181,10.8,Chennai,12,True,Normal,25.8,6000,6450.0
VC-003176,SYNV-03176,Capesize,131617,17.6,Chennai,9,False,Normal,27.4,18000,20550.0
VC-003177,SYNV-03177,Capesize,143149,16.3,Chennai,9,False,Normal,38.0,18000,28500.0
VC-003180,SYNV-03180,Supramax,61157,12.5,Vizag,11,True,Rough,50.3,8500,17814.58
VC-003183,SYNV-03183,Panamax,99743,14.0,Kolkata,11,False,Normal,63.8,12000,31900.0
VC-003184,SYNV-03184,Supramax,50067,13.5,Paradip,12,True,Severe Storm,122.1,8500,43243.75
VC-003188,SYNV-03188,Capesize,183626,18.0,Paradip,11,True,Normal,36.2,18000,27150.0
VC-003190,SYNV-03190,Panamax,68651,13.8,Kamarajar,5,True,Rough,39.3,12000,19650.0
VC-003193,SYNV-03193,Handysize,28245,10.7,Chennai,2,False,Calm,11.8,6000,2950.0
VC-003194,SYNV-03194,Supramax,49763,11.6,Paradip,4,False,Calm,19.2,8500,6800.0
VC-003195,SYNV-03195,Capesize,127297,17.0,Kamarajar,7,False,Normal,38.3,18000,28725.0
VC-003199,SYNV-03199,Panamax,75135,12.6,Haldia,6,True,Severe Storm,109.3,12000,54650.0
VC-003200,SYNV-03200,Handysize,18415,10.0,Haldia,6,True,Severe Storm,42.0,6000,10500.0
VC-003201,SYNV-03201,Handysize,21989,10.3,Chennai,1,False,Normal,18.2,6000,4550.0
VC-003202,SYNV-03202,Panamax,96876,14.2,Kolkata,11,False,Rough,135.8,12000,67900.0
VC-003206,SYNV-03206,Capesize,100708,17.8,Vizag,5,True,Calm,24.3,18000,18225.0
VC-003207,SYNV-03207,Panamax,87557,13.8,Vizag,12,False,Normal,20.6,12000,10300.0
VC-003209,SYNV-03209,Supramax,61641,12.9,Chennai,7,False,Normal,25.6,8500,9066.67
VC-003210,SYNV-03210,Panamax,93375,12.6,Dhamra,1,False,Calm,25.9,12000,12950.0
VC-003212,SYNV-03212,Panamax,98691,13.5,Chennai,7,False,Calm,12.8,12000,6400.0
VC-003214,SYNV-03214,Panamax,88915,13.1,Kamarajar,12,False,Normal,26.4,12000,13200.0
VC-003217,SYNV-03217,Supramax,43276,12.4,Vizag,4,False,Normal,26.7,8500,9456.25
VC-003218,SYNV-03218,Supramax,42225,13.6,Paradip,9,True,Normal,49.6,8500,17566.67
VC-003219,SYNV-03219,Panamax,83858,13.4,Paradip,12,True,Severe Storm,52.9,12000,26450.0
VC-003221,SYNV-03221,Handysize,31987,10.5,Paradip,7,True,Normal,18.8,6000,4700.0
VC-003222,SYNV-03222,Capesize,197485,17.8,Chennai,11,True,Severe Storm,120.3,18000,90225.0
VC-003223,SYNV-03223,Panamax,87170,13.0,Haldia,2,False,Severe Storm,206.5,12000,103250.0
VC-003224,SYNV-03224,Supramax,40916,13.6,Vizag,11,True,Rough,38.6,8500,13670.83
VC-003225,SYNV-03225,Handysize,20362,10.0,Dhamra,8,True,Normal,16.3,6000,4075.0
VC-003227,SYNV-03227,Panamax,66904,13.8,Dhamra,12,False,Calm,14.3,12000,7150.0
VC-003228,SYNV-03228,Supramax,63221,13.1,Kamarajar,11,True,Normal,57.2,8500,20258.33
VC-003230,SYNV-03230,Panamax,75517,13.0,Kamarajar,12,False,Rough,30.1,12000,15050.0
VC-003231,SYNV-03231,Handysize,36509,10.7,Haldia,1,False,Normal,125.6,6000,31400.0
VC-003234,SYNV-03234,Handysize,22700,11.0,Kolkata,10,False,Normal,35.9,6000,8975.0
VC-003235,SYNV-03235,Handysize,36969,10.9,Paradip,11,True,Calm,42.7,6000,10675.0
VC-003241,SYNV-03241,Capesize,202660,17.6,Vizag,9,False,Calm,21.1,18000,15825.0
VC-003242,SYNV-03242,Handysize,32855,10.7,Haldia,7,True,Rough,94.0,6000,23500.0
VC-003244,SYNV-03244,Supramax,44231,11.6,Dhamra,1,False,Calm,14.5,8500,5135.42
VC-003246,SYNV-03246,Handysize,29791,11.0,Chennai,6,False,Calm,11.2,6000,2800.0
VC-003248,SYNV-03248,Panamax,87005,12.1,Vizag,2,False,Calm,14.4,12000,7200.0
VC-003249,SYNV-03249,Handysize,21871,10.3,Kolkata,5,False,Normal,34.4,6000,8600.0
VC-003250,SYNV-03250,Supramax,51227,11.1,Dhamra,3,False,Severe Storm,30.7,8500,10872.92
VC-003252,SYNV-03252,Supramax,64597,14.0,Dhamra,6,True,Rough,39.0,8500,13812.5
VC-003254,SYNV-03254,Supramax,48451,12.0,Kamarajar,10,True,Normal,34.2,8500,12112.5
VC-003255,SYNV-03255,Handysize,32760,10.6,Dhamra,5,False,Normal,20.3,6000,5075.0
VC-003256,SYNV-03256,Handysize,16264,10.7,Kolkata,2,False,Rough,106.2,6000,26550.0
VC-003257,SYNV-03257,Panamax,99232,13.2,Kamarajar,10,True,Normal,44.0,12000,22000.0
VC-003258,SYNV-03258,Panamax,95211,12.9,Kolkata,10,False,Normal,44.8,12000,22400.0
VC-003259,SYNV-03259,Handysize,18863,10.0,Kamarajar,6,False,Normal,20.4,6000,5100.0
VC-003261,SYNV-03261,Supramax,56888,13.1,Dhamra,11,False,Calm,22.6,8500,8004.17
VC-003262,SYNV-03262,Supramax,62182,12.4,Haldia,2,False,Normal,36.4,8500,12891.67
VC-003265,SYNV-03265,Panamax,75020,12.4,Kamarajar,8,False,Rough,25.7,12000,12850.0
VC-003266,SYNV-03266,Supramax,41677,12.4,Kolkata,3,False,Normal,41.8,8500,14804.17
VC-003268,SYNV-03268,Panamax,65177,12.2,Haldia,4,False,Normal,31.6,12000,15800.0
VC-003270,SYNV-03270,Supramax,60918,12.1,Chennai,10,True,Calm,11.2,8500,3966.67
VC-003271,SYNV-03271,Handysize,21459,10.8,Chennai,3,False,Rough,44.0,6000,11000.0
VC-003272,SYNV-03272,Supramax,60063,12.0,Kolkata,4,False,Normal,20.2,8500,7154.17
VC-003274,SYNV-03274,Supramax,63928,12.9,Paradip,3,False,Normal,29.1,8500,10306.25
VC-003278,SYNV-03278,Handysize,21347,10.7,Dhamra,8,True,Rough,32.1,6000,8025.0
VC-003281,SYNV-03281,Handysize,19037,10.3,Chennai,8,False,Calm,11.2,6000,2800.0
VC-003284,SYNV-03284,Capesize,109365,17.7,Haldia,8,True,Normal,158.9,18000,119175.0
VC-003285,SYNV-03285,Panamax,73317,13.4,Vizag,3,False,Normal,37.1,12000,18550.0
VC-003287,SYNV-03287,Supramax,64184,12.9,Paradip,6,True,Calm,26.3,8500,9314.58
VC-003290,SYNV-03290,Supramax,61690,12.9,Kolkata,3,False,Rough,59.5,8500,21072.92
VC-003294,SYNV-03294,Supramax,61230,11.6,Vizag,11,True,Normal,49.6,8500,17566.67
VC-003297,SYNV-03297,Supramax,54541,13.4,Kamarajar,7,False,Calm,13.5,8500,4781.25
VC-003298,SYNV-03298,Capesize,176437,16.3,Chennai,9,False,Normal,20.1,18000,15075.0
VC-003301,SYNV-03301,Panamax,94166,13.7,Kolkata,6,True,Rough,118.0,12000,59000.0
VC-003303,SYNV-03303,Panamax,72312,14.4,Kamarajar,12,False,Normal,26.7,12000,13350.0
VC-003305,SYNV-03305,Handysize,38463,10.1,Kolkata,12,False,Rough,71.6,6000,17900.0
VC-003306,SYNV-03306,Handysize,30529,10.6,Kamarajar,8,False,Normal,21.1,6000,5275.0
VC-003309,SYNV-03309,Handysize,23427,10.0,Haldia,9,True,Rough,48.0,6000,12000.0
VC-003311,SYNV-03311,Panamax,98342,12.2,Vizag,12,False,Calm,27.0,12000,13500.0
VC-003318,SYNV-03318,Supramax,61178,13.0,Kamarajar,10,True,Normal,18.9,8500,6693.75
VC-003319,SYNV-03319,Handysize,21123,10.6,Dhamra,12,False,Normal,16.0,6000,4000.0
VC-003320,SYNV-03320,Panamax,67482,13.1,Paradip,8,True,Severe Storm,141.2,12000,70600.0
VC-003322,SYNV-03322,Capesize,202572,16.5,Paradip,8,True,Calm,100.2,18000,75150.0
VC-003328,SYNV-03328,Capesize,217074,17.3,Kolkata,1,False,Severe Storm,149.8,18000,112350.0
VC-003329,SYNV-03329,Handysize,15520,10.5,Dhamra,1,False,Normal,9.6,6000,2400.0
VC-003331,SYNV-03331,Handysize,39679,10.2,Kamarajar,4,False,Normal,24.7,6000,6175.0
VC-003333,SYNV-03333,Capesize,119700,16.8,Haldia,7,True,Normal,88.5,18000,66375.0
VC-003334,SYNV-03334,Supramax,40404,11.5,Kamarajar,9,False,Calm,14.5,8500,5135.42
VC-003338,SYNV-03338,Supramax,41587,12.2,Paradip,5,False,Calm,39.6,8500,14025.0
VC-003339,SYNV-03339,Capesize,182143,17.5,Kamarajar,5,True,Severe Storm,145.2,18000,108900.0
VC-003340,SYNV-03340,Handysize,17519,10.4,Dhamra,7,True,Rough,46.4,6000,11600.0
VC-003341,SYNV-03341,Panamax,72850,12.0,Dhamra,4,False,Calm,26.3,12000,13150.0
VC-003344,SYNV-03344,Capesize,201469,17.5,Chennai,5,False,Rough,57.6,18000,43200.0
VC-003345,SYNV-03345,Supramax,61687,12.1,Vizag,10,True,Calm,30.3,8500,10731.25
VC-003346,SYNV-03346,Supramax,59091,11.1,Paradip,10,True,Normal,46.5,8500,16468.75
VC-003347,SYNV-03347,Panamax,98689,13.6,Kamarajar,5,True,Normal,57.2,12000,28600.0
VC-003351,SYNV-03351,Supramax,57643,12.2,Paradip,7,True,Calm,29.3,8500,10377.08
VC-003354,SYNV-03354,Handysize,37928,10.8,Haldia,9,True,Normal,43.1,6000,10775.0
VC-003356,SYNV-03356,Capesize,199434,17.6,Dhamra,11,False,Rough,25.9,18000,19425.0
VC-003357,SYNV-03357,Handysize,35765,10.6,Chennai,5,False,Normal,9.8,6000,2450.0
VC-003360,SYNV-03360,Handysize,25601,10.5,Paradip,7,True,Severe Storm,103.6,6000,25900.0
VC-003361,SYNV-03361,Handysize,18040,10.8,Chennai,3,False,Normal,33.7,6000,8425.0
VC-003362,SYNV-03362,Panamax,69003,12.7,Haldia,12,False,Rough,79.7,12000,39850.0
VC-003363,SYNV-03363,Handysize,34385,10.1,Dhamra,12,False,Normal,15.3,6000,3825.0
VC-003365,SYNV-03365,Handysize,35916,10.1,Dhamra,3,False,Normal,11.2,6000,2800.0
VC-003368,SYNV-03368,Handysize,38188,11.0,Vizag,4,False,Calm,13.4,6000,3350.0
VC-003372,SYNV-03372,Handysize,36679,10.8,Dhamra,2,False,Normal,18.9,6000,4725.0
VC-003373,SYNV-03373,Handysize,30148,10.8,Kolkata,10,False,Rough,46.5,6000,11625.0
VC-003374,SYNV-03374,Supramax,46291,11.3,Kamarajar,3,False,Normal,23.9,8500,8464.58
VC-003377,SYNV-03377,Panamax,82183,12.9,Dhamra,1,False,Calm,15.9,12000,7950.0
VC-003380,SYNV-03380,Capesize,148575,17.3,Paradip,1,False,Calm,26.8,18000,20100.0
VC-003381,SYNV-03381,Panamax,75264,14.2,Vizag,6,False,Rough,28.8,12000,14400.0
VC-003384,SYNV-03384,Handysize,30562,10.9,Paradip,10,True,Severe Storm,77.4,6000,19350.0
VC-003385,SYNV-03385,Handysize,28424,10.2,Dhamra,12,False,Normal,14.4,6000,3600.0
VC-003386,SYNV-03386,Supramax,62890,12.8,Paradip,3,False,Normal,23.7,8500,8393.75
VC-003387,SYNV-03387,Handysize,17676,10.5,Kolkata,5,False,Rough,62.3,6000,15575.0
VC-003388,SYNV-03388,Capesize,135218,17.9,Vizag,10,True,Rough,56.6,18000,42450.0
VC-003389,SYNV-03389,Handysize,35315,10.6,Kolkata,10,False,Rough,117.7,6000,29425.0
VC-003390,SYNV-03390,Handysize,22444,10.9,Paradip,8,True,Rough,45.2,6000,11300.0
VC-003392,SYNV-03392,Panamax,80721,13.4,Vizag,11,True,Normal,43.3,12000,21650.0
VC-003395,SYNV-03395,Capesize,193200,17.1,Vizag,10,True,Rough,50.5,18000,37875.0
VC-003396,SYNV-03396,Panamax,90258,12.6,Kamarajar,1,False,Severe Storm,61.1,12000,30550.0
VC-003407,SYNV-03407,Handysize,24725,10.3,Paradip,8,True,Normal,46.4,6000,11600.0
VC-003408,SYNV-03408,Supramax,52903,11.1,Haldia,7,True,Calm,90.3,8500,31981.25
VC-003409,SYNV-03409,Panamax,68855,13.2,Kolkata,11,False,Normal,33.3,12000,16650.0
VC-003412,SYNV-03412,Panamax,83884,14.5,Paradip,12,True,Severe Storm,103.6,12000,51800.0
VC-003414,SYNV-03414,Panamax,77551,12.1,Haldia,6,True,Normal,92.9,12000,46450.0
VC-003417,SYNV-03417,Supramax,53615,14.0,Vizag,6,False,Normal,17.8,8500,6304.17
VC-003418,SYNV-03418,Supramax,59528,12.6,Kamarajar,12,False,Normal,29.4,8500,10412.5
VC-003424,SYNV-03424,Capesize,134528,17.4,Haldia,4,False,Calm,52.5,18000,39375.0
VC-003426,SYNV-03426,Panamax,91543,13.3,Chennai,1,False,Calm,26.5,12000,13250.0
VC-003427,SYNV-03427,Capesize,176619,17.0,Haldia,5,False,Normal,56.4,18000,42300.0
VC-003428,SYNV-03428,Handysize,31926,10.3,Kolkata,4,False,Normal,43.3,6000,10825.0
VC-003430,SYNV-03430,Panamax,65555,14.5,Kamarajar,5,True,Calm,40.6,12000,20300.0
VC-003431,SYNV-03431,Capesize,177296,17.2,Haldia,9,True,Normal,59.4,18000,44550.0
VC-003432,SYNV-03432,Supramax,59491,11.2,Paradip,9,True,Normal,56.6,8500,20045.83
VC-003433,SYNV-03433,Panamax,83196,14.3,Dhamra,4,False,Calm,22.1,12000,11050.0
VC-003436,SYNV-03436,Panamax,69013,14.4,Dhamra,11,False,Normal,31.5,12000,15750.0
VC-003439,SYNV-03439,Supramax,56235,12.2,Kolkata,1,False,Normal,57.5,8500,20364.58
VC-003440,SYNV-03440,Panamax,75051,14.1,Vizag,6,False,Rough,37.5,12000,18750.0
VC-003441,SYNV-03441,Panamax,80492,13.9,Haldia,8,True,Normal,129.9,12000,64950.0
VC-003444,SYNV-03444,Panamax,76244,14.2,Chennai,8,False,Normal,12.4,12000,6200.0
VC-003445,SYNV-03445,Handysize,37433,10.3,Haldia,2,False,Rough,108.5,6000,27125.0
VC-003446,SYNV-03446,Panamax,69068,12.2,Chennai,12,True,Severe Storm,44.0,12000,22000.0
VC-003447,SYNV-03447,Panamax,96765,13.9,Vizag,4,False,Rough,24.1,12000,12050.0
VC-003451,SYNV-03451,Panamax,70647,13.3,Kamarajar,5,True,Normal,31.1,12000,15550.0
VC-003453,SYNV-03453,Handysize,19337,10.7,Vizag,12,False,Rough,21.9,6000,5475.0
VC-003457,SYNV-03457,Handysize,27363,10.1,Kamarajar,2,False,Normal,16.5,6000,4125.0
VC-003458,SYNV-03458,Capesize,214514,16.9,Vizag,7,False,Calm,12.9,18000,9675.0
VC-003459,SYNV-03459,Supramax,57125,13.0,Vizag,8,False,Normal,27.3,8500,9668.75
VC-003461,SYNV-03461,Handysize,20028,10.1,Vizag,7,False,Calm,23.5,6000,5875.0
VC-003462,SYNV-03462,Handysize,17786,10.1,Haldia,10,False,Calm,41.5,6000,10375.0
VC-003466,SYNV-03466,Supramax,48075,12.1,Kamarajar,4,False,Normal,36.2,8500,12820.83
VC-003471,SYNV-03471,Panamax,66353,12.5,Vizag,5,True,Normal,23.6,12000,11800.0
VC-003473,SYNV-03473,Supramax,42963,13.4,Paradip,7,True,Severe Storm,92.5,8500,32760.42
VC-003476,SYNV-03476,Supramax,58933,11.3,Kamarajar,7,False,Calm,12.4,8500,4391.67
VC-003477,SYNV-03477,Capesize,107484,16.5,Chennai,11,True,Severe Storm,64.4,18000,48300.0
VC-003480,SYNV-03480,Capesize,149986,17.0,Kolkata,1,False,Normal,130.4,18000,97800.0
VC-003482,SYNV-03482,Capesize,160316,16.7,Vizag,9,False,Normal,55.0,18000,41250.0
VC-003484,SYNV-03484,Supramax,56588,13.7,Dhamra,10,False,Rough,27.4,8500,9704.17
VC-003485,SYNV-03485,Supramax,58320,13.3,Kamarajar,4,False,Rough,56.1,8500,19868.75
VC-003486,SYNV-03486,Handysize,38551,10.6,Kolkata,3,False,Rough,76.7,6000,19175.0
VC-003487,SYNV-03487,Capesize,131365,17.8,Kolkata,12,False,Normal,38.1,18000,28575.0
VC-003488,SYNV-03488,Supramax,47269,13.0,Chennai,11,True,Severe Storm,55.0,8500,19479.17
VC-003489,SYNV-03489,Supramax,50265,13.2,Kolkata,9,True,Rough,92.3,8500,32689.58
VC-003493,SYNV-03493,Handysize,19879,10.5,Vizag,7,False,Calm,12.9,6000,3225.0
VC-003494,SYNV-03494,Handysize,23947,10.9,Kolkata,8,True,Normal,40.3,6000,10075.0
VC-003495,SYNV-03495,Capesize,153921,17.0,Paradip,2,False,Normal,23.7,18000,17775.0
VC-003497,SYNV-03497,Capesize,198342,16.2,Haldia,1,False,Calm,25.3,18000,18975.0
VC-003499,SYNV-03499,Panamax,77128,13.3,Kolkata,11,False,Calm,62.8,12000,31400.0
VC-003501,SYNV-03501,Capesize,154796,17.8,Dhamra,2,False,Normal,20.3,18000,15225.0
VC-003503,SYNV-03503,Supramax,47486,11.3,Haldia,6,True,Rough,65.4,8500,23162.5
VC-003504,SYNV-03504,Supramax,45423,12.4,Chennai,8,False,Normal,15.6,8500,5525.0
VC-003506,SYNV-03506,Panamax,82993,13.1,Paradip,11,True,Calm,32.6,12000,16300.0
VC-003507,SYNV-03507,Supramax,55166,13.3,Kolkata,6,True,Rough,68.2,8500,24154.17
VC-003508,SYNV-03508,Handysize,39239,10.4,Dhamra,12,False,Rough,17.6,6000,4400.0
VC-003510,SYNV-03510,Supramax,64391,13.6,Paradip,1,False,Calm,23.8,8500,8429.17
VC-003512,SYNV-03512,Supramax,42231,11.4,Kolkata,5,False,Normal,48.0,8500,17000.0
VC-003513,SYNV-03513,Panamax,83772,13.1,Dhamra,11,False,Rough,31.6,12000,15800.0
VC-003516,SYNV-03516,Panamax,94863,13.2,Kolkata,4,False,Rough,52.3,12000,26150.0
VC-003521,SYNV-03521,Handysize,34813,10.8,Kamarajar,9,False,Normal,16.3,6000,4075.0
VC-003522,SYNV-03522,Handysize,38970,10.8,Kolkata,4,False,Calm,31.7,6000,7925.0
VC-003523,SYNV-03523,Handysize,23058,10.1,Chennai,4,False,Calm,9.6,6000,2400.0
VC-003524,SYNV-03524,Supramax,53005,12.1,Paradip,5,False,Normal,31.6,8500,11191.67
VC-003528,SYNV-03528,Handysize,23389,10.5,Haldia,12,False,Normal,67.4,6000,16850.0
VC-003529,SYNV-03529,Supramax,50970,13.4,Chennai,3,False,Normal,27.6,8500,9775.0
VC-003531,SYNV-03531,Handysize,22367,10.5,Chennai,11,True,Severe Storm,65.0,6000,16250.0
VC-003532,SYNV-03532,Capesize,113969,17.6,Dhamra,6,True,Normal,28.8,18000,21600.0
VC-003534,SYNV-03534,Panamax,88728,13.0,Haldia,1,False,Calm,30.1,12000,15050.0
VC-003535,SYNV-03535,Handysize,25240,10.5,Haldia,4,False,Severe Storm,43.4,6000,10850.0
VC-003537,SYNV-03537,Capesize,104726,17.7,Paradip,11,True,Rough,134.7,18000,101025.0
VC-003539,SYNV-03539,Supramax,59783,12.8,Kolkata,3,False,Rough,60.0,8500,21250.0
VC-003540,SYNV-03540,Panamax,68281,14.4,Vizag,5,True,Severe Storm,71.1,12000,35550.0
VC-003541,SYNV-03541,Supramax,52449,13.5,Vizag,11,True,Normal,25.0,8500,8854.17
VC-003543,SYNV-03543,Supramax,45507,11.3,Kamarajar,12,False,Normal,33.8,8500,11970.83
VC-003544,SYNV-03544,Handysize,15685,10.9,Vizag,8,False,Normal,13.9,6000,3475.0
VC-003545,SYNV-03545,Handysize,35173,10.7,Dhamra,1,False,Normal,14.7,6000,3675.0
VC-003546,SYNV-03546,Supramax,48056,12.3,Haldia,11,False,Severe Storm,104.1,8500,36868.75
VC-003547,SYNV-03547,Panamax,71232,13.0,Dhamra,7,True,Rough,53.7,12000,26850.0
VC-003548,SYNV-03548,Supramax,62640,13.2,Paradip,2,False,Normal,31.7,8500,11227.08
VC-003550,SYNV-03550,Supramax,59214,11.5,Haldia,3,False,Calm,34.3,8500,12147.92
VC-003554,SYNV-03554,Capesize,169741,17.3,Dhamra,7,True,Rough,35.9,18000,26925.0
VC-003555,SYNV-03555,Capesize,170457,16.4,Haldia,12,False,Rough,120.3,18000,90225.0
VC-003557,SYNV-03557,Handysize,21170,10.4,Vizag,11,True,Severe Storm,28.1,6000,7025.0
VC-003558,SYNV-03558,Handysize,26684,10.0,Dhamra,2,False,Normal,13.5,6000,3375.0
VC-003559,SYNV-03559,Panamax,95290,12.4,Paradip,10,True,Rough,57.4,12000,28700.0
VC-003563,SYNV-03563,Capesize,111897,16.8,Haldia,11,False,Normal,46.3,18000,34725.0
VC-003565,SYNV-03565,Handysize,21371,10.6,Kamarajar,10,True,Rough,52.9,6000,13225.0
VC-003566,SYNV-03566,Handysize,38104,10.2,Dhamra,7,True,Rough,22.6,6000,5650.0
VC-003569,SYNV-03569,Supramax,55762,13.3,Vizag,2,False,Rough,23.1,8500,8181.25
VC-003570,SYNV-03570,Capesize,131449,17.1,Vizag,7,False,Normal,32.6,18000,24450.0
VC-003571,SYNV-03571,Handysize,37147,10.9,Haldia,10,False,Rough,43.4,6000,10850.0
VC-003573,SYNV-03573,Capesize,129935,17.3,Vizag,8,False,Normal,33.7,18000,25275.0
VC-003574,SYNV-03574,Supramax,49421,11.2,Kamarajar,5,True,Calm,16.4,8500,5808.33
VC-003575,SYNV-03575,Handysize,17037,10.2,Paradip,4,False,Calm,35.9,6000,8975.0
VC-003577,SYNV-03577,Handysize,30717,10.2,Kolkata,2,False,Calm,37.3,6000,9325.0
VC-003580,SYNV-03580,Panamax,74073,13.9,Vizag,5,True,Normal,53.6,12000,26800.0
VC-003581,SYNV-03581,Panamax,67999,13.1,Chennai,9,False,Rough,58.1,12000,29050.0
VC-003582,SYNV-03582,Handysize,24155,10.5,Haldia,6,True,Calm,52.9,6000,13225.0
VC-003583,SYNV-03583,Supramax,40708,12.6,Haldia,5,False,Normal,64.7,8500,22914.58
VC-003584,SYNV-03584,Supramax,54294,13.7,Kolkata,8,True,Normal,67.5,8500,23906.25
VC-003585,SYNV-03585,Supramax,50984,13.4,Paradip,11,True,Rough,88.9,8500,31485.42
VC-003586,SYNV-03586,Supramax,41073,11.6,Kamarajar,6,False,Normal,18.3,8500,6481.25
VC-003587,SYNV-03587,Handysize,15520,10.5,Kamarajar,6,False,Normal,14.8,6000,3700.0
VC-003588,SYNV-03588,Handysize,17282,10.9,Chennai,10,True,Severe Storm,52.9,6000,13225.0
VC-003590,SYNV-03590,Panamax,75492,12.4,Kamarajar,10,True,Normal,29.5,12000,14750.0
VC-003591,SYNV-03591,Supramax,59318,11.8,Chennai,11,True,Rough,30.0,8500,10625.0
VC-003592,SYNV-03592,Supramax,61170,11.2,Kamarajar,2,False,Normal,17.3,8500,6127.08
VC-003595,SYNV-03595,Panamax,71135,12.5,Dhamra,8,True,Rough,57.8,12000,28900.0
VC-003597,SYNV-03597,Capesize,196627,16.2,Vizag,4,False,Calm,44.6,18000,33450.0
VC-003600,SYNV-03600,Capesize,158625,17.5,Dhamra,10,False,Calm,29.7,18000,22275.0
VC-003601,SYNV-03601,Supramax,44026,13.3,Kamarajar,8,False,Normal,25.1,8500,8889.58
VC-003608,SYNV-03608,Panamax,65060,14.0,Vizag,6,False,Normal,22.5,12000,11250.0
VC-003611,SYNV-03611,Panamax,76726,14.3,Haldia,6,True,Normal,93.8,12000,46900.0
VC-003612,SYNV-03612,Supramax,48894,12.0,Kamarajar,10,True,Severe Storm,54.3,8500,19231.25
VC-003613,SYNV-03613,Supramax,50349,11.6,Haldia,12,False,Normal,71.8,8500,25429.17
VC-003617,SYNV-03617,Handysize,35858,10.7,Chennai,6,False,Calm,8.8,6000,2200.0
VC-003618,SYNV-03618,Panamax,92323,12.4,Paradip,7,True,Normal,61.4,12000,30700.0
VC-003623,SYNV-03623,Capesize,179873,16.5,Kolkata,1,False,Normal,71.5,18000,53625.0
VC-003625,SYNV-03625,Panamax,91416,12.1,Kamarajar,9,False,Calm,12.2,12000,6100.0
VC-003626,SYNV-03626,Capesize,186712,16.3,Haldia,4,False,Normal,84.1,18000,63075.0
VC-003627,SYNV-03627,Capesize,119715,16.8,Dhamra,10,False,Severe Storm,55.7,18000,41775.0
VC-003628,SYNV-03628,Supramax,45243,13.1,Kolkata,11,False,Calm,16.8,8500,5950.0
VC-003629,SYNV-03629,Supramax,52468,13.4,Kamarajar,10,True,Severe Storm,33.6,8500,11900.0
VC-003630,SYNV-03630,Handysize,37589,10.7,Vizag,10,True,Normal,39.4,6000,9850.0
VC-003635,SYNV-03635,Handysize,26521,10.2,Paradip,11,True,Rough,43.2,6000,10800.0
VC-003638,SYNV-03638,Panamax,97299,13.3,Paradip,4,False,Calm,24.0,12000,12000.0
VC-003639,SYNV-03639,Supramax,57064,12.2,Dhamra,3,False,Normal,20.1,8500,7118.75
VC-003640,SYNV-03640,Handysize,35141,10.0,Haldia,3,False,Calm,30.8,6000,7700.0
VC-003647,SYNV-03647,Handysize,17073,10.0,Chennai,9,False,Calm,20.7,6000,5175.0
VC-003650,SYNV-03650,Capesize,145694,16.7,Haldia,1,False,Normal,58.0,18000,43500.0
VC-003651,SYNV-03651,Supramax,48493,12.0,Kamarajar,6,False,Calm,28.6,8500,10129.17
VC-003653,SYNV-03653,Panamax,72557,12.5,Paradip,6,True,Rough,109.3,12000,54650.0
VC-003655,SYNV-03655,Panamax,71473,12.9,Vizag,12,False,Normal,30.4,12000,15200.0
VC-003658,SYNV-03658,Handysize,15529,10.8,Chennai,4,False,Calm,20.7,6000,5175.0
VC-003660,SYNV-03660,Capesize,114249,17.9,Vizag,3,False,Rough,85.5,18000,64125.0
VC-003662,SYNV-03662,Capesize,205406,16.3,Vizag,6,False,Calm,27.8,18000,20850.0
VC-003663,SYNV-03663,Panamax,90816,13.8,Kolkata,2,False,Normal,39.1,12000,19550.0
VC-003665,SYNV-03665,Supramax,48283,11.3,Dhamra,6,True,Normal,19.5,8500,6906.25
VC-003666,SYNV-03666,Capesize,198528,16.8,Vizag,8,False,Rough,58.0,18000,43500.0
VC-003668,SYNV-03668,Panamax,70830,14.0,Dhamra,12,False,Normal,23.7,12000,11850.0
VC-003670,SYNV-03670,Handysize,26260,10.9,Paradip,9,True,Severe Storm,93.5,6000,23375.0
VC-003671,SYNV-03671,Capesize,203567,16.2,Vizag,7,False,Normal,20.9,18000,15675.0
VC-003672,SYNV-03672,Handysize,30266,10.8,Vizag,1,False,Rough,22.1,6000,5525.0
VC-003673,SYNV-03673,Handysize,19871,10.1,Chennai,6,False,Severe Storm,32.7,6000,8175.0
VC-003674,SYNV-03674,Supramax,53429,13.6,Paradip,10,True,Severe Storm,134.9,8500,47777.08
VC-003675,SYNV-03675,Handysize,35120,10.0,Chennai,11,True,Rough,45.0,6000,11250.0
VC-003677,SYNV-03677,Handysize,17961,10.7,Chennai,1,False,Calm,9.6,6000,2400.0
VC-003678,SYNV-03678,Panamax,74994,12.8,Paradip,2,False,Normal,27.2,12000,13600.0
VC-003679,SYNV-03679,Supramax,63658,12.8,Chennai,12,True,Severe Storm,44.8,8500,15866.67
VC-003681,SYNV-03681,Supramax,58315,11.6,Chennai,12,True,Severe Storm,84.8,8500,30033.33
VC-003682,SYNV-03682,Supramax,45654,13.0,Haldia,4,False,Normal,34.1,8500,12077.08
VC-003683,SYNV-03683,Handysize,15011,10.9,Chennai,1,False,Normal,18.5,6000,4625.0
VC-003684,SYNV-03684,Panamax,93386,14.3,Kolkata,2,False,Calm,46.4,12000,23200.0
VC-003688,SYNV-03688,Handysize,22194,10.3,Dhamra,1,False,Calm,17.7,6000,4425.0
VC-003689,SYNV-03689,Capesize,190898,16.8,Kamarajar,1,False,Rough,32.4,18000,24300.0
VC-003690,SYNV-03690,Supramax,56578,11.4,Chennai,7,False,Normal,15.7,8500,5560.42
VC-003692,SYNV-03692,Supramax,63378,13.1,Kolkata,2,False,Normal,76.3,8500,27022.92
VC-003693,SYNV-03693,Panamax,88000,14.2,Vizag,8,False,Normal,28.9,12000,14450.0
VC-003695,SYNV-03695,Capesize,188255,16.5,Chennai,8,False,Normal,32.2,18000,24150.0
VC-003699,SYNV-03699,Capesize,113201,17.4,Dhamra,1,False,Calm,38.0,18000,28500.0
VC-003700,SYNV-03700,Supramax,60667,13.6,Chennai,4,False,Calm,13.8,8500,4887.5
VC-003703,SYNV-03703,Panamax,81223,12.6,Haldia,8,True,Severe Storm,190.5,12000,95250.0
VC-003705,SYNV-03705,Capesize,203965,17.8,Haldia,8,True,Rough,104.2,18000,78150.0
VC-003706,SYNV-03706,Supramax,53819,12.6,Vizag,9,False,Normal,19.6,8500,6941.67
VC-003707,SYNV-03707,Supramax,45618,12.3,Haldia,5,False,Calm,44.1,8500,15618.75
VC-003712,SYNV-03712,Handysize,29939,10.9,Chennai,6,False,Calm,14.2,6000,3550.0
VC-003713,SYNV-03713,Handysize,21923,10.6,Paradip,6,True,Normal,28.0,6000,7000.0
VC-003719,SYNV-03719,Supramax,50819,13.5,Paradip,4,False,Rough,18.1,8500,6410.42
VC-003723,SYNV-03723,Panamax,80087,12.7,Kolkata,11,False,Normal,46.3,12000,23150.0
VC-003724,SYNV-03724,Supramax,41067,13.6,Chennai,1,False,Normal,15.0,8500,5312.5
VC-003727,SYNV-03727,Handysize,15370,11.0,Paradip,2,False,Normal,29.7,6000,7425.0
VC-003735,SYNV-03735,Panamax,82092,14.0,Chennai,5,False,Normal,24.4,12000,12200.0
VC-003737,SYNV-03737,Supramax,46602,12.1,Vizag,8,False,Calm,11.1,8500,3931.25
VC-003738,SYNV-03738,Handysize,34115,10.6,Paradip,8,True,Rough,33.7,6000,8425.0
VC-003740,SYNV-03740,Supramax,57342,11.8,Chennai,10,True,Rough,17.3,8500,6127.08
VC-003743,SYNV-03743,Panamax,66125,12.8,Paradip,7,True,Rough,33.6,12000,16800.0
VC-003746,SYNV-03746,Supramax,43430,12.1,Chennai,6,False,Rough,49.2,8500,17425.0
VC-003747,SYNV-03747,Panamax,65145,14.1,Kolkata,6,True,Calm,41.7,12000,20850.0
VC-003749,SYNV-03749,Supramax,42017,12.5,Vizag,5,True,Calm,24.2,8500,8570.83
VC-003758,SYNV-03758,Capesize,160371,18.0,Chennai,6,False,Rough,34.9,18000,26175.0
VC-003759,SYNV-03759,Handysize,35154,10.3,Chennai,3,False,Normal,19.8,6000,4950.0
VC-003764,SYNV-03764,Panamax,88649,13.1,Chennai,7,False,Normal,24.3,12000,12150.0
VC-003766,SYNV-03766,Panamax,88200,12.1,Paradip,9,True,Rough,58.8,12000,29400.0
VC-003767,SYNV-03767,Capesize,137863,16.8,Kolkata,3,False,Calm,45.4,18000,34050.0
VC-003769,SYNV-03769,Capesize,109504,16.8,Dhamra,8,True,Rough,30.0,18000,22500.0
VC-003771,SYNV-03771,Supramax,63977,12.6,Chennai,3,False,Calm,12.1,8500,4285.42
VC-003773,SYNV-03773,Supramax,46600,11.0,Kamarajar,12,False,Calm,17.8,8500,6304.17
VC-003775,SYNV-03775,Supramax,49304,11.6,Haldia,6,True,Severe Storm,99.7,8500,35310.42
VC-003778,SYNV-03778,Panamax,93590,14.4,Haldia,5,False,Normal,45.6,12000,22800.0
VC-003780,SYNV-03780,Panamax,70875,13.7,Paradip,9,True,Normal,50.8,12000,25400.0
VC-003781,SYNV-03781,Handysize,23544,10.6,Chennai,12,True,Normal,24.3,6000,6075.0
VC-003782,SYNV-03782,Panamax,83143,14.2,Dhamra,9,True,Normal,40.6,12000,20300.0
VC-003784,SYNV-03784,Panamax,77266,14.3,Paradip,3,False,Calm,17.4,12000,8700.0
VC-003785,SYNV-03785,Capesize,135180,17.0,Kamarajar,12,False,Rough,38.2,18000,28650.0
VC-003789,SYNV-03789,Panamax,66768,13.2,Dhamra,10,False,Severe Storm,45.5,12000,22750.0
VC-003791,SYNV-03791,Panamax,88565,13.7,Chennai,9,False,Normal,20.5,12000,10250.0
VC-003792,SYNV-03792,Supramax,48767,12.4,Kamarajar,11,True,Normal,21.6,8500,7650.0
VC-003794,SYNV-03794,Capesize,202806,16.1,Dhamra,12,False,Normal,18.7,18000,14025.0
VC-003795,SYNV-03795,Panamax,88743,13.9,Kolkata,9,True,Severe Storm,105.8,12000,52900.0
VC-003796,SYNV-03796,Panamax,76827,14.0,Dhamra,11,False,Calm,16.1,12000,8050.0
VC-003797,SYNV-03797,Supramax,51515,13.9,Kamarajar,12,False,Normal,15.9,8500,5631.25
VC-003798,SYNV-03798,Supramax,44992,11.2,Dhamra,1,False,Rough,16.4,8500,5808.33
VC-003799,SYNV-03799,Handysize,27640,10.6,Kamarajar,7,False,Normal,15.5,6000,3875.0
VC-003800,SYNV-03800,Handysize,17892,10.5,Chennai,4,False,Calm,25.5,6000,6375.0
VC-003803,SYNV-03803,Handysize,37642,10.2,Kolkata,9,True,Calm,42.0,6000,10500.0
VC-003808,SYNV-03808,Supramax,50216,12.7,Haldia,9,True,Rough,55.3,8500,19585.42
VC-003811,SYNV-03811,Handysize,23907,10.5,Haldia,5,False,Normal,32.0,6000,8000.0
VC-003813,SYNV-03813,Panamax,72616,13.0,Chennai,12,True,Calm,33.4,12000,16700.0
VC-003814,SYNV-03814,Panamax,92288,13.6,Kolkata,11,False,Rough,68.4,12000,34200.0
VC-003815,SYNV-03815,Handysize,24895,10.3,Paradip,1,False,Normal,26.6,6000,6650.0
VC-003820,SYNV-03820,Panamax,87665,12.7,Kamarajar,2,False,Rough,62.7,12000,31350.0
VC-003821,SYNV-03821,Panamax,80777,12.7,Chennai,9,False,Calm,15.1,12000,7550.0
VC-003823,SYNV-03823,Handysize,39108,10.6,Dhamra,7,True,Calm,13.3,6000,3325.0
VC-003825,SYNV-03825,Supramax,60137,12.1,Kolkata,3,False,Normal,96.1,8500,34035.42
VC-003826,SYNV-03826,Capesize,148837,17.2,Kamarajar,10,True,Rough,50.7,18000,38025.0
VC-003828,SYNV-03828,Panamax,82351,12.7,Dhamra,3,False,Calm,18.0,12000,9000.0
VC-003830,SYNV-03830,Capesize,159442,16.4,Chennai,11,True,Rough,75.9,18000,56925.0
VC-003833,SYNV-03833,Capesize,200835,16.6,Kamarajar,2,False,Normal,23.4,18000,17550.0
VC-003836,SYNV-03836,Supramax,43510,13.8,Paradip,9,True,Severe Storm,35.7,8500,12643.75
VC-003840,SYNV-03840,Handysize,18157,10.7,Paradip,2,False,Normal,33.8,6000,8450.0
VC-003843,SYNV-03843,Handysize,26935,10.3,Kolkata,11,False,Calm,27.0,6000,6750.0
VC-003844,SYNV-03844,Supramax,55851,11.9,Kamarajar,5,True,Normal,20.3,8500,7189.58
VC-003845,SYNV-03845,Handysize,33673,10.3,Haldia,9,True,Rough,76.2,6000,19050.0
VC-003847,SYNV-03847,Panamax,73026,12.8,Chennai,11,True,Severe Storm,51.1,12000,25550.0
VC-003848,SYNV-03848,Handysize,34519,10.6,Kamarajar,4,False,Severe Storm,37.2,6000,9300.0
VC-003850,SYNV-03850,Panamax,73246,13.1,Vizag,3,False,Normal,24.7,12000,12350.0
VC-003853,SYNV-03853,Supramax,62239,14.0,Haldia,10,False,Normal,19.1,8500,6764.58
VC-003856,SYNV-03856,Panamax,66086,14.1,Kolkata,5,False,Normal,53.2,12000,26600.0
VC-003857,SYNV-03857,Capesize,146783,17.5,Kamarajar,8,False,Normal,36.3,18000,27225.0
VC-003860,SYNV-03860,Capesize,144171,17.6,Kolkata,11,False,Normal,68.3,18000,51225.0
VC-003863,SYNV-03863,Capesize,189351,17.7,Paradip,3,False,Calm,28.3,18000,21225.0
VC-003865,SYNV-03865,Handysize,16813,10.4,Paradip,2,False,Normal,29.9,6000,7475.0
VC-003866,SYNV-03866,Handysize,33984,10.4,Haldia,5,False,Calm,53.7,6000,13425.0
VC-003867,SYNV-03867,Supramax,63986,11.8,Kolkata,12,False,Calm,29.5,8500,10447.92
VC-003869,SYNV-03869,Handysize,29538,10.9,Chennai,9,False,Normal,13.1,6000,3275.0
VC-003870,SYNV-03870,Handysize,22689,10.5,Haldia,7,True,Normal,69.5,6000,17375.0
VC-003871,SYNV-03871,Supramax,49765,14.0,Dhamra,8,True,Normal,22.2,8500,7862.5
VC-003873,SYNV-03873,Panamax,67013,13.9,Chennai,5,False,Rough,47.0,12000,23500.0
VC-003875,SYNV-03875,Handysize,20951,10.7,Haldia,12,False,Calm,48.5,6000,12125.0
VC-003876,SYNV-03876,Panamax,66317,13.6,Dhamra,1,False,Normal,21.6,12000,10800.0
VC-003877,SYNV-03877,Handysize,38924,10.8,Paradip,5,False,Rough,58.7,6000,14675.0
VC-003879,SYNV-03879,Supramax,50955,12.6,Chennai,6,False,Normal,10.8,8500,3825.0
VC-003886,SYNV-03886,Panamax,70956,12.1,Paradip,5,False,Normal,23.3,12000,11650.0
VC-003887,SYNV-03887,Handysize,15212,10.7,Kolkata,9,True,Rough,45.1,6000,11275.0
VC-003888,SYNV-03888,Handysize,15578,10.4,Paradip,3,False,Calm,24.6,6000,6150.0
VC-003890,SYNV-03890,Supramax,54388,12.0,Chennai,5,False,Calm,10.2,8500,3612.5
VC-003891,SYNV-03891,Handysize,23986,10.3,Paradip,4,False,Normal,57.6,6000,14400.0
VC-003893,SYNV-03893,Supramax,57908,11.5,Dhamra,4,False,Rough,16.0,8500,5666.67
VC-003895,SYNV-03895,Panamax,85511,12.6,Chennai,11,True,Normal,25.5,12000,12750.0
VC-003896,SYNV-03896,Handysize,20102,10.1,Vizag,12,False,Calm,17.0,6000,4250.0
VC-003897,SYNV-03897,Handysize,37053,11.0,Chennai,11,True,Normal,31.5,6000,7875.0
VC-003902,SYNV-03902,Capesize,185265,16.9,Paradip,11,True,Calm,35.2,18000,26400.0
VC-003904,SYNV-03904,Handysize,27980,11.0,Chennai,7,False,Normal,10.6,6000,2650.0
VC-003905,SYNV-03905,Supramax,57216,13.7,Haldia,8,True,Normal,71.4,8500,25287.5
VC-003907,SYNV-03907,Handysize,34699,10.8,Haldia,12,False,Rough,79.4,6000,19850.0
VC-003908,SYNV-03908,Panamax,86157,12.8,Dhamra,2,False,Calm,17.1,12000,8550.0
VC-003910,SYNV-03910,Supramax,47320,13.5,Paradip,1,False,Normal,22.2,8500,7862.5
VC-003912,SYNV-03912,Panamax,91741,13.7,Kamarajar,12,False,Calm,12.2,12000,6100.0
VC-003913,SYNV-03913,Handysize,22519,10.5,Chennai,6,False,Calm,14.2,6000,3550.0
VC-003914,SYNV-03914,Supramax,40050,12.7,Haldia,5,False,Calm,29.0,8500,10270.83
VC-003916,SYNV-03916,Handysize,28300,10.4,Kolkata,10,False,Rough,64.0,6000,16000.0
VC-003917,SYNV-03917,Panamax,84648,12.7,Paradip,12,True,Rough,61.8,12000,30900.0
VC-003918,SYNV-03918,Handysize,31757,10.8,Dhamra,5,False,Rough,36.3,6000,9075.0
VC-003919,SYNV-03919,Panamax,95185,13.9,Dhamra,11,False,Calm,17.3,12000,8650.0
VC-003922,SYNV-03922,Panamax,99770,12.5,Dhamra,5,False,Calm,18.1,12000,9050.0
VC-003926,SYNV-03926,Supramax,51843,12.8,Paradip,9,True,Severe Storm,156.9,8500,55568.75
VC-003929,SYNV-03929,Panamax,89241,12.4,Paradip,7,True,Normal,72.3,12000,36150.0
VC-003933,SYNV-03933,Supramax,47962,11.8,Chennai,8,False,Normal,16.2,8500,5737.5
VC-003934,SYNV-03934,Panamax,72320,12.4,Vizag,2,False,Rough,26.0,12000,13000.0
VC-003935,SYNV-03935,Supramax,55436,13.8,Kolkata,10,False,Calm,50.1,8500,17743.75
VC-003936,SYNV-03936,Capesize,133784,17.0,Haldia,3,False,Normal,55.7,18000,41775.0
VC-003937,SYNV-03937,Supramax,63953,11.6,Dhamra,4,False,Normal,16.0,8500,5666.67
VC-003942,SYNV-03942,Supramax,56580,13.6,Kamarajar,11,True,Rough,39.7,8500,14060.42
VC-003946,SYNV-03946,Panamax,71875,12.9,Dhamra,2,False,Normal,23.0,12000,11500.0
VC-003947,SYNV-03947,Capesize,171635,17.3,Kolkata,3,False,Normal,114.2,18000,85650.0
VC-003948,SYNV-03948,Handysize,35404,10.0,Chennai,2,False,Normal,17.1,6000,4275.0
VC-003949,SYNV-03949,Panamax,84156,13.4,Dhamra,5,False,Calm,20.5,12000,10250.0
VC-003950,SYNV-03950,Handysize,29882,10.5,Chennai,9,False,Normal,20.6,6000,5150.0
VC-003952,SYNV-03952,Supramax,52880,11.1,Chennai,1,False,Normal,18.2,8500,6445.83
VC-003954,SYNV-03954,Supramax,55788,12.3,Kamarajar,11,True,Normal,40.3,8500,14272.92
VC-003955,SYNV-03955,Supramax,46043,11.1,Vizag,3,False,Normal,12.6,8500,4462.5
VC-003956,SYNV-03956,Panamax,85983,12.0,Chennai,6,False,Rough,25.0,12000,12500.0
VC-003959,SYNV-03959,Supramax,51760,12.4,Kolkata,1,False,Normal,25.9,8500,9172.92
VC-003960,SYNV-03960,Supramax,61418,12.9,Kamarajar,1,False,Severe Storm,31.5,8500,11156.25
VC-003962,SYNV-03962,Handysize,25710,10.9,Dhamra,12,False,Rough,23.9,6000,5975.0
VC-003965,SYNV-03965,Handysize,26715,10.4,Paradip,7,True,Rough,46.2,6000,11550.0
VC-003966,SYNV-03966,Capesize,135289,16.2,Vizag,12,False,Calm,20.3,18000,15225.0
VC-003967,SYNV-03967,Capesize,210981,16.5,Vizag,3,False,Rough,53.1,18000,39825.0
VC-003969,SYNV-03969,Capesize,133141,16.9,Kamarajar,3,False,Calm,56.3,18000,42225.0
VC-003971,SYNV-03971,Capesize,200982,16.9,Kamarajar,10,True,Severe Storm,83.4,18000,62550.0
VC-003972,SYNV-03972,Panamax,78989,13.2,Chennai,8,False,Normal,20.0,12000,10000.0
VC-003974,SYNV-03974,Handysize,20140,10.7,Paradip,7,True,Calm,48.5,6000,12125.0
VC-003978,SYNV-03978,Handysize,38352,10.3,Dhamra,8,True,Rough,40.1,6000,10025.0
VC-003979,SYNV-03979,Handysize,37106,10.1,Paradip,11,True,Normal,25.6,6000,6400.0
VC-003982,SYNV-03982,Supramax,63209,11.4,Kamarajar,10,True,Normal,38.3,8500,13564.58
VC-003984,SYNV-03984,Supramax,43417,13.5,Kamarajar,4,False,Calm,19.6,8500,6941.67
VC-003985,SYNV-03985,Supramax,64256,11.6,Haldia,12,False,Normal,67.1,8500,23764.58
VC-003990,SYNV-03990,Supramax,57105,11.6,Kamarajar,5,True,Severe Storm,46.7,8500,16539.58
VC-003992,SYNV-03992,Handysize,39557,10.2,Vizag,6,False,Calm,12.7,6000,3175.0
VC-003994,SYNV-03994,Panamax,84566,12.5,Haldia,9,True,Calm,114.2,12000,57100.0
VC-003999,SYNV-03999,Capesize,206653,16.8,Dhamra,4,False,Rough,41.2,18000,30900.0
VC-004000,SYNV-04000,Supramax,53645,12.2,Kamarajar,4,False,Rough,29.7,8500,10518.75
VC-004001,SYNV-04001,Supramax,56781,11.2,Chennai,3,False,Normal,18.2,8500,6445.83
VC-004004,SYNV-04004,Handysize,20153,10.2,Dhamra,10,False,Calm,16.9,6000,4225.0
VC-004006,SYNV-04006,Panamax,73975,14.2,Dhamra,1,False,Rough,51.3,12000,25650.0
VC-004008,SYNV-04008,Panamax,76975,12.1,Kolkata,3,False,Severe Storm,57.1,12000,28550.0
VC-004013,SYNV-04013,Panamax,99465,13.4,Kolkata,12,False,Calm,86.0,12000,43000.0
VC-004014,SYNV-04014,Handysize,38691,10.7,Haldia,1,False,Rough,59.3,6000,14825.0
VC-004015,SYNV-04015,Handysize,23584,10.9,Kolkata,10,False,Normal,43.8,6000,10950.0
VC-004016,SYNV-04016,Capesize,101069,16.3,Kamarajar,11,True,Severe Storm,112.7,18000,84525.0
VC-004019,SYNV-04019,Handysize,24469,10.6,Kamarajar,7,False,Calm,19.2,6000,4800.0
VC-004021,SYNV-04021,Supramax,42176,13.1,Dhamra,4,False,Calm,19.6,8500,6941.67
VC-004023,SYNV-04023,Handysize,36182,10.1,Dhamra,9,True,Normal,34.9,6000,8725.0
VC-004027,SYNV-04027,Supramax,64380,12.1,Haldia,8,True,Normal,86.5,8500,30635.42
VC-004029,SYNV-04029,Panamax,98431,13.7,Dhamra,7,True,Severe Storm,82.7,12000,41350.0
VC-004030,SYNV-04030,Supramax,59678,11.6,Kolkata,3,False,Calm,29.2,8500,10341.67
VC-004031,SYNV-04031,Panamax,96156,12.3,Haldia,4,False,Normal,37.0,12000,18500.0
VC-004032,SYNV-04032,Supramax,54478,12.7,Kamarajar,3,False,Normal,32.1,8500,11368.75
VC-004033,SYNV-04033,Panamax,88346,12.2,Haldia,3,False,Normal,55.0,12000,27500.0
VC-004034,SYNV-04034,Handysize,21078,10.9,Dhamra,2,False,Rough,15.5,6000,3875.0
VC-004037,SYNV-04037,Handysize,22863,10.7,Dhamra,9,True,Normal,46.7,6000,11675.0
VC-004045,SYNV-04045,Supramax,43134,13.5,Kolkata,3,False,Calm,37.8,8500,13387.5
VC-004046,SYNV-04046,Handysize,25258,10.5,Vizag,9,False,Calm,13.9,6000,3475.0
VC-004048,SYNV-04048,Handysize,17659,10.0,Kolkata,2,False,Severe Storm,103.0,6000,25750.0
VC-004049,SYNV-04049,Handysize,15192,10.8,Kolkata,7,True,Rough,52.8,6000,13200.0
VC-004051,SYNV-04051,Panamax,95693,13.6,Kolkata,2,False,Normal,50.8,12000,25400.0
VC-004056,SYNV-04056,Panamax,67596,13.0,Kolkata,2,False,Calm,47.6,12000,23800.0
VC-004057,SYNV-04057,Panamax,82052,14.1,Dhamra,7,True,Severe Storm,62.7,12000,31350.0
VC-004059,SYNV-04059,Panamax,87527,14.1,Paradip,11,True,Rough,72.4,12000,36200.0
VC-004060,SYNV-04060,Supramax,40846,11.3,Dhamra,1,False,Normal,13.6,8500,4816.67
VC-004064,SYNV-04064,Panamax,84640,14.4,Paradip,4,False,Calm,24.2,12000,12100.0
VC-004066,SYNV-04066,Supramax,46050,13.0,Kamarajar,3,False,Normal,16.7,8500,5914.58
VC-004067,SYNV-04067,Supramax,62800,13.3,Paradip,12,True,Normal,33.6,8500,11900.0
VC-004068,SYNV-04068,Panamax,89591,14.2,Vizag,6,False,Rough,45.7,12000,22850.0
VC-004069,SYNV-04069,Capesize,179391,17.5,Kamarajar,4,False,Rough,33.5,18000,25125.0
VC-004073,SYNV-04073,Handysize,27314,10.4,Vizag,9,False,Normal,28.0,6000,7000.0
VC-004074,SYNV-04074,Handysize,22208,10.8,Dhamra,9,True,Severe Storm,45.2,6000,11300.0
VC-004078,SYNV-04078,Panamax,65334,14.4,Haldia,10,False,Normal,80.4,12000,40200.0
VC-004083,SYNV-04083,Supramax,42490,12.7,Chennai,5,False,Normal,28.6,8500,10129.17
VC-004085,SYNV-04085,Handysize,22126,11.0,Paradip,10,True,Rough,27.8,6000,6950.0
VC-004089,SYNV-04089,Supramax,51159,13.6,Kamarajar,1,False,Normal,30.1,8500,10660.42
VC-004090,SYNV-04090,Handysize,31061,10.3,Haldia,11,False,Severe Storm,57.3,6000,14325.0
VC-004092,SYNV-04092,Capesize,176618,17.8,Kamarajar,6,False,Rough,56.7,18000,42525.0
VC-004095,SYNV-04095,Panamax,98287,12.6,Haldia,11,False,Calm,36.5,12000,18250.0
VC-004096,SYNV-04096,Handysize,38455,10.6,Dhamra,9,True,Severe Storm,61.1,6000,15275.0
VC-004100,SYNV-04100,Handysize,35764,10.9,Haldia,5,False,Calm,42.0,6000,10500.0
VC-004101,SYNV-04101,Supramax,42191,13.5,Haldia,6,True,Severe Storm,160.7,8500,56914.58
VC-004103,SYNV-04103,Panamax,70567,12.6,Kolkata,4,False,Normal,45.1,12000,22550.0
VC-004105,SYNV-04105,Handysize,29182,10.3,Haldia,10,False,Normal,23.0,6000,5750.0
VC-004107,SYNV-04107,Handysize,34242,10.0,Dhamra,7,True,Rough,28.6,6000,7150.0
VC-004111,SYNV-04111,Supramax,41482,13.8,Chennai,12,True,Normal,23.2,8500,8216.67
VC-004113,SYNV-04113,Supramax,46077,12.5,Dhamra,4,False,Normal,6.9,8500,2443.75
VC-004114,SYNV-04114,Supramax,43598,12.1,Kamarajar,10,True,Rough,50.1,8500,17743.75
VC-004116,SYNV-04116,Handysize,17133,10.3,Kolkata,8,True,Normal,72.0,6000,18000.0
VC-004118,SYNV-04118,Capesize,127625,17.9,Kolkata,2,False,Calm,60.5,18000,45375.0
VC-004121,SYNV-04121,Handysize,38264,10.3,Vizag,4,False,Calm,22.2,6000,5550.0
VC-004122,SYNV-04122,Handysize,31710,10.0,Dhamra,3,False,Rough,27.7,6000,6925.0
VC-004124,SYNV-04124,Panamax,67424,14.3,Kolkata,6,True,Normal,111.0,12000,55500.0
VC-004126,SYNV-04126,Supramax,45803,12.9,Haldia,5,False,Calm,57.0,8500,20187.5
VC-004130,SYNV-04130,Panamax,94131,14.2,Vizag,12,False,Calm,18.8,12000,9400.0
VC-004131,SYNV-04131,Handysize,16084,10.2,Chennai,10,True,Rough,26.2,6000,6550.0
VC-004132,SYNV-04132,Supramax,55544,11.1,Vizag,11,True,Severe Storm,69.4,8500,24579.17
VC-004133,SYNV-04133,Handysize,17049,10.1,Dhamra,9,True,Severe Storm,34.3,6000,8575.0
VC-004135,SYNV-04135,Supramax,55039,11.9,Haldia,5,False,Normal,42.3,8500,14981.25
VC-004138,SYNV-04138,Capesize,154843,16.1,Dhamra,2,False,Rough,42.9,18000,32175.0
VC-004140,SYNV-04140,Handysize,15102,10.4,Vizag,7,False,Calm,11.4,6000,2850.0
VC-004145,SYNV-04145,Capesize,145938,16.8,Vizag,4,False,Rough,82.6,18000,61950.0
VC-004148,SYNV-04148,Capesize,187871,16.8,Chennai,1,False,Calm,17.3,18000,12975.0
VC-004153,SYNV-04153,Capesize,157179,17.6,Paradip,10,True,Normal,76.2,18000,57150.0
VC-004157,SYNV-04157,Handysize,39539,10.1,Kolkata,5,False,Normal,31.4,6000,7850.0
VC-004158,SYNV-04158,Supramax,64259,12.5,Haldia,8,True,Calm,57.5,8500,20364.58
VC-004160,SYNV-04160,Handysize,19191,10.7,Paradip,12,True,Rough,61.3,6000,15325.0
VC-004163,SYNV-04163,Supramax,40409,12.8,Kamarajar,7,False,Rough,39.6,8500,14025.0
VC-004165,SYNV-04165,Supramax,44893,13.2,Kamarajar,1,False,Rough,81.6,8500,28900.0
VC-004166,SYNV-04166,Supramax,60687,12.5,Dhamra,6,True,Rough,22.6,8500,8004.17
VC-004171,SYNV-04171,Supramax,58321,11.7,Kolkata,6,True,Severe Storm,80.5,8500,28510.42
VC-004175,SYNV-04175,Supramax,47213,13.1,Haldia,2,False,Calm,22.0,8500,7791.67
VC-004179,SYNV-04179,Supramax,40572,12.0,Kamarajar,8,False,Normal,32.7,8500,11581.25
VC-004180,SYNV-04180,Handysize,22346,10.8,Haldia,3,False,Rough,72.6,6000,18150.0
VC-004182,SYNV-04182,Panamax,83916,12.8,Chennai,10,True,Severe Storm,70.0,12000,35000.0
VC-004185,SYNV-04185,Supramax,47975,11.4,Chennai,12,True,Calm,19.6,8500,6941.67
VC-004186,SYNV-04186,Handysize,19050,10.5,Vizag,8,False,Normal,15.6,6000,3900.0
VC-004187,SYNV-04187,Capesize,218059,16.7,Vizag,3,False,Normal,65.6,18000,49200.0
VC-004190,SYNV-04190,Handysize,23681,10.2,Haldia,8,True,Severe Storm,113.4,6000,28350.0
VC-004193,SYNV-04193,Handysize,17805,10.7,Paradip,5,False,Rough,43.9,6000,10975.0
VC-004200,SYNV-04200,Panamax,66365,12.3,Haldia,7,True,Rough,75.1,12000,37550.0
VC-004203,SYNV-04203,Panamax,96572,13.7,Haldia,1,False,Calm,100.8,12000,50400.0
VC-004205,SYNV-04205,Capesize,152571,17.7,Kamarajar,7,False,Rough,71.0,18000,53250.0
VC-004211,SYNV-04211,Supramax,64241,13.4,Kamarajar,10,True,Calm,24.2,8500,8570.83
VC-004212,SYNV-04212,Handysize,27136,10.3,Dhamra,3,False,Severe Storm,31.9,6000,7975.0
VC-004213,SYNV-04213,Capesize,161666,16.1,Vizag,3,False,Calm,20.3,18000,15225.0
VC-004216,SYNV-04216,Supramax,53940,12.2,Kamarajar,8,False,Rough,47.0,8500,16645.83
VC-004217,SYNV-04217,Panamax,78493,14.0,Kolkata,9,True,Severe Storm,145.8,12000,72900.0
VC-004218,SYNV-04218,Supramax,62844,13.6,Kamarajar,12,False,Rough,21.6,8500,7650.0
VC-004222,SYNV-04222,Panamax,98561,12.3,Kolkata,9,True,Normal,82.5,12000,41250.0
VC-004228,SYNV-04228,Capesize,158473,16.3,Vizag,10,True,Normal,65.1,18000,48825.0
VC-004230,SYNV-04230,Handysize,15941,10.0,Chennai,1,False,Calm,7.2,6000,1800.0
VC-004231,SYNV-04231,Supramax,54120,13.2,Haldia,1,False,Normal,105.6,8500,37400.0
VC-004236,SYNV-04236,Handysize,19134,10.1,Dhamra,12,False,Rough,17.8,6000,4450.0
VC-004237,SYNV-04237,Handysize,17026,10.9,Kolkata,7,True,Rough,87.8,6000,21950.0
VC-004239,SYNV-04239,Supramax,48002,12.4,Vizag,5,True,Severe Storm,40.4,8500,14308.33
VC-004241,SYNV-04241,Handysize,30084,10.0,Chennai,10,True,Normal,43.0,6000,10750.0
VC-004242,SYNV-04242,Supramax,54042,13.2,Chennai,1,False,Normal,21.9,8500,7756.25
VC-004244,SYNV-04244,Handysize,22450,10.3,Vizag,7,False,Calm,13.9,6000,3475.0
VC-004245,SYNV-04245,Handysize,36296,10.4,Dhamra,4,False,Calm,13.0,6000,3250.0
VC-004248,SYNV-04248,Capesize,164428,16.9,Kamarajar,2,False,Normal,32.2,18000,24150.0
VC-004252,SYNV-04252,Capesize,219669,16.7,Haldia,8,True,Severe Storm,126.6,18000,94950.0
VC-004254,SYNV-04254,Supramax,59984,11.1,Chennai,1,False,Normal,17.2,8500,6091.67
VC-004256,SYNV-04256,Handysize,28345,10.5,Haldia,6,True,Rough,73.8,6000,18450.0
VC-004257,SYNV-04257,Supramax,54899,13.0,Paradip,7,True,Normal,43.8,8500,15512.5
VC-004259,SYNV-04259,Handysize,25686,10.3,Haldia,10,False,Rough,56.0,6000,14000.0
VC-004261,SYNV-04261,Panamax,83134,12.3,Vizag,9,False,Severe Storm,33.0,12000,16500.0
VC-004266,SYNV-04266,Panamax,90910,13.7,Kolkata,9,True,Calm,59.9,12000,29950.0
VC-004267,SYNV-04267,Handysize,39575,10.0,Kolkata,3,False,Calm,19.5,6000,4875.0
VC-004270,SYNV-04270,Panamax,87590,13.9,Kamarajar,10,True,Calm,34.5,12000,17250.0
VC-004272,SYNV-04272,Handysize,37579,10.5,Kamarajar,1,False,Normal,30.0,6000,7500.0
VC-004274,SYNV-04274,Panamax,97373,12.5,Vizag,10,True,Rough,41.7,12000,20850.0
VC-004275,SYNV-04275,Panamax,79784,13.7,Kamarajar,3,False,Rough,27.2,12000,13600.0
VC-004277,SYNV-04277,Panamax,72891,14.1,Kolkata,4,False,Normal,28.8,12000,14400.0
VC-004278,SYNV-04278,Panamax,93007,12.5,Kamarajar,4,False,Calm,18.0,12000,9000.0
VC-004280,SYNV-04280,Handysize,39943,10.7,Haldia,1,False,Normal,48.0,6000,12000.0
VC-004282,SYNV-04282,Capesize,191620,16.7,Chennai,1,False,Severe Storm,38.7,18000,29025.0
VC-004284,SYNV-04284,Panamax,82566,13.4,Dhamra,4,False,Normal,22.1,12000,11050.0
VC-004286,SYNV-04286,Handysize,29005,10.7,Kamarajar,10,True,Normal,21.0,6000,5250.0
VC-004287,SYNV-04287,Handysize,18377,10.1,Paradip,11,True,Rough,40.0,6000,10000.0
VC-004288,SYNV-04288,Capesize,184973,16.6,Kolkata,9,True,Normal,63.8,18000,47850.0
VC-004291,SYNV-04291,Capesize,211867,16.2,Dhamra,10,False,Calm,19.7,18000,14775.0
VC-004293,SYNV-04293,Handysize,32812,10.6,Haldia,8,True,Normal,35.5,6000,8875.0
VC-004294,SYNV-04294,Supramax,62222,12.2,Kamarajar,11,True,Rough,30.3,8500,10731.25
VC-004295,SYNV-04295,Handysize,37917,10.4,Chennai,2,False,Calm,10.9,6000,2725.0
VC-004298,SYNV-04298,Capesize,136983,17.8,Dhamra,10,False,Rough,16.2,18000,12150.0
VC-004299,SYNV-04299,Supramax,62891,11.3,Kamarajar,12,False,Normal,20.4,8500,7225.0
VC-004303,SYNV-04303,Supramax,58573,13.9,Vizag,7,False,Normal,27.9,8500,9881.25
VC-004304,SYNV-04304,Handysize,17613,10.7,Kamarajar,8,False,Calm,18.2,6000,4550.0
VC-004305,SYNV-04305,Supramax,62843,11.8,Paradip,6,True,Normal,30.3,8500,10731.25
VC-004306,SYNV-04306,Supramax,55777,12.9,Dhamra,10,False,Normal,39.1,8500,13847.92
VC-004307,SYNV-04307,Handysize,22957,10.6,Kolkata,9,True,Normal,80.5,6000,20125.0
VC-004308,SYNV-04308,Capesize,192671,16.6,Chennai,6,False,Normal,35.1,18000,26325.0
VC-004310,SYNV-04310,Handysize,32855,10.9,Dhamra,11,False,Rough,33.2,6000,8300.0
VC-004311,SYNV-04311,Capesize,133190,16.5,Paradip,4,False,Calm,29.5,18000,22125.0
VC-004314,SYNV-04314,Capesize,147178,16.7,Paradip,7,True,Rough,72.4,18000,54300.0
VC-004317,SYNV-04317,Handysize,38383,10.2,Paradip,8,True,Rough,59.8,6000,14950.0
VC-004325,SYNV-04325,Handysize,27670,10.0,Chennai,9,False,Rough,28.2,6000,7050.0
VC-004326,SYNV-04326,Supramax,51432,12.1,Kamarajar,11,True,Rough,65.1,8500,23056.25
VC-004327,SYNV-04327,Handysize,23630,10.8,Chennai,5,False,Calm,23.5,6000,5875.0
VC-004328,SYNV-04328,Panamax,66074,13.4,Chennai,11,True,Severe Storm,46.2,12000,23100.0
VC-004330,SYNV-04330,Handysize,38272,10.3,Dhamra,6,True,Normal,33.6,6000,8400.0
VC-004332,SYNV-04332,Supramax,61136,11.8,Kolkata,10,False,Normal,28.1,8500,9952.08
VC-004334,SYNV-04334,Handysize,30200,10.2,Dhamra,5,False,Calm,19.3,6000,4825.0
VC-004336,SYNV-04336,Supramax,62110,12.1,Kolkata,9,True,Severe Storm,134.7,8500,47706.25
VC-004339,SYNV-04339,Handysize,28797,10.8,Paradip,4,False,Calm,22.5,6000,5625.0
VC-004340,SYNV-04340,Supramax,40465,12.2,Kolkata,2,False,Calm,59.0,8500,20895.83
VC-004341,SYNV-04341,Capesize,123338,16.5,Dhamra,9,True,Normal,30.4,18000,22800.0
VC-004346,SYNV-04346,Panamax,83033,12.4,Haldia,8,True,Rough,139.3,12000,69650.0
VC-004348,SYNV-04348,Capesize,159126,16.4,Haldia,6,True,Rough,121.7,18000,91275.0
VC-004352,SYNV-04352,Handysize,25577,10.8,Dhamra,8,True,Severe Storm,32.4,6000,8100.0
VC-004356,SYNV-04356,Supramax,51951,13.8,Paradip,4,False,Normal,22.3,8500,7897.92
VC-004357,SYNV-04357,Supramax,47849,12.5,Chennai,6,False,Calm,17.4,8500,6162.5
VC-004359,SYNV-04359,Handysize,39926,10.5,Kamarajar,10,True,Rough,43.9,6000,10975.0
VC-004360,SYNV-04360,Supramax,49275,13.9,Kamarajar,6,False,Rough,36.1,8500,12785.42
VC-004362,SYNV-04362,Capesize,176226,16.8,Dhamra,10,False,Rough,53.0,18000,39750.0
VC-004363,SYNV-04363,Handysize,35455,10.7,Kamarajar,11,True,Calm,23.0,6000,5750.0
VC-004367,SYNV-04367,Supramax,54338,13.2,Paradip,2,False,Normal,28.2,8500,9987.5
VC-004370,SYNV-04370,Handysize,34733,10.4,Kolkata,6,True,Calm,93.6,6000,23400.0
VC-004371,SYNV-04371,Supramax,64216,13.6,Haldia,9,True,Rough,67.7,8500,23977.08
VC-004372,SYNV-04372,Supramax,59285,12.5,Dhamra,10,False,Normal,20.5,8500,7260.42
VC-004377,SYNV-04377,Supramax,51603,12.5,Chennai,7,False,Calm,16.4,8500,5808.33
VC-004379,SYNV-04379,Panamax,88815,14.4,Kolkata,6,True,Rough,174.6,12000,87300.0
VC-004381,SYNV-04381,Capesize,201171,17.9,Haldia,12,False,Normal,28.0,18000,21000.0
VC-004382,SYNV-04382,Panamax,91731,13.9,Dhamra,7,True,Normal,24.0,12000,12000.0
VC-004385,SYNV-04385,Supramax,62834,12.4,Kolkata,12,False,Calm,17.8,8500,6304.17
VC-004388,SYNV-04388,Supramax,61867,14.0,Haldia,12,False,Normal,62.2,8500,22029.17
VC-004392,SYNV-04392,Panamax,83652,12.7,Paradip,3,False,Rough,40.2,12000,20100.0
VC-004393,SYNV-04393,Handysize,39880,10.7,Chennai,7,False,Rough,24.5,6000,6125.0
VC-004394,SYNV-04394,Handysize,31667,10.1,Haldia,7,True,Severe Storm,132.0,6000,33000.0
VC-004395,SYNV-04395,Supramax,56379,13.4,Paradip,7,True,Rough,64.2,8500,22737.5
VC-004404,SYNV-04404,Handysize,34839,10.3,Vizag,9,False,Normal,17.4,6000,4350.0
VC-004406,SYNV-04406,Capesize,160186,16.6,Haldia,10,False,Normal,67.2,18000,50400.0
VC-004407,SYNV-04407,Panamax,76976,14.1,Haldia,4,False,Normal,60.3,12000,30150.0
VC-004410,SYNV-04410,Handysize,17210,11.0,Chennai,9,False,Normal,25.5,6000,6375.0
VC-004411,SYNV-04411,Handysize,15894,10.3,Vizag,5,True,Normal,20.0,6000,5000.0
VC-004412,SYNV-04412,Panamax,90750,14.0,Dhamra,6,True,Severe Storm,99.0,12000,49500.0
VC-004414,SYNV-04414,Capesize,162404,16.3,Chennai,2,False,Rough,31.6,18000,23700.0
VC-004417,SYNV-04417,Panamax,82617,12.8,Haldia,3,False,Calm,47.7,12000,23850.0
VC-004418,SYNV-04418,Handysize,26048,10.1,Paradip,3,False,Normal,35.8,6000,8950.0
VC-004420,SYNV-04420,Handysize,19449,10.3,Paradip,3,False,Calm,22.5,6000,5625.0
VC-004422,SYNV-04422,Capesize,177961,16.9,Paradip,10,True,Rough,65.4,18000,49050.0
VC-004423,SYNV-04423,Supramax,61433,13.1,Paradip,2,False,Calm,25.6,8500,9066.67
VC-004424,SYNV-04424,Handysize,23600,10.3,Vizag,9,False,Severe Storm,25.6,6000,6400.0
VC-004426,SYNV-04426,Handysize,22987,10.7,Vizag,5,True,Normal,21.9,6000,5475.0
VC-004427,SYNV-04427,Panamax,68901,12.8,Haldia,1,False,Normal,46.5,12000,23250.0
VC-004431,SYNV-04431,Handysize,30796,10.8,Kamarajar,5,True,Rough,34.4,6000,8600.0
VC-004432,SYNV-04432,Supramax,47271,13.5,Vizag,2,False,Calm,16.0,8500,5666.67
VC-004433,SYNV-04433,Supramax,57045,14.0,Chennai,10,True,Rough,35.2,8500,12466.67
VC-004434,SYNV-04434,Panamax,71886,14.0,Haldia,12,False,Normal,82.5,12000,41250.0
VC-004435,SYNV-04435,Handysize,35361,10.0,Chennai,8,False,Rough,25.9,6000,6475.0
VC-004436,SYNV-04436,Handysize,25941,10.2,Dhamra,12,False,Normal,17.0,6000,4250.0
VC-004440,SYNV-04440,Supramax,59736,11.2,Dhamra,3,False,Calm,11.7,8500,4143.75
VC-004442,SYNV-04442,Panamax,67833,13.6,Kolkata,11,False,Rough,67.8,12000,33900.0
VC-004443,SYNV-04443,Handysize,32006,10.7,Vizag,8,False,Normal,17.7,6000,4425.0
VC-004445,SYNV-04445,Supramax,44801,11.8,Kolkata,3,False,Calm,24.2,8500,8570.83
VC-004447,SYNV-04447,Handysize,26553,10.6,Chennai,6,False,Rough,29.5,6000,7375.0
VC-004449,SYNV-04449,Capesize,138431,16.0,Paradip,12,True,Rough,90.8,18000,68100.0
VC-004450,SYNV-04450,Supramax,50604,12.1,Paradip,1,False,Normal,37.5,8500,13281.25
VC-004451,SYNV-04451,Handysize,15560,10.9,Vizag,7,False,Calm,19.4,6000,4850.0
VC-004453,SYNV-04453,Panamax,73889,14.0,Vizag,10,True,Severe Storm,34.2,12000,17100.0
VC-004456,SYNV-04456,Panamax,94081,13.1,Vizag,6,False,Normal,18.5,12000,9250.0
VC-004457,SYNV-04457,Supramax,48566,12.3,Vizag,12,False,Calm,30.4,8500,10766.67
VC-004458,SYNV-04458,Handysize,21012,10.2,Haldia,12,False,Calm,23.7,6000,5925.0
VC-004460,SYNV-04460,Panamax,85981,13.1,Chennai,9,False,Normal,19.3,12000,9650.0
VC-004464,SYNV-04464,Supramax,41765,11.8,Chennai,9,False,Normal,23.7,8500,8393.75
VC-004465,SYNV-04465,Panamax,65494,13.9,Vizag,8,False,Rough,37.7,12000,18850.0
VC-004466,SYNV-04466,Handysize,19366,10.1,Kolkata,6,True,Rough,51.3,6000,12825.0
VC-004467,SYNV-04467,Capesize,200743,17.2,Dhamra,2,False,Severe Storm,44.0,18000,33000.0
VC-004468,SYNV-04468,Capesize,153155,16.3,Dhamra,3,False,Calm,28.6,18000,21450.0
VC-004469,SYNV-04469,Supramax,54328,11.9,Haldia,12,False,Rough,79.3,8500,28085.42
VC-004471,SYNV-04471,Panamax,69085,12.2,Paradip,9,True,Rough,49.0,12000,24500.0
VC-004472,SYNV-04472,Supramax,58160,11.5,Vizag,9,False,Calm,10.5,8500,3718.75
VC-004473,SYNV-04473,Panamax,94099,13.0,Paradip,5,False,Normal,40.8,12000,20400.0
VC-004474,SYNV-04474,Capesize,132314,17.6,Paradip,6,True,Calm,55.1,18000,41325.0
VC-004475,SYNV-04475,Panamax,85726,14.2,Dhamra,8,True,Severe Storm,85.0,12000,42500.0
VC-004477,SYNV-04477,Handysize,26537,10.8,Haldia,3,False,Rough,35.0,6000,8750.0
VC-004478,SYNV-04478,Handysize,31934,10.8,Vizag,9,False,Normal,36.9,6000,9225.0
VC-004479,SYNV-04479,Handysize,21628,10.2,Haldia,8,True,Normal,48.5,6000,12125.0
VC-004480,SYNV-04480,Handysize,34423,10.9,Dhamra,3,False,Normal,15.4,6000,3850.0
VC-004483,SYNV-04483,Handysize,15866,10.3,Vizag,4,False,Normal,25.4,6000,6350.0
VC-004490,SYNV-04490,Capesize,137980,17.2,Chennai,9,False,Rough,29.2,18000,21900.0
VC-004491,SYNV-04491,Supramax,42776,11.1,Haldia,10,False,Calm,28.6,8500,10129.17
VC-004492,SYNV-04492,Panamax,91353,13.0,Kamarajar,9,False,Rough,38.4,12000,19200.0
VC-004493,SYNV-04493,Panamax,93688,13.2,Haldia,5,False,Calm,53.7,12000,26850.0
VC-004495,SYNV-04495,Panamax,76137,12.8,Paradip,7,True,Normal,29.6,12000,14800.0
VC-004497,SYNV-04497,Panamax,86288,14.4,Haldia,8,True,Normal,63.2,12000,31600.0
VC-004498,SYNV-04498,Panamax,85199,14.3,Paradip,11,True,Normal,41.5,12000,20750.0
VC-004499,SYNV-04499,Panamax,94993,12.6,Kolkata,2,False,Normal,29.0,12000,14500.0
VC-004500,SYNV-04500,Panamax,79661,14.2,Kamarajar,2,False,Rough,31.5,12000,15750.0
VC-004501,SYNV-04501,Panamax,75894,12.6,Chennai,9,False,Rough,21.7,12000,10850.0
VC-004503,SYNV-04503,Panamax,71776,14.2,Dhamra,6,True,Normal,40.8,12000,20400.0
VC-004505,SYNV-04505,Handysize,27991,10.8,Dhamra,2,False,Calm,11.0,6000,2750.0
VC-004509,SYNV-04509,Handysize,31915,10.3,Dhamra,2,False,Calm,12.8,6000,3200.0
VC-004510,SYNV-04510,Panamax,67656,14.2,Chennai,6,False,Calm,20.4,12000,10200.0
VC-004512,SYNV-04512,Panamax,96569,12.4,Vizag,8,False,Rough,51.3,12000,25650.0
VC-004514,SYNV-04514,Handysize,37528,10.5,Chennai,3,False,Normal,13.4,6000,3350.0
VC-004515,SYNV-04515,Panamax,92091,12.8,Kolkata,3,False,Normal,51.0,12000,25500.0
VC-004516,SYNV-04516,Handysize,25274,10.8,Kamarajar,2,False,Normal,23.9,6000,5975.0
VC-004518,SYNV-04518,Panamax,85134,12.0,Paradip,9,True,Rough,35.4,12000,17700.0
VC-004519,SYNV-04519,Handysize,17447,10.2,Kolkata,8,True,Normal,32.6,6000,8150.0
VC-004520,SYNV-04520,Handysize,21733,11.0,Haldia,3,False,Normal,24.5,6000,6125.0
VC-004521,SYNV-04521,Supramax,40737,12.6,Vizag,9,False,Normal,44.9,8500,15902.08
VC-004523,SYNV-04523,Handysize,32179,10.5,Kolkata,6,True,Severe Storm,102.1,6000,25525.0
VC-004528,SYNV-04528,Handysize,31046,10.2,Haldia,3,False,Normal,29.3,6000,7325.0
VC-004531,SYNV-04531,Panamax,67687,13.2,Chennai,8,False,Rough,19.2,12000,9600.0
VC-004534,SYNV-04534,Capesize,127190,17.0,Dhamra,12,False,Rough,23.4,18000,17550.0
VC-004541,SYNV-04541,Panamax,91943,12.5,Chennai,7,False,Calm,33.6,12000,16800.0
VC-004543,SYNV-04543,Supramax,64298,12.6,Kamarajar,11,True,Calm,48.4,8500,17141.67
VC-004544,SYNV-04544,Capesize,112644,16.9,Haldia,10,False,Normal,61.3,18000,45975.0
VC-004545,SYNV-04545,Handysize,36485,10.7,Paradip,9,True,Severe Storm,99.3,6000,24825.0
VC-004547,SYNV-04547,Handysize,39851,10.3,Paradip,4,False,Calm,16.5,6000,4125.0
VC-004549,SYNV-04549,Handysize,28635,10.4,Haldia,9,True,Calm,31.4,6000,7850.0
VC-004550,SYNV-04550,Supramax,45577,13.8,Kolkata,11,False,Normal,40.3,8500,14272.92
VC-004553,SYNV-04553,Panamax,89749,13.0,Haldia,4,False,Normal,37.3,12000,18650.0
VC-004554,SYNV-04554,Supramax,58053,11.7,Kamarajar,11,True,Normal,31.5,8500,11156.25
VC-004556,SYNV-04556,Supramax,45568,11.3,Dhamra,11,False,Normal,18.2,8500,6445.83
VC-004558,SYNV-04558,Panamax,83444,13.5,Chennai,11,True,Normal,32.1,12000,16050.0
VC-004559,SYNV-04559,Capesize,160936,16.1,Chennai,9,False,Calm,9.4,18000,7050.0
VC-004561,SYNV-04561,Handysize,26069,10.1,Dhamra,9,True,Normal,16.7,6000,4175.0
VC-004562,SYNV-04562,Handysize,18362,10.3,Vizag,9,False,Rough,47.4,6000,11850.0
VC-004563,SYNV-04563,Handysize,38222,10.8,Paradip,8,True,Normal,39.0,6000,9750.0
VC-004570,SYNV-04570,Panamax,65466,13.8,Vizag,12,False,Calm,20.4,12000,10200.0
VC-004571,SYNV-04571,Handysize,30702,10.4,Dhamra,4,False,Calm,16.4,6000,4100.0
VC-004574,SYNV-04574,Supramax,50098,11.7,Paradip,9,True,Normal,35.9,8500,12714.58
VC-004577,SYNV-04577,Supramax,53445,12.6,Dhamra,4,False,Rough,22.8,8500,8075.0
VC-004579,SYNV-04579,Capesize,182199,16.3,Paradip,2,False,Normal,49.2,18000,36900.0
VC-004581,SYNV-04581,Supramax,62370,12.2,Chennai,4,False,Severe Storm,31.4,8500,11120.83
VC-004582,SYNV-04582,Supramax,48655,13.2,Kolkata,9,True,Calm,32.3,8500,11439.58
VC-004584,SYNV-04584,Panamax,68322,13.8,Haldia,2,False,Calm,58.9,12000,29450.0
VC-004586,SYNV-04586,Handysize,34961,10.6,Haldia,10,False,Calm,22.9,6000,5725.0
VC-004587,SYNV-04587,Supramax,64491,12.0,Vizag,5,True,Severe Storm,79.8,8500,28262.5
VC-004591,SYNV-04591,Supramax,44890,13.6,Kolkata,5,False,Normal,81.6,8500,28900.0
VC-004593,SYNV-04593,Panamax,73627,13.0,Dhamra,12,False,Rough,53.6,12000,26800.0
VC-004594,SYNV-04594,Handysize,24994,10.8,Paradip,9,True,Severe Storm,89.9,6000,22475.0
VC-004595,SYNV-04595,Handysize,18185,10.8,Paradip,3,False,Normal,32.8,6000,8200.0
VC-004596,SYNV-04596,Panamax,77676,14.3,Kamarajar,10,True,Rough,59.5,12000,29750.0
VC-004600,SYNV-04600,Capesize,143545,17.7,Dhamra,10,False,Rough,31.9,18000,23925.0
VC-004601,SYNV-04601,Capesize,188783,16.1,Kamarajar,9,False,Normal,29.0,18000,21750.0
VC-004602,SYNV-04602,Handysize,18004,10.8,Vizag,8,False,Normal,12.5,6000,3125.0
VC-004603,SYNV-04603,Panamax,66242,14.1,Kolkata,5,False,Rough,42.1,12000,21050.0
VC-004605,SYNV-04605,Supramax,52418,11.3,Chennai,9,False,Rough,14.9,8500,5277.08
VC-004607,SYNV-04607,Handysize,18486,10.7,Kamarajar,6,False,Calm,30.8,6000,7700.0
VC-004608,SYNV-04608,Supramax,60209,11.3,Vizag,12,False,Normal,22.5,8500,7968.75
VC-004612,SYNV-04612,Handysize,31208,10.3,Kamarajar,9,False,Normal,22.8,6000,5700.0
VC-004614,SYNV-04614,Handysize,36989,10.8,Haldia,7,True,Normal,84.8,6000,21200.0
VC-004616,SYNV-04616,Panamax,80835,13.8,Chennai,7,False,Normal,19.7,12000,9850.0
VC-004617,SYNV-04617,Supramax,51700,11.9,Kamarajar,4,False,Calm,20.4,8500,7225.0
VC-004619,SYNV-04619,Capesize,108894,16.6,Paradip,12,True,Normal,71.0,18000,53250.0
VC-004620,SYNV-04620,Capesize,172597,17.8,Vizag,11,True,Rough,76.4,18000,57300.0
VC-004621,SYNV-04621,Capesize,183073,16.7,Kamarajar,2,False,Calm,23.0,18000,17250.0
VC-004622,SYNV-04622,Supramax,64999,12.2,Vizag,10,True,Severe Storm,61.4,8500,21745.83
VC-004626,SYNV-04626,Supramax,62005,13.8,Kamarajar,4,False,Normal,34.2,8500,12112.5
VC-004628,SYNV-04628,Supramax,48542,13.8,Kamarajar,11,True,Normal,32.6,8500,11545.83
VC-004635,SYNV-04635,Supramax,59060,13.4,Kamarajar,1,False,Rough,56.0,8500,19833.33
VC-004636,SYNV-04636,Handysize,21108,10.4,Chennai,2,False,Normal,15.6,6000,3900.0
VC-004639,SYNV-04639,Handysize,37528,10.7,Paradip,3,False,Normal,18.7,6000,4675.0
VC-004641,SYNV-04641,Handysize,20064,10.1,Kolkata,10,False,Calm,35.6,6000,8900.0
VC-004642,SYNV-04642,Supramax,48880,11.3,Chennai,11,True,Calm,41.0,8500,14520.83
VC-004645,SYNV-04645,Handysize,26839,10.7,Vizag,12,False,Rough,16.1,6000,4025.0
VC-004647,SYNV-04647,Handysize,38319,10.8,Paradip,10,True,Rough,41.6,6000,10400.0
VC-004648,SYNV-04648,Handysize,21426,10.7,Chennai,4,False,Rough,27.9,6000,6975.0
VC-004649,SYNV-04649,Capesize,203510,17.4,Haldia,5,False,Normal,87.3,18000,65475.0
VC-004650,SYNV-04650,Handysize,30471,10.7,Kamarajar,5,True,Normal,25.7,6000,6425.0
VC-004651,SYNV-04651,Supramax,41506,11.1,Kolkata,11,False,Normal,28.2,8500,9987.5
VC-004652,SYNV-04652,Handysize,18621,10.2,Vizag,7,False,Normal,29.4,6000,7350.0
VC-004659,SYNV-04659,Capesize,205598,16.6,Vizag,3,False,Rough,41.5,18000,31125.0
VC-004660,SYNV-04660,Capesize,174033,16.9,Dhamra,12,False,Calm,18.6,18000,13950.0
VC-004661,SYNV-04661,Panamax,68132,14.1,Dhamra,5,False,Severe Storm,29.3,12000,14650.0
VC-004663,SYNV-04663,Supramax,46343,13.4,Paradip,6,True,Rough,33.1,8500,11722.92
VC-004664,SYNV-04664,Supramax,51197,12.6,Kamarajar,6,False,Normal,38.6,8500,13670.83
VC-004665,SYNV-04665,Supramax,57784,13.8,Dhamra,12,False,Calm,14.3,8500,5064.58
VC-004667,SYNV-04667,Handysize,28435,10.3,Dhamra,5,False,Calm,8.3,6000,2075.0
VC-004673,SYNV-04673,Handysize,28295,10.5,Vizag,7,False,Normal,13.8,6000,3450.0
VC-004676,SYNV-04676,Supramax,50444,11.7,Kamarajar,2,False,Calm,21.3,8500,7543.75
VC-004677,SYNV-04677,Panamax,78798,12.0,Chennai,5,False,Calm,13.0,12000,6500.0
VC-004678,SYNV-04678,Handysize,36656,10.7,Kamarajar,8,False,Calm,15.0,6000,3750.0
VC-004679,SYNV-04679,Supramax,45919,12.6,Haldia,12,False,Calm,30.2,8500,10695.83
VC-004682,SYNV-04682,Panamax,66086,12.8,Paradip,2,False,Normal,37.3,12000,18650.0
VC-004684,SYNV-04684,Panamax,77987,14.2,Paradip,4,False,Normal,35.9,12000,17950.0
VC-004685,SYNV-04685,Supramax,46382,13.0,Chennai,10,True,Rough,12.1,8500,4285.42
VC-004686,SYNV-04686,Capesize,125415,16.8,Dhamra,6,True,Normal,29.5,18000,22125.0
VC-004689,SYNV-04689,Supramax,57476,13.4,Chennai,8,False,Calm,15.9,8500,5631.25
VC-004692,SYNV-04692,Handysize,33668,10.1,Paradip,12,True,Rough,65.5,6000,16375.0
VC-004695,SYNV-04695,Supramax,40819,11.7,Vizag,12,False,Calm,23.9,8500,8464.58
VC-004697,SYNV-04697,Panamax,84119,13.2,Dhamra,1,False,Rough,24.5,12000,12250.0
VC-004699,SYNV-04699,Supramax,54762,13.9,Vizag,1,False,Normal,22.5,8500,7968.75
VC-004700,SYNV-04700,Supramax,57857,11.8,Kolkata,10,False,Rough,64.4,8500,22808.33
VC-004701,SYNV-04701,Supramax,53510,11.9,Kamarajar,1,False,Normal,30.4,8500,10766.67
VC-004702,SYNV-04702,Handysize,34230,10.6,Paradip,4,False,Calm,16.1,6000,4025.0
VC-004707,SYNV-04707,Supramax,58815,11.4,Paradip,6,True,Normal,40.0,8500,14166.67
VC-004708,SYNV-04708,Panamax,95660,12.8,Chennai,1,False,Normal,29.7,12000,14850.0
VC-004710,SYNV-04710,Panamax,91173,13.0,Chennai,3,False,Normal,38.5,12000,19250.0
VC-004711,SYNV-04711,Panamax,73661,12.8,Kolkata,4,False,Normal,29.9,12000,14950.0
VC-004712,SYNV-04712,Panamax,90413,12.7,Vizag,11,True,Rough,88.4,12000,44200.0
VC-004717,SYNV-04717,Handysize,28996,10.6,Haldia,7,True,Calm,32.3,6000,8075.0
VC-004719,SYNV-04719,Supramax,44032,12.8,Chennai,7,False,Rough,17.3,8500,6127.08
VC-004722,SYNV-04722,Panamax,96798,12.4,Dhamra,6,True,Rough,45.9,12000,22950.0
VC-004724,SYNV-04724,Handysize,21529,10.8,Dhamra,3,False,Calm,15.7,6000,3925.0
VC-004725,SYNV-04725,Supramax,44189,11.1,Chennai,3,False,Normal,13.6,8500,4816.67
VC-004727,SYNV-04727,Capesize,117178,16.6,Kamarajar,7,False,Normal,27.1,18000,20325.0
VC-004728,SYNV-04728,Panamax,90303,12.8,Paradip,2,False,Rough,62.3,12000,31150.0
VC-004731,SYNV-04731,Panamax,91746,12.2,Dhamra,4,False,Normal,21.5,12000,10750.0
VC-004732,SYNV-04732,Panamax,91182,12.2,Kolkata,10,False,Normal,19.5,12000,9750.0
VC-004734,SYNV-04734,Supramax,55990,13.9,Vizag,7,False,Rough,36.1,8500,12785.42
VC-004735,SYNV-04735,Capesize,136620,16.1,Kamarajar,3,False,Normal,14.3,18000,10725.0
VC-004736,SYNV-04736,Handysize,28700,10.3,Vizag,10,True,Normal,26.7,6000,6675.0
VC-004738,SYNV-04738,Supramax,45138,11.3,Haldia,12,False,Calm,27.2,8500,9633.33
VC-004739,SYNV-04739,Supramax,57303,13.5,Vizag,12,False,Normal,29.4,8500,10412.5
VC-004741,SYNV-04741,Panamax,82303,14.2,Paradip,4,False,Rough,86.8,12000,43400.0
VC-004746,SYNV-04746,Panamax,73392,13.5,Dhamra,6,True,Severe Storm,46.8,12000,23400.0
VC-004747,SYNV-04747,Panamax,90889,12.9,Haldia,8,True,Rough,79.3,12000,39650.0
VC-004753,SYNV-04753,Handysize,30873,10.2,Kolkata,12,False,Normal,30.7,6000,7675.0
VC-004754,SYNV-04754,Panamax,95824,14.3,Kamarajar,9,False,Calm,25.9,12000,12950.0
VC-004755,SYNV-04755,Panamax,71541,14.0,Chennai,1,False,Severe Storm,51.3,12000,25650.0
VC-004756,SYNV-04756,Supramax,50764,12.3,Haldia,4,False,Calm,37.8,8500,13387.5
VC-004758,SYNV-04758,Capesize,192623,17.8,Vizag,7,False,Normal,39.8,18000,29850.0
VC-004760,SYNV-04760,Handysize,25244,10.5,Paradip,5,False,Rough,29.8,6000,7450.0
VC-004762,SYNV-04762,Handysize,20375,10.7,Vizag,6,False,Calm,16.6,6000,4150.0
VC-004763,SYNV-04763,Handysize,32405,10.7,Paradip,11,True,Normal,22.2,6000,5550.0
VC-004764,SYNV-04764,Capesize,181230,16.8,Haldia,2,False,Rough,53.4,18000,40050.0
VC-004767,SYNV-04767,Panamax,75231,12.6,Vizag,7,False,Normal,11.8,12000,5900.0
VC-004769,SYNV-04769,Handysize,23134,10.8,Dhamra,7,True,Rough,25.1,6000,6275.0
VC-004772,SYNV-04772,Panamax,66439,14.4,Kamarajar,3,False,Normal,27.1,12000,13550.0
VC-004773,SYNV-04773,Supramax,58175,12.1,Chennai,3,False,Normal,15.1,8500,5347.92
VC-004775,SYNV-04775,Panamax,94541,12.6,Haldia,8,True,Normal,64.6,12000,32300.0
VC-004778,SYNV-04778,Supramax,45571,13.0,Haldia,10,False,Normal,42.6,8500,15087.5
VC-004782,SYNV-04782,Handysize,37686,10.1,Kamarajar,11,True,Rough,31.3,6000,7825.0
VC-004783,SYNV-04783,Handysize,18363,10.1,Chennai,3,False,Calm,11.4,6000,2850.0
VC-004785,SYNV-04785,Capesize,213058,17.9,Dhamra,5,False,Normal,52.1,18000,39075.0
VC-004789,SYNV-04789,Supramax,63692,13.6,Vizag,12,False,Normal,25.1,8500,8889.58
VC-004792,SYNV-04792,Capesize,174082,17.9,Haldia,12,False,Normal,48.7,18000,36525.0
VC-004794,SYNV-04794,Supramax,51288,13.5,Paradip,7,True,Rough,32.1,8500,11368.75
VC-004795,SYNV-04795,Supramax,60964,11.8,Haldia,9,True,Rough,107.5,8500,38072.92
VC-004796,SYNV-04796,Panamax,78407,13.6,Vizag,2,False,Normal,30.0,12000,15000.0
VC-004797,SYNV-04797,Panamax,81368,13.2,Kolkata,3,False,Calm,32.5,12000,16250.0
VC-004803,SYNV-04803,Handysize,37199,10.7,Paradip,1,False,Normal,32.8,6000,8200.0
VC-004804,SYNV-04804,Handysize,32860,10.2,Vizag,7,False,Normal,22.0,6000,5500.0
VC-004805,SYNV-04805,Handysize,24816,10.6,Paradip,1,False,Calm,14.2,6000,3550.0
VC-004810,SYNV-04810,Panamax,70749,12.7,Vizag,12,False,Normal,12.0,12000,6000.0
VC-004811,SYNV-04811,Supramax,45839,12.3,Dhamra,1,False,Rough,24.2,8500,8570.83
VC-004812,SYNV-04812,Panamax,83049,13.7,Chennai,7,False,Calm,22.5,12000,11250.0
VC-004813,SYNV-04813,Supramax,47462,12.4,Dhamra,10,False,Normal,26.7,8500,9456.25
VC-004814,SYNV-04814,Supramax,60271,13.2,Kolkata,11,False,Rough,31.4,8500,11120.83
VC-004815,SYNV-04815,Capesize,206157,17.8,Chennai,2,False,Severe Storm,45.0,18000,33750.0
VC-004816,SYNV-04816,Panamax,68855,14.0,Kolkata,7,True,Severe Storm,103.4,12000,51700.0
VC-004818,SYNV-04818,Panamax,85679,12.2,Dhamra,10,False,Normal,21.6,12000,10800.0
VC-004819,SYNV-04819,Supramax,48939,12.1,Vizag,5,True,Normal,35.3,8500,12502.08
VC-004820,SYNV-04820,Panamax,80485,14.2,Paradip,6,True,Normal,33.9,12000,16950.0
VC-004821,SYNV-04821,Capesize,183976,17.2,Kolkata,5,False,Normal,72.4,18000,54300.0
VC-004822,SYNV-04822,Supramax,57777,13.4,Chennai,12,True,Rough,17.3,8500,6127.08
VC-004823,SYNV-04823,Handysize,39234,10.8,Chennai,4,False,Normal,15.6,6000,3900.0
VC-004826,SYNV-04826,Capesize,198150,17.8,Haldia,4,False,Calm,45.4,18000,34050.0
VC-004829,SYNV-04829,Supramax,64044,13.8,Kolkata,1,False,Calm,45.3,8500,16043.75
VC-004831,SYNV-04831,Panamax,70039,13.6,Kamarajar,4,False,Normal,25.6,12000,12800.0
VC-004836,SYNV-04836,Supramax,53351,12.4,Dhamra,3,False,Normal,16.3,8500,5772.92
VC-004840,SYNV-04840,Supramax,51278,11.0,Kamarajar,4,False,Rough,28.4,8500,10058.33
VC-004842,SYNV-04842,Handysize,37398,10.7,Kamarajar,3,False,Severe Storm,33.0,6000,8250.0
VC-004844,SYNV-04844,Panamax,82862,12.1,Paradip,7,True,Rough,48.5,12000,24250.0
VC-004847,SYNV-04847,Supramax,50184,12.8,Chennai,11,True,Rough,23.4,8500,8287.5
VC-004848,SYNV-04848,Panamax,75784,14.0,Kolkata,12,False,Calm,54.6,12000,27300.0
VC-004853,SYNV-04853,Panamax,66674,12.3,Haldia,8,True,Normal,84.5,12000,42250.0
VC-004856,SYNV-04856,Supramax,52032,12.9,Paradip,1,False,Rough,91.3,8500,32335.42
VC-004858,SYNV-04858,Capesize,177786,16.9,Dhamra,10,False,Rough,21.2,18000,15900.0
VC-004861,SYNV-04861,Handysize,23988,10.3,Paradip,7,True,Rough,36.2,6000,9050.0
VC-004862,SYNV-04862,Panamax,88345,12.6,Kolkata,9,True,Rough,48.8,12000,24400.0
VC-004863,SYNV-04863,Capesize,110972,18.0,Paradip,1,False,Calm,49.9,18000,37425.0
VC-004865,SYNV-04865,Handysize,39194,10.6,Kolkata,2,False,Calm,20.9,6000,5225.0
VC-004867,SYNV-04867,Panamax,81731,14.0,Chennai,1,False,Calm,14.0,12000,7000.0
VC-004869,SYNV-04869,Supramax,44470,12.1,Haldia,11,False,Normal,27.6,8500,9775.0
VC-004870,SYNV-04870,Supramax,60138,11.3,Dhamra,9,True,Normal,23.2,8500,8216.67
VC-004871,SYNV-04871,Supramax,62538,12.1,Vizag,2,False,Calm,22.8,8500,8075.0
VC-004872,SYNV-04872,Supramax,47213,11.9,Haldia,9,True,Normal,116.5,8500,41260.42
VC-004875,SYNV-04875,Panamax,67509,13.5,Haldia,12,False,Calm,41.6,12000,20800.0
VC-004884,SYNV-04884,Handysize,35362,10.2,Paradip,11,True,Normal,28.3,6000,7075.0
VC-004887,SYNV-04887,Supramax,55706,14.0,Haldia,12,False,Normal,48.9,8500,17318.75
VC-004888,SYNV-04888,Panamax,70695,12.4,Vizag,4,False,Calm,24.4,12000,12200.0
VC-004889,SYNV-04889,Supramax,59566,13.9,Chennai,11,True,Rough,34.2,8500,12112.5
VC-004890,SYNV-04890,Supramax,46701,12.5,Dhamra,1,False,Severe Storm,53.0,8500,18770.83
VC-004891,SYNV-04891,Panamax,99670,14.0,Chennai,2,False,Calm,17.9,12000,8950.0
VC-004892,SYNV-04892,Panamax,88401,14.0,Kamarajar,5,True,Normal,22.5,12000,11250.0
VC-004894,SYNV-04894,Handysize,34041,10.2,Haldia,1,False,Severe Storm,62.2,6000,15550.0
VC-004898,SYNV-04898,Panamax,80246,12.4,Vizag,8,False,Normal,24.3,12000,12150.0
VC-004899,SYNV-04899,Panamax,78249,12.4,Vizag,4,False,Normal,21.1,12000,10550.0
VC-004900,SYNV-04900,Handysize,36321,10.5,Vizag,9,False,Calm,16.7,6000,4175.0
VC-004902,SYNV-04902,Panamax,79703,14.4,Vizag,8,False,Normal,38.1,12000,19050.0
VC-004903,SYNV-04903,Supramax,44479,13.7,Kamarajar,2,False,Calm,15.1,8500,5347.92
VC-004904,SYNV-04904,Handysize,22996,10.8,Dhamra,1,False,Calm,8.4,6000,2100.0
VC-004906,SYNV-04906,Capesize,102503,16.3,Kamarajar,7,False,Normal,45.5,18000,34125.0
VC-004907,SYNV-04907,Capesize,140503,16.9,Kolkata,4,False,Severe Storm,121.5,18000,91125.0
VC-004908,SYNV-04908,Capesize,131726,16.2,Chennai,8,False,Severe Storm,34.4,18000,25800.0
VC-004909,SYNV-04909,Capesize,171355,16.9,Kolkata,12,False,Normal,43.1,18000,32325.0
VC-004910,SYNV-04910,Panamax,99608,14.4,Vizag,6,False,Severe Storm,53.4,12000,26700.0
VC-004913,SYNV-04913,Panamax,95543,12.7,Haldia,6,True,Rough,133.3,12000,66650.0
VC-004915,SYNV-04915,Supramax,56699,11.8,Dhamra,8,True,Calm,19.8,8500,7012.5
VC-004919,SYNV-04919,Supramax,61004,11.7,Dhamra,2,False,Normal,23.9,8500,8464.58
VC-004920,SYNV-04920,Supramax,50844,12.3,Kolkata,9,True,Rough,54.3,8500,19231.25
VC-004921,SYNV-04921,Supramax,51944,12.1,Vizag,4,False,Normal,22.0,8500,7791.67
VC-004922,SYNV-04922,Panamax,90712,12.2,Kamarajar,12,False,Rough,38.9,12000,19450.0
VC-004923,SYNV-04923,Capesize,127644,17.9,Paradip,11,True,Rough,205.8,18000,154350.0
VC-004925,SYNV-04925,Panamax,91416,14.2,Vizag,4,False,Normal,20.7,12000,10350.0
VC-004926,SYNV-04926,Supramax,56347,13.6,Dhamra,12,False,Rough,26.2,8500,9279.17
VC-004930,SYNV-04930,Handysize,28038,10.1,Vizag,1,False,Rough,28.2,6000,7050.0
VC-004931,SYNV-04931,Panamax,82837,12.9,Kamarajar,3,False,Normal,22.5,12000,11250.0
VC-004934,SYNV-04934,Handysize,31952,10.7,Dhamra,5,False,Rough,30.2,6000,7550.0
VC-004937,SYNV-04937,Capesize,117645,16.8,Chennai,4,False,Normal,24.2,18000,18150.0
VC-004938,SYNV-04938,Panamax,97914,13.0,Chennai,8,False,Normal,15.7,12000,7850.0
VC-004942,SYNV-04942,Supramax,58906,11.3,Haldia,9,True,Normal,75.5,8500,26739.58
VC-004944,SYNV-04944,Supramax,40456,13.1,Kamarajar,4,False,Normal,19.1,8500,6764.58
VC-004950,SYNV-04950,Handysize,35733,10.8,Vizag,8,False,Normal,10.5,6000,2625.0
VC-004951,SYNV-04951,Handysize,25451,10.8,Vizag,10,True,Severe Storm,50.8,6000,12700.0
VC-004952,SYNV-04952,Supramax,61330,13.2,Kolkata,1,False,Rough,46.8,8500,16575.0
VC-004953,SYNV-04953,Handysize,23307,10.8,Chennai,12,True,Normal,25.9,6000,6475.0
VC-004954,SYNV-04954,Capesize,118735,16.2,Chennai,7,False,Normal,16.2,18000,12150.0
VC-004955,SYNV-04955,Supramax,58371,12.2,Kolkata,12,False,Normal,38.6,8500,13670.83
VC-004958,SYNV-04958,Panamax,81148,14.2,Chennai,9,False,Normal,29.3,12000,14650.0
VC-004959,SYNV-04959,Capesize,218157,17.3,Vizag,1,False,Rough,40.1,18000,30075.0
VC-004962,SYNV-04962,Panamax,95208,13.8,Vizag,5,True,Severe Storm,40.1,12000,20050.0
VC-004963,SYNV-04963,Supramax,47551,12.4,Chennai,9,False,Rough,32.4,8500,11475.0
VC-004967,SYNV-04967,Supramax,50531,11.2,Haldia,3,False,Normal,48.5,8500,17177.08
VC-004968,SYNV-04968,Panamax,84989,12.1,Chennai,12,True,Rough,41.3,12000,20650.0
VC-004970,SYNV-04970,Supramax,54748,13.7,Vizag,9,False,Calm,18.6,8500,6587.5
VC-004973,SYNV-04973,Capesize,162939,16.7,Paradip,10,True,Rough,68.4,18000,51300.0
VC-004974,SYNV-04974,Handysize,19773,10.3,Kolkata,11,False,Calm,29.0,6000,7250.0
VC-004976,SYNV-04976,Handysize,35192,10.1,Paradip,7,True,Calm,24.9,6000,6225.0
VC-004979,SYNV-04979,Supramax,49508,13.8,Dhamra,12,False,Normal,13.3,8500,4710.42
VC-004981,SYNV-04981,Handysize,25884,10.2,Dhamra,2,False,Normal,11.6,6000,2900.0
VC-004983,SYNV-04983,Handysize,16241,10.5,Dhamra,8,True,Rough,33.8,6000,8450.0
VC-004985,SYNV-04985,Supramax,61695,13.7,Dhamra,8,True,Rough,21.1,8500,7472.92
VC-004988,SYNV-04988,Handysize,39180,10.1,Vizag,12,False,Rough,31.2,6000,7800.0
VC-004994,SYNV-04994,Panamax,90379,12.8,Paradip,3,False,Calm,27.5,12000,13750.0
VC-004995,SYNV-04995,Handysize,28412,10.6,Haldia,8,True,Rough,77.8,6000,19450.0
VC-004996,SYNV-04996,Supramax,60882,12.4,Vizag,6,False,Normal,34.1,8500,12077.08
VC-004997,SYNV-04997,Panamax,90093,13.6,Kolkata,9,True,Severe Storm,133.4,12000,66700.0
VC-004998,SYNV-04998,Handysize,38162,10.7,Kolkata,4,False,Severe Storm,116.7,6000,29175.0
VC-004999,SYNV-04999,Handysize,29759,10.5,Haldia,12,False,Calm,22.3,6000,5575.0
VC-005000,SYNV-05000,Handysize,38704,11.0,Kolkata,2,False,Rough,31.8,6000,7950.0
VC-005002,SYNV-05002,Supramax,47641,11.9,Kolkata,9,True,Rough,58.0,8500,20541.67
VC-005004,SYNV-05004,Supramax,64046,13.5,Haldia,12,False,Rough,74.3,8500,26314.58
VC-005006,SYNV-05006,Handysize,29554,10.1,Kolkata,9,True,Calm,42.0,6000,10500.0
VC-005009,SYNV-05009,Panamax,76766,13.0,Paradip,11,True,Normal,68.3,12000,34150.0
VC-005010,SYNV-05010,Handysize,20043,10.3,Kolkata,6,True,Normal,81.7,6000,20425.0
VC-005012,SYNV-05012,Panamax,69130,14.2,Haldia,12,False,Rough,65.1,12000,32550.0
VC-005016,SYNV-05016,Panamax,87871,13.2,Vizag,7,False,Calm,24.9,12000,12450.0
VC-005017,SYNV-05017,Panamax,92733,14.4,Chennai,5,False,Normal,18.7,12000,9350.0
VC-005020,SYNV-05020,Supramax,48311,11.0,Dhamra,12,False,Calm,14.5,8500,5135.42
VC-005021,SYNV-05021,Capesize,118573,17.0,Haldia,10,False,Normal,62.5,18000,46875.0
VC-005023,SYNV-05023,Capesize,111057,17.1,Kamarajar,12,False,Rough,31.5,18000,23625.0
VC-005025,SYNV-05025,Panamax,86420,12.3,Vizag,11,True,Severe Storm,91.5,12000,45750.0
VC-005029,SYNV-05029,Panamax,80344,14.4,Vizag,7,False,Calm,23.9,12000,11950.0
VC-005030,SYNV-05030,Panamax,71572,14.4,Paradip,4,False,Normal,30.2,12000,15100.0
VC-005032,SYNV-05032,Supramax,59078,12.5,Vizag,2,False,Normal,23.8,8500,8429.17
VC-005036,SYNV-05036,Supramax,64429,13.6,Dhamra,10,False,Rough,21.0,8500,7437.5
VC-005037,SYNV-05037,Capesize,170785,16.7,Kamarajar,7,False,Calm,34.5,18000,25875.0
VC-005038,SYNV-05038,Panamax,99405,13.0,Haldia,5,False,Normal,74.6,12000,37300.0
VC-005044,SYNV-05044,Capesize,193058,17.8,Haldia,11,False,Severe Storm,113.8,18000,85350.0
VC-005047,SYNV-05047,Handysize,35029,10.4,Haldia,8,True,Rough,150.4,6000,37600.0
VC-005050,SYNV-05050,Handysize,20981,10.5,Kamarajar,2,False,Rough,26.7,6000,6675.0
VC-005052,SYNV-05052,Supramax,54868,12.9,Dhamra,5,False,Normal,24.0,8500,8500.0
VC-005054,SYNV-05054,Handysize,33832,10.9,Dhamra,6,True,Severe Storm,55.0,6000,13750.0
VC-005055,SYNV-05055,Supramax,55479,11.7,Haldia,12,False,Calm,25.7,8500,9102.08
VC-005056,SYNV-05056,Capesize,131736,17.8,Dhamra,6,True,Rough,48.4,18000,36300.0
VC-005058,SYNV-05058,Panamax,94070,12.7,Kamarajar,8,False,Calm,14.6,12000,7300.0
VC-005059,SYNV-05059,Supramax,45477,13.4,Chennai,12,True,Rough,47.0,8500,16645.83
VC-005062,SYNV-05062,Supramax,57980,13.7,Haldia,5,False,Severe Storm,173.2,8500,61341.67
VC-005063,SYNV-05063,Supramax,59477,13.0,Haldia,6,True,Normal,77.4,8500,27412.5
VC-005064,SYNV-05064,Panamax,73824,12.9,Vizag,3,False,Calm,41.4,12000,20700.0
VC-005065,SYNV-05065,Panamax,89306,13.3,Kolkata,3,False,Normal,44.1,12000,22050.0
VC-005066,SYNV-05066,Panamax,88028,14.0,Haldia,11,False,Normal,75.8,12000,37900.0
VC-005069,SYNV-05069,Capesize,173634,17.7,Vizag,12,False,Calm,25.9,18000,19425.0
VC-005072,SYNV-05072,Supramax,53967,13.7,Dhamra,6,True,Normal,11.0,8500,3895.83
VC-005073,SYNV-05073,Handysize,26905,10.2,Kamarajar,8,False,Calm,7.4,6000,1850.0
VC-005074,SYNV-05074,Panamax,83790,13.2,Paradip,9,True,Normal,51.4,12000,25700.0
VC-005080,SYNV-05080,Handysize,34444,10.8,Dhamra,12,False,Calm,19.0,6000,4750.0
VC-005083,SYNV-05083,Capesize,122051,16.0,Paradip,3,False,Calm,19.2,18000,14400.0
VC-005085,SYNV-05085,Panamax,99494,13.4,Haldia,9,True,Normal,99.8,12000,49900.0
VC-005089,SYNV-05089,Panamax,94345,14.1,Haldia,4,False,Calm,85.0,12000,42500.0
VC-005091,SYNV-05091,Handysize,17286,10.1,Dhamra,9,True,Rough,30.7,6000,7675.0
VC-005094,SYNV-05094,Supramax,46220,11.3,Kamarajar,7,False,Rough,26.6,8500,9420.83
VC-005095,SYNV-05095,Supramax,60459,11.4,Haldia,12,False,Calm,32.4,8500,11475.0
VC-005096,SYNV-05096,Capesize,196977,16.7,Vizag,3,False,Normal,34.0,18000,25500.0
VC-005097,SYNV-05097,Handysize,23725,10.1,Paradip,8,True,Severe Storm,57.0,6000,14250.0
VC-005099,SYNV-05099,Handysize,16755,10.7,Chennai,6,False,Normal,20.6,6000,5150.0
VC-005100,SYNV-05100,Supramax,41705,12.0,Vizag,10,True,Rough,47.7,8500,16893.75
VC-005101,SYNV-05101,Handysize,25448,10.4,Haldia,6,True,Normal,88.7,6000,22175.0
VC-005102,SYNV-05102,Handysize,22254,10.1,Chennai,6,False,Normal,22.0,6000,5500.0
VC-005104,SYNV-05104,Handysize,24169,10.3,Kamarajar,2,False,Rough,50.7,6000,12675.0
VC-005105,SYNV-05105,Handysize,27453,10.5,Chennai,6,False,Normal,16.3,6000,4075.0
VC-005109,SYNV-05109,Handysize,29561,10.2,Haldia,10,False,Rough,39.7,6000,9925.0
VC-005113,SYNV-05113,Supramax,61397,13.4,Vizag,12,False,Rough,48.3,8500,17106.25
VC-005114,SYNV-05114,Supramax,59686,12.8,Haldia,6,True,Severe Storm,97.7,8500,34602.08
VC-005115,SYNV-05115,Panamax,84620,13.6,Paradip,7,True,Rough,36.5,12000,18250.0
VC-005117,SYNV-05117,Panamax,90579,12.2,Paradip,12,True,Rough,29.6,12000,14800.0
VC-005120,SYNV-05120,Panamax,66216,13.9,Paradip,12,True,Normal,38.4,12000,19200.0
VC-005121,SYNV-05121,Handysize,19534,10.8,Kolkata,1,False,Normal,47.8,6000,11950.0
VC-005122,SYNV-05122,Capesize,153551,16.3,Dhamra,5,False,Rough,39.4,18000,29550.0
VC-005123,SYNV-05123,Supramax,57768,11.1,Dhamra,8,True,Rough,30.2,8500,10695.83
VC-005124,SYNV-05124,Handysize,20843,10.3,Vizag,9,False,Normal,15.1,6000,3775.0
VC-005127,SYNV-05127,Handysize,20385,10.7,Kamarajar,11,True,Rough,47.5,6000,11875.0
VC-005128,SYNV-05128,Capesize,187059,17.6,Haldia,1,False,Normal,77.5,18000,58125.0
VC-005130,SYNV-05130,Supramax,58684,13.7,Kolkata,4,False,Rough,53.1,8500,18806.25
VC-005132,SYNV-05132,Panamax,66828,14.5,Chennai,5,False,Rough,35.1,12000,17550.0
VC-005133,SYNV-05133,Capesize,212297,16.8,Paradip,5,False,Calm,19.6,18000,14700.0
VC-005134,SYNV-05134,Panamax,74611,14.0,Paradip,8,True,Rough,101.9,12000,50950.0
VC-005138,SYNV-05138,Capesize,163163,17.6,Haldia,4,False,Rough,96.5,18000,72375.0
VC-005140,SYNV-05140,Handysize,19208,10.6,Haldia,9,True,Rough,66.3,6000,16575.0
VC-005141,SYNV-05141,Handysize,16752,10.4,Dhamra,9,True,Normal,20.6,6000,5150.0
VC-005150,SYNV-05150,Supramax,56579,13.3,Dhamra,2,False,Normal,18.0,8500,6375.0
VC-005152,SYNV-05152,Capesize,216342,17.4,Chennai,10,True,Normal,29.4,18000,22050.0
VC-005153,SYNV-05153,Handysize,16535,10.5,Vizag,2,False,Rough,25.3,6000,6325.0
VC-005154,SYNV-05154,Capesize,118238,16.0,Chennai,10,True,Rough,72.9,18000,54675.0
VC-005155,SYNV-05155,Handysize,31832,10.8,Kamarajar,9,False,Calm,15.3,6000,3825.0
VC-005156,SYNV-05156,Handysize,37538,10.2,Chennai,6,False,Rough,16.7,6000,4175.0
VC-005157,SYNV-05157,Panamax,65910,12.6,Kamarajar,3,False,Calm,21.7,12000,10850.0
VC-005159,SYNV-05159,Supramax,47660,12.6,Kamarajar,5,True,Rough,70.2,8500,24862.5
VC-005165,SYNV-05165,Handysize,38079,10.7,Dhamra,10,False,Rough,22.6,6000,5650.0
VC-005166,SYNV-05166,Handysize,26648,10.6,Paradip,7,True,Normal,55.9,6000,13975.0
VC-005167,SYNV-05167,Handysize,30391,10.5,Paradip,1,False,Calm,34.1,6000,8525.0
VC-005168,SYNV-05168,Supramax,42897,11.2,Paradip,3,False,Normal,40.5,8500,14343.75
VC-005169,SYNV-05169,Handysize,15418,10.9,Kamarajar,7,False,Calm,15.4,6000,3850.0
VC-005171,SYNV-05171,Handysize,25777,10.4,Haldia,10,False,Calm,22.3,6000,5575.0
VC-005173,SYNV-05173,Handysize,27468,10.4,Kamarajar,6,False,Severe Storm,30.1,6000,7525.0
VC-005174,SYNV-05174,Panamax,74311,12.5,Haldia,1,False,Rough,54.7,12000,27350.0
VC-005175,SYNV-05175,Handysize,21519,10.3,Dhamra,8,True,Rough,28.6,6000,7150.0
VC-005185,SYNV-05185,Capesize,166445,17.9,Haldia,11,False,Normal,107.3,18000,80475.0
VC-005190,SYNV-05190,Supramax,51155,11.9,Kamarajar,5,True,Rough,46.4,8500,16433.33
VC-005192,SYNV-05192,Supramax,49441,12.8,Vizag,12,False,Normal,20.5,8500,7260.42
VC-005193,SYNV-05193,Handysize,34105,10.7,Kolkata,10,False,Normal,32.4,6000,8100.0
VC-005195,SYNV-05195,Capesize,145854,16.8,Haldia,6,True,Rough,175.2,18000,131400.0
VC-005196,SYNV-05196,Panamax,73473,12.4,Paradip,2,False,Calm,10.7,12000,5350.0
VC-005197,SYNV-05197,Supramax,63458,12.9,Vizag,4,False,Normal,23.8,8500,8429.17
VC-005200,SYNV-05200,Panamax,79364,14.4,Dhamra,8,True,Normal,78.6,12000,39300.0
VC-005201,SYNV-05201,Capesize,188878,17.0,Kamarajar,9,False,Normal,24.3,18000,18225.0
VC-005202,SYNV-05202,Supramax,57553,12.4,Vizag,11,True,Normal,44.0,8500,15583.33
VC-005203,SYNV-05203,Panamax,88284,13.4,Paradip,8,True,Normal,63.8,12000,31900.0
VC-005204,SYNV-05204,Handysize,30707,10.8,Dhamra,1,False,Rough,12.9,6000,3225.0
VC-005206,SYNV-05206,Handysize,20126,10.1,Kamarajar,8,False,Calm,26.3,6000,6575.0
VC-005208,SYNV-05208,Supramax,56109,11.7,Paradip,5,False,Calm,11.1,8500,3931.25
VC-005210,SYNV-05210,Panamax,72769,13.8,Dhamra,3,False,Rough,61.5,12000,30750.0
VC-005213,SYNV-05213,Handysize,26513,10.2,Vizag,11,True,Severe Storm,50.3,6000,12575.0
VC-005214,SYNV-05214,Handysize,34943,10.3,Haldia,6,True,Rough,85.2,6000,21300.0
VC-005215,SYNV-05215,Handysize,28771,10.0,Kamarajar,5,True,Severe Storm,44.9,6000,11225.0
VC-005217,SYNV-05217,Handysize,38352,10.5,Dhamra,10,False,Rough,11.0,6000,2750.0
VC-005218,SYNV-05218,Supramax,64166,11.1,Kamarajar,4,False,Normal,46.8,8500,16575.0
VC-005224,SYNV-05224,Capesize,191976,17.6,Paradip,5,False,Calm,27.5,18000,20625.0
VC-005226,SYNV-05226,Panamax,90472,12.7,Dhamra,11,False,Severe Storm,30.6,12000,15300.0
VC-005231,SYNV-05231,Supramax,46862,11.8,Paradip,11,True,Rough,60.2,8500,21320.83
VC-005232,SYNV-05232,Handysize,26157,10.5,Kamarajar,5,True,Rough,28.4,6000,7100.0
VC-005233,SYNV-05233,Supramax,62517,12.5,Paradip,8,True,Severe Storm,59.5,8500,21072.92
VC-005234,SYNV-05234,Panamax,71194,14.4,Dhamra,5,False,Normal,26.3,12000,13150.0
VC-005237,SYNV-05237,Handysize,20846,10.4,Chennai,1,False,Calm,17.1,6000,4275.0
VC-005239,SYNV-05239,Supramax,54044,11.3,Paradip,9,True,Rough,72.9,8500,25818.75
VC-005240,SYNV-05240,Supramax,56589,13.9,Haldia,8,True,Calm,90.8,8500,32158.33
VC-005241,SYNV-05241,Capesize,165508,16.3,Paradip,2,False,Normal,38.6,18000,28950.0
VC-005244,SYNV-05244,Supramax,50368,11.9,Kolkata,12,False,Rough,28.1,8500,9952.08
VC-005247,SYNV-05247,Supramax,41715,11.6,Chennai,5,False,Normal,23.3,8500,8252.08
VC-005248,SYNV-05248,Panamax,77355,13.0,Kolkata,7,True,Normal,42.3,12000,21150.0
VC-005249,SYNV-05249,Supramax,44319,13.1,Chennai,1,False,Calm,12.2,8500,4320.83
VC-005250,SYNV-05250,Supramax,57340,13.1,Kolkata,4,False,Severe Storm,48.9,8500,17318.75
VC-005251,SYNV-05251,Capesize,187677,16.1,Paradip,1,False,Calm,58.9,18000,44175.0
VC-005252,SYNV-05252,Supramax,45479,13.9,Paradip,5,False,Normal,32.3,8500,11439.58
VC-005257,SYNV-05257,Supramax,47265,13.7,Haldia,3,False,Rough,67.4,8500,23870.83
VC-005258,SYNV-05258,Supramax,44646,12.6,Kolkata,9,True,Normal,64.1,8500,22702.08
VC-005260,SYNV-05260,Handysize,23788,10.5,Paradip,2,False,Severe Storm,79.2,6000,19800.0
VC-005261,SYNV-05261,Panamax,74932,14.3,Dhamra,9,True,Rough,52.1,12000,26050.0
VC-005264,SYNV-05264,Supramax,41952,11.7,Kolkata,7,True,Normal,30.0,8500,10625.0
VC-005266,SYNV-05266,Panamax,66565,13.0,Kolkata,9,True,Severe Storm,129.8,12000,64900.0
VC-005268,SYNV-05268,Capesize,101144,17.2,Vizag,8,False,Calm,20.2,18000,15150.0
VC-005270,SYNV-05270,Panamax,78960,13.7,Vizag,9,False,Normal,16.9,12000,8450.0
VC-005272,SYNV-05272,Supramax,57058,13.7,Kolkata,5,False,Normal,67.3,8500,23835.42
VC-005273,SYNV-05273,Panamax,96771,13.6,Haldia,5,False,Normal,55.8,12000,27900.0
VC-005274,SYNV-05274,Supramax,41379,11.1,Chennai,6,False,Normal,19.4,8500,6870.83
VC-005275,SYNV-05275,Capesize,124791,17.4,Chennai,3,False,Rough,22.1,18000,16575.0
VC-005276,SYNV-05276,Panamax,81023,13.6,Paradip,11,True,Severe Storm,111.3,12000,55650.0
VC-005277,SYNV-05277,Handysize,29117,10.1,Chennai,9,False,Normal,17.2,6000,4300.0
VC-005279,SYNV-05279,Supramax,47980,13.0,Dhamra,9,True,Severe Storm,47.2,8500,16716.67
VC-005280,SYNV-05280,Handysize,38650,10.8,Vizag,6,False,Normal,8.3,6000,2075.0
VC-005282,SYNV-05282,Handysize,36458,10.4,Kolkata,2,False,Normal,40.3,6000,10075.0
VC-005283,SYNV-05283,Supramax,53364,12.1,Dhamra,6,True,Calm,17.8,8500,6304.17
VC-005284,SYNV-05284,Panamax,87519,14.3,Dhamra,12,False,Normal,10.4,12000,5200.0
VC-005288,SYNV-05288,Panamax,65306,12.4,Chennai,8,False,Calm,27.6,12000,13800.0
VC-005294,SYNV-05294,Capesize,146061,17.0,Chennai,10,True,Normal,38.2,18000,28650.0
VC-005295,SYNV-05295,Handysize,25408,10.5,Dhamra,3,False,Rough,18.9,6000,4725.0
VC-005296,SYNV-05296,Supramax,59903,12.4,Vizag,4,False,Normal,33.6,8500,11900.0
VC-005300,SYNV-05300,Handysize,29392,10.5,Chennai,8,False,Calm,23.0,6000,5750.0
VC-005303,SYNV-05303,Handysize,26490,10.5,Vizag,1,False,Normal,11.1,6000,2775.0
VC-005304,SYNV-05304,Capesize,120723,16.7,Kamarajar,8,False,Calm,22.7,18000,17025.0
VC-005305,SYNV-05305,Handysize,20342,10.4,Haldia,12,False,Calm,38.4,6000,9600.0
VC-005306,SYNV-05306,Panamax,79205,13.7,Haldia,12,False,Rough,46.1,12000,23050.0
VC-005307,SYNV-05307,Panamax,90684,12.2,Kamarajar,9,False,Normal,21.9,12000,10950.0
VC-005308,SYNV-05308,Handysize,19034,10.7,Chennai,9,False,Normal,24.8,6000,6200.0
VC-005309,SYNV-05309,Handysize,34243,10.7,Haldia,6,True,Rough,183.1,6000,45775.0
VC-005312,SYNV-05312,Capesize,134991,17.1,Vizag,12,False,Calm,36.3,18000,27225.0
VC-005315,SYNV-05315,Panamax,74554,13.2,Dhamra,3,False,Severe Storm,60.6,12000,30300.0
VC-005316,SYNV-05316,Panamax,98070,14.0,Haldia,10,False,Normal,79.9,12000,39950.0
VC-005318,SYNV-05318,Handysize,30259,10.3,Kamarajar,5,True,Rough,81.8,6000,20450.0
VC-005319,SYNV-05319,Capesize,109805,17.6,Kamarajar,9,False,Rough,78.9,18000,59175.0
VC-005320,SYNV-05320,Supramax,41756,11.2,Dhamra,10,False,Calm,12.1,8500,4285.42
VC-005321,SYNV-05321,Handysize,28470,11.0,Dhamra,12,False,Calm,10.3,6000,2575.0
VC-005322,SYNV-05322,Handysize,27465,10.4,Kolkata,4,False,Normal,35.1,6000,8775.0
VC-005324,SYNV-05324,Panamax,80295,14.1,Kolkata,3,False,Severe Storm,179.7,12000,89850.0
VC-005325,SYNV-05325,Panamax,66206,13.4,Paradip,4,False,Rough,44.9,12000,22450.0
VC-005329,SYNV-05329,Handysize,18336,10.5,Chennai,9,False,Normal,19.1,6000,4775.0
VC-005330,SYNV-05330,Handysize,29331,10.6,Vizag,7,False,Calm,14.4,6000,3600.0
VC-005336,SYNV-05336,Handysize,29542,10.8,Chennai,7,False,Calm,10.4,6000,2600.0
VC-005337,SYNV-05337,Supramax,61862,13.2,Kolkata,4,False,Normal,81.3,8500,28793.75
VC-005340,SYNV-05340,Supramax,52467,13.1,Kolkata,6,True,Normal,81.9,8500,29006.25
VC-005341,SYNV-05341,Supramax,47470,11.7,Paradip,5,False,Rough,55.3,8500,19585.42
VC-005343,SYNV-05343,Supramax,62518,12.7,Chennai,5,False,Normal,27.7,8500,9810.42
VC-005345,SYNV-05345,Supramax,56882,12.3,Vizag,1,False,Normal,9.9,8500,3506.25
VC-005346,SYNV-05346,Handysize,18462,10.6,Haldia,11,False,Calm,30.0,6000,7500.0
VC-005348,SYNV-05348,Panamax,80790,13.9,Vizag,1,False,Normal,20.4,12000,10200.0
VC-005353,SYNV-05353,Panamax,98491,12.6,Kamarajar,1,False,Calm,24.3,12000,12150.0
VC-005359,SYNV-05359,Supramax,59338,12.4,Kamarajar,10,True,Normal,31.1,8500,11014.58
VC-005360,SYNV-05360,Handysize,33250,10.2,Kolkata,1,False,Rough,33.4,6000,8350.0
VC-005363,SYNV-05363,Supramax,55597,13.6,Dhamra,10,False,Calm,9.8,8500,3470.83
VC-005366,SYNV-05366,Supramax,43694,11.5,Paradip,2,False,Severe Storm,47.3,8500,16752.08
VC-005370,SYNV-05370,Handysize,29260,10.8,Kolkata,4,False,Normal,50.6,6000,12650.0
VC-005371,SYNV-05371,Capesize,201633,16.4,Kolkata,6,True,Severe Storm,171.4,18000,128550.0
VC-005372,SYNV-05372,Handysize,24662,11.0,Kolkata,6,True,Rough,114.2,6000,28550.0
VC-005373,SYNV-05373,Supramax,44330,13.5,Kolkata,12,False,Calm,51.2,8500,18133.33
VC-005375,SYNV-05375,Panamax,80992,12.4,Kamarajar,1,False,Calm,20.7,12000,10350.0
VC-005378,SYNV-05378,Capesize,165529,17.4,Dhamra,5,False,Calm,19.2,18000,14400.0
VC-005380,SYNV-05380,Panamax,88220,13.0,Dhamra,12,False,Normal,15.8,12000,7900.0
VC-005383,SYNV-05383,Handysize,18547,10.1,Kamarajar,8,False,Calm,14.6,6000,3650.0
VC-005384,SYNV-05384,Panamax,66917,13.5,Chennai,12,True,Normal,31.7,12000,15850.0
VC-005385,SYNV-05385,Handysize,39498,10.1,Dhamra,11,False,Normal,17.6,6000,4400.0
VC-005388,SYNV-05388,Panamax,83783,13.2,Dhamra,8,True,Rough,37.8,12000,18900.0
VC-005390,SYNV-05390,Panamax,67631,12.2,Vizag,7,False,Normal,31.1,12000,15550.0
VC-005394,SYNV-05394,Capesize,111666,17.6,Vizag,3,False,Calm,22.2,18000,16650.0
VC-005395,SYNV-05395,Panamax,69009,14.1,Vizag,8,False,Rough,54.2,12000,27100.0
VC-005398,SYNV-05398,Handysize,25320,10.9,Kolkata,12,False,Severe Storm,48.5,6000,12125.0
VC-005400,SYNV-05400,Handysize,21060,10.1,Vizag,2,False,Calm,19.8,6000,4950.0
VC-005401,SYNV-05401,Supramax,45603,11.3,Kolkata,2,False,Normal,38.0,8500,13458.33
VC-005402,SYNV-05402,Panamax,99406,13.8,Kamarajar,9,False,Calm,17.4,12000,8700.0
VC-005403,SYNV-05403,Panamax,94141,12.4,Paradip,8,True,Severe Storm,84.1,12000,42050.0
VC-005406,SYNV-05406,Capesize,128706,17.9,Dhamra,1,False,Calm,18.7,18000,14025.0
VC-005409,SYNV-05409,Panamax,82746,14.4,Paradip,8,True,Rough,55.1,12000,27550.0
VC-005411,SYNV-05411,Panamax,91710,14.4,Chennai,7,False,Rough,23.5,12000,11750.0
VC-005413,SYNV-05413,Capesize,108965,16.7,Kamarajar,6,False,Rough,32.6,18000,24450.0
VC-005415,SYNV-05415,Supramax,48368,13.2,Haldia,3,False,Normal,40.9,8500,14485.42
VC-005418,SYNV-05418,Handysize,24437,10.9,Dhamra,8,True,Rough,30.9,6000,7725.0
VC-005422,SYNV-05422,Panamax,85131,13.5,Vizag,7,False,Calm,25.1,12000,12550.0
VC-005428,SYNV-05428,Panamax,87108,14.0,Kamarajar,7,False,Normal,29.1,12000,14550.0
VC-005429,SYNV-05429,Supramax,52536,12.8,Chennai,4,False,Normal,14.5,8500,5135.42
VC-005431,SYNV-05431,Handysize,26440,10.7,Vizag,9,False,Normal,21.1,6000,5275.0
VC-005434,SYNV-05434,Panamax,82935,13.2,Kamarajar,12,False,Calm,16.2,12000,8100.0
VC-005435,SYNV-05435,Panamax,77459,14.3,Kamarajar,8,False,Rough,24.8,12000,12400.0
VC-005437,SYNV-05437,Panamax,94292,13.0,Paradip,7,True,Severe Storm,73.9,12000,36950.0
VC-005440,SYNV-05440,Handysize,35273,11.0,Haldia,10,False,Calm,50.6,6000,12650.0
VC-005441,SYNV-05441,Panamax,81877,13.5,Vizag,2,False,Rough,40.5,12000,20250.0
VC-005444,SYNV-05444,Handysize,15430,10.4,Kolkata,11,False,Normal,32.3,6000,8075.0
VC-005446,SYNV-05446,Supramax,55913,12.3,Haldia,6,True,Normal,56.1,8500,19868.75
VC-005449,SYNV-05449,Handysize,28344,10.5,Chennai,8,False,Calm,7.2,6000,1800.0
VC-005450,SYNV-05450,Panamax,80175,12.8,Vizag,9,False,Normal,34.8,12000,17400.0
VC-005456,SYNV-05456,Handysize,31465,10.8,Vizag,9,False,Normal,16.1,6000,4025.0
VC-005457,SYNV-05457,Panamax,89631,13.2,Kamarajar,5,True,Severe Storm,144.3,12000,72150.0
VC-005460,SYNV-05460,Supramax,42186,14.0,Kolkata,5,False,Calm,31.9,8500,11297.92
VC-005466,SYNV-05466,Panamax,96841,13.7,Haldia,9,True,Normal,58.3,12000,29150.0
VC-005469,SYNV-05469,Capesize,128335,16.8,Kolkata,11,False,Normal,56.2,18000,42150.0
VC-005470,SYNV-05470,Panamax,94009,14.3,Paradip,12,True,Normal,70.4,12000,35200.0
VC-005471,SYNV-05471,Panamax,90830,12.3,Paradip,8,True,Rough,50.0,12000,25000.0
VC-005472,SYNV-05472,Capesize,118847,16.2,Kamarajar,5,True,Normal,29.5,18000,22125.0
VC-005474,SYNV-05474,Supramax,40762,12.5,Dhamra,11,False,Calm,8.4,8500,2975.0
VC-005475,SYNV-05475,Handysize,15004,10.1,Haldia,10,False,Calm,32.7,6000,8175.0
VC-005477,SYNV-05477,Supramax,42431,11.6,Kolkata,10,False,Rough,33.0,8500,11687.5
VC-005478,SYNV-05478,Supramax,51253,11.1,Paradip,6,True,Calm,68.3,8500,24189.58
VC-005482,SYNV-05482,Panamax,84315,12.1,Dhamra,6,True,Normal,25.2,12000,12600.0
VC-005484,SYNV-05484,Supramax,59339,13.5,Kamarajar,1,False,Calm,16.6,8500,5879.17
VC-005486,SYNV-05486,Panamax,69301,14.0,Chennai,1,False,Calm,21.9,12000,10950.0
VC-005487,SYNV-05487,Panamax,71271,13.3,Vizag,5,True,Normal,35.4,12000,17700.0
VC-005491,SYNV-05491,Capesize,216415,17.5,Chennai,8,False,Rough,17.4,18000,13050.0
VC-005494,SYNV-05494,Handysize,25927,10.9,Vizag,9,False,Calm,14.5,6000,3625.0
VC-005495,SYNV-05495,Panamax,89669,12.2,Kolkata,5,False,Calm,28.5,12000,14250.0
VC-005496,SYNV-05496,Handysize,19056,10.8,Haldia,3,False,Calm,55.8,6000,13950.0
VC-005499,SYNV-05499,Supramax,44046,11.8,Vizag,4,False,Normal,16.5,8500,5843.75
VC-005500,SYNV-05500,Supramax,42109,12.6,Kamarajar,12,False,Normal,25.7,8500,9102.08
VC-005502,SYNV-05502,Supramax,54616,13.2,Paradip,7,True,Rough,109.4,8500,38745.83
VC-005503,SYNV-05503,Supramax,50407,11.7,Paradip,11,True,Normal,28.8,8500,10200.0
VC-005504,SYNV-05504,Panamax,72610,13.8,Paradip,5,False,Calm,33.4,12000,16700.0
VC-005507,SYNV-05507,Capesize,199905,16.0,Haldia,7,True,Normal,73.4,18000,55050.0
VC-005510,SYNV-05510,Capesize,118571,16.5,Haldia,1,False,Normal,86.8,18000,65100.0
VC-005512,SYNV-05512,Handysize,26806,10.5,Vizag,8,False,Normal,19.0,6000,4750.0
VC-005516,SYNV-05516,Panamax,88640,12.9,Vizag,2,False,Rough,21.9,12000,10950.0
VC-005517,SYNV-05517,Handysize,19425,10.9,Haldia,10,False,Severe Storm,90.3,6000,22575.0
VC-005518,SYNV-05518,Panamax,67666,13.5,Kamarajar,4,False,Severe Storm,49.7,12000,24850.0
VC-005519,SYNV-05519,Supramax,47183,12.2,Kamarajar,9,False,Normal,23.0,8500,8145.83
VC-005522,SYNV-05522,Supramax,61252,13.3,Haldia,4,False,Calm,39.4,8500,13954.17
VC-005524,SYNV-05524,Panamax,74272,12.0,Paradip,12,True,Rough,78.3,12000,39150.0
VC-005525,SYNV-05525,Capesize,192154,17.0,Vizag,6,False,Calm,16.6,18000,12450.0
VC-005529,SYNV-05529,Handysize,33705,11.0,Kamarajar,12,False,Normal,18.0,6000,4500.0
VC-005530,SYNV-05530,Panamax,99563,14.4,Paradip,2,False,Normal,19.1,12000,9550.0
VC-005532,SYNV-05532,Supramax,63649,11.2,Kolkata,7,True,Rough,26.4,8500,9350.0
VC-005533,SYNV-05533,Handysize,21285,11.0,Kamarajar,5,True,Severe Storm,97.0,6000,24250.0
VC-005535,SYNV-05535,Capesize,150315,18.0,Kolkata,12,False,Rough,102.2,18000,76650.0
VC-005537,SYNV-05537,Handysize,20472,10.8,Dhamra,6,True,Calm,34.6,6000,8650.0
VC-005538,SYNV-05538,Capesize,218494,17.9,Kolkata,8,True,Rough,101.6,18000,76200.0
VC-005539,SYNV-05539,Supramax,40978,11.1,Kamarajar,4,False,Normal,25.5,8500,9031.25
VC-005540,SYNV-05540,Capesize,146941,16.1,Kamarajar,7,False,Normal,19.6,18000,14700.0
VC-005542,SYNV-05542,Supramax,41161,13.3,Vizag,2,False,Calm,13.6,8500,4816.67
VC-005544,SYNV-05544,Supramax,50338,12.2,Vizag,4,False,Calm,30.8,8500,10908.33
VC-005545,SYNV-05545,Panamax,68678,12.0,Paradip,11,True,Normal,42.5,12000,21250.0
VC-005548,SYNV-05548,Supramax,59968,12.8,Kamarajar,12,False,Calm,21.6,8500,7650.0
VC-005549,SYNV-05549,Supramax,48533,13.9,Haldia,11,False,Normal,30.8,8500,10908.33
VC-005551,SYNV-05551,Supramax,46779,12.7,Paradip,8,True,Severe Storm,92.7,8500,32831.25
VC-005553,SYNV-05553,Panamax,69205,13.1,Kamarajar,7,False,Rough,34.5,12000,17250.0
VC-005554,SYNV-05554,Handysize,19394,10.5,Kolkata,5,False,Calm,33.8,6000,8450.0
VC-005557,SYNV-05557,Panamax,80463,13.6,Kamarajar,5,True,Normal,49.7,12000,24850.0
VC-005558,SYNV-05558,Handysize,25346,10.7,Dhamra,4,False,Normal,21.9,6000,5475.0
VC-005561,SYNV-05561,Handysize,16586,10.7,Dhamra,6,True,Rough,50.6,6000,12650.0
VC-005563,SYNV-05563,Supramax,58483,13.1,Chennai,9,False,Rough,22.9,8500,8110.42
VC-005564,SYNV-05564,Handysize,26177,10.5,Vizag,4,False,Normal,16.2,6000,4050.0
VC-005565,SYNV-05565,Panamax,74551,12.6,Kolkata,7,True,Normal,58.0,12000,29000.0
VC-005567,SYNV-05567,Supramax,40930,13.4,Paradip,2,False,Normal,20.2,8500,7154.17
VC-005568,SYNV-05568,Supramax,63578,11.1,Kolkata,6,True,Severe Storm,73.8,8500,26137.5
VC-005569,SYNV-05569,Panamax,83290,14.2,Vizag,2,False,Normal,25.6,12000,12800.0
VC-005570,SYNV-05570,Capesize,179739,17.2,Dhamra,3,False,Rough,21.3,18000,15975.0
VC-005571,SYNV-05571,Supramax,60055,13.1,Haldia,11,False,Normal,55.4,8500,19620.83
VC-005577,SYNV-05577,Panamax,66674,13.0,Haldia,1,False,Normal,45.5,12000,22750.0
VC-005579,SYNV-05579,Handysize,34963,10.5,Paradip,7,True,Severe Storm,86.2,6000,21550.0
VC-005580,SYNV-05580,Handysize,33474,10.3,Paradip,12,True,Rough,67.2,6000,16800.0
VC-005581,SYNV-05581,Panamax,70532,12.4,Haldia,8,True,Rough,76.4,12000,38200.0
VC-005582,SYNV-05582,Panamax,89463,12.2,Kolkata,2,False,Calm,36.6,12000,18300.0
VC-005583,SYNV-05583,Capesize,152141,16.2,Dhamra,8,True,Severe Storm,52.9,18000,39675.0
VC-005584,SYNV-05584,Panamax,65005,12.9,Vizag,11,True,Normal,32.1,12000,16050.0
VC-005585,SYNV-05585,Supramax,59960,11.3,Dhamra,5,False,Normal,9.7,8500,3435.42
VC-005587,SYNV-05587,Handysize,25684,10.2,Dhamra,1,False,Calm,14.6,6000,3650.0
VC-005590,SYNV-05590,Capesize,109076,17.9,Chennai,8,False,Calm,13.5,18000,10125.0
VC-005594,SYNV-05594,Supramax,44554,13.3,Vizag,3,False,Calm,13.9,8500,4922.92
VC-005598,SYNV-05598,Supramax,52636,12.1,Vizag,11,True,Severe Storm,42.8,8500,15158.33
VC-005599,SYNV-05599,Handysize,36259,10.3,Dhamra,7,True,Severe Storm,47.9,6000,11975.0
VC-005601,SYNV-05601,Panamax,92247,13.0,Chennai,5,False,Calm,12.2,12000,6100.0
VC-005605,SYNV-05605,Panamax,77578,13.7,Vizag,2,False,Rough,40.7,12000,20350.0
VC-005609,SYNV-05609,Supramax,54472,11.0,Haldia,4,False,Normal,56.8,8500,20116.67
VC-005610,SYNV-05610,Supramax,64429,11.4,Vizag,4,False,Calm,15.3,8500,5418.75
VC-005611,SYNV-05611,Capesize,104152,17.8,Kolkata,8,True,Rough,143.5,18000,107625.0
VC-005613,SYNV-05613,Handysize,23294,10.7,Kolkata,1,False,Severe Storm,67.4,6000,16850.0
VC-005616,SYNV-05616,Panamax,87771,12.2,Vizag,9,False,Severe Storm,66.3,12000,33150.0
VC-005621,SYNV-05621,Supramax,45700,12.4,Kolkata,5,False,Calm,59.7,8500,21143.75
VC-005622,SYNV-05622,Capesize,172585,16.2,Dhamra,1,False,Calm,11.3,18000,8475.0
VC-005625,SYNV-05625,Panamax,85011,13.2,Chennai,7,False,Normal,21.2,12000,10600.0
VC-005627,SYNV-05627,Capesize,181957,17.4,Paradip,10,True,Calm,35.4,18000,26550.0
VC-005628,SYNV-05628,Capesize,117005,16.1,Paradip,2,False,Normal,61.5,18000,46125.0
VC-005633,SYNV-05633,Handysize,34056,10.5,Kolkata,5,False,Normal,38.7,6000,9675.0
VC-005634,SYNV-05634,Handysize,33338,10.6,Paradip,7,True,Rough,58.8,6000,14700.0
VC-005636,SYNV-05636,Handysize,20234,10.9,Kolkata,9,True,Calm,44.7,6000,11175.0
VC-005637,SYNV-05637,Panamax,69048,13.9,Paradip,11,True,Normal,42.5,12000,21250.0
VC-005638,SYNV-05638,Supramax,40218,11.7,Vizag,7,False,Normal,35.1,8500,12431.25
VC-005639,SYNV-05639,Capesize,104122,16.6,Haldia,7,True,Rough,106.7,18000,80025.0
VC-005640,SYNV-05640,Supramax,41789,13.1,Chennai,7,False,Rough,24.9,8500,8818.75
VC-005641,SYNV-05641,Panamax,92021,13.9,Kamarajar,9,False,Calm,43.8,12000,21900.0
VC-005647,SYNV-05647,Handysize,22523,10.2,Kolkata,7,True,Severe Storm,88.4,6000,22100.0
VC-005649,SYNV-05649,Handysize,21912,10.4,Vizag,2,False,Rough,26.6,6000,6650.0
VC-005651,SYNV-05651,Handysize,22480,10.6,Paradip,7,True,Calm,27.8,6000,6950.0
VC-005652,SYNV-05652,Supramax,57906,11.6,Chennai,7,False,Calm,21.6,8500,7650.0
VC-005657,SYNV-05657,Panamax,96799,12.9,Haldia,4,False,Normal,68.3,12000,34150.0
VC-005658,SYNV-05658,Supramax,42639,13.5,Kamarajar,3,False,Calm,19.8,8500,7012.5
VC-005661,SYNV-05661,Capesize,105014,16.6,Chennai,4,False,Calm,24.0,18000,18000.0
VC-005662,SYNV-05662,Handysize,27234,10.8,Haldia,12,False,Calm,21.8,6000,5450.0
VC-005668,SYNV-05668,Handysize,20854,10.2,Paradip,6,True,Rough,104.3,6000,26075.0
VC-005672,SYNV-05672,Supramax,64910,12.1,Haldia,5,False,Rough,51.8,8500,18345.83
VC-005674,SYNV-05674,Supramax,52659,11.7,Haldia,11,False,Rough,71.5,8500,25322.92
VC-005675,SYNV-05675,Handysize,39570,10.9,Paradip,7,True,Rough,51.4,6000,12850.0
VC-005676,SYNV-05676,Handysize,32036,10.7,Chennai,6,False,Normal,26.3,6000,6575.0
VC-005677,SYNV-05677,Capesize,126042,17.9,Kolkata,6,True,Normal,95.7,18000,71775.0
VC-005678,SYNV-05678,Handysize,19198,10.7,Paradip,8,True,Normal,25.1,6000,6275.0
VC-005680,SYNV-05680,Handysize,30415,10.5,Kamarajar,4,False,Normal,16.5,6000,4125.0
VC-005682,SYNV-05682,Handysize,38480,10.3,Kamarajar,7,False,Normal,22.6,6000,5650.0
VC-005684,SYNV-05684,Supramax,58269,11.8,Chennai,3,False,Normal,18.4,8500,6516.67
VC-005685,SYNV-05685,Panamax,81389,14.0,Chennai,12,True,Rough,91.5,12000,45750.0
VC-005688,SYNV-05688,Supramax,62459,14.0,Kolkata,11,False,Normal,38.7,8500,13706.25
VC-005690,SYNV-05690,Panamax,99671,14.2,Chennai,6,False,Normal,18.0,12000,9000.0
VC-005692,SYNV-05692,Panamax,85636,14.3,Kamarajar,2,False,Normal,33.1,12000,16550.0
VC-005693,SYNV-05693,Capesize,141697,16.0,Paradip,8,True,Rough,64.4,18000,48300.0
VC-005694,SYNV-05694,Handysize,24357,10.9,Dhamra,12,False,Calm,12.7,6000,3175.0
VC-005696,SYNV-05696,Handysize,37225,10.2,Kamarajar,2,False,Normal,9.3,6000,2325.0
VC-005705,SYNV-05705,Handysize,35686,10.6,Paradip,11,True,Rough,75.0,6000,18750.0
VC-005706,SYNV-05706,Handysize,32639,10.8,Haldia,10,False,Normal,49.7,6000,12425.0
VC-005707,SYNV-05707,Capesize,152415,17.0,Dhamra,3,False,Normal,15.8,18000,11850.0
VC-005708,SYNV-05708,Handysize,16633,10.9,Kolkata,1,False,Calm,68.6,6000,17150.0
VC-005711,SYNV-05711,Handysize,32788,10.6,Kolkata,9,True,Normal,44.0,6000,11000.0
VC-005716,SYNV-05716,Supramax,57524,11.6,Dhamra,4,False,Normal,13.2,8500,4675.0
VC-005717,SYNV-05717,Capesize,193662,17.0,Haldia,4,False,Calm,41.6,18000,31200.0
VC-005718,SYNV-05718,Handysize,31089,10.9,Vizag,4,False,Calm,24.0,6000,6000.0
VC-005720,SYNV-05720,Supramax,40183,11.7,Chennai,4,False,Calm,9.3,8500,3293.75
VC-005721,SYNV-05721,Handysize,18857,10.7,Chennai,5,False,Normal,20.9,6000,5225.0
VC-005722,SYNV-05722,Capesize,182915,16.5,Paradip,12,True,Normal,44.8,18000,33600.0
VC-005723,SYNV-05723,Supramax,53710,11.0,Kolkata,12,False,Calm,20.2,8500,7154.17
VC-005725,SYNV-05725,Panamax,85338,14.5,Paradip,6,True,Normal,62.6,12000,31300.0
VC-005727,SYNV-05727,Handysize,36638,10.6,Dhamra,9,True,Normal,19.8,6000,4950.0
VC-005731,SYNV-05731,Panamax,91349,12.1,Dhamra,12,False,Calm,14.3,12000,7150.0
VC-005732,SYNV-05732,Capesize,192456,16.8,Chennai,2,False,Rough,29.4,18000,22050.0
VC-005734,SYNV-05734,Handysize,32193,10.9,Chennai,12,True,Rough,52.0,6000,13000.0
VC-005737,SYNV-05737,Handysize,26386,10.0,Paradip,8,True,Severe Storm,57.4,6000,14350.0
VC-005740,SYNV-05740,Handysize,15533,10.4,Dhamra,7,True,Rough,28.4,6000,7100.0
VC-005741,SYNV-05741,Supramax,47097,12.9,Paradip,5,False,Calm,29.6,8500,10483.33
VC-005743,SYNV-05743,Handysize,27766,10.9,Kamarajar,5,True,Rough,29.2,6000,7300.0
VC-005745,SYNV-05745,Capesize,119033,16.2,Kolkata,3,False,Calm,33.6,18000,25200.0
VC-005746,SYNV-05746,Handysize,17195,10.1,Kamarajar,5,True,Rough,35.8,6000,8950.0
VC-005748,SYNV-05748,Handysize,28811,10.6,Kamarajar,4,False,Normal,26.9,6000,6725.0
VC-005750,SYNV-05750,Handysize,37690,10.8,Paradip,9,True,Normal,51.2,6000,12800.0
VC-005752,SYNV-05752,Panamax,98471,14.0,Kamarajar,1,False,Normal,48.7,12000,24350.0
VC-005754,SYNV-05754,Handysize,24499,10.9,Kamarajar,7,False,Calm,8.2,6000,2050.0
VC-005755,SYNV-05755,Panamax,82136,14.2,Vizag,5,True,Normal,38.6,12000,19300.0
VC-005756,SYNV-05756,Supramax,42868,12.7,Dhamra,2,False,Normal,19.7,8500,6977.08
VC-005757,SYNV-05757,Panamax,67065,13.8,Kolkata,6,True,Severe Storm,145.5,12000,72750.0
VC-005758,SYNV-05758,Panamax,70081,13.2,Chennai,1,False,Calm,23.7,12000,11850.0
VC-005759,SYNV-05759,Handysize,27458,10.3,Paradip,11,True,Normal,30.3,6000,7575.0
VC-005761,SYNV-05761,Panamax,95227,12.1,Dhamra,9,True,Severe Storm,34.3,12000,17150.0
VC-005764,SYNV-05764,Supramax,62915,13.5,Chennai,2,False,Normal,19.5,8500,6906.25
VC-005765,SYNV-05765,Panamax,76395,12.8,Kolkata,3,False,Rough,69.5,12000,34750.0
VC-005769,SYNV-05769,Supramax,51423,12.4,Chennai,10,True,Rough,57.6,8500,20400.0
VC-005772,SYNV-05772,Supramax,48257,12.9,Vizag,1,False,Normal,13.6,8500,4816.67
VC-005774,SYNV-05774,Capesize,171860,17.4,Kolkata,11,False,Normal,61.6,18000,46200.0
VC-005775,SYNV-05775,Capesize,203155,17.8,Chennai,9,False,Normal,30.3,18000,22725.0
VC-005776,SYNV-05776,Supramax,43790,12.7,Paradip,8,True,Normal,59.9,8500,21214.58
VC-005780,SYNV-05780,Panamax,74639,12.8,Kolkata,1,False,Rough,82.9,12000,41450.0
VC-005783,SYNV-05783,Handysize,19850,10.2,Dhamra,2,False,Calm,10.8,6000,2700.0
VC-005786,SYNV-05786,Supramax,45343,12.7,Chennai,11,True,Calm,23.7,8500,8393.75
VC-005787,SYNV-05787,Handysize,36627,11.0,Kamarajar,8,False,Calm,11.1,6000,2775.0
VC-005788,SYNV-05788,Handysize,17323,10.9,Kolkata,6,True,Calm,72.9,6000,18225.0
VC-005789,SYNV-05789,Handysize,35265,10.8,Chennai,6,False,Normal,13.6,6000,3400.0
VC-005791,SYNV-05791,Supramax,57124,13.2,Paradip,9,True,Rough,48.9,8500,17318.75
VC-005793,SYNV-05793,Handysize,31342,10.4,Haldia,9,True,Normal,46.4,6000,11600.0
VC-005795,SYNV-05795,Handysize,24508,10.1,Paradip,6,True,Rough,42.6,6000,10650.0
VC-005796,SYNV-05796,Supramax,43827,11.9,Vizag,10,True,Normal,51.6,8500,18275.0
VC-005797,SYNV-05797,Handysize,25003,10.1,Chennai,10,True,Normal,21.2,6000,5300.0
VC-005798,SYNV-05798,Handysize,33263,10.4,Vizag,1,False,Normal,13.3,6000,3325.0
VC-005800,SYNV-05800,Handysize,31785,10.3,Vizag,10,True,Rough,30.2,6000,7550.0
VC-005803,SYNV-05803,Panamax,94378,13.1,Kolkata,8,True,Normal,41.8,12000,20900.0
VC-005804,SYNV-05804,Supramax,44507,11.3,Kamarajar,6,False,Normal,39.1,8500,13847.92
VC-005807,SYNV-05807,Supramax,59087,12.4,Haldia,7,True,Normal,96.0,8500,34000.0
VC-005810,SYNV-05810,Handysize,23022,10.5,Dhamra,8,True,Rough,51.4,6000,12850.0
VC-005813,SYNV-05813,Handysize,21894,10.1,Vizag,2,False,Normal,30.5,6000,7625.0
VC-005822,SYNV-05822,Panamax,87831,13.8,Vizag,12,False,Normal,19.1,12000,9550.0
VC-005827,SYNV-05827,Supramax,41355,12.6,Kamarajar,9,False,Normal,22.9,8500,8110.42
VC-005828,SYNV-05828,Panamax,67281,13.4,Chennai,8,False,Rough,31.2,12000,15600.0
VC-005829,SYNV-05829,Panamax,85481,14.0,Kamarajar,4,False,Normal,49.0,12000,24500.0
VC-005830,SYNV-05830,Handysize,29777,10.2,Kamarajar,6,False,Severe Storm,30.5,6000,7625.0
VC-005831,SYNV-05831,Panamax,68541,13.0,Kolkata,1,False,Rough,71.8,12000,35900.0
VC-005832,SYNV-05832,Handysize,29807,10.5,Kolkata,3,False,Calm,26.5,6000,6625.0
VC-005833,SYNV-05833,Supramax,59975,11.6,Chennai,10,True,Rough,37.1,8500,13139.58
VC-005835,SYNV-05835,Capesize,150677,16.7,Chennai,7,False,Rough,36.6,18000,27450.0
VC-005837,SYNV-05837,Supramax,57584,12.5,Paradip,7,True,Calm,31.9,8500,11297.92
VC-005838,SYNV-05838,Handysize,36573,10.6,Kamarajar,12,False,Calm,15.4,6000,3850.0
VC-005840,SYNV-05840,Capesize,198637,17.6,Chennai,6,False,Normal,34.9,18000,26175.0
VC-005843,SYNV-05843,Supramax,46931,11.9,Kamarajar,8,False,Normal,49.4,8500,17495.83
VC-005844,SYNV-05844,Panamax,99849,13.9,Kolkata,2,False,Normal,101.4,12000,50700.0
VC-005848,SYNV-05848,Panamax,99822,12.7,Dhamra,8,True,Calm,22.8,12000,11400.0
VC-005849,SYNV-05849,Supramax,62693,12.7,Dhamra,4,False,Normal,13.7,8500,4852.08
VC-005850,SYNV-05850,Handysize,20772,10.0,Haldia,4,False,Normal,45.2,6000,11300.0
VC-005852,SYNV-05852,Supramax,42688,13.8,Paradip,7,True,Normal,19.7,8500,6977.08
VC-005853,SYNV-05853,Supramax,56870,11.7,Vizag,1,False,Calm,10.5,8500,3718.75
VC-005856,SYNV-05856,Handysize,15771,10.8,Chennai,8,False,Normal,19.6,6000,4900.0
VC-005857,SYNV-05857,Supramax,42005,11.9,Vizag,7,False,Normal,13.6,8500,4816.67
VC-005858,SYNV-05858,Handysize,30883,10.7,Vizag,5,True,Rough,54.4,6000,13600.0
VC-005859,SYNV-05859,Capesize,122724,16.6,Dhamra,2,False,Normal,19.6,18000,14700.0
VC-005861,SYNV-05861,Capesize,191472,17.2,Vizag,12,False,Calm,16.4,18000,12300.0
VC-005864,SYNV-05864,Supramax,64591,11.7,Paradip,9,True,Normal,28.7,8500,10164.58
VC-005865,SYNV-05865,Supramax,43090,12.2,Paradip,11,True,Rough,57.6,8500,20400.0
VC-005867,SYNV-05867,Capesize,190182,16.3,Vizag,7,False,Calm,12.2,18000,9150.0
VC-005868,SYNV-05868,Handysize,32864,10.9,Paradip,9,True,Normal,41.7,6000,10425.0
VC-005869,SYNV-05869,Panamax,69577,12.7,Dhamra,11,False,Normal,19.5,12000,9750.0
VC-005870,SYNV-05870,Capesize,154380,16.5,Vizag,7,False,Calm,22.7,18000,17025.0
VC-005871,SYNV-05871,Handysize,28778,10.5,Paradip,3,False,Normal,41.6,6000,10400.0
VC-005872,SYNV-05872,Handysize,25373,10.7,Kamarajar,7,False,Normal,11.2,6000,2800.0
VC-005877,SYNV-05877,Supramax,61768,12.2,Haldia,12,False,Calm,30.6,8500,10837.5
VC-005878,SYNV-05878,Supramax,59636,12.1,Kolkata,7,True,Severe Storm,153.7,8500,54435.42
VC-005880,SYNV-05880,Panamax,65001,13.0,Haldia,9,True,Calm,72.6,12000,36300.0
VC-005882,SYNV-05882,Panamax,83177,13.2,Kolkata,5,False,Calm,31.6,12000,15800.0
VC-005884,SYNV-05884,Handysize,39238,10.7,Paradip,8,True,Severe Storm,85.7,6000,21425.0
VC-005886,SYNV-05886,Panamax,90578,13.9,Kolkata,5,False,Normal,62.5,12000,31250.0
VC-005887,SYNV-05887,Panamax,79866,12.6,Dhamra,4,False,Normal,23.7,12000,11850.0
VC-005888,SYNV-05888,Handysize,18099,10.7,Kamarajar,8,False,Calm,13.0,6000,3250.0
VC-005889,SYNV-05889,Supramax,41708,12.3,Chennai,9,False,Normal,13.3,8500,4710.42
VC-005890,SYNV-05890,Supramax,48989,12.3,Kamarajar,1,False,Calm,16.5,8500,5843.75
VC-005891,SYNV-05891,Handysize,38981,11.0,Chennai,8,False,Normal,20.0,6000,5000.0
VC-005892,SYNV-05892,Handysize,24705,11.0,Kamarajar,8,False,Calm,27.9,6000,6975.0
VC-005893,SYNV-05893,Handysize,28381,10.9,Haldia,8,True,Normal,47.2,6000,11800.0
VC-005894,SYNV-05894,Panamax,85204,13.3,Kolkata,4,False,Rough,168.7,12000,84350.0
VC-005899,SYNV-05899,Handysize,36620,10.7,Chennai,9,False,Severe Storm,32.0,6000,8000.0
VC-005900,SYNV-05900,Supramax,52820,11.3,Chennai,11,True,Severe Storm,49.7,8500,17602.08
VC-005901,SYNV-05901,Panamax,92118,13.4,Chennai,8,False,Normal,20.7,12000,10350.0
VC-005909,SYNV-05909,Panamax,98263,14.0,Chennai,1,False,Rough,23.8,12000,11900.0
VC-005910,SYNV-05910,Handysize,24410,10.0,Kolkata,6,True,Rough,40.6,6000,10150.0
VC-005912,SYNV-05912,Capesize,144752,16.6,Vizag,6,False,Calm,14.4,18000,10800.0
VC-005913,SYNV-05913,Panamax,77831,14.0,Dhamra,3,False,Rough,14.0,12000,7000.0
VC-005914,SYNV-05914,Handysize,18523,10.4,Haldia,10,False,Normal,24.0,6000,6000.0
VC-005915,SYNV-05915,Capesize,116320,17.4,Kamarajar,10,True,Rough,122.3,18000,91725.0
VC-005916,SYNV-05916,Capesize,209691,17.9,Paradip,10,True,Normal,63.6,18000,47700.0
VC-005917,SYNV-05917,Panamax,71435,13.0,Kolkata,12,False,Calm,39.6,12000,19800.0
VC-005918,SYNV-05918,Capesize,210315,16.5,Vizag,12,False,Normal,56.4,18000,42300.0
VC-005920,SYNV-05920,Panamax,96321,12.4,Vizag,8,False,Calm,20.3,12000,10150.0
VC-005921,SYNV-05921,Supramax,62250,13.2,Vizag,7,False,Normal,25.4,8500,8995.83
VC-005922,SYNV-05922,Supramax,55276,12.7,Paradip,8,True,Calm,52.8,8500,18700.0
VC-005923,SYNV-05923,Supramax,42487,13.7,Kolkata,6,True,Normal,49.6,8500,17566.67
VC-005924,SYNV-05924,Panamax,78231,12.3,Paradip,8,True,Normal,36.3,12000,18150.0
VC-005925,SYNV-05925,Panamax,83752,12.4,Vizag,3,False,Normal,21.3,12000,10650.0
VC-005931,SYNV-05931,Handysize,23970,10.3,Kolkata,3,False,Rough,37.6,6000,9400.0
VC-005933,SYNV-05933,Supramax,42396,13.1,Haldia,11,False,Normal,69.0,8500,24437.5
VC-005935,SYNV-05935,Handysize,23354,10.5,Kolkata,8,True,Rough,119.8,6000,29950.0
VC-005936,SYNV-05936,Supramax,49194,13.5,Chennai,8,False,Rough,24.7,8500,8747.92
VC-005937,SYNV-05937,Capesize,124248,17.0,Kolkata,11,False,Normal,41.1,18000,30825.0
VC-005939,SYNV-05939,Supramax,55029,12.8,Haldia,2,False,Calm,24.4,8500,8641.67
VC-005940,SYNV-05940,Panamax,96102,14.2,Haldia,2,False,Normal,67.6,12000,33800.0
VC-005941,SYNV-05941,Panamax,92687,13.0,Haldia,10,False,Rough,78.9,12000,39450.0
VC-005943,SYNV-05943,Handysize,30609,10.2,Vizag,6,False,Rough,28.7,6000,7175.0
VC-005949,SYNV-05949,Supramax,62675,12.1,Kolkata,5,False,Rough,76.5,8500,27093.75
VC-005951,SYNV-05951,Supramax,61941,11.6,Chennai,7,False,Calm,28.7,8500,10164.58
VC-005952,SYNV-05952,Supramax,42633,13.8,Vizag,5,True,Rough,33.1,8500,11722.92
VC-005953,SYNV-05953,Panamax,80813,12.4,Haldia,11,False,Normal,42.7,12000,21350.0
VC-005954,SYNV-05954,Capesize,140229,16.9,Paradip,1,False,Normal,37.8,18000,28350.0
VC-005955,SYNV-05955,Supramax,52534,14.0,Haldia,3,False,Normal,50.3,8500,17814.58
VC-005956,SYNV-05956,Panamax,70725,12.4,Kamarajar,12,False,Normal,31.4,12000,15700.0
VC-005957,SYNV-05957,Supramax,63492,13.2,Kolkata,1,False,Normal,62.6,8500,22170.83
VC-005959,SYNV-05959,Handysize,37400,10.7,Kamarajar,5,True,Rough,39.2,6000,9800.0
VC-005964,SYNV-05964,Supramax,61955,11.4,Dhamra,1,False,Normal,21.5,8500,7614.58
VC-005967,SYNV-05967,Panamax,69353,14.0,Kolkata,9,True,Rough,94.7,12000,47350.0
VC-005969,SYNV-05969,Supramax,47007,13.1,Paradip,3,False,Rough,40.3,8500,14272.92
VC-005973,SYNV-05973,Handysize,16867,10.5,Paradip,9,True,Severe Storm,52.5,6000,13125.0
VC-005976,SYNV-05976,Handysize,27266,10.2,Dhamra,1,False,Calm,15.7,6000,3925.0
VC-005978,SYNV-05978,Handysize,25295,10.8,Kolkata,6,True,Severe Storm,94.5,6000,23625.0
VC-005980,SYNV-05980,Supramax,41434,12.7,Kolkata,5,False,Normal,54.9,8500,19443.75
VC-005981,SYNV-05981,Panamax,81974,12.3,Kamarajar,4,False,Normal,21.5,12000,10750.0
VC-005982,SYNV-05982,Supramax,49776,12.0,Kamarajar,5,True,Normal,33.8,8500,11970.83
VC-005984,SYNV-05984,Supramax,57830,11.9,Kolkata,7,True,Severe Storm,110.2,8500,39029.17
VC-005985,SYNV-05985,Capesize,159009,17.8,Chennai,10,True,Calm,25.4,18000,19050.0
VC-005987,SYNV-05987,Handysize,30814,10.1,Dhamra,5,False,Normal,20.8,6000,5200.0
VC-005988,SYNV-05988,Supramax,46187,12.8,Paradip,12,True,Rough,47.9,8500,16964.58
VC-005990,SYNV-05990,Panamax,95610,13.8,Kamarajar,3,False,Calm,32.2,12000,16100.0
VC-005993,SYNV-05993,Capesize,148992,16.5,Chennai,7,False,Calm,21.2,18000,15900.0
VC-005996,SYNV-05996,Capesize,164232,17.5,Dhamra,4,False,Normal,15.1,18000,11325.0
VC-005997,SYNV-05997,Handysize,24757,10.9,Vizag,8,False,Normal,25.5,6000,6375.0
VC-005999,SYNV-05999,Supramax,44335,12.8,Chennai,10,True,Rough,31.5,8500,11156.25
