record_id,port_name,vessel_class,voyage_month,weather_condition,freight_hedge_status,forecast_volatility_signal,market_risk_score,port_traffic_zscore,congestion_risk_score,ukc_margin_m,physical_clearance_risk_score,cyclone_seasonality_base_risk,weather_hazard_risk_score,composite_risk_score_0_100,risk_level
RSK-000005,Chennai,Supramax,5,Calm,Hedged,0.199,6.0,1.17,75.7,0.95,39.1,55,15.4,37.0,MODERATE
RSK-000006,Chennai,Panamax,10,Calm,Hedged,0.291,8.7,0.07,51.5,0.41,51.0,60,16.8,34.0,MODERATE
RSK-000007,Paradip,Panamax,6,Normal,Partially Hedged,0.216,14.0,2.2,98.4,2.99,0.0,30,14.7,32.4,MODERATE
RSK-000008,Vizag,Panamax,5,Normal,Hedged,0.348,10.4,-0.07,48.4,2.87,0.0,55,27.0,26.8,LOW
RSK-000009,Kamarajar,Panamax,6,Normal,Hedged,0.161,4.8,-0.64,36.0,1.74,21.6,30,14.7,23.0,LOW
RSK-000019,Chennai,Supramax,3,Normal,Partially Hedged,0.264,17.2,-1.07,26.4,3.43,0.0,8,3.9,11.4,LOW
RSK-000023,Kamarajar,Panamax,5,Severe Storm,Partially Hedged,0.278,18.0,0.08,51.7,1.02,37.5,55,69.3,44.6,MODERATE
RSK-000024,Kolkata,Panamax,5,Rough,Unhedged,0.158,15.8,1.47,82.3,1.34,30.5,55,46.2,46.4,MODERATE
RSK-000027,Kamarajar,Supramax,7,Normal,Unhedged,0.234,23.4,1.67,86.7,0.38,51.7,28,13.7,50.1,MODERATE
RSK-000029,Dhamra,Handysize,4,Rough,Hedged,0.069,2.1,0.29,56.3,2.06,14.7,20,16.8,23.7,LOW
RSK-000031,Paradip,Panamax,11,Rough,Hedged,0.18,5.4,-0.98,28.5,2.25,10.4,80,67.2,23.6,LOW
RSK-000036,Kolkata,Panamax,11,Calm,Hedged,0.331,9.9,-0.75,33.4,3.42,0.0,80,22.4,13.2,LOW
RSK-000037,Dhamra,Capesize,11,Normal,Hedged,0.426,12.8,-0.51,38.8,3.0,0.0,80,39.2,23.8,LOW
RSK-000038,Haldia,Supramax,5,Calm,Partially Hedged,0.288,18.7,-1.18,23.9,1.65,23.7,55,15.4,20.3,LOW
RSK-000039,Dhamra,Panamax,8,Calm,Hedged,0.224,6.7,-0.43,40.6,-0.36,68.0,28,7.8,37.1,MODERATE
RSK-000045,Kamarajar,Capesize,10,Rough,Hedged,0.176,5.3,0.35,57.7,0.38,51.7,60,50.4,38.3,MODERATE
RSK-000046,Chennai,Supramax,9,Normal,Hedged,0.432,13.0,0.29,56.3,2.72,0.2,30,14.7,29.0,LOW
RSK-000047,Paradip,Supramax,9,Calm,Hedged,0.284,8.5,1.63,85.8,3.25,0.0,30,8.4,26.7,LOW
RSK-000048,Chennai,Panamax,6,Calm,Unhedged,0.259,25.9,0.24,55.2,2.39,7.5,30,8.4,25.7,LOW
RSK-000052,Paradip,Handysize,10,Rough,Unhedged,0.165,16.5,1.22,76.9,3.38,0.0,60,50.4,40.5,MODERATE
RSK-000053,Kolkata,Supramax,4,Rough,Hedged,0.246,7.4,-1.43,18.5,0.12,57.3,20,16.8,27.5,LOW
RSK-000054,Dhamra,Panamax,2,Normal,Hedged,0.107,3.2,-0.86,31.0,2.23,11.0,5,2.4,14.5,LOW
RSK-000062,Haldia,Capesize,7,Normal,Unhedged,0.276,27.6,-1.89,8.3,2.85,0.0,28,13.7,8.9,LOW
RSK-000064,Paradip,Supramax,8,Normal,Hedged,0.338,10.1,-0.83,31.7,2.56,3.6,28,13.7,12.8,LOW
RSK-000065,Kolkata,Supramax,12,Normal,Unhedged,0.304,30.4,-0.03,49.2,2.21,11.4,45,22.0,29.8,LOW
RSK-000066,Haldia,Supramax,6,Normal,Hedged,0.179,5.4,-1.47,17.7,2.97,0.0,30,14.7,12.1,LOW
RSK-000067,Kamarajar,Capesize,2,Rough,Partially Hedged,0.05,3.2,0.58,62.7,0.6,46.8,5,4.2,35.3,MODERATE
RSK-000068,Kamarajar,Panamax,9,Rough,Hedged,0.182,5.5,1.52,83.5,3.07,0.0,30,25.2,30.3,MODERATE
RSK-000069,Dhamra,Panamax,7,Normal,Partially Hedged,0.272,17.7,-0.1,47.7,0.54,48.1,28,13.7,33.3,MODERATE
RSK-000070,Chennai,Capesize,8,Calm,Unhedged,0.266,26.6,-0.84,31.5,1.92,17.9,28,7.8,20.3,LOW
RSK-000074,Kamarajar,Capesize,4,Severe Storm,Hedged,0.225,6.7,0.1,52.2,0.43,50.4,20,25.2,35.7,MODERATE
RSK-000075,Vizag,Supramax,2,Calm,Unhedged,0.335,33.5,-1.83,9.7,2.6,2.8,5,1.4,13.0,LOW
RSK-000076,Dhamra,Supramax,10,Calm,Unhedged,0.254,25.4,0.7,65.4,2.56,3.7,60,16.8,30.9,MODERATE
RSK-000079,Dhamra,Capesize,11,Normal,Partially Hedged,0.256,16.6,-1.39,19.5,1.1,35.9,80,39.2,28.1,LOW
RSK-000084,Chennai,Panamax,7,Rough,Hedged,0.311,9.3,0.33,57.3,3.02,0.0,28,23.5,22.6,LOW
RSK-000086,Kamarajar,Supramax,9,Normal,Partially Hedged,0.26,16.9,0.87,69.0,3.36,0.0,30,14.7,23.3,LOW
RSK-000088,Chennai,Capesize,3,Calm,Hedged,0.189,5.7,-0.94,29.3,2.27,10.1,8,2.2,11.1,LOW
RSK-000090,Chennai,Capesize,8,Rough,Unhedged,0.286,28.6,0.24,55.3,3.99,0.0,28,23.5,28.1,LOW
RSK-000092,Chennai,Panamax,5,Calm,Hedged,0.247,7.4,0.55,62.1,0.84,41.5,55,15.4,32.8,MODERATE
RSK-000095,Kolkata,Supramax,5,Normal,Partially Hedged,0.347,22.6,-0.56,37.7,4.5,0.0,55,27.0,27.5,LOW
RSK-000096,Chennai,Panamax,12,Calm,Hedged,0.208,6.2,0.7,65.4,1.75,21.6,45,12.6,30.4,MODERATE
RSK-000098,Dhamra,Panamax,9,Normal,Hedged,0.391,11.7,2.18,97.9,2.03,15.4,30,14.7,33.7,MODERATE
RSK-000099,Kamarajar,Capesize,4,Rough,Hedged,0.08,2.4,0.38,58.3,0.04,59.2,20,16.8,37.1,MODERATE
RSK-000100,Kolkata,Handysize,7,Calm,Hedged,0.226,6.8,-0.67,35.2,-0.19,64.1,28,7.8,29.8,LOW
RSK-000102,Kolkata,Handysize,5,Rough,Partially Hedged,0.272,17.7,-1.19,23.8,1.51,26.7,55,46.2,34.3,MODERATE
RSK-000103,Kamarajar,Supramax,6,Normal,Partially Hedged,0.169,11.0,-0.23,45.0,3.19,0.0,30,14.7,20.0,LOW
RSK-000104,Vizag,Capesize,2,Severe Storm,Unhedged,0.288,28.8,-0.57,37.4,3.94,0.0,5,6.3,13.8,LOW
RSK-000109,Vizag,Supramax,9,Calm,Unhedged,0.404,40.4,0.47,60.3,2.51,4.8,30,8.4,32.3,MODERATE
RSK-000110,Vizag,Panamax,3,Calm,Hedged,0.301,9.0,-1.49,17.1,4.12,0.0,8,2.2,8.2,LOW
RSK-000112,Vizag,Capesize,7,Calm,Hedged,0.537,16.1,-1.11,25.6,1.4,29.3,28,7.8,18.1,LOW
RSK-000113,Dhamra,Handysize,7,Calm,Hedged,0.182,5.5,-1.05,26.8,1.38,29.6,28,7.8,12.1,LOW
RSK-000116,Paradip,Panamax,1,Rough,Partially Hedged,0.374,24.3,-0.66,35.4,1.8,20.5,10,8.4,31.0,MODERATE
RSK-000117,Haldia,Capesize,8,Normal,Hedged,0.401,12.0,-0.54,38.2,-0.26,65.8,28,13.7,32.8,MODERATE
RSK-000119,Dhamra,Handysize,8,Normal,Partially Hedged,0.459,29.8,-1.02,27.6,1.86,19.2,28,13.7,24.6,LOW
RSK-000121,Vizag,Handysize,5,Rough,Unhedged,0.346,34.6,-1.18,24.1,2.24,10.8,55,46.2,24.6,LOW
RSK-000124,Dhamra,Capesize,12,Normal,Hedged,0.228,6.8,-2.35,0.0,3.17,0.0,45,22.0,8.2,LOW
RSK-000127,Kolkata,Supramax,6,Normal,Hedged,0.351,10.5,-0.71,34.4,2.46,5.8,30,14.7,17.3,LOW
RSK-000131,Kamarajar,Supramax,12,Calm,Hedged,0.383,11.5,-2.49,0.0,2.82,0.0,45,12.6,2.3,LOW
RSK-000132,Kolkata,Supramax,12,Rough,Unhedged,0.317,31.7,-1.0,27.9,0.81,42.1,45,37.8,29.7,LOW
RSK-000133,Chennai,Capesize,1,Normal,Hedged,0.266,8.0,1.15,75.4,2.02,15.5,10,4.9,29.2,LOW
RSK-000136,Haldia,Panamax,11,Calm,Unhedged,0.214,21.4,-0.42,40.8,2.57,3.5,80,22.4,23.1,LOW
RSK-000137,Kolkata,Capesize,8,Calm,Hedged,0.058,1.7,0.41,59.0,1.06,36.8,28,7.8,26.7,LOW
RSK-000148,Vizag,Panamax,9,Rough,Hedged,0.484,14.5,2.54,100.0,0.1,57.8,30,25.2,54.0,MODERATE
RSK-000151,Kamarajar,Handysize,6,Rough,Partially Hedged,0.286,18.6,-0.14,46.9,1.6,24.8,30,25.2,32.2,MODERATE
RSK-000152,Haldia,Panamax,2,Normal,Unhedged,0.205,20.5,-0.54,38.2,1.12,35.4,5,2.4,26.4,LOW
RSK-000155,Kolkata,Capesize,2,Normal,Hedged,0.342,10.3,-0.67,35.2,0.62,46.3,5,2.4,25.3,LOW
RSK-000159,Vizag,Handysize,9,Normal,Hedged,0.302,9.1,-0.41,40.9,0.95,39.1,30,14.7,27.1,LOW
RSK-000160,Vizag,Panamax,1,Normal,Unhedged,0.265,26.5,-0.94,29.3,1.29,31.7,10,4.9,25.0,LOW
RSK-000164,Vizag,Panamax,9,Calm,Hedged,0.455,13.7,-0.04,49.2,0.05,58.8,30,8.4,32.0,MODERATE
RSK-000166,Paradip,Capesize,3,Normal,Partially Hedged,0.344,22.4,1.3,78.6,3.58,0.0,8,3.9,33.5,MODERATE
RSK-000170,Kamarajar,Supramax,11,Normal,Partially Hedged,0.304,19.7,0.47,60.3,1.08,36.2,80,39.2,42.3,MODERATE
RSK-000175,Chennai,Handysize,2,Normal,Unhedged,0.27,27.0,-0.22,45.2,2.11,13.6,5,2.4,24.7,LOW
RSK-000177,Kolkata,Panamax,12,Normal,Hedged,0.391,11.7,-0.66,35.4,2.81,0.0,45,22.0,18.5,LOW
RSK-000178,Haldia,Handysize,6,Calm,Partially Hedged,0.435,28.3,0.32,57.0,2.34,8.6,30,8.4,23.8,LOW
RSK-000179,Paradip,Handysize,4,Calm,Unhedged,0.118,11.8,0.97,71.4,5.51,0.0,20,5.6,27.6,LOW
RSK-000181,Kolkata,Panamax,5,Calm,Unhedged,0.151,15.1,0.07,51.5,1.08,36.3,55,15.4,27.5,LOW
RSK-000182,Kamarajar,Handysize,12,Normal,Unhedged,0.145,14.5,-1.8,10.4,2.24,10.8,45,22.0,15.1,LOW
RSK-000186,Dhamra,Capesize,11,Normal,Hedged,0.438,13.1,-2.41,0.0,5.4,0.0,80,39.2,7.7,LOW
RSK-000188,Kolkata,Capesize,5,Normal,Unhedged,0.189,18.9,1.61,85.5,4.07,0.0,55,27.0,40.4,MODERATE
RSK-000189,Vizag,Panamax,7,Normal,Unhedged,0.11,11.0,0.1,52.2,0.71,44.4,28,13.7,31.8,MODERATE
RSK-000190,Vizag,Panamax,10,Normal,Partially Hedged,0.276,17.9,1.33,79.3,0.99,38.3,60,29.4,42.7,MODERATE
RSK-000191,Kolkata,Capesize,5,Calm,Unhedged,0.292,29.2,1.8,89.5,1.02,37.5,55,15.4,47.3,MODERATE
RSK-000192,Kolkata,Capesize,6,Calm,Hedged,0.425,12.8,2.6,100.0,2.63,2.2,30,8.4,33.3,MODERATE
RSK-000200,Dhamra,Handysize,4,Rough,Unhedged,0.222,22.2,-1.0,28.0,2.37,7.9,20,16.8,19.0,LOW
RSK-000201,Haldia,Capesize,4,Calm,Hedged,0.263,7.9,-0.94,29.3,0.82,41.9,20,5.6,19.3,LOW
RSK-000202,Kolkata,Handysize,10,Normal,Hedged,0.24,7.2,-0.22,45.2,0.42,50.8,60,29.4,38.9,MODERATE
RSK-000203,Vizag,Handysize,11,Normal,Unhedged,0.255,25.5,0.79,67.4,5.52,0.0,80,39.2,30.8,MODERATE
RSK-000205,Dhamra,Handysize,8,Normal,Partially Hedged,0.295,19.2,0.51,61.2,0.11,57.5,28,13.7,46.4,MODERATE
RSK-000211,Vizag,Capesize,2,Normal,Partially Hedged,0.377,24.5,0.0,50.0,2.07,14.6,5,2.4,24.9,LOW
RSK-000213,Vizag,Supramax,6,Normal,Partially Hedged,0.108,7.0,-1.47,17.6,3.07,0.0,30,14.7,8.5,LOW
RSK-000214,Haldia,Capesize,7,Normal,Unhedged,0.282,28.2,2.41,100.0,2.89,0.0,28,13.7,38.7,MODERATE
RSK-000216,Dhamra,Supramax,8,Normal,Unhedged,0.276,27.6,0.12,52.5,0.48,49.4,28,13.7,39.7,MODERATE
RSK-000218,Chennai,Capesize,9,Calm,Unhedged,0.195,19.5,-1.14,25.0,0.55,47.9,30,8.4,23.4,LOW
RSK-000220,Chennai,Supramax,10,Normal,Hedged,0.188,5.7,-1.03,27.3,2.36,8.1,60,29.4,20.2,LOW
RSK-000226,Dhamra,Panamax,4,Calm,Partially Hedged,0.432,28.1,0.93,70.4,1.41,29.0,20,5.6,38.9,MODERATE
RSK-000227,Dhamra,Supramax,5,Normal,Partially Hedged,0.247,16.1,-0.57,37.5,2.13,13.2,55,27.0,17.6,LOW
RSK-000228,Kamarajar,Handysize,10,Calm,Hedged,0.239,7.2,-1.27,22.0,0.22,55.2,60,16.8,22.5,LOW
RSK-000233,Paradip,Handysize,4,Calm,Hedged,0.05,1.5,0.74,66.2,1.14,34.9,20,5.6,32.7,MODERATE
RSK-000234,Kolkata,Handysize,5,Rough,Unhedged,0.361,36.1,-1.02,27.6,1.2,33.7,55,46.2,41.7,MODERATE
RSK-000235,Vizag,Supramax,5,Severe Storm,Hedged,0.399,12.0,1.9,91.7,1.08,36.1,55,69.3,48.2,MODERATE
RSK-000237,Kolkata,Capesize,3,Normal,Unhedged,0.287,28.7,-0.7,34.5,3.04,0.0,8,3.9,23.7,LOW
RSK-000238,Chennai,Capesize,12,Rough,Hedged,0.418,12.5,-0.54,38.1,0.99,38.1,45,37.8,34.7,MODERATE
RSK-000240,Chennai,Capesize,6,Calm,Hedged,0.326,9.8,1.13,74.9,1.29,31.7,30,8.4,31.7,MODERATE
RSK-000243,Vizag,Capesize,10,Severe Storm,Hedged,0.194,5.8,0.27,56.0,2.26,10.3,60,75.6,40.2,MODERATE
RSK-000244,Paradip,Capesize,4,Normal,Unhedged,0.392,39.2,-0.84,31.5,1.53,26.4,20,9.8,33.5,MODERATE
RSK-000246,Haldia,Capesize,2,Severe Storm,Unhedged,0.223,22.3,-0.69,34.8,2.23,11.0,5,6.3,20.0,LOW
RSK-000248,Kamarajar,Supramax,11,Calm,Unhedged,0.143,14.3,-1.3,21.4,2.47,5.7,80,22.4,13.0,LOW
RSK-000249,Kamarajar,Handysize,7,Normal,Hedged,0.25,7.5,-1.19,23.7,3.33,0.0,28,13.7,12.7,LOW
RSK-000250,Chennai,Panamax,5,Rough,Partially Hedged,0.365,23.7,0.79,67.3,2.65,1.6,55,46.2,37.0,MODERATE
RSK-000253,Dhamra,Supramax,6,Normal,Unhedged,0.347,34.7,1.98,93.6,1.09,35.9,30,14.7,50.5,MODERATE
RSK-000256,Kamarajar,Handysize,8,Rough,Unhedged,0.28,28.0,1.23,77.0,2.16,12.5,28,23.5,37.4,MODERATE
RSK-000259,Vizag,Capesize,5,Rough,Partially Hedged,0.49,31.8,-0.97,28.7,2.9,0.0,55,46.2,22.8,LOW
RSK-000261,Vizag,Capesize,5,Normal,Unhedged,0.212,21.2,-0.42,40.7,1.03,37.3,55,27.0,33.8,MODERATE
RSK-000264,Dhamra,Supramax,10,Normal,Hedged,0.402,12.1,-1.2,23.6,0.98,38.3,60,29.4,30.2,MODERATE
RSK-000267,Kamarajar,Supramax,1,Normal,Partially Hedged,0.17,11.0,0.0,50.1,2.93,0.0,10,4.9,20.2,LOW
RSK-000269,Kamarajar,Handysize,6,Severe Storm,Hedged,0.291,8.7,-1.38,19.6,0.87,40.8,30,37.8,24.7,LOW
RSK-000270,Paradip,Panamax,10,Calm,Unhedged,0.359,35.9,-0.59,36.9,1.35,30.3,60,16.8,26.8,LOW
RSK-000271,Vizag,Handysize,12,Rough,Hedged,0.352,10.6,-0.41,40.9,2.31,9.1,45,37.8,21.4,LOW
RSK-000272,Kolkata,Capesize,9,Normal,Hedged,0.104,3.1,-1.15,24.7,3.27,0.0,30,14.7,16.3,LOW
RSK-000274,Vizag,Supramax,3,Normal,Hedged,0.315,9.5,-0.72,34.2,-1.08,83.8,8,3.9,36.8,MODERATE
RSK-000277,Kamarajar,Supramax,10,Rough,Hedged,0.185,5.5,-0.28,43.8,0.21,55.4,60,50.4,37.4,MODERATE
RSK-000279,Vizag,Panamax,9,Normal,Partially Hedged,0.214,13.9,-1.11,25.5,0.2,55.6,30,14.7,33.6,MODERATE
RSK-000281,Paradip,Supramax,11,Calm,Hedged,0.48,14.4,-0.63,36.2,2.7,0.5,80,22.4,15.3,LOW
RSK-000284,Dhamra,Supramax,7,Calm,Unhedged,0.188,18.8,1.34,79.4,0.2,55.6,28,7.8,47.5,MODERATE
RSK-000285,Paradip,Capesize,7,Severe Storm,Unhedged,0.327,32.7,0.82,68.0,2.37,7.8,28,35.3,40.6,MODERATE
RSK-000286,Haldia,Panamax,2,Severe Storm,Unhedged,0.303,30.3,-1.73,12.0,2.99,0.0,5,6.3,12.9,LOW
RSK-000289,Chennai,Capesize,7,Calm,Unhedged,0.351,35.1,-1.03,27.3,1.09,36.1,28,7.8,26.2,LOW
RSK-000291,Chennai,Handysize,9,Normal,Hedged,0.459,13.8,-2.09,4.0,3.67,0.0,30,14.7,6.8,LOW
RSK-000292,Dhamra,Supramax,1,Normal,Partially Hedged,0.242,15.7,-0.76,33.4,2.64,1.9,10,4.9,11.0,LOW
RSK-000293,Kamarajar,Capesize,12,Rough,Partially Hedged,0.201,13.1,-1.24,22.7,1.29,31.6,45,37.8,25.5,LOW
RSK-000294,Dhamra,Panamax,5,Calm,Unhedged,0.191,19.1,0.18,53.9,4.42,0.0,55,15.4,25.9,LOW
RSK-000295,Kamarajar,Panamax,8,Normal,Hedged,0.353,10.6,-0.84,31.5,2.08,14.2,28,13.7,16.5,LOW
RSK-000296,Kamarajar,Supramax,1,Normal,Unhedged,0.246,24.6,-0.89,30.5,3.14,0.0,10,4.9,13.2,LOW
RSK-000297,Haldia,Panamax,2,Normal,Unhedged,0.537,53.7,-1.09,25.9,3.24,0.0,5,2.4,22.4,LOW
RSK-000299,Kamarajar,Handysize,11,Rough,Hedged,0.295,8.9,0.46,60.1,2.9,0.0,80,67.2,27.6,LOW
RSK-000300,Dhamra,Supramax,5,Rough,Unhedged,0.381,38.1,-1.55,15.9,1.85,19.4,55,46.2,26.0,LOW
RSK-000301,Haldia,Panamax,11,Normal,Hedged,0.2,6.0,-0.14,46.9,-0.48,70.6,80,39.2,40.6,MODERATE
RSK-000303,Paradip,Supramax,3,Rough,Partially Hedged,0.237,15.4,1.17,75.8,0.82,42.1,8,6.7,42.8,MODERATE
RSK-000304,Vizag,Handysize,11,Normal,Unhedged,0.355,35.5,1.71,87.6,0.63,46.1,80,39.2,58.1,ELEVATED
RSK-000305,Haldia,Supramax,1,Normal,Hedged,0.181,5.4,-1.76,11.3,0.78,42.9,10,4.9,20.8,LOW
RSK-000306,Haldia,Handysize,6,Normal,Hedged,0.228,6.8,-0.08,48.1,2.37,7.9,30,14.7,17.8,LOW
RSK-000307,Chennai,Capesize,1,Calm,Partially Hedged,0.319,20.7,-0.29,43.6,3.33,0.0,10,2.8,18.8,LOW
RSK-000308,Chennai,Capesize,5,Calm,Unhedged,0.213,21.3,-0.44,40.3,2.97,0.0,55,15.4,22.4,LOW
RSK-000311,Paradip,Capesize,10,Rough,Unhedged,0.203,20.3,0.21,54.6,2.23,11.0,60,50.4,34.4,MODERATE
RSK-000315,Haldia,Capesize,9,Normal,Unhedged,0.446,44.6,-0.31,43.2,1.62,24.3,30,14.7,37.5,MODERATE
RSK-000317,Chennai,Supramax,3,Calm,Hedged,0.256,7.7,-1.29,21.6,0.13,57.2,8,2.2,22.2,LOW
RSK-000318,Kamarajar,Panamax,3,Normal,Unhedged,0.563,56.3,0.97,71.3,1.23,33.0,8,3.9,41.9,MODERATE
RSK-000319,Kamarajar,Capesize,9,Normal,Hedged,0.377,11.3,0.67,64.8,2.76,0.0,30,14.7,25.8,LOW
RSK-000321,Kolkata,Panamax,8,Calm,Hedged,0.288,8.6,-0.21,45.4,2.68,1.1,28,7.8,16.5,LOW
RSK-000322,Chennai,Supramax,3,Normal,Partially Hedged,0.269,17.5,-0.48,39.3,3.06,0.0,8,3.9,16.1,LOW
RSK-000323,Kolkata,Capesize,11,Calm,Unhedged,0.174,17.4,0.75,66.4,2.55,4.0,80,22.4,24.8,LOW
RSK-000326,Haldia,Panamax,10,Rough,Hedged,0.203,6.1,0.6,63.1,5.23,0.0,60,50.4,29.6,LOW
RSK-000327,Kamarajar,Handysize,3,Normal,Partially Hedged,0.209,13.6,1.52,83.5,1.67,23.3,8,3.9,32.7,MODERATE
RSK-000329,Paradip,Capesize,7,Normal,Partially Hedged,0.398,25.9,1.12,74.7,4.16,0.0,28,13.7,34.9,MODERATE
RSK-000333,Paradip,Supramax,8,Calm,Unhedged,0.27,27.0,-1.6,14.9,0.64,45.9,28,7.8,26.0,LOW
RSK-000335,Kolkata,Panamax,6,Calm,Unhedged,0.282,28.2,0.01,50.3,2.92,0.0,30,8.4,22.4,LOW
RSK-000337,Chennai,Capesize,2,Calm,Hedged,0.292,8.8,1.38,80.3,1.97,16.8,5,1.4,24.5,LOW
RSK-000338,Dhamra,Capesize,12,Rough,Partially Hedged,0.26,16.9,-0.97,28.6,4.73,0.0,45,37.8,21.9,LOW
RSK-000339,Vizag,Capesize,5,Normal,Hedged,0.175,5.2,-2.47,0.0,2.09,14.1,55,27.0,9.2,LOW
RSK-000340,Dhamra,Panamax,3,Rough,Unhedged,0.447,44.7,-2.1,3.8,3.52,0.0,8,6.7,12.0,LOW
RSK-000341,Kolkata,Panamax,2,Normal,Partially Hedged,0.333,21.6,-0.65,35.7,2.92,0.0,5,2.4,15.1,LOW
RSK-000342,Kolkata,Handysize,10,Rough,Unhedged,0.219,21.9,0.37,58.2,-0.03,60.6,60,50.4,44.1,MODERATE
RSK-000343,Vizag,Supramax,12,Normal,Partially Hedged,0.233,15.1,0.54,61.9,2.78,0.0,45,22.0,23.5,LOW
RSK-000346,Paradip,Handysize,11,Normal,Partially Hedged,0.205,13.3,-0.49,39.3,1.79,20.6,80,39.2,32.7,MODERATE
RSK-000349,Kamarajar,Supramax,11,Normal,Hedged,0.275,8.3,1.03,72.7,1.03,37.3,80,39.2,40.0,MODERATE
RSK-000352,Kamarajar,Supramax,2,Calm,Unhedged,0.36,36.0,-0.71,34.4,0.49,49.3,5,1.4,34.9,MODERATE
RSK-000353,Kamarajar,Panamax,9,Normal,Hedged,0.291,8.7,0.92,70.3,0.38,51.7,30,14.7,39.5,MODERATE
RSK-000354,Dhamra,Panamax,11,Severe Storm,Unhedged,0.283,28.3,-0.45,40.1,2.51,4.7,80,100.0,36.0,MODERATE
RSK-000355,Vizag,Capesize,3,Rough,Hedged,0.16,4.8,-1.66,13.5,2.31,9.2,8,6.7,10.3,LOW
RSK-000359,Kolkata,Panamax,4,Calm,Unhedged,0.331,33.1,0.82,68.0,0.48,49.4,20,5.6,43.7,MODERATE
RSK-000360,Kamarajar,Capesize,12,Normal,Unhedged,0.369,36.9,1.05,73.2,2.81,0.0,45,22.0,30.7,MODERATE
RSK-000363,Dhamra,Handysize,4,Severe Storm,Hedged,0.325,9.8,0.07,51.4,3.33,0.0,20,25.2,26.0,LOW
RSK-000365,Haldia,Panamax,3,Calm,Unhedged,0.288,28.8,-0.54,38.1,3.24,0.0,8,2.2,16.0,LOW
RSK-000366,Chennai,Capesize,11,Normal,Unhedged,0.326,32.6,-1.09,26.0,4.47,0.0,80,39.2,22.0,LOW
RSK-000370,Paradip,Panamax,5,Normal,Unhedged,0.222,22.2,1.49,82.7,2.6,2.8,55,27.0,36.6,MODERATE
RSK-000371,Paradip,Handysize,8,Severe Storm,Hedged,0.258,7.7,0.39,58.6,2.72,0.2,28,35.3,27.3,LOW
RSK-000374,Kolkata,Panamax,8,Calm,Partially Hedged,0.397,25.8,1.52,83.3,3.95,0.0,28,7.8,30.5,MODERATE
RSK-000375,Vizag,Capesize,5,Calm,Partially Hedged,0.34,22.1,0.06,51.2,1.77,21.1,55,15.4,33.1,MODERATE
RSK-000376,Chennai,Supramax,7,Normal,Partially Hedged,0.35,22.8,1.2,76.5,0.61,46.7,28,13.7,46.3,MODERATE
RSK-000378,Vizag,Supramax,5,Calm,Partially Hedged,0.379,24.6,1.09,73.9,0.97,38.6,55,15.4,40.9,MODERATE
RSK-000382,Paradip,Panamax,9,Calm,Unhedged,0.237,23.7,-0.87,30.9,0.26,54.3,30,8.4,26.9,LOW
RSK-000385,Paradip,Supramax,1,Normal,Hedged,0.247,7.4,0.61,63.5,2.42,6.8,10,4.9,21.1,LOW
RSK-000387,Kolkata,Panamax,3,Normal,Partially Hedged,0.09,5.9,0.75,66.5,0.92,39.8,8,3.9,29.2,LOW
RSK-000389,Haldia,Panamax,5,Rough,Hedged,0.274,8.2,0.21,54.6,2.52,4.5,55,46.2,27.3,LOW
RSK-000390,Haldia,Capesize,7,Calm,Unhedged,0.218,21.8,1.71,87.6,-1.52,93.4,28,7.8,54.6,MODERATE
RSK-000391,Kolkata,Panamax,5,Severe Storm,Hedged,0.424,12.7,1.71,87.7,3.19,0.0,55,69.3,42.7,MODERATE
RSK-000394,Paradip,Supramax,9,Normal,Hedged,0.376,11.3,-0.78,32.9,3.28,0.0,30,14.7,15.5,LOW
RSK-000397,Kolkata,Capesize,2,Rough,Unhedged,0.399,39.9,-0.43,40.6,1.64,24.0,5,4.2,27.6,LOW
RSK-000402,Chennai,Panamax,2,Normal,Unhedged,0.096,9.6,-2.52,0.0,-0.08,61.8,5,2.4,19.2,LOW
RSK-000403,Haldia,Supramax,10,Normal,Unhedged,0.07,7.0,-0.33,42.7,0.92,39.7,60,29.4,26.7,LOW
RSK-000405,Kamarajar,Capesize,10,Calm,Partially Hedged,0.168,10.9,1.1,74.2,0.98,38.5,60,16.8,34.5,MODERATE
RSK-000406,Haldia,Handysize,12,Calm,Unhedged,0.342,34.2,-0.02,49.5,3.21,0.0,45,12.6,26.2,LOW
RSK-000408,Vizag,Panamax,6,Severe Storm,Partially Hedged,0.368,23.9,2.52,100.0,2.03,15.3,30,37.8,47.3,MODERATE
RSK-000409,Kolkata,Capesize,10,Calm,Partially Hedged,0.261,17.0,0.62,63.5,2.21,11.4,60,16.8,31.5,MODERATE
RSK-000410,Kamarajar,Capesize,12,Calm,Hedged,0.214,6.4,-0.16,46.6,1.82,20.1,45,12.6,19.6,LOW
RSK-000411,Kolkata,Panamax,10,Normal,Partially Hedged,0.205,13.3,0.56,62.3,1.98,16.5,60,29.4,32.8,MODERATE
RSK-000412,Kamarajar,Capesize,4,Calm,Unhedged,0.483,48.3,-2.46,0.0,2.09,14.1,20,5.6,18.0,LOW
RSK-000414,Kolkata,Handysize,1,Calm,Unhedged,0.294,29.4,0.19,54.3,3.76,0.0,10,2.8,26.7,LOW
RSK-000415,Chennai,Panamax,10,Calm,Partially Hedged,0.242,15.8,-1.05,26.9,1.66,23.5,60,16.8,22.5,LOW
RSK-000416,Paradip,Supramax,2,Rough,Partially Hedged,0.272,17.7,3.51,100.0,3.3,0.0,5,4.2,36.8,MODERATE
RSK-000417,Kolkata,Panamax,3,Calm,Unhedged,0.328,32.8,0.2,54.3,4.5,0.0,8,2.2,20.8,LOW
RSK-000418,Chennai,Supramax,5,Rough,Hedged,0.05,1.5,0.15,53.4,1.55,25.8,55,46.2,34.1,MODERATE
RSK-000419,Dhamra,Capesize,1,Severe Storm,Unhedged,0.34,34.0,1.11,74.4,3.43,0.0,10,12.6,33.3,MODERATE
RSK-000420,Kolkata,Capesize,10,Calm,Hedged,0.351,10.5,0.11,52.5,1.43,28.4,60,16.8,28.9,LOW
RSK-000422,Paradip,Handysize,12,Rough,Partially Hedged,0.285,18.5,-0.34,42.6,0.56,47.7,45,37.8,40.8,MODERATE
RSK-000423,Kolkata,Capesize,8,Rough,Unhedged,0.368,36.8,-0.27,44.1,0.2,55.7,28,23.5,38.2,MODERATE
RSK-000424,Kamarajar,Capesize,11,Rough,Unhedged,0.38,38.0,1.09,74.0,2.42,6.8,80,67.2,46.9,MODERATE
RSK-000425,Dhamra,Panamax,6,Severe Storm,Unhedged,0.325,32.5,-0.36,42.2,0.16,56.4,30,37.8,39.4,MODERATE
RSK-000426,Paradip,Panamax,7,Normal,Partially Hedged,0.286,18.6,0.95,70.9,3.72,0.0,28,13.7,31.6,MODERATE
RSK-000427,Paradip,Panamax,10,Calm,Partially Hedged,0.327,21.3,1.13,74.8,1.37,29.8,60,16.8,44.5,MODERATE
RSK-000428,Paradip,Panamax,6,Normal,Unhedged,0.209,20.9,0.46,60.1,2.03,15.4,30,14.7,35.0,MODERATE
RSK-000430,Dhamra,Supramax,11,Normal,Hedged,0.303,9.1,0.23,55.0,2.85,0.0,80,39.2,29.4,LOW
RSK-000432,Dhamra,Capesize,5,Rough,Partially Hedged,0.531,34.5,-0.98,28.5,3.37,0.0,55,46.2,28.3,LOW
RSK-000434,Paradip,Capesize,11,Rough,Hedged,0.331,9.9,-0.1,47.9,0.89,40.4,80,67.2,39.4,MODERATE
RSK-000435,Haldia,Panamax,9,Rough,Unhedged,0.282,28.2,0.72,65.8,2.22,11.2,30,25.2,31.8,MODERATE
RSK-000436,Paradip,Panamax,8,Normal,Unhedged,0.172,17.2,-0.01,49.7,3.28,0.0,28,13.7,25.5,LOW
RSK-000438,Kamarajar,Supramax,11,Normal,Hedged,0.135,4.0,-0.7,34.6,3.51,0.0,80,39.2,22.3,LOW
RSK-000440,Kolkata,Supramax,5,Normal,Unhedged,0.275,27.5,-0.08,48.1,1.47,27.7,55,27.0,37.9,MODERATE
RSK-000441,Dhamra,Panamax,3,Calm,Unhedged,0.314,31.4,-1.91,7.9,1.22,33.2,8,2.2,20.8,LOW
RSK-000442,Kolkata,Handysize,8,Normal,Unhedged,0.348,34.8,-0.69,34.8,3.72,0.0,28,13.7,21.7,LOW
RSK-000444,Paradip,Panamax,8,Normal,Unhedged,0.211,21.1,1.6,85.2,2.41,7.0,28,13.7,36.8,MODERATE
RSK-000445,Vizag,Handysize,3,Rough,Unhedged,0.317,31.7,0.11,52.3,0.96,38.9,8,6.7,33.5,MODERATE
RSK-000452,Dhamra,Panamax,7,Normal,Unhedged,0.275,27.5,0.72,65.9,2.11,13.7,28,13.7,29.2,LOW
RSK-000453,Chennai,Capesize,1,Calm,Unhedged,0.325,32.5,1.24,77.4,3.32,0.0,10,2.8,33.1,MODERATE
RSK-000454,Haldia,Panamax,9,Normal,Partially Hedged,0.302,19.6,-0.44,40.3,2.13,13.2,30,14.7,20.8,LOW
RSK-000457,Kolkata,Panamax,1,Calm,Hedged,0.341,10.2,-0.25,44.6,2.25,10.4,10,2.8,19.3,LOW
RSK-000458,Haldia,Capesize,1,Severe Storm,Partially Hedged,0.131,8.5,1.33,79.2,-0.56,72.4,10,12.6,43.5,MODERATE
RSK-000459,Dhamra,Panamax,3,Rough,Hedged,0.291,8.7,-0.59,37.0,-0.34,67.5,8,6.7,30.5,MODERATE
RSK-000460,Chennai,Capesize,4,Calm,Partially Hedged,0.244,15.8,0.01,50.2,1.5,27.0,20,5.6,27.9,LOW
RSK-000464,Haldia,Handysize,3,Calm,Hedged,0.392,11.8,-0.05,48.9,1.51,26.7,8,2.2,23.4,LOW
RSK-000466,Dhamra,Supramax,4,Normal,Hedged,0.249,7.5,-0.5,39.0,2.43,6.5,20,9.8,14.7,LOW
RSK-000468,Paradip,Panamax,7,Normal,Hedged,0.225,6.8,0.56,62.3,4.33,0.0,28,13.7,27.1,LOW
RSK-000469,Vizag,Supramax,7,Calm,Hedged,0.332,9.9,-0.1,47.7,0.08,58.2,28,7.8,27.4,LOW
RSK-000471,Dhamra,Handysize,7,Normal,Hedged,0.188,5.6,-1.98,6.4,2.57,3.5,28,13.7,7.1,LOW
RSK-000473,Kolkata,Panamax,11,Calm,Hedged,0.369,11.1,1.88,91.5,1.52,26.5,80,22.4,40.3,MODERATE
RSK-000474,Vizag,Capesize,2,Normal,Partially Hedged,0.236,15.4,-2.38,0.0,2.38,7.7,5,2.4,8.0,LOW
RSK-000476,Kolkata,Supramax,4,Rough,Unhedged,0.277,27.7,0.45,59.8,0.67,45.2,20,16.8,40.6,MODERATE
RSK-000477,Chennai,Capesize,4,Normal,Hedged,0.119,3.6,1.18,75.9,2.79,0.0,20,9.8,27.7,LOW
RSK-000479,Dhamra,Handysize,2,Rough,Partially Hedged,0.296,19.3,-0.29,43.7,1.44,28.3,5,4.2,23.8,LOW
RSK-000482,Dhamra,Supramax,5,Calm,Unhedged,0.353,35.3,0.78,67.1,1.99,16.3,55,15.4,35.5,MODERATE
RSK-000485,Haldia,Supramax,3,Normal,Partially Hedged,0.243,15.8,3.47,100.0,2.09,14.0,8,3.9,36.6,MODERATE
RSK-000486,Chennai,Panamax,9,Rough,Partially Hedged,0.357,23.2,0.16,53.4,0.14,56.9,30,25.2,42.7,MODERATE
RSK-000488,Haldia,Capesize,10,Calm,Partially Hedged,0.194,12.6,1.0,72.0,-1.29,88.3,60,16.8,49.2,MODERATE
RSK-000489,Chennai,Supramax,10,Normal,Unhedged,0.294,29.4,-0.93,29.6,4.52,0.0,60,29.4,24.8,LOW
RSK-000490,Kolkata,Panamax,12,Normal,Unhedged,0.388,38.8,-0.21,45.3,1.66,23.4,45,22.0,34.5,MODERATE
RSK-000491,Vizag,Handysize,11,Calm,Hedged,0.213,6.4,0.56,62.4,1.08,36.2,80,22.4,36.7,MODERATE
RSK-000492,Kamarajar,Supramax,5,Normal,Unhedged,0.343,34.3,-2.98,0.0,3.09,0.0,55,27.0,13.2,LOW
RSK-000493,Haldia,Handysize,7,Calm,Unhedged,0.346,34.6,1.56,84.3,1.19,33.8,28,7.8,41.2,MODERATE
RSK-000494,Paradip,Panamax,5,Normal,Partially Hedged,0.285,18.5,-0.97,28.6,3.28,0.0,55,27.0,23.7,LOW
RSK-000495,Kamarajar,Supramax,8,Calm,Unhedged,0.242,24.2,-1.73,11.8,2.65,1.6,28,7.8,14.4,LOW
RSK-000501,Kolkata,Handysize,10,Calm,Partially Hedged,0.344,22.4,1.69,87.1,3.81,0.0,60,16.8,42.0,MODERATE
RSK-000502,Paradip,Panamax,5,Rough,Partially Hedged,0.282,18.3,-0.07,48.5,0.64,46.0,55,46.2,42.8,MODERATE
RSK-000504,Kolkata,Panamax,2,Normal,Hedged,0.232,7.0,-2.54,0.0,2.4,7.2,5,2.4,5.3,LOW
RSK-000506,Kamarajar,Handysize,10,Calm,Hedged,0.107,3.2,0.62,63.6,1.37,29.8,60,16.8,31.8,MODERATE
RSK-000511,Kolkata,Handysize,11,Normal,Unhedged,0.336,33.6,-0.59,37.1,-0.18,63.9,80,39.2,45.2,MODERATE
RSK-000514,Vizag,Handysize,4,Calm,Unhedged,0.333,33.3,-1.75,11.5,3.41,0.0,20,5.6,11.3,LOW
RSK-000516,Kamarajar,Capesize,12,Normal,Partially Hedged,0.302,19.6,0.9,69.8,3.33,0.0,45,22.0,28.1,LOW
RSK-000518,Paradip,Panamax,1,Rough,Hedged,0.399,12.0,2.31,100.0,3.56,0.0,10,8.4,36.7,MODERATE
RSK-000520,Kamarajar,Capesize,3,Rough,Partially Hedged,0.393,25.6,-0.22,45.2,2.28,9.7,8,6.7,27.2,LOW
RSK-000524,Chennai,Supramax,3,Calm,Hedged,0.288,8.6,1.35,79.8,1.43,28.5,8,2.2,32.2,MODERATE
RSK-000527,Haldia,Handysize,9,Rough,Unhedged,0.232,23.2,-1.42,18.8,3.28,0.0,30,25.2,15.7,LOW
RSK-000529,Dhamra,Panamax,3,Rough,Hedged,0.368,11.0,-0.75,33.5,3.94,0.0,8,6.7,18.1,LOW
RSK-000530,Kolkata,Capesize,2,Calm,Unhedged,0.3,30.0,1.26,77.8,0.12,57.4,5,1.4,48.2,MODERATE
RSK-000532,Haldia,Capesize,8,Rough,Unhedged,0.242,24.2,0.02,50.4,2.87,0.0,28,23.5,23.4,LOW
RSK-000534,Kolkata,Panamax,6,Calm,Partially Hedged,0.352,22.9,0.83,68.3,0.81,42.2,30,8.4,32.4,MODERATE
RSK-000538,Kamarajar,Handysize,12,Normal,Unhedged,0.159,15.9,-0.52,38.5,3.39,0.0,45,22.0,19.5,LOW
RSK-000539,Vizag,Capesize,5,Calm,Unhedged,0.42,42.0,0.06,51.3,3.36,0.0,55,15.4,25.9,LOW
RSK-000540,Kamarajar,Supramax,2,Normal,Partially Hedged,0.267,17.4,0.83,68.2,3.39,0.0,5,2.4,22.3,LOW
RSK-000541,Vizag,Handysize,12,Calm,Hedged,0.134,4.0,0.01,50.1,2.38,7.7,45,12.6,19.9,LOW
RSK-000542,Haldia,Supramax,9,Normal,Partially Hedged,0.136,8.8,0.05,51.0,0.89,40.3,30,14.7,29.2,LOW
RSK-000544,Vizag,Handysize,2,Calm,Unhedged,0.177,17.7,-1.04,27.1,1.39,29.4,5,1.4,21.0,LOW
RSK-000545,Dhamra,Panamax,12,Rough,Hedged,0.301,9.0,0.33,57.2,2.4,7.2,45,37.8,27.1,LOW
RSK-000548,Dhamra,Handysize,5,Normal,Hedged,0.238,7.1,0.11,52.5,3.18,0.0,55,27.0,23.9,LOW
RSK-000549,Kamarajar,Handysize,11,Normal,Partially Hedged,0.413,26.9,-0.35,42.3,0.9,40.3,80,39.2,38.2,MODERATE
RSK-000552,Kolkata,Capesize,3,Normal,Hedged,0.162,4.9,0.59,62.9,2.5,5.0,8,3.9,24.3,LOW
RSK-000553,Haldia,Handysize,4,Calm,Partially Hedged,0.145,9.5,-1.26,22.3,1.51,26.7,20,5.6,14.9,LOW
RSK-000555,Vizag,Handysize,9,Normal,Unhedged,0.302,30.2,1.73,88.0,3.58,0.0,30,14.7,34.4,MODERATE
RSK-000556,Kamarajar,Handysize,2,Normal,Unhedged,0.193,19.3,1.02,72.3,2.5,4.9,5,2.4,31.2,MODERATE
RSK-000558,Haldia,Capesize,4,Rough,Unhedged,0.367,36.7,-0.27,44.1,1.83,19.8,20,16.8,30.8,MODERATE
RSK-000559,Vizag,Capesize,2,Rough,Hedged,0.208,6.3,1.28,78.2,1.45,28.1,5,4.2,34.3,MODERATE
RSK-000560,Vizag,Supramax,6,Calm,Partially Hedged,0.24,15.6,0.05,51.2,0.15,56.6,30,8.4,36.0,MODERATE
RSK-000561,Vizag,Handysize,1,Normal,Hedged,0.095,2.8,-1.53,16.4,1.37,29.9,10,4.9,14.1,LOW
RSK-000563,Chennai,Panamax,4,Normal,Hedged,0.197,5.9,0.0,50.1,3.12,0.0,20,9.8,22.1,LOW
RSK-000566,Haldia,Supramax,2,Rough,Partially Hedged,0.186,12.1,-0.59,37.1,-0.07,61.6,5,4.2,31.8,MODERATE
RSK-000572,Haldia,Panamax,9,Normal,Unhedged,0.088,8.8,0.94,70.6,2.6,2.9,30,14.7,24.7,LOW
RSK-000575,Paradip,Handysize,11,Rough,Unhedged,0.221,22.1,0.04,50.9,3.75,0.0,80,67.2,32.3,MODERATE
RSK-000578,Kolkata,Capesize,5,Rough,Hedged,0.324,9.7,-1.16,24.5,1.39,29.3,55,46.2,23.3,LOW
RSK-000579,Dhamra,Capesize,8,Calm,Hedged,0.165,4.9,0.07,51.5,-0.24,65.3,28,7.8,33.0,MODERATE
RSK-000581,Kolkata,Capesize,2,Rough,Hedged,0.234,7.0,0.38,58.3,3.38,0.0,5,4.2,22.5,LOW
RSK-000582,Kolkata,Panamax,7,Normal,Hedged,0.263,7.9,1.16,75.6,1.44,28.2,28,13.7,33.7,MODERATE
RSK-000583,Paradip,Capesize,8,Calm,Partially Hedged,0.424,27.6,0.64,64.1,2.29,9.7,28,7.8,27.1,LOW
RSK-000585,Paradip,Panamax,5,Calm,Partially Hedged,0.117,7.6,-0.92,29.7,2.66,1.4,55,15.4,15.3,LOW
RSK-000590,Dhamra,Handysize,3,Severe Storm,Hedged,0.178,5.3,-0.2,45.5,2.35,8.4,8,10.1,22.3,LOW
RSK-000593,Chennai,Handysize,10,Normal,Hedged,0.193,5.8,-0.08,48.2,0.36,52.2,60,29.4,34.8,MODERATE
RSK-000594,Paradip,Supramax,6,Rough,Unhedged,0.241,24.1,0.5,60.9,2.32,8.9,30,25.2,34.9,MODERATE
RSK-000596,Vizag,Supramax,1,Severe Storm,Hedged,0.269,8.1,-1.84,9.5,0.82,41.9,10,12.6,17.7,LOW
RSK-000597,Paradip,Handysize,6,Normal,Unhedged,0.264,26.4,0.46,60.1,2.44,6.4,30,14.7,30.3,MODERATE
RSK-000598,Kolkata,Capesize,9,Calm,Unhedged,0.265,26.5,-1.14,24.9,4.59,0.0,30,8.4,13.9,LOW
RSK-000601,Vizag,Panamax,1,Normal,Unhedged,0.38,38.0,-0.93,29.6,1.22,33.2,10,4.9,26.3,LOW
RSK-000602,Haldia,Handysize,6,Severe Storm,Unhedged,0.514,51.4,0.75,66.4,2.89,0.0,30,37.8,35.6,MODERATE
RSK-000603,Haldia,Capesize,2,Severe Storm,Partially Hedged,0.278,18.1,-0.16,46.4,1.16,34.4,5,6.3,23.6,LOW
RSK-000606,Paradip,Panamax,8,Rough,Unhedged,0.384,38.4,-2.62,0.0,1.83,19.8,28,23.5,24.9,LOW
RSK-000609,Dhamra,Handysize,7,Normal,Unhedged,0.37,37.0,-0.48,39.5,4.97,0.0,28,13.7,24.7,LOW
RSK-000611,Vizag,Capesize,2,Rough,Hedged,0.371,11.1,0.05,51.1,4.17,0.0,5,4.2,18.1,LOW
RSK-000613,Kamarajar,Handysize,5,Calm,Hedged,0.344,10.3,-0.91,29.9,3.12,0.0,55,15.4,20.1,LOW
RSK-000614,Chennai,Panamax,3,Normal,Unhedged,0.078,7.8,0.61,63.5,1.99,16.3,8,3.9,26.3,LOW
RSK-000616,Haldia,Capesize,1,Normal,Partially Hedged,0.282,18.4,0.51,61.2,-0.48,70.5,10,4.9,39.7,MODERATE
RSK-000618,Haldia,Supramax,3,Rough,Partially Hedged,0.246,16.0,2.04,95.0,2.04,15.1,8,6.7,38.3,MODERATE
RSK-000619,Chennai,Supramax,8,Calm,Partially Hedged,0.229,14.9,0.79,67.4,-1.17,85.8,28,7.8,43.4,MODERATE
RSK-000621,Kamarajar,Supramax,3,Normal,Unhedged,0.33,33.0,1.31,78.7,1.68,23.0,8,3.9,37.7,MODERATE
RSK-000624,Kolkata,Panamax,1,Calm,Hedged,0.173,5.2,-1.53,16.3,1.74,21.7,10,2.8,10.6,LOW
RSK-000625,Vizag,Handysize,9,Rough,Hedged,0.273,8.2,0.77,66.9,1.35,30.4,30,25.2,30.6,MODERATE
RSK-000626,Paradip,Capesize,12,Calm,Unhedged,0.36,36.0,-0.76,33.3,3.17,0.0,45,12.6,17.9,LOW
RSK-000627,Kamarajar,Capesize,6,Calm,Unhedged,0.247,24.7,0.31,56.8,0.55,47.9,30,8.4,36.5,MODERATE
RSK-000629,Paradip,Capesize,12,Normal,Unhedged,0.154,15.4,1.65,86.3,3.36,0.0,45,22.0,32.3,MODERATE
RSK-000630,Kamarajar,Handysize,9,Calm,Unhedged,0.32,32.0,0.64,64.0,2.4,7.2,30,8.4,31.4,MODERATE
RSK-000634,Chennai,Handysize,5,Normal,Partially Hedged,0.2,13.0,-1.48,17.5,0.21,55.4,55,27.0,25.5,LOW
RSK-000637,Chennai,Handysize,3,Calm,Unhedged,0.36,36.0,0.45,60.0,0.43,50.6,8,2.2,36.7,MODERATE
RSK-000638,Vizag,Capesize,11,Normal,Hedged,0.259,7.8,-2.42,0.0,0.3,53.4,80,39.2,24.3,LOW
RSK-000640,Kamarajar,Handysize,7,Normal,Unhedged,0.264,26.4,-0.11,47.5,0.17,56.2,28,13.7,34.6,MODERATE
RSK-000641,Haldia,Panamax,3,Rough,Hedged,0.262,7.9,0.55,62.0,2.57,3.6,8,6.7,26.3,LOW
RSK-000642,Kamarajar,Capesize,2,Rough,Hedged,0.465,13.9,1.0,71.9,0.74,43.7,5,4.2,35.7,MODERATE
RSK-000643,Kamarajar,Capesize,4,Calm,Hedged,0.093,2.8,1.09,74.0,2.52,4.6,20,5.6,22.9,LOW
RSK-000644,Paradip,Supramax,4,Normal,Partially Hedged,0.377,24.5,-1.72,12.2,3.66,0.0,20,9.8,10.5,LOW
RSK-000648,Kolkata,Panamax,5,Calm,Unhedged,0.291,29.1,2.0,94.1,1.53,26.4,55,15.4,37.9,MODERATE
RSK-000651,Haldia,Handysize,12,Rough,Unhedged,0.256,25.6,-0.2,45.6,0.56,47.7,45,37.8,37.2,MODERATE
RSK-000654,Kolkata,Handysize,1,Calm,Unhedged,0.4,40.0,2.59,100.0,1.69,22.8,10,2.8,47.0,MODERATE
RSK-000655,Haldia,Capesize,9,Calm,Partially Hedged,0.342,22.3,-0.64,35.9,3.47,0.0,30,8.4,21.8,LOW
RSK-000656,Kamarajar,Capesize,4,Severe Storm,Unhedged,0.326,32.6,-1.09,26.1,3.9,0.0,20,25.2,20.5,LOW
RSK-000657,Paradip,Capesize,12,Calm,Partially Hedged,0.358,23.2,1.34,79.5,2.75,0.0,45,12.6,29.8,LOW
RSK-000660,Haldia,Supramax,4,Normal,Hedged,0.191,5.7,-0.85,31.2,1.7,22.6,20,9.8,18.9,LOW
RSK-000661,Chennai,Panamax,11,Calm,Unhedged,0.456,45.6,-0.67,35.2,2.4,7.3,80,22.4,32.9,MODERATE
RSK-000665,Haldia,Panamax,2,Normal,Unhedged,0.373,37.3,-0.76,33.3,3.35,0.0,5,2.4,14.0,LOW
RSK-000666,Vizag,Supramax,11,Calm,Partially Hedged,0.213,13.8,0.41,59.1,0.64,45.9,80,22.4,37.4,MODERATE
RSK-000668,Kolkata,Supramax,12,Normal,Unhedged,0.271,27.1,-0.71,34.3,1.03,37.4,45,22.0,27.6,LOW
RSK-000670,Vizag,Capesize,11,Calm,Unhedged,0.28,28.0,-0.83,31.8,2.66,1.5,80,22.4,19.6,LOW
RSK-000671,Paradip,Capesize,9,Calm,Hedged,0.336,10.1,-0.3,43.3,3.16,0.0,30,8.4,16.5,LOW
RSK-000672,Vizag,Handysize,10,Severe Storm,Partially Hedged,0.322,20.9,-0.87,30.9,1.46,27.8,60,75.6,35.0,MODERATE
RSK-000673,Paradip,Handysize,2,Calm,Hedged,0.316,9.5,-1.77,11.1,2.17,12.3,5,1.4,12.2,LOW
RSK-000676,Haldia,Handysize,3,Normal,Hedged,0.255,7.7,-0.95,29.2,2.89,0.0,8,3.9,12.3,LOW
RSK-000677,Kamarajar,Panamax,9,Rough,Partially Hedged,0.236,15.3,-0.42,40.8,2.13,13.2,30,25.2,23.9,LOW
RSK-000679,Kamarajar,Handysize,2,Normal,Unhedged,0.323,32.3,-0.57,37.4,4.99,0.0,5,2.4,21.6,LOW
RSK-000680,Haldia,Capesize,4,Normal,Hedged,0.395,11.8,0.66,64.5,3.61,0.0,20,9.8,28.7,LOW
RSK-000681,Kolkata,Handysize,2,Severe Storm,Unhedged,0.426,42.6,0.74,66.3,0.67,45.3,5,6.3,42.3,MODERATE
RSK-000684,Kamarajar,Capesize,12,Rough,Unhedged,0.454,45.4,-0.33,42.8,3.82,0.0,45,37.8,36.6,MODERATE
RSK-000686,Chennai,Supramax,4,Rough,Hedged,0.43,12.9,-2.55,0.0,1.18,34.1,20,16.8,16.9,LOW
RSK-000689,Paradip,Panamax,12,Calm,Hedged,0.319,9.6,-0.96,28.8,2.12,13.4,45,12.6,17.8,LOW
RSK-000691,Kolkata,Supramax,9,Normal,Hedged,0.186,5.6,2.45,100.0,2.73,0.0,30,14.7,40.3,MODERATE
RSK-000693,Paradip,Handysize,8,Normal,Unhedged,0.137,13.7,0.12,52.7,2.73,0.0,28,13.7,18.1,LOW
RSK-000695,Kolkata,Panamax,9,Rough,Hedged,0.269,8.1,1.32,79.0,0.98,38.5,30,25.2,41.6,MODERATE
RSK-000699,Dhamra,Handysize,9,Normal,Hedged,0.273,8.2,1.08,73.8,1.51,26.9,30,14.7,30.5,MODERATE
RSK-000701,Haldia,Capesize,8,Normal,Unhedged,0.273,27.3,1.38,80.5,4.11,0.0,28,13.7,35.0,MODERATE
RSK-000705,Paradip,Handysize,7,Normal,Partially Hedged,0.311,20.2,-1.98,6.4,2.22,11.2,28,13.7,9.9,LOW
RSK-000706,Vizag,Panamax,7,Rough,Partially Hedged,0.299,19.4,-0.09,48.1,-0.46,70.1,28,23.5,43.5,MODERATE
RSK-000708,Kolkata,Panamax,9,Calm,Partially Hedged,0.334,21.7,-0.53,38.3,0.23,54.9,30,8.4,29.9,LOW
RSK-000709,Kamarajar,Panamax,9,Normal,Partially Hedged,0.282,18.3,0.24,55.2,4.65,0.0,30,14.7,22.2,LOW
RSK-000710,Paradip,Handysize,1,Normal,Unhedged,0.299,29.9,0.18,54.0,1.39,29.4,10,4.9,33.7,MODERATE
RSK-000712,Chennai,Handysize,10,Normal,Hedged,0.355,10.7,1.41,81.0,1.71,22.3,60,29.4,39.0,MODERATE
RSK-000717,Paradip,Handysize,6,Calm,Unhedged,0.439,43.9,1.45,81.9,-0.11,62.4,30,8.4,48.7,MODERATE
RSK-000719,Chennai,Panamax,5,Calm,Unhedged,0.329,32.9,0.78,67.1,1.68,23.0,55,15.4,36.2,MODERATE
RSK-000722,Paradip,Supramax,12,Calm,Partially Hedged,0.401,26.1,0.91,70.0,1.07,36.5,45,12.6,35.8,MODERATE
RSK-000723,Kolkata,Panamax,8,Normal,Hedged,0.097,2.9,-0.28,43.8,2.01,15.7,28,13.7,20.9,LOW
RSK-000724,Kolkata,Capesize,7,Normal,Unhedged,0.226,22.6,-1.94,7.4,2.32,9.0,28,13.7,15.4,LOW
RSK-000725,Paradip,Capesize,6,Rough,Unhedged,0.313,31.3,-1.16,24.4,1.17,34.2,30,25.2,24.1,LOW
RSK-000728,Paradip,Panamax,2,Calm,Partially Hedged,0.434,28.2,2.01,94.2,0.51,48.9,5,1.4,45.8,MODERATE
RSK-000729,Chennai,Handysize,2,Rough,Partially Hedged,0.465,30.2,1.17,75.7,2.6,2.9,5,4.2,32.5,MODERATE
RSK-000732,Chennai,Handysize,12,Normal,Hedged,0.323,9.7,0.12,52.6,0.42,50.7,45,22.0,37.9,MODERATE
RSK-000734,Kolkata,Capesize,2,Calm,Partially Hedged,0.221,14.4,0.34,57.4,-0.51,71.2,5,1.4,41.1,MODERATE
RSK-000736,Chennai,Supramax,5,Calm,Unhedged,0.178,17.8,0.54,61.9,0.04,59.2,55,15.4,43.1,MODERATE
RSK-000738,Dhamra,Handysize,9,Normal,Hedged,0.183,5.5,1.02,72.4,3.07,0.0,30,14.7,29.7,LOW
RSK-000740,Kamarajar,Supramax,3,Calm,Partially Hedged,0.309,20.1,0.63,63.9,4.12,0.0,8,2.2,19.4,LOW
RSK-000745,Haldia,Panamax,3,Calm,Hedged,0.135,4.1,0.61,63.4,2.32,8.9,8,2.2,24.3,LOW
RSK-000746,Vizag,Supramax,5,Normal,Unhedged,0.113,11.3,0.52,61.5,3.08,0.0,55,27.0,26.5,LOW
RSK-000747,Vizag,Supramax,12,Severe Storm,Unhedged,0.456,45.6,0.28,56.1,1.87,19.0,45,56.7,40.5,MODERATE
RSK-000749,Paradip,Panamax,7,Normal,Unhedged,0.164,16.4,1.48,82.6,3.5,0.0,28,13.7,29.6,LOW
RSK-000750,Kamarajar,Supramax,6,Normal,Partially Hedged,0.398,25.9,-2.5,0.0,3.3,0.0,30,14.7,9.2,LOW
RSK-000753,Kamarajar,Handysize,7,Severe Storm,Partially Hedged,0.228,14.8,-2.27,0.2,4.79,0.0,28,35.3,13.7,LOW
RSK-000759,Kamarajar,Handysize,1,Normal,Unhedged,0.256,25.6,-0.4,41.2,1.96,17.0,10,4.9,24.7,LOW
RSK-000765,Kamarajar,Capesize,11,Normal,Hedged,0.213,6.4,-1.64,13.9,1.12,35.3,80,39.2,20.9,LOW
RSK-000771,Vizag,Panamax,3,Severe Storm,Hedged,0.251,7.5,1.91,92.0,4.26,0.0,8,10.1,33.9,MODERATE
RSK-000773,Dhamra,Supramax,6,Severe Storm,Partially Hedged,0.329,21.4,0.8,67.6,1.06,36.8,30,37.8,41.1,MODERATE
RSK-000774,Kolkata,Panamax,10,Normal,Unhedged,0.382,38.2,2.08,95.8,3.55,0.0,60,29.4,47.2,MODERATE
RSK-000775,Kolkata,Handysize,10,Calm,Partially Hedged,0.312,20.3,-0.14,46.9,1.41,29.0,60,16.8,28.2,LOW
RSK-000776,Dhamra,Panamax,8,Normal,Hedged,0.278,8.3,0.12,52.6,2.44,6.3,28,13.7,24.4,LOW
RSK-000777,Kamarajar,Handysize,7,Calm,Partially Hedged,0.086,5.6,1.69,87.2,-0.37,68.2,28,7.8,47.6,MODERATE
RSK-000779,Paradip,Capesize,5,Calm,Partially Hedged,0.153,9.9,2.55,100.0,1.3,31.3,55,15.4,43.3,MODERATE
RSK-000781,Kamarajar,Supramax,12,Normal,Unhedged,0.33,33.0,-0.08,48.2,0.3,53.5,45,22.0,40.6,MODERATE
RSK-000782,Kamarajar,Panamax,12,Rough,Hedged,0.315,9.4,1.26,77.8,1.53,26.4,45,37.8,35.8,MODERATE
RSK-000783,Dhamra,Handysize,7,Normal,Unhedged,0.208,20.8,-0.37,41.8,1.84,19.5,28,13.7,24.4,LOW
RSK-000785,Chennai,Capesize,5,Calm,Partially Hedged,0.224,14.6,-1.13,25.0,-0.26,65.8,55,15.4,36.0,MODERATE
RSK-000787,Chennai,Handysize,11,Calm,Unhedged,0.4,40.0,-2.25,0.5,1.87,18.8,80,22.4,18.2,LOW
RSK-000788,Paradip,Capesize,3,Normal,Partially Hedged,0.199,12.9,-0.21,45.3,1.39,29.5,8,3.9,20.1,LOW
RSK-000789,Dhamra,Supramax,7,Rough,Partially Hedged,0.283,18.4,0.1,52.1,1.86,19.0,28,23.5,36.2,MODERATE
RSK-000792,Dhamra,Handysize,12,Normal,Hedged,0.481,14.4,0.07,51.5,-0.19,64.1,45,22.0,41.4,MODERATE
RSK-000793,Vizag,Capesize,11,Normal,Unhedged,0.404,40.4,0.83,68.3,0.68,45.0,80,39.2,57.3,ELEVATED
RSK-000795,Kolkata,Supramax,10,Normal,Unhedged,0.375,37.5,-0.39,41.5,2.04,15.2,60,29.4,32.5,MODERATE
RSK-000799,Chennai,Capesize,6,Calm,Hedged,0.297,8.9,0.14,53.2,3.37,0.0,30,8.4,22.5,LOW
RSK-000802,Chennai,Capesize,5,Rough,Hedged,0.221,6.6,-1.11,25.6,2.62,2.4,55,46.2,14.6,LOW
RSK-000803,Chennai,Supramax,9,Calm,Partially Hedged,0.23,15.0,0.43,59.4,1.79,20.7,30,8.4,26.8,LOW
RSK-000805,Paradip,Supramax,8,Rough,Hedged,0.124,3.7,1.63,85.8,2.47,5.6,28,23.5,31.1,MODERATE
RSK-000806,Kolkata,Supramax,7,Rough,Unhedged,0.337,33.7,-0.43,40.5,0.24,54.7,28,23.5,37.2,MODERATE
RSK-000807,Dhamra,Handysize,9,Rough,Unhedged,0.462,46.2,1.05,73.1,0.86,41.2,30,25.2,49.4,MODERATE
RSK-000809,Vizag,Panamax,3,Normal,Partially Hedged,0.39,25.4,0.73,66.1,0.79,42.6,8,3.9,42.5,MODERATE
RSK-000813,Paradip,Panamax,8,Rough,Hedged,0.251,7.5,-0.06,48.8,3.46,0.0,28,23.5,24.8,LOW
RSK-000818,Haldia,Handysize,8,Rough,Partially Hedged,0.322,21.0,1.03,72.7,1.52,26.5,28,23.5,32.9,MODERATE
RSK-000819,Dhamra,Panamax,8,Normal,Hedged,0.466,14.0,0.24,55.3,1.05,36.8,28,13.7,30.7,MODERATE
RSK-000821,Haldia,Supramax,4,Severe Storm,Unhedged,0.1,10.0,-1.49,17.2,0.83,41.7,20,25.2,26.2,LOW
RSK-000824,Kamarajar,Panamax,12,Calm,Partially Hedged,0.201,13.1,0.47,60.4,1.6,24.7,45,12.6,36.1,MODERATE
RSK-000828,Kolkata,Handysize,1,Calm,Hedged,0.418,12.6,1.5,82.9,0.61,46.6,10,2.8,48.4,MODERATE
RSK-000829,Vizag,Panamax,1,Normal,Partially Hedged,0.154,10.0,0.06,51.2,3.48,0.0,10,4.9,19.7,LOW
RSK-000831,Kamarajar,Panamax,7,Rough,Unhedged,0.329,32.9,-0.06,48.6,0.55,47.9,28,23.5,37.5,MODERATE
RSK-000837,Kamarajar,Capesize,2,Normal,Partially Hedged,0.175,11.4,0.49,60.8,1.21,33.3,5,2.4,31.2,MODERATE
RSK-000838,Vizag,Handysize,2,Rough,Partially Hedged,0.203,13.2,-0.94,29.3,2.22,11.1,5,4.2,17.9,LOW
RSK-000841,Dhamra,Panamax,2,Normal,Unhedged,0.148,14.8,-0.17,46.2,0.98,38.4,5,2.4,31.8,MODERATE
RSK-000847,Chennai,Capesize,10,Calm,Unhedged,0.326,32.6,-1.75,11.6,0.25,54.4,60,16.8,31.0,MODERATE
RSK-000849,Vizag,Handysize,1,Severe Storm,Unhedged,0.281,28.1,-1.05,26.9,3.73,0.0,10,12.6,12.2,LOW
RSK-000853,Haldia,Panamax,4,Normal,Partially Hedged,0.418,27.2,2.43,100.0,1.68,22.9,20,9.8,47.4,MODERATE
RSK-000854,Haldia,Panamax,1,Normal,Unhedged,0.435,43.5,-0.46,39.9,1.89,18.3,10,4.9,27.3,LOW
RSK-000857,Kamarajar,Supramax,7,Normal,Partially Hedged,0.109,7.1,0.87,69.2,1.87,19.0,28,13.7,28.1,LOW
RSK-000858,Kamarajar,Capesize,10,Normal,Unhedged,0.355,35.5,-0.77,33.0,0.63,46.2,60,29.4,32.1,MODERATE
RSK-000859,Kamarajar,Panamax,3,Calm,Partially Hedged,0.382,24.8,-0.48,39.3,1.08,36.2,8,2.2,21.5,LOW
RSK-000863,Paradip,Capesize,2,Severe Storm,Unhedged,0.283,28.3,-0.76,33.2,1.37,30.0,5,6.3,22.6,LOW
RSK-000864,Paradip,Capesize,3,Normal,Unhedged,0.386,38.6,-1.4,19.2,1.87,18.8,8,3.9,19.0,LOW
RSK-000867,Haldia,Panamax,6,Normal,Hedged,0.345,10.4,1.36,80.0,1.57,25.5,30,14.7,37.1,MODERATE
RSK-000870,Chennai,Panamax,12,Normal,Hedged,0.301,9.0,-0.15,46.7,1.64,23.8,45,22.0,27.1,LOW
RSK-000872,Kolkata,Panamax,1,Rough,Hedged,0.359,10.8,1.91,92.1,0.59,46.9,10,8.4,45.4,MODERATE
RSK-000873,Kamarajar,Capesize,12,Severe Storm,Unhedged,0.176,17.6,-0.35,42.4,2.25,10.5,45,56.7,26.8,LOW
RSK-000874,Haldia,Supramax,1,Rough,Hedged,0.31,9.3,1.93,92.6,2.01,15.9,10,8.4,34.6,MODERATE
RSK-000875,Dhamra,Panamax,5,Calm,Unhedged,0.384,38.4,0.26,55.8,2.57,3.5,55,15.4,30.7,MODERATE
RSK-000877,Kamarajar,Capesize,12,Normal,Partially Hedged,0.353,23.0,1.53,83.7,1.78,20.8,45,22.0,42.5,MODERATE
RSK-000879,Vizag,Panamax,6,Normal,Partially Hedged,0.259,16.8,2.28,100.0,1.05,36.8,30,14.7,47.5,MODERATE
RSK-000880,Kolkata,Handysize,11,Normal,Unhedged,0.254,25.4,-1.97,6.7,1.31,31.3,80,39.2,27.5,LOW
RSK-000881,Dhamra,Panamax,4,Calm,Partially Hedged,0.32,20.8,0.32,57.1,1.22,33.1,20,5.6,30.5,MODERATE
RSK-000885,Vizag,Capesize,2,Calm,Hedged,0.071,2.1,-0.28,43.8,0.25,54.5,5,1.4,31.7,MODERATE
RSK-000888,Paradip,Panamax,5,Normal,Hedged,0.225,6.8,-0.09,48.0,3.22,0.0,55,27.0,24.2,LOW
RSK-000889,Paradip,Supramax,8,Rough,Unhedged,0.335,33.5,-0.01,49.7,2.63,2.2,28,23.5,24.6,LOW
RSK-000894,Dhamra,Capesize,7,Normal,Hedged,0.361,10.8,1.34,79.5,2.49,5.1,28,13.7,34.5,MODERATE
RSK-000895,Kolkata,Handysize,11,Normal,Partially Hedged,0.271,17.6,-0.59,37.0,1.27,32.0,80,39.2,31.6,MODERATE
RSK-000897,Haldia,Capesize,11,Normal,Partially Hedged,0.146,9.5,-1.36,20.2,3.2,0.0,80,39.2,13.5,LOW
RSK-000899,Kolkata,Capesize,12,Calm,Partially Hedged,0.22,14.3,0.95,70.9,2.09,13.9,45,12.6,30.7,MODERATE
RSK-000900,Haldia,Supramax,12,Rough,Unhedged,0.1,10.0,-0.35,42.2,1.69,22.8,45,37.8,39.7,MODERATE
RSK-000903,Kolkata,Capesize,10,Normal,Unhedged,0.295,29.5,-1.56,15.8,0.63,46.2,60,29.4,30.5,MODERATE
RSK-000904,Dhamra,Handysize,1,Normal,Partially Hedged,0.198,12.9,0.69,65.2,1.11,35.6,10,4.9,30.1,MODERATE
RSK-000905,Haldia,Supramax,3,Normal,Unhedged,0.276,27.6,-0.28,43.8,3.21,0.0,8,3.9,19.7,LOW
RSK-000907,Haldia,Handysize,12,Normal,Partially Hedged,0.241,15.6,0.1,52.1,2.17,12.3,45,22.0,28.8,LOW
RSK-000908,Kolkata,Supramax,4,Normal,Hedged,0.286,8.6,-0.9,30.2,4.19,0.0,20,9.8,11.7,LOW
RSK-000909,Dhamra,Handysize,11,Severe Storm,Unhedged,0.481,48.1,-0.26,44.2,0.37,51.8,80,100.0,58.5,ELEVATED
RSK-000912,Chennai,Handysize,3,Calm,Partially Hedged,0.216,14.0,0.21,54.6,2.31,9.2,8,2.2,21.1,LOW
RSK-000913,Haldia,Capesize,7,Normal,Unhedged,0.273,27.3,-1.67,13.3,2.05,14.8,28,13.7,16.9,LOW
RSK-000914,Paradip,Handysize,3,Normal,Partially Hedged,0.408,26.5,-1.53,16.4,3.6,0.0,8,3.9,12.9,LOW
RSK-000915,Vizag,Supramax,9,Normal,Hedged,0.331,9.9,-0.49,39.2,1.09,36.0,30,14.7,24.8,LOW
RSK-000917,Chennai,Panamax,5,Calm,Unhedged,0.301,30.1,-1.58,15.1,0.62,46.4,55,15.4,30.2,MODERATE
RSK-000925,Chennai,Handysize,7,Calm,Partially Hedged,0.187,12.2,-0.89,30.3,2.31,9.2,28,7.8,15.1,LOW
RSK-000928,Haldia,Supramax,3,Normal,Hedged,0.362,10.8,-0.4,41.3,1.49,27.2,8,3.9,25.3,LOW
RSK-000929,Kamarajar,Supramax,11,Normal,Unhedged,0.239,23.9,-0.8,32.4,0.42,50.8,80,39.2,37.9,MODERATE
RSK-000930,Kolkata,Supramax,12,Calm,Hedged,0.204,6.1,1.5,83.0,1.33,30.8,45,12.6,37.1,MODERATE
RSK-000932,Paradip,Panamax,10,Normal,Hedged,0.435,13.1,0.57,62.5,2.86,0.0,60,29.4,25.7,LOW
RSK-000934,Chennai,Handysize,7,Severe Storm,Hedged,0.3,9.0,-1.6,14.7,3.02,0.0,28,35.3,10.3,LOW
RSK-000936,Paradip,Supramax,6,Normal,Partially Hedged,0.314,20.4,0.35,57.7,3.34,0.0,30,14.7,20.9,LOW
RSK-000939,Paradip,Panamax,7,Rough,Hedged,0.233,7.0,0.68,64.9,1.85,19.2,28,23.5,30.6,MODERATE
RSK-000940,Kolkata,Panamax,2,Calm,Hedged,0.275,8.3,0.03,50.8,2.69,0.8,5,1.4,15.3,LOW
RSK-000943,Dhamra,Panamax,4,Normal,Hedged,0.124,3.7,0.41,59.1,1.47,27.7,20,9.8,28.3,LOW
RSK-000944,Haldia,Handysize,12,Normal,Partially Hedged,0.126,8.2,-1.82,9.9,2.52,4.5,45,22.0,10.9,LOW
RSK-000945,Vizag,Capesize,12,Calm,Partially Hedged,0.19,12.4,0.63,63.9,4.66,0.0,45,12.6,24.9,LOW
RSK-000948,Paradip,Capesize,10,Normal,Hedged,0.502,15.1,2.29,100.0,0.5,49.0,60,29.4,50.1,MODERATE
RSK-000950,Chennai,Panamax,8,Normal,Hedged,0.322,9.7,0.99,71.8,0.67,45.3,28,13.7,38.6,MODERATE
RSK-000951,Haldia,Capesize,2,Normal,Unhedged,0.408,40.8,-1.29,21.5,3.46,0.0,5,2.4,17.7,LOW
RSK-000952,Chennai,Panamax,6,Normal,Hedged,0.275,8.2,-0.8,32.4,2.68,1.0,30,14.7,10.7,LOW
RSK-000954,Chennai,Handysize,5,Normal,Partially Hedged,0.229,14.9,1.56,84.4,3.8,0.0,55,27.0,37.6,MODERATE
RSK-000955,Kolkata,Supramax,1,Normal,Hedged,0.372,11.2,0.23,55.0,1.65,23.8,10,4.9,21.5,LOW
RSK-000956,Dhamra,Supramax,9,Normal,Unhedged,0.287,28.7,0.75,66.5,1.82,19.9,30,14.7,37.3,MODERATE
RSK-000957,Dhamra,Handysize,4,Rough,Hedged,0.367,11.0,1.5,82.9,-0.5,71.0,20,16.8,48.4,MODERATE
RSK-000962,Paradip,Panamax,5,Rough,Unhedged,0.222,22.2,0.05,51.2,1.74,21.7,55,46.2,36.1,MODERATE
RSK-000964,Paradip,Supramax,1,Calm,Partially Hedged,0.305,19.8,-1.85,9.3,2.25,10.6,10,2.8,8.8,LOW
RSK-000965,Kamarajar,Handysize,6,Rough,Hedged,0.339,10.2,-1.44,18.3,3.21,0.0,30,25.2,9.0,LOW
RSK-000968,Chennai,Panamax,11,Normal,Partially Hedged,0.186,12.1,-0.69,34.9,2.12,13.3,80,39.2,28.2,LOW
RSK-000971,Dhamra,Handysize,11,Normal,Hedged,0.239,7.2,-0.79,32.6,0.67,45.3,80,39.2,34.0,MODERATE
RSK-000973,Vizag,Handysize,6,Severe Storm,Partially Hedged,0.314,20.4,1.42,81.3,2.64,2.0,30,37.8,35.5,MODERATE
RSK-000975,Kolkata,Capesize,3,Rough,Partially Hedged,0.374,24.3,-1.4,19.1,2.72,0.1,8,6.7,17.6,LOW
RSK-000976,Paradip,Capesize,6,Calm,Partially Hedged,0.294,19.1,-0.92,29.7,1.49,27.2,30,8.4,17.8,LOW
RSK-000977,Paradip,Capesize,11,Calm,Unhedged,0.225,22.5,-0.11,47.6,1.96,16.9,80,22.4,28.0,LOW
RSK-000979,Kamarajar,Panamax,12,Calm,Unhedged,0.265,26.5,0.34,57.5,2.4,7.2,45,12.6,26.6,LOW
RSK-000980,Kamarajar,Capesize,6,Rough,Hedged,0.232,7.0,1.0,72.1,0.53,48.3,30,25.2,41.4,MODERATE
RSK-000981,Vizag,Capesize,5,Calm,Hedged,0.287,8.6,-1.86,9.2,3.84,0.0,55,15.4,9.4,LOW
RSK-000982,Kamarajar,Handysize,7,Normal,Unhedged,0.409,40.9,0.12,52.7,-0.0,60.0,28,13.7,42.7,MODERATE
RSK-000983,Kolkata,Handysize,8,Normal,Unhedged,0.281,28.1,0.55,62.0,-0.15,63.2,28,13.7,41.3,MODERATE
RSK-000988,Kamarajar,Supramax,9,Normal,Unhedged,0.117,11.7,-1.02,27.7,2.69,0.9,30,14.7,12.3,LOW
RSK-000989,Dhamra,Supramax,7,Normal,Unhedged,0.235,23.5,0.05,51.2,1.63,24.1,28,13.7,35.1,MODERATE
RSK-000991,Dhamra,Capesize,5,Normal,Unhedged,0.264,26.4,1.34,79.5,1.35,30.4,55,27.0,39.5,MODERATE
RSK-000992,Chennai,Supramax,11,Rough,Hedged,0.165,4.9,-0.25,44.6,1.59,25.1,80,67.2,33.9,MODERATE
RSK-000994,Kolkata,Panamax,9,Severe Storm,Partially Hedged,0.314,20.4,-0.61,36.6,0.19,55.8,30,37.8,39.7,MODERATE
RSK-000995,Chennai,Panamax,1,Rough,Partially Hedged,0.268,17.4,0.18,54.1,1.89,18.5,10,8.4,27.5,LOW
RSK-001000,Chennai,Handysize,9,Normal,Unhedged,0.199,19.9,-0.09,48.0,1.11,35.5,30,14.7,33.2,MODERATE
RSK-001002,Haldia,Handysize,2,Calm,Partially Hedged,0.304,19.7,0.32,57.0,1.72,22.2,5,1.4,28.8,LOW
RSK-001007,Vizag,Supramax,2,Rough,Unhedged,0.27,27.0,-0.85,31.2,0.78,42.9,5,4.2,25.9,LOW
RSK-001011,Haldia,Supramax,8,Normal,Unhedged,0.298,29.8,-2.03,5.4,3.3,0.0,28,13.7,14.8,LOW
RSK-001012,Dhamra,Supramax,9,Calm,Partially Hedged,0.202,13.1,0.81,67.7,0.66,45.6,30,8.4,34.0,MODERATE
RSK-001014,Paradip,Supramax,4,Calm,Unhedged,0.119,11.9,-0.73,33.9,1.05,37.0,20,5.6,28.1,LOW
RSK-001018,Dhamra,Supramax,3,Rough,Hedged,0.198,5.9,2.06,95.3,3.14,0.0,8,6.7,26.5,LOW
RSK-001019,Paradip,Capesize,4,Normal,Hedged,0.263,7.9,0.14,53.2,2.46,5.8,20,9.8,21.4,LOW
RSK-001020,Paradip,Capesize,4,Calm,Partially Hedged,0.174,11.3,-0.0,49.9,1.85,19.2,20,5.6,22.4,LOW
RSK-001021,Dhamra,Panamax,1,Calm,Unhedged,0.331,33.1,-0.48,39.4,2.06,14.7,10,2.8,25.4,LOW
RSK-001022,Kolkata,Handysize,8,Normal,Unhedged,0.256,25.6,-0.12,47.4,2.98,0.0,28,13.7,25.4,LOW
RSK-001023,Dhamra,Handysize,2,Calm,Partially Hedged,0.341,22.2,1.65,86.2,2.41,6.9,5,1.4,31.8,MODERATE
RSK-001025,Chennai,Handysize,1,Normal,Hedged,0.466,14.0,0.2,54.3,0.54,48.1,10,4.9,35.0,MODERATE
RSK-001026,Paradip,Supramax,3,Rough,Partially Hedged,0.17,11.0,0.68,65.0,0.37,51.8,8,6.7,40.3,MODERATE
RSK-001028,Paradip,Supramax,1,Normal,Partially Hedged,0.414,26.9,0.15,53.4,-0.24,65.2,10,4.9,45.9,MODERATE
RSK-001033,Haldia,Supramax,5,Calm,Partially Hedged,0.242,15.7,-1.54,16.1,3.1,0.0,55,15.4,12.1,LOW
RSK-001034,Kamarajar,Capesize,2,Calm,Hedged,0.275,8.2,0.28,56.2,1.47,27.6,5,1.4,25.8,LOW
RSK-001036,Haldia,Capesize,12,Rough,Hedged,0.453,13.6,1.49,82.8,2.88,0.0,45,37.8,33.9,MODERATE
RSK-001040,Vizag,Capesize,6,Normal,Unhedged,0.344,34.4,0.16,53.6,4.78,0.0,30,14.7,27.3,LOW
RSK-001041,Kolkata,Supramax,3,Calm,Unhedged,0.351,35.1,0.26,55.7,1.38,29.7,8,2.2,30.8,MODERATE
RSK-001044,Haldia,Capesize,11,Calm,Unhedged,0.342,34.2,0.59,62.9,1.07,36.5,80,22.4,39.3,MODERATE
RSK-001046,Paradip,Panamax,8,Normal,Hedged,0.367,11.0,-1.38,19.6,4.46,0.0,28,13.7,8.1,LOW
RSK-001047,Dhamra,Capesize,2,Calm,Unhedged,0.271,27.1,1.43,81.6,2.5,4.9,5,1.4,36.8,MODERATE
RSK-001052,Paradip,Capesize,2,Normal,Partially Hedged,0.533,34.6,1.3,78.6,0.3,53.4,5,2.4,45.7,MODERATE
RSK-001055,Vizag,Supramax,12,Calm,Hedged,0.38,11.4,-0.5,39.0,3.15,0.0,45,12.6,15.1,LOW
RSK-001056,Kamarajar,Supramax,4,Calm,Partially Hedged,0.364,23.7,-1.37,19.9,3.12,0.0,20,5.6,15.0,LOW
RSK-001058,Vizag,Panamax,1,Severe Storm,Hedged,0.319,9.6,-0.59,37.0,1.6,24.9,10,12.6,19.6,LOW
RSK-001061,Paradip,Supramax,2,Calm,Unhedged,0.212,21.2,1.35,79.7,2.73,0.0,5,1.4,25.1,LOW
RSK-001063,Haldia,Capesize,6,Normal,Partially Hedged,0.179,11.6,0.46,60.2,4.51,0.0,30,14.7,23.6,LOW
RSK-001064,Paradip,Handysize,4,Normal,Hedged,0.276,8.3,0.67,64.8,3.59,0.0,20,9.8,26.7,LOW
RSK-001065,Paradip,Supramax,6,Normal,Unhedged,0.381,38.1,-0.62,36.4,1.9,18.1,30,14.7,26.3,LOW
RSK-001066,Kamarajar,Handysize,3,Rough,Hedged,0.171,5.1,-0.13,47.0,1.53,26.3,8,6.7,23.0,LOW
RSK-001067,Paradip,Supramax,8,Calm,Partially Hedged,0.391,25.4,-0.69,34.9,1.68,23.0,28,7.8,21.7,LOW
RSK-001068,Dhamra,Handysize,3,Normal,Unhedged,0.398,39.8,1.81,89.8,3.54,0.0,8,3.9,39.5,MODERATE
RSK-001069,Paradip,Capesize,6,Normal,Partially Hedged,0.36,23.4,0.09,51.9,1.34,30.6,30,14.7,35.3,MODERATE
RSK-001073,Vizag,Handysize,8,Calm,Partially Hedged,0.391,25.4,0.32,57.1,2.91,0.0,28,7.8,29.2,LOW
RSK-001074,Chennai,Handysize,7,Severe Storm,Partially Hedged,0.334,21.7,-0.54,38.0,3.03,0.0,28,35.3,27.6,LOW
RSK-001075,Chennai,Panamax,1,Rough,Hedged,0.318,9.5,1.47,82.3,1.42,28.8,10,8.4,30.8,MODERATE
RSK-001076,Chennai,Capesize,10,Calm,Partially Hedged,0.279,18.1,0.03,50.7,1.24,32.8,60,16.8,32.1,MODERATE
RSK-001077,Haldia,Capesize,8,Calm,Partially Hedged,0.413,26.9,-1.22,23.1,1.95,17.1,28,7.8,17.5,LOW
RSK-001079,Kamarajar,Capesize,1,Severe Storm,Hedged,0.23,6.9,0.0,50.1,0.82,42.1,10,12.6,30.3,MODERATE
RSK-001080,Chennai,Handysize,11,Normal,Partially Hedged,0.402,26.1,2.18,98.0,1.3,31.5,80,39.2,52.6,MODERATE
RSK-001083,Vizag,Handysize,9,Rough,Unhedged,0.326,32.6,-0.25,44.6,4.48,0.0,30,25.2,25.7,LOW
RSK-001092,Kolkata,Supramax,2,Normal,Unhedged,0.222,22.2,2.85,100.0,2.42,6.7,5,2.4,38.1,MODERATE
RSK-001097,Haldia,Supramax,10,Normal,Unhedged,0.298,29.8,1.08,73.8,0.54,48.1,60,29.4,48.4,MODERATE
RSK-001101,Kamarajar,Supramax,10,Normal,Hedged,0.346,10.4,-1.74,11.8,1.51,26.8,60,29.4,19.1,LOW
RSK-001102,Dhamra,Capesize,2,Normal,Partially Hedged,0.224,14.5,-0.44,40.3,2.42,6.9,5,2.4,19.6,LOW
RSK-001103,Paradip,Panamax,10,Rough,Partially Hedged,0.232,15.1,-0.14,46.9,1.23,32.9,60,50.4,39.2,MODERATE
RSK-001104,Vizag,Panamax,12,Rough,Unhedged,0.404,40.4,-0.34,42.6,1.64,23.9,45,37.8,39.1,MODERATE
RSK-001108,Kolkata,Panamax,3,Calm,Unhedged,0.202,20.2,-0.08,48.2,1.17,34.2,8,2.2,29.9,LOW
RSK-001113,Paradip,Panamax,11,Normal,Unhedged,0.502,50.2,-1.46,17.9,0.27,54.2,80,39.2,40.7,MODERATE
RSK-001115,Dhamra,Supramax,4,Normal,Partially Hedged,0.219,14.2,-1.7,12.5,1.49,27.3,20,9.8,19.0,LOW
RSK-001116,Vizag,Panamax,11,Normal,Hedged,0.112,3.4,0.89,69.6,3.32,0.0,80,39.2,26.3,LOW
RSK-001118,Chennai,Panamax,1,Rough,Hedged,0.05,1.5,1.86,90.8,0.85,41.2,10,8.4,39.3,MODERATE
RSK-001119,Kolkata,Supramax,11,Calm,Partially Hedged,0.264,17.1,0.98,71.6,0.66,45.5,80,22.4,39.8,MODERATE
RSK-001120,Paradip,Capesize,1,Calm,Partially Hedged,0.309,20.1,-0.67,35.2,2.4,7.1,10,2.8,19.8,LOW
RSK-001121,Paradip,Panamax,9,Rough,Partially Hedged,0.261,16.9,-1.73,12.0,1.57,25.4,30,25.2,17.0,LOW
RSK-001123,Haldia,Capesize,6,Rough,Partially Hedged,0.39,25.4,1.09,73.9,1.9,18.1,30,25.2,39.9,MODERATE
RSK-001124,Haldia,Supramax,5,Normal,Unhedged,0.294,29.4,0.11,52.3,2.21,11.3,55,27.0,31.9,MODERATE
RSK-001126,Dhamra,Handysize,12,Calm,Partially Hedged,0.325,21.1,0.22,54.9,1.14,35.0,45,12.6,38.8,MODERATE
RSK-001130,Haldia,Capesize,5,Calm,Partially Hedged,0.203,13.2,1.49,82.7,3.43,0.0,55,15.4,30.7,MODERATE
RSK-001132,Haldia,Supramax,7,Normal,Unhedged,0.425,42.5,0.5,60.9,1.09,36.0,28,13.7,36.1,MODERATE
RSK-001135,Vizag,Handysize,12,Normal,Hedged,0.346,10.4,-1.92,7.8,0.9,40.1,45,22.0,18.4,LOW
RSK-001136,Haldia,Panamax,11,Normal,Partially Hedged,0.148,9.7,-0.98,28.5,0.95,39.2,80,39.2,31.6,MODERATE
RSK-001138,Paradip,Panamax,5,Calm,Hedged,0.315,9.4,2.15,97.2,2.25,10.4,55,15.4,33.4,MODERATE
RSK-001140,Vizag,Panamax,3,Severe Storm,Hedged,0.289,8.7,-0.18,46.0,-0.43,69.5,8,10.1,37.4,MODERATE
RSK-001141,Haldia,Handysize,5,Rough,Hedged,0.252,7.6,0.9,69.8,2.23,11.0,55,46.2,37.9,MODERATE
RSK-001142,Kamarajar,Panamax,4,Calm,Partially Hedged,0.355,23.0,0.26,55.6,1.43,28.6,20,5.6,28.4,LOW
RSK-001143,Haldia,Handysize,9,Normal,Hedged,0.271,8.1,-0.01,49.7,2.2,11.6,30,14.7,27.3,LOW
RSK-001144,Dhamra,Capesize,4,Normal,Hedged,0.247,7.4,-0.12,47.4,1.68,23.1,20,9.8,22.0,LOW
RSK-001145,Kolkata,Supramax,6,Calm,Unhedged,0.191,19.1,0.52,61.4,1.5,27.1,30,8.4,32.4,MODERATE
RSK-001147,Paradip,Panamax,3,Calm,Partially Hedged,0.238,15.5,-1.16,24.4,1.41,28.9,8,2.2,17.5,LOW
RSK-001148,Vizag,Capesize,5,Normal,Partially Hedged,0.238,15.5,0.32,57.0,2.68,1.0,55,27.0,24.5,LOW
RSK-001149,Kamarajar,Supramax,3,Normal,Unhedged,0.107,10.7,-0.91,30.0,2.24,10.6,8,3.9,16.6,LOW
RSK-001151,Kolkata,Panamax,11,Normal,Partially Hedged,0.371,24.1,0.47,60.3,0.7,44.5,80,39.2,43.6,MODERATE
RSK-001154,Haldia,Supramax,10,Normal,Hedged,0.262,7.9,3.39,100.0,4.84,0.0,60,29.4,40.2,MODERATE
RSK-001155,Haldia,Supramax,5,Rough,Unhedged,0.24,24.0,-0.12,47.3,4.73,0.0,55,46.2,23.2,LOW
RSK-001157,Kamarajar,Panamax,4,Normal,Partially Hedged,0.342,22.2,-1.43,18.5,2.85,0.0,20,9.8,11.7,LOW
RSK-001158,Chennai,Panamax,12,Normal,Partially Hedged,0.09,5.9,0.51,61.2,-1.76,98.6,45,22.0,49.6,MODERATE
RSK-001161,Kolkata,Capesize,9,Normal,Hedged,0.454,13.6,1.73,88.1,1.88,18.6,30,14.7,37.7,MODERATE
RSK-001162,Chennai,Handysize,11,Rough,Hedged,0.23,6.9,-0.46,39.9,3.42,0.0,80,67.2,34.8,MODERATE
RSK-001163,Paradip,Capesize,12,Severe Storm,Unhedged,0.291,29.1,1.32,79.0,2.05,14.9,45,56.7,42.0,MODERATE
RSK-001164,Chennai,Panamax,11,Rough,Partially Hedged,0.306,19.9,-1.43,18.6,1.51,26.9,80,67.2,26.2,LOW
RSK-001169,Chennai,Supramax,3,Normal,Hedged,0.243,7.3,-1.25,22.6,1.33,30.8,8,3.9,18.0,LOW
RSK-001170,Paradip,Supramax,3,Normal,Unhedged,0.281,28.1,-0.69,34.8,3.22,0.0,8,3.9,21.1,LOW
RSK-001172,Chennai,Panamax,8,Rough,Hedged,0.105,3.2,1.07,73.6,-0.17,63.8,28,23.5,43.6,MODERATE
RSK-001176,Haldia,Handysize,4,Calm,Hedged,0.05,1.5,-0.32,43.0,3.88,0.0,20,5.6,7.0,LOW
RSK-001177,Vizag,Handysize,5,Calm,Hedged,0.091,2.7,0.19,54.1,1.12,35.3,55,15.4,26.5,LOW
RSK-001179,Vizag,Supramax,4,Calm,Unhedged,0.254,25.4,2.74,100.0,-0.18,64.0,20,5.6,55.1,ELEVATED
RSK-001180,Vizag,Panamax,10,Normal,Hedged,0.163,4.9,-0.29,43.6,2.09,14.0,60,29.4,20.0,LOW
RSK-001181,Kolkata,Capesize,10,Normal,Unhedged,0.207,20.7,-0.84,31.6,5.18,0.0,60,29.4,21.9,LOW
RSK-001184,Chennai,Supramax,6,Normal,Hedged,0.269,8.1,-3.68,0.0,1.3,31.3,30,14.7,10.4,LOW
RSK-001185,Paradip,Supramax,10,Rough,Unhedged,0.548,54.8,0.73,66.1,1.7,22.7,60,50.4,49.0,MODERATE
RSK-001186,Paradip,Handysize,4,Normal,Unhedged,0.274,27.4,1.09,73.9,3.03,0.0,20,9.8,31.8,MODERATE
RSK-001189,Dhamra,Capesize,3,Calm,Unhedged,0.341,34.1,0.09,52.1,1.34,30.5,8,2.2,28.3,LOW
RSK-001190,Paradip,Panamax,7,Normal,Hedged,0.154,4.6,1.55,84.0,1.99,16.1,28,13.7,36.6,MODERATE
RSK-001192,Kolkata,Handysize,12,Normal,Partially Hedged,0.181,11.7,0.71,65.5,0.42,50.8,45,22.0,34.1,MODERATE
RSK-001193,Kolkata,Capesize,6,Calm,Unhedged,0.189,18.9,-0.05,48.9,2.27,10.1,30,8.4,20.6,LOW
RSK-001194,Kamarajar,Panamax,6,Calm,Hedged,0.108,3.2,-1.97,6.6,-1.64,96.1,30,8.4,27.8,LOW
RSK-001198,Kamarajar,Panamax,9,Normal,Unhedged,0.288,28.8,-0.69,34.8,5.66,0.0,30,14.7,19.8,LOW
RSK-001199,Kamarajar,Handysize,6,Calm,Unhedged,0.237,23.7,-1.13,25.1,0.31,53.3,30,8.4,26.8,LOW
RSK-001202,Paradip,Supramax,5,Calm,Partially Hedged,0.236,15.3,2.21,98.7,-0.46,70.1,55,15.4,57.6,ELEVATED
RSK-001206,Haldia,Capesize,8,Calm,Unhedged,0.511,51.1,0.57,62.5,0.28,53.9,28,7.8,46.1,MODERATE
RSK-001208,Vizag,Capesize,2,Rough,Partially Hedged,0.145,9.4,0.04,50.8,3.15,0.0,5,4.2,22.9,LOW
RSK-001211,Vizag,Capesize,9,Rough,Partially Hedged,0.277,18.0,-0.68,35.1,1.59,25.1,30,25.2,28.3,LOW
RSK-001212,Dhamra,Capesize,7,Rough,Partially Hedged,0.294,19.1,0.4,58.9,2.55,4.0,28,23.5,23.2,LOW
RSK-001215,Kolkata,Supramax,10,Normal,Partially Hedged,0.202,13.2,-1.61,14.7,1.56,25.7,60,29.4,19.5,LOW
RSK-001219,Kamarajar,Panamax,10,Rough,Hedged,0.135,4.0,1.2,76.5,1.14,34.9,60,50.4,43.4,MODERATE
RSK-001222,Chennai,Handysize,7,Normal,Partially Hedged,0.5,32.5,-0.53,38.4,1.0,38.0,28,13.7,34.3,MODERATE
RSK-001225,Paradip,Supramax,4,Calm,Partially Hedged,0.249,16.2,0.15,53.2,-0.58,72.7,20,5.6,40.0,MODERATE
RSK-001226,Dhamra,Handysize,4,Normal,Unhedged,0.431,43.1,-0.46,40.0,2.73,0.0,20,9.8,24.0,LOW
RSK-001227,Paradip,Handysize,10,Normal,Unhedged,0.358,35.8,-0.8,32.4,3.25,0.0,60,29.4,24.1,LOW
RSK-001234,Kolkata,Capesize,12,Normal,Hedged,0.301,9.0,0.79,67.3,2.4,7.2,45,22.0,31.2,MODERATE
RSK-001236,Paradip,Handysize,7,Severe Storm,Partially Hedged,0.374,24.3,-0.3,43.4,2.15,12.7,28,35.3,26.8,LOW
RSK-001238,Kolkata,Panamax,1,Normal,Hedged,0.373,11.2,-1.21,23.5,3.53,0.0,10,4.9,13.4,LOW
RSK-001240,Haldia,Handysize,6,Rough,Partially Hedged,0.34,22.1,0.7,65.4,1.03,37.2,30,25.2,40.5,MODERATE
RSK-001242,Kolkata,Capesize,3,Calm,Unhedged,0.179,17.9,-0.83,31.8,2.23,11.0,8,2.2,19.2,LOW
RSK-001243,Haldia,Supramax,8,Normal,Hedged,0.423,12.7,1.29,78.3,1.12,35.3,28,13.7,43.5,MODERATE
RSK-001244,Kamarajar,Capesize,1,Normal,Partially Hedged,0.05,3.2,-1.7,12.6,2.93,0.0,10,4.9,4.9,LOW
RSK-001246,Haldia,Capesize,11,Normal,Partially Hedged,0.266,17.3,-1.69,12.8,1.35,30.2,80,39.2,28.4,LOW
RSK-001248,Haldia,Supramax,2,Calm,Unhedged,0.433,43.3,-0.61,36.5,1.01,37.8,5,1.4,33.3,MODERATE
RSK-001249,Vizag,Handysize,10,Normal,Unhedged,0.292,29.2,3.2,100.0,3.77,0.0,60,29.4,45.7,MODERATE
RSK-001252,Dhamra,Handysize,4,Normal,Hedged,0.115,3.5,-0.88,30.6,2.87,0.0,20,9.8,10.3,LOW
RSK-001254,Vizag,Handysize,12,Rough,Unhedged,0.201,20.1,1.38,80.3,2.15,12.8,45,37.8,44.3,MODERATE
RSK-001256,Paradip,Handysize,3,Calm,Unhedged,0.148,14.8,-0.35,42.3,1.93,17.5,8,2.2,18.7,LOW
RSK-001258,Haldia,Panamax,12,Normal,Hedged,0.179,5.4,0.29,56.4,0.51,48.8,45,22.0,31.3,MODERATE
RSK-001259,Kamarajar,Capesize,9,Normal,Hedged,0.209,6.3,-3.75,0.0,1.99,16.3,30,14.7,11.5,LOW
RSK-001260,Kolkata,Supramax,10,Calm,Partially Hedged,0.343,22.3,-1.04,27.2,2.27,10.1,60,16.8,24.3,LOW
RSK-001261,Kolkata,Supramax,3,Normal,Unhedged,0.158,15.8,0.89,69.6,1.12,35.5,8,3.9,35.7,MODERATE
RSK-001265,Vizag,Handysize,12,Calm,Unhedged,0.197,19.7,1.07,73.6,4.45,0.0,45,12.6,32.1,MODERATE
RSK-001267,Haldia,Capesize,7,Rough,Partially Hedged,0.274,17.8,0.15,53.3,2.82,0.0,28,23.5,26.8,LOW
RSK-001268,Paradip,Supramax,7,Calm,Hedged,0.364,10.9,-0.49,39.2,4.18,0.0,28,7.8,16.1,LOW
RSK-001271,Kolkata,Supramax,6,Calm,Unhedged,0.222,22.2,-0.04,49.2,-0.2,64.3,30,8.4,39.7,MODERATE
RSK-001272,Kamarajar,Capesize,5,Severe Storm,Unhedged,0.385,38.5,-0.68,34.9,3.39,0.0,55,69.3,31.2,MODERATE
RSK-001274,Dhamra,Handysize,6,Calm,Unhedged,0.247,24.7,0.74,66.4,0.34,52.5,30,8.4,37.5,MODERATE
RSK-001277,Chennai,Handysize,1,Severe Storm,Hedged,0.069,2.1,1.6,85.3,-0.01,60.2,10,12.6,44.8,MODERATE
RSK-001278,Vizag,Capesize,3,Normal,Unhedged,0.303,30.3,0.97,71.4,2.15,12.8,8,3.9,34.9,MODERATE
RSK-001281,Paradip,Panamax,9,Calm,Hedged,0.361,10.8,0.34,57.4,1.86,19.2,30,8.4,21.7,LOW
RSK-001282,Kamarajar,Panamax,10,Normal,Partially Hedged,0.528,34.3,-1.96,6.8,2.17,12.3,60,29.4,23.4,LOW
RSK-001284,Vizag,Panamax,1,Normal,Hedged,0.3,9.0,-0.65,35.6,2.06,14.8,10,4.9,16.4,LOW
RSK-001287,Dhamra,Panamax,1,Rough,Partially Hedged,0.496,32.2,1.64,86.1,2.3,9.5,10,8.4,37.3,MODERATE
RSK-001288,Haldia,Handysize,10,Rough,Unhedged,0.192,19.2,0.12,52.6,1.1,35.9,60,50.4,43.8,MODERATE
RSK-001289,Dhamra,Supramax,11,Normal,Unhedged,0.259,25.9,-0.93,29.6,3.47,0.0,80,39.2,25.0,LOW
RSK-001290,Paradip,Capesize,7,Normal,Partially Hedged,0.111,7.2,0.48,60.6,2.04,15.1,28,13.7,32.4,MODERATE
RSK-001291,Paradip,Supramax,7,Rough,Unhedged,0.333,33.3,0.37,58.1,0.29,53.7,28,23.5,44.5,MODERATE
RSK-001292,Chennai,Supramax,11,Normal,Unhedged,0.177,17.7,-0.96,28.9,1.02,37.5,80,39.2,28.6,LOW
RSK-001293,Kamarajar,Handysize,7,Normal,Partially Hedged,0.135,8.8,-1.92,7.7,3.56,0.0,28,13.7,11.5,LOW
RSK-001294,Haldia,Capesize,3,Calm,Hedged,0.399,12.0,1.22,76.8,2.37,7.8,8,2.2,30.8,MODERATE
RSK-001299,Kolkata,Panamax,11,Severe Storm,Hedged,0.274,8.2,0.33,57.2,2.38,7.6,80,100.0,39.1,MODERATE
RSK-001301,Vizag,Capesize,3,Calm,Partially Hedged,0.36,23.4,-0.09,47.9,2.86,0.0,8,2.2,18.3,LOW
RSK-001302,Vizag,Capesize,2,Normal,Partially Hedged,0.284,18.5,0.6,63.1,0.75,43.5,5,2.4,39.3,MODERATE
RSK-001304,Kolkata,Panamax,5,Normal,Unhedged,0.066,6.6,-1.32,21.0,2.53,4.4,55,27.0,18.5,LOW
RSK-001305,Haldia,Handysize,2,Normal,Hedged,0.454,13.6,0.78,67.2,0.51,48.9,5,2.4,35.1,MODERATE
RSK-001308,Haldia,Capesize,6,Rough,Unhedged,0.181,18.1,2.08,95.8,0.06,58.7,30,25.2,51.4,MODERATE
RSK-001310,Vizag,Panamax,1,Rough,Unhedged,0.252,25.2,0.62,63.7,0.49,49.2,10,8.4,37.8,MODERATE
RSK-001314,Vizag,Handysize,11,Normal,Partially Hedged,0.299,19.4,1.2,76.4,1.47,27.6,80,39.2,44.8,MODERATE
RSK-001315,Kolkata,Handysize,2,Normal,Unhedged,0.211,21.1,1.45,81.9,0.19,55.8,5,2.4,44.1,MODERATE
RSK-001318,Haldia,Panamax,11,Normal,Unhedged,0.321,32.1,0.23,55.1,1.12,35.3,80,39.2,46.7,MODERATE
RSK-001320,Haldia,Panamax,3,Normal,Unhedged,0.31,31.0,-0.48,39.4,3.65,0.0,8,3.9,24.7,LOW
RSK-001322,Kolkata,Handysize,11,Rough,Partially Hedged,0.334,21.7,-0.54,38.1,2.39,7.4,80,67.2,29.3,LOW
RSK-001324,Haldia,Supramax,11,Calm,Hedged,0.326,9.8,-0.73,33.9,2.84,0.0,80,22.4,13.6,LOW
RSK-001325,Chennai,Capesize,1,Normal,Partially Hedged,0.305,19.8,-0.92,29.8,5.01,0.0,10,4.9,18.3,LOW
RSK-001326,Kolkata,Supramax,10,Calm,Partially Hedged,0.339,22.0,-1.78,10.9,2.88,0.0,60,16.8,11.8,LOW
RSK-001327,Paradip,Capesize,2,Calm,Hedged,0.307,9.2,0.81,67.9,1.55,25.9,5,1.4,29.3,LOW
RSK-001328,Kamarajar,Capesize,4,Rough,Hedged,0.311,9.3,-0.92,29.8,-0.25,65.5,20,16.8,33.7,MODERATE
RSK-001330,Dhamra,Handysize,11,Rough,Hedged,0.303,9.1,0.9,69.7,1.08,36.2,80,67.2,45.2,MODERATE
RSK-001333,Paradip,Capesize,4,Normal,Unhedged,0.22,22.0,0.12,52.7,1.96,17.0,20,9.8,26.2,LOW
RSK-001334,Kamarajar,Capesize,1,Rough,Hedged,0.153,4.6,-0.89,30.4,2.24,10.7,10,8.4,19.1,LOW
RSK-001337,Chennai,Supramax,9,Calm,Partially Hedged,0.112,7.3,-0.21,45.3,1.98,16.3,30,8.4,14.2,LOW
RSK-001340,Vizag,Handysize,12,Calm,Unhedged,0.179,17.9,1.6,85.2,3.77,0.0,45,12.6,31.7,MODERATE
RSK-001341,Dhamra,Handysize,4,Normal,Hedged,0.35,10.5,-1.18,24.1,3.13,0.0,20,9.8,5.4,LOW
RSK-001342,Haldia,Supramax,5,Normal,Hedged,0.219,6.6,-0.71,34.3,3.04,0.0,55,27.0,19.8,LOW
RSK-001344,Kolkata,Supramax,8,Calm,Partially Hedged,0.26,16.9,-1.1,25.8,0.02,59.7,28,7.8,22.6,LOW
RSK-001346,Vizag,Panamax,2,Calm,Partially Hedged,0.279,18.2,-0.79,32.6,4.91,0.0,5,1.4,17.4,LOW
RSK-001349,Dhamra,Handysize,5,Calm,Partially Hedged,0.357,23.2,0.16,53.4,1.34,30.6,55,15.4,33.9,MODERATE
RSK-001350,Vizag,Capesize,12,Rough,Unhedged,0.318,31.8,-1.38,19.5,2.35,8.4,45,37.8,22.6,LOW
RSK-001353,Dhamra,Supramax,9,Normal,Unhedged,0.219,21.9,0.15,53.2,2.67,1.3,30,14.7,27.1,LOW
RSK-001356,Haldia,Supramax,4,Rough,Partially Hedged,0.174,11.3,-0.36,42.1,1.27,32.0,20,16.8,29.1,LOW
RSK-001359,Kamarajar,Handysize,8,Rough,Hedged,0.217,6.5,-0.64,35.9,1.17,34.3,28,23.5,25.4,LOW
RSK-001360,Kolkata,Handysize,4,Severe Storm,Partially Hedged,0.227,14.8,1.38,80.3,2.74,0.0,20,25.2,34.8,MODERATE
RSK-001361,Dhamra,Capesize,11,Normal,Unhedged,0.317,31.7,-3.08,0.0,1.52,26.6,80,39.2,23.1,LOW
RSK-001362,Kamarajar,Handysize,6,Rough,Unhedged,0.293,29.3,-0.44,40.2,3.49,0.0,30,25.2,22.4,LOW
RSK-001364,Vizag,Panamax,11,Calm,Hedged,0.212,6.4,-0.54,38.2,0.33,52.8,80,22.4,32.4,MODERATE
RSK-001366,Paradip,Handysize,2,Calm,Unhedged,0.278,27.8,-0.76,33.3,1.99,16.2,5,1.4,23.1,LOW
RSK-001368,Haldia,Capesize,8,Normal,Partially Hedged,0.14,9.1,1.71,87.7,3.17,0.0,28,13.7,28.8,LOW
RSK-001370,Vizag,Panamax,1,Calm,Unhedged,0.324,32.4,-0.22,45.1,1.99,16.2,10,2.8,26.7,LOW
RSK-001373,Haldia,Supramax,11,Normal,Hedged,0.27,8.1,0.65,64.3,3.7,0.0,80,39.2,28.1,LOW
RSK-001374,Paradip,Handysize,7,Normal,Partially Hedged,0.273,17.7,-1.24,22.8,3.45,0.0,28,13.7,15.3,LOW
RSK-001377,Dhamra,Handysize,3,Rough,Unhedged,0.292,29.2,-0.92,29.8,2.16,12.6,8,6.7,21.9,LOW
RSK-001378,Haldia,Handysize,5,Normal,Hedged,0.336,10.1,-0.76,33.3,2.59,3.0,55,27.0,14.2,LOW
RSK-001379,Vizag,Handysize,1,Normal,Partially Hedged,0.336,21.8,-0.16,46.4,2.91,0.0,10,4.9,20.4,LOW
RSK-001380,Kolkata,Handysize,6,Normal,Partially Hedged,0.451,29.3,-0.79,32.7,3.74,0.0,30,14.7,20.3,LOW
RSK-001381,Chennai,Handysize,7,Calm,Unhedged,0.23,23.0,0.06,51.2,2.31,9.1,28,7.8,19.1,LOW
RSK-001382,Haldia,Supramax,12,Calm,Hedged,0.451,13.5,-0.01,49.8,-0.11,62.5,45,12.6,37.0,MODERATE
RSK-001383,Dhamra,Supramax,2,Calm,Hedged,0.265,8.0,-1.04,27.0,4.36,0.0,5,1.4,8.2,LOW
RSK-001389,Haldia,Handysize,2,Normal,Hedged,0.332,10.0,-1.43,18.5,3.11,0.0,5,2.4,9.2,LOW
RSK-001391,Dhamra,Handysize,10,Calm,Hedged,0.267,8.0,1.12,74.7,1.95,17.2,60,16.8,28.2,LOW
RSK-001392,Kamarajar,Panamax,1,Calm,Unhedged,0.416,41.6,-0.88,30.7,2.06,14.8,10,2.8,22.4,LOW
RSK-001395,Vizag,Capesize,8,Normal,Partially Hedged,0.267,17.4,1.12,74.7,0.2,55.6,28,13.7,38.5,MODERATE
RSK-001398,Kolkata,Supramax,11,Normal,Hedged,0.414,12.4,0.15,53.4,4.42,0.0,80,39.2,24.3,LOW
RSK-001400,Kolkata,Handysize,10,Calm,Unhedged,0.416,41.6,0.58,62.8,3.11,0.0,60,16.8,28.3,LOW
RSK-001403,Haldia,Capesize,9,Normal,Unhedged,0.431,43.1,-0.0,49.9,2.38,7.6,30,14.7,28.5,LOW
RSK-001404,Chennai,Handysize,2,Normal,Hedged,0.266,8.0,0.44,59.7,3.09,0.0,5,2.4,15.4,LOW
RSK-001405,Dhamra,Capesize,11,Calm,Hedged,0.312,9.4,1.45,82.0,0.68,45.0,80,22.4,41.4,MODERATE
RSK-001406,Kamarajar,Handysize,10,Calm,Unhedged,0.26,26.0,-1.36,20.0,1.9,18.2,60,16.8,19.1,LOW
RSK-001407,Paradip,Supramax,9,Calm,Hedged,0.09,2.7,-0.19,45.7,0.1,57.8,30,8.4,33.5,MODERATE
RSK-001408,Haldia,Panamax,11,Rough,Hedged,0.132,4.0,-2.53,0.0,1.26,32.2,80,67.2,21.7,LOW
RSK-001410,Vizag,Capesize,1,Calm,Unhedged,0.372,37.2,-0.25,44.5,1.15,34.6,10,2.8,43.5,MODERATE
RSK-001413,Chennai,Supramax,8,Calm,Hedged,0.213,6.4,2.82,100.0,3.39,0.0,28,7.8,38.8,MODERATE
RSK-001415,Dhamra,Panamax,10,Normal,Hedged,0.318,9.5,-0.14,47.0,0.65,45.6,60,29.4,31.0,MODERATE
RSK-001416,Dhamra,Handysize,11,Normal,Unhedged,0.397,39.7,-1.2,23.6,-0.69,75.3,80,39.2,45.8,MODERATE
RSK-001417,Vizag,Handysize,1,Normal,Partially Hedged,0.343,22.3,1.1,74.1,2.19,11.8,10,4.9,34.7,MODERATE
RSK-001418,Haldia,Panamax,1,Normal,Hedged,0.445,13.3,1.79,89.3,1.23,33.0,10,4.9,43.0,MODERATE
RSK-001419,Vizag,Supramax,1,Normal,Unhedged,0.272,27.2,-0.29,43.6,2.01,15.7,10,4.9,25.4,LOW
RSK-001420,Kolkata,Panamax,4,Rough,Unhedged,0.243,24.3,-2.01,5.7,-0.98,81.6,20,16.8,23.0,LOW
RSK-001422,Vizag,Capesize,6,Normal,Partially Hedged,0.224,14.6,-1.46,18.0,0.65,45.6,30,14.7,18.1,LOW
RSK-001427,Kolkata,Supramax,5,Calm,Hedged,0.439,13.2,0.71,65.5,0.9,40.1,55,15.4,40.4,MODERATE
RSK-001430,Kolkata,Handysize,4,Calm,Hedged,0.278,8.3,1.25,77.6,1.28,31.9,20,5.6,31.4,MODERATE
RSK-001436,Kamarajar,Panamax,4,Normal,Partially Hedged,0.268,17.4,-1.14,25.0,1.71,22.3,20,9.8,17.8,LOW
RSK-001437,Vizag,Handysize,4,Normal,Unhedged,0.34,34.0,-1.92,7.8,0.05,58.9,20,9.8,30.1,MODERATE
RSK-001438,Chennai,Capesize,7,Normal,Partially Hedged,0.139,9.0,0.65,64.4,0.7,44.6,28,13.7,36.4,MODERATE
RSK-001439,Kamarajar,Panamax,12,Normal,Hedged,0.315,9.5,0.94,70.7,-1.36,89.9,45,22.0,49.4,MODERATE
RSK-001441,Kolkata,Capesize,12,Normal,Hedged,0.236,7.1,-1.01,27.9,0.99,38.1,45,22.0,27.2,LOW
RSK-001442,Haldia,Panamax,7,Rough,Partially Hedged,0.323,21.0,-0.09,48.0,0.66,45.4,28,23.5,33.9,MODERATE
RSK-001446,Paradip,Capesize,8,Calm,Unhedged,0.248,24.8,0.13,52.8,2.6,2.9,28,7.8,23.6,LOW
RSK-001447,Dhamra,Panamax,7,Calm,Unhedged,0.249,24.9,-0.35,42.2,1.57,25.5,28,7.8,21.9,LOW
RSK-001450,Haldia,Supramax,7,Normal,Hedged,0.217,6.5,0.57,62.5,2.74,0.0,28,13.7,26.3,LOW
RSK-001451,Kamarajar,Capesize,11,Normal,Partially Hedged,0.289,18.8,-1.93,7.6,-0.55,72.1,80,39.2,30.4,MODERATE
RSK-001453,Kolkata,Supramax,9,Normal,Unhedged,0.231,23.1,0.93,70.5,1.5,27.1,30,14.7,41.1,MODERATE
RSK-001455,Paradip,Handysize,4,Rough,Hedged,0.45,13.5,0.99,71.7,2.59,3.1,20,16.8,24.2,LOW
RSK-001457,Kamarajar,Handysize,4,Calm,Unhedged,0.156,15.6,1.13,74.8,2.18,12.1,20,5.6,26.9,LOW
RSK-001458,Chennai,Panamax,1,Calm,Unhedged,0.405,40.5,1.33,79.3,0.12,57.4,10,2.8,46.7,MODERATE
RSK-001462,Dhamra,Supramax,12,Normal,Hedged,0.235,7.0,-0.27,44.0,1.76,21.3,45,22.0,25.3,LOW
RSK-001463,Kolkata,Handysize,4,Rough,Unhedged,0.42,42.0,-0.9,30.2,4.18,0.0,20,16.8,21.6,LOW
RSK-001465,Kolkata,Supramax,2,Normal,Hedged,0.353,10.6,0.3,56.7,3.02,0.0,5,2.4,16.3,LOW
RSK-001467,Kamarajar,Supramax,6,Calm,Unhedged,0.18,18.0,-1.06,26.7,3.13,0.0,30,8.4,19.7,LOW
RSK-001469,Paradip,Handysize,5,Normal,Hedged,0.283,8.5,-0.2,45.6,3.25,0.0,55,27.0,18.2,LOW
RSK-001472,Kolkata,Handysize,1,Normal,Unhedged,0.234,23.4,-0.23,44.8,-0.82,78.0,10,4.9,35.1,MODERATE
RSK-001475,Kamarajar,Capesize,1,Normal,Unhedged,0.418,41.8,0.15,53.4,0.62,46.3,10,4.9,40.1,MODERATE
RSK-001476,Vizag,Panamax,3,Normal,Partially Hedged,0.242,15.7,0.29,56.4,1.6,24.8,8,3.9,26.2,LOW
RSK-001479,Haldia,Handysize,5,Normal,Hedged,0.25,7.5,1.66,86.6,2.85,0.0,55,27.0,32.2,MODERATE
RSK-001480,Chennai,Capesize,9,Normal,Partially Hedged,0.259,16.8,0.57,62.5,1.66,23.4,30,14.7,29.3,LOW
RSK-001481,Paradip,Capesize,5,Calm,Partially Hedged,0.372,24.2,-0.47,39.6,1.16,34.6,55,15.4,30.9,MODERATE
RSK-001482,Vizag,Supramax,9,Calm,Hedged,0.343,10.3,-1.53,16.4,0.89,40.5,30,8.4,21.2,LOW
RSK-001483,Kolkata,Handysize,8,Normal,Partially Hedged,0.196,12.7,-2.5,0.0,0.61,46.6,28,13.7,14.0,LOW
RSK-001487,Vizag,Panamax,4,Normal,Partially Hedged,0.276,17.9,0.91,70.0,2.37,7.8,20,9.8,26.4,LOW
RSK-001490,Dhamra,Handysize,7,Normal,Unhedged,0.189,18.9,-2.08,4.1,2.2,11.6,28,13.7,10.3,LOW
RSK-001491,Dhamra,Supramax,7,Calm,Unhedged,0.338,33.8,-1.63,14.2,3.36,0.0,28,7.8,15.1,LOW
RSK-001492,Vizag,Supramax,3,Normal,Partially Hedged,0.235,15.3,-1.07,26.5,4.72,0.0,8,3.9,12.6,LOW
RSK-001496,Kamarajar,Handysize,1,Normal,Partially Hedged,0.241,15.6,-1.11,25.5,2.6,2.7,10,4.9,17.3,LOW
RSK-001498,Kolkata,Capesize,12,Calm,Unhedged,0.276,27.6,-2.98,0.0,2.23,10.9,45,12.6,14.6,LOW
RSK-001501,Kamarajar,Panamax,5,Calm,Unhedged,0.309,30.9,-0.1,47.9,-1.41,91.1,55,15.4,41.5,MODERATE
RSK-001502,Haldia,Panamax,2,Normal,Unhedged,0.156,15.6,0.65,64.3,1.6,24.8,5,2.4,28.4,LOW
RSK-001503,Haldia,Handysize,2,Normal,Unhedged,0.211,21.1,-0.31,43.1,0.49,49.2,5,2.4,29.4,LOW
RSK-001504,Dhamra,Capesize,9,Normal,Unhedged,0.323,32.3,0.84,68.4,2.17,12.3,30,14.7,37.8,MODERATE
RSK-001508,Vizag,Capesize,11,Rough,Hedged,0.166,5.0,-3.25,0.0,3.1,0.0,80,67.2,16.2,LOW
RSK-001510,Paradip,Handysize,9,Calm,Unhedged,0.349,34.9,0.92,70.2,0.92,39.8,30,8.4,40.3,MODERATE
RSK-001511,Kolkata,Capesize,7,Calm,Unhedged,0.231,23.1,2.29,100.0,1.07,36.4,28,7.8,44.8,MODERATE
RSK-001514,Kamarajar,Capesize,3,Normal,Unhedged,0.385,38.5,0.25,55.4,3.0,0.0,8,3.9,30.7,MODERATE
RSK-001515,Haldia,Capesize,1,Normal,Unhedged,0.236,23.6,0.26,55.7,1.68,23.1,10,4.9,24.2,LOW
RSK-001517,Vizag,Handysize,9,Normal,Partially Hedged,0.297,19.3,-0.64,35.9,2.27,10.0,30,14.7,19.8,LOW
RSK-001520,Kamarajar,Supramax,2,Normal,Unhedged,0.336,33.6,-0.37,41.9,1.83,19.8,5,2.4,27.4,LOW
RSK-001525,Vizag,Supramax,12,Normal,Hedged,0.239,7.2,-0.29,43.7,3.9,0.0,45,22.0,17.5,LOW
RSK-001527,Dhamra,Supramax,9,Calm,Hedged,0.329,9.9,-0.52,38.6,2.63,2.2,30,8.4,14.5,LOW
RSK-001528,Kamarajar,Handysize,5,Normal,Unhedged,0.29,29.0,1.17,75.7,-0.19,64.1,55,27.0,50.7,MODERATE
RSK-001532,Dhamra,Capesize,12,Rough,Hedged,0.126,3.8,2.0,93.9,0.55,47.8,45,37.8,49.4,MODERATE
RSK-001534,Vizag,Capesize,5,Rough,Hedged,0.377,11.3,0.3,56.6,2.66,1.4,55,46.2,25.9,LOW
RSK-001535,Kolkata,Capesize,2,Normal,Hedged,0.23,6.9,-0.66,35.5,2.59,3.1,5,2.4,17.9,LOW
RSK-001536,Chennai,Capesize,4,Calm,Unhedged,0.402,40.2,-1.08,26.2,2.26,10.2,20,5.6,18.4,LOW
RSK-001538,Haldia,Capesize,10,Normal,Partially Hedged,0.253,16.4,0.25,55.5,1.34,30.5,60,29.4,33.5,MODERATE
RSK-001547,Chennai,Capesize,2,Normal,Hedged,0.379,11.4,0.24,55.3,1.85,19.4,5,2.4,23.5,LOW
RSK-001553,Vizag,Handysize,12,Normal,Hedged,0.182,5.4,1.04,72.8,2.18,12.0,45,22.0,33.1,MODERATE
RSK-001555,Vizag,Handysize,1,Calm,Partially Hedged,0.218,14.2,-1.99,6.2,2.47,5.6,10,2.8,13.3,LOW
RSK-001558,Kolkata,Panamax,6,Calm,Partially Hedged,0.264,17.2,-1.44,18.3,0.95,39.0,30,8.4,22.2,LOW
RSK-001561,Haldia,Capesize,4,Rough,Hedged,0.319,9.6,-0.57,37.4,1.43,28.6,20,16.8,19.9,LOW
RSK-001562,Haldia,Panamax,9,Normal,Unhedged,0.145,14.5,-1.19,23.7,2.23,10.9,30,14.7,20.6,LOW
RSK-001566,Vizag,Handysize,4,Calm,Partially Hedged,0.196,12.7,-1.72,12.2,0.96,38.9,20,5.6,14.8,LOW
RSK-001568,Kolkata,Capesize,3,Rough,Hedged,0.4,12.0,1.08,73.9,1.37,30.0,8,6.7,33.0,MODERATE
RSK-001571,Paradip,Panamax,3,Normal,Unhedged,0.276,27.6,0.4,58.7,0.75,43.4,8,3.9,35.2,MODERATE
RSK-001572,Kamarajar,Supramax,10,Rough,Hedged,0.05,1.5,-0.52,38.5,2.99,0.0,60,50.4,22.7,LOW
RSK-001574,Paradip,Panamax,7,Calm,Partially Hedged,0.348,22.6,-0.56,37.7,2.2,11.5,28,7.8,14.5,LOW
RSK-001575,Kamarajar,Handysize,10,Normal,Partially Hedged,0.252,16.4,-0.26,44.4,0.24,54.6,60,29.4,32.0,MODERATE
RSK-001576,Chennai,Supramax,9,Calm,Unhedged,0.363,36.3,-0.74,33.7,-0.14,63.1,30,8.4,35.4,MODERATE
RSK-001579,Chennai,Capesize,2,Normal,Unhedged,0.302,30.2,1.02,72.4,3.62,0.0,5,2.4,29.0,LOW
RSK-001581,Kamarajar,Handysize,9,Calm,Unhedged,0.235,23.5,-0.04,49.0,0.97,38.7,30,8.4,35.4,MODERATE
RSK-001582,Kolkata,Handysize,3,Normal,Unhedged,0.303,30.3,-0.89,30.4,2.06,14.7,8,3.9,24.9,LOW
RSK-001583,Dhamra,Handysize,10,Normal,Unhedged,0.461,46.1,-2.09,4.0,2.37,7.8,60,29.4,19.2,LOW
RSK-001584,Dhamra,Supramax,9,Normal,Hedged,0.053,1.6,-1.04,27.2,1.61,24.7,30,14.7,23.1,LOW
RSK-001587,Kamarajar,Capesize,8,Normal,Unhedged,0.467,46.7,0.2,54.5,-0.45,69.9,28,13.7,50.7,MODERATE
RSK-001591,Kamarajar,Panamax,8,Normal,Partially Hedged,0.184,11.9,-0.44,40.4,4.27,0.0,28,13.7,18.4,LOW
RSK-001593,Paradip,Capesize,7,Severe Storm,Partially Hedged,0.509,33.1,0.05,51.0,0.63,46.1,28,35.3,43.9,MODERATE
RSK-001594,Haldia,Supramax,10,Calm,Unhedged,0.408,40.8,-0.65,35.8,2.14,13.0,60,16.8,23.7,LOW
RSK-001595,Vizag,Capesize,5,Rough,Partially Hedged,0.257,16.7,0.25,55.5,2.97,0.0,55,46.2,32.3,MODERATE
RSK-001607,Dhamra,Supramax,5,Normal,Hedged,0.222,6.6,-1.92,7.7,1.17,34.2,55,27.0,18.8,LOW
RSK-001608,Vizag,Supramax,8,Normal,Hedged,0.329,9.9,-2.27,0.1,4.92,0.0,28,13.7,5.3,LOW
RSK-001609,Kolkata,Panamax,7,Normal,Unhedged,0.438,43.8,1.68,86.9,2.79,0.0,28,13.7,45.8,MODERATE
RSK-001610,Haldia,Handysize,9,Calm,Unhedged,0.41,41.0,0.02,50.4,3.27,0.0,30,8.4,32.3,MODERATE
RSK-001611,Haldia,Supramax,3,Normal,Unhedged,0.083,8.3,-0.36,42.1,-1.07,83.6,8,3.9,36.6,MODERATE
RSK-001612,Dhamra,Capesize,11,Normal,Unhedged,0.388,38.8,1.3,78.5,4.72,0.0,80,39.2,40.3,MODERATE
RSK-001618,Haldia,Supramax,5,Severe Storm,Hedged,0.334,10.0,1.57,84.5,3.5,0.0,55,69.3,42.3,MODERATE
RSK-001621,Dhamra,Capesize,9,Normal,Partially Hedged,0.227,14.7,-0.58,37.3,3.72,0.0,30,14.7,18.1,LOW
RSK-001623,Chennai,Capesize,12,Calm,Partially Hedged,0.346,22.5,2.55,100.0,1.44,28.2,45,12.6,42.3,MODERATE
RSK-001626,Dhamra,Handysize,12,Normal,Unhedged,0.453,45.3,0.71,65.6,-0.1,62.2,45,22.0,52.2,MODERATE
RSK-001628,Dhamra,Supramax,2,Normal,Partially Hedged,0.334,21.7,-0.19,45.7,2.15,12.7,5,2.4,24.1,LOW
RSK-001629,Kamarajar,Handysize,6,Normal,Hedged,0.331,9.9,2.24,99.3,1.02,37.6,30,14.7,44.8,MODERATE
RSK-001630,Kolkata,Supramax,3,Normal,Unhedged,0.222,22.2,1.2,76.4,1.64,23.9,8,3.9,37.1,MODERATE
RSK-001631,Haldia,Supramax,4,Rough,Partially Hedged,0.292,18.9,0.06,51.3,3.96,0.0,20,16.8,18.5,LOW
RSK-001632,Paradip,Panamax,4,Calm,Partially Hedged,0.241,15.6,-0.77,33.1,1.34,30.5,20,5.6,23.5,LOW
RSK-001634,Haldia,Supramax,4,Normal,Hedged,0.282,8.5,1.6,85.2,1.02,37.5,20,9.8,40.1,MODERATE
RSK-001635,Kamarajar,Handysize,7,Normal,Unhedged,0.153,15.3,-0.17,46.2,1.21,33.5,28,13.7,30.9,MODERATE
RSK-001637,Paradip,Panamax,7,Normal,Hedged,0.289,8.7,-0.12,47.4,-0.09,62.0,28,13.7,31.6,MODERATE
RSK-001638,Chennai,Handysize,8,Calm,Hedged,0.198,6.0,-1.06,26.8,0.94,39.4,28,7.8,18.4,LOW
RSK-001639,Haldia,Capesize,1,Normal,Unhedged,0.372,37.2,0.77,66.9,1.26,32.2,10,4.9,35.0,MODERATE
RSK-001640,Paradip,Capesize,9,Normal,Unhedged,0.271,27.1,1.23,77.2,1.86,19.0,30,14.7,43.1,MODERATE
RSK-001645,Vizag,Capesize,8,Normal,Unhedged,0.43,43.0,0.18,53.9,3.25,0.0,28,13.7,30.5,MODERATE
RSK-001646,Kamarajar,Panamax,2,Rough,Unhedged,0.405,40.5,0.19,54.3,2.3,9.4,5,4.2,25.4,LOW
RSK-001652,Vizag,Capesize,5,Normal,Partially Hedged,0.425,27.6,0.1,52.3,1.27,32.0,55,27.0,39.9,MODERATE
RSK-001654,Dhamra,Handysize,4,Normal,Partially Hedged,0.411,26.7,-0.13,47.1,-0.47,70.4,20,9.8,39.5,MODERATE
RSK-001655,Haldia,Capesize,10,Calm,Hedged,0.257,7.7,0.72,65.9,0.08,58.2,60,16.8,43.6,MODERATE
RSK-001657,Vizag,Handysize,12,Rough,Hedged,0.27,8.1,0.22,54.8,2.05,14.9,45,37.8,29.4,LOW
RSK-001659,Haldia,Panamax,9,Normal,Partially Hedged,0.358,23.3,-0.47,39.6,1.46,27.8,30,14.7,21.9,LOW
RSK-001660,Chennai,Panamax,4,Normal,Unhedged,0.418,41.8,1.61,85.4,1.51,26.8,20,9.8,47.6,MODERATE
RSK-001661,Kolkata,Capesize,6,Normal,Hedged,0.261,7.8,-0.97,28.7,4.61,0.0,30,14.7,14.4,LOW
RSK-001665,Kamarajar,Panamax,6,Calm,Partially Hedged,0.35,22.7,0.99,71.8,1.91,18.0,30,8.4,29.6,LOW
RSK-001666,Kolkata,Capesize,7,Normal,Hedged,0.338,10.1,-2.04,5.2,2.1,13.7,28,13.7,15.6,LOW
RSK-001668,Paradip,Panamax,7,Severe Storm,Hedged,0.393,11.8,-0.41,41.0,0.31,53.1,28,35.3,39.6,MODERATE
RSK-001669,Haldia,Supramax,9,Normal,Hedged,0.218,6.5,-1.73,12.0,3.59,0.0,30,14.7,9.4,LOW
RSK-001670,Haldia,Supramax,2,Rough,Partially Hedged,0.297,19.3,1.32,78.9,3.08,0.0,5,4.2,30.4,MODERATE
RSK-001672,Vizag,Supramax,8,Severe Storm,Unhedged,0.304,30.4,1.19,76.3,0.7,44.7,28,35.3,50.6,MODERATE
RSK-001673,Dhamra,Capesize,4,Calm,Partially Hedged,0.353,22.9,-0.0,49.9,1.51,26.9,20,5.6,25.0,LOW
RSK-001679,Vizag,Capesize,12,Normal,Hedged,0.362,10.9,0.44,59.7,1.39,29.5,45,22.0,36.8,MODERATE
RSK-001680,Kamarajar,Capesize,3,Normal,Hedged,0.257,7.7,-0.28,43.9,1.13,35.1,8,3.9,25.4,LOW
RSK-001682,Kolkata,Panamax,8,Normal,Unhedged,0.233,23.3,1.01,72.3,1.63,24.1,28,13.7,30.6,MODERATE
RSK-001683,Kamarajar,Capesize,12,Normal,Partially Hedged,0.159,10.3,-0.81,32.2,1.72,22.1,45,22.0,22.8,LOW
RSK-001684,Paradip,Capesize,6,Severe Storm,Unhedged,0.247,24.7,0.98,71.7,1.31,31.2,30,37.8,45.0,MODERATE
RSK-001685,Kolkata,Handysize,12,Rough,Hedged,0.186,5.6,-0.13,47.0,0.89,40.4,45,37.8,32.7,MODERATE
RSK-001688,Haldia,Panamax,11,Normal,Unhedged,0.234,23.4,-0.81,32.2,2.17,12.2,80,39.2,21.0,LOW
RSK-001689,Kamarajar,Supramax,9,Rough,Unhedged,0.281,28.1,-0.51,38.8,3.5,0.0,30,25.2,25.2,LOW
RSK-001690,Dhamra,Handysize,4,Calm,Partially Hedged,0.223,14.5,-0.18,46.0,0.64,45.8,20,5.6,31.6,MODERATE
RSK-001693,Dhamra,Panamax,6,Normal,Partially Hedged,0.455,29.6,0.2,54.4,0.75,43.5,30,14.7,38.6,MODERATE
RSK-001694,Dhamra,Panamax,6,Calm,Hedged,0.393,11.8,-1.51,16.9,0.81,42.1,30,8.4,20.0,LOW
RSK-001698,Chennai,Handysize,4,Calm,Unhedged,0.327,32.7,0.01,50.3,1.72,22.2,20,5.6,30.9,MODERATE
RSK-001700,Kolkata,Supramax,4,Rough,Unhedged,0.384,38.4,0.94,70.7,4.76,0.0,20,16.8,34.6,MODERATE
RSK-001701,Dhamra,Supramax,8,Rough,Unhedged,0.202,20.2,1.58,84.9,2.38,7.6,28,23.5,36.7,MODERATE
RSK-001702,Vizag,Panamax,4,Normal,Hedged,0.277,8.3,0.73,66.0,3.2,0.0,20,9.8,19.0,LOW
RSK-001703,Kolkata,Handysize,7,Calm,Unhedged,0.298,29.8,1.22,76.9,2.79,0.0,28,7.8,31.5,MODERATE
RSK-001704,Haldia,Supramax,10,Rough,Hedged,0.467,14.0,0.48,60.5,0.65,45.8,60,50.4,40.9,MODERATE
RSK-001705,Kolkata,Panamax,3,Normal,Partially Hedged,0.453,29.4,0.91,69.9,3.95,0.0,8,3.9,26.9,LOW
RSK-001710,Chennai,Handysize,8,Normal,Unhedged,0.365,36.5,-0.81,32.1,0.48,49.5,28,13.7,36.2,MODERATE
RSK-001718,Kamarajar,Panamax,12,Normal,Hedged,0.278,8.4,1.09,73.9,2.58,3.2,45,22.0,35.1,MODERATE
RSK-001721,Haldia,Capesize,11,Normal,Hedged,0.27,8.1,0.18,53.9,3.46,0.0,80,39.2,28.6,LOW
RSK-001722,Chennai,Supramax,4,Rough,Partially Hedged,0.489,31.8,0.06,51.3,4.29,0.0,20,16.8,29.5,LOW
RSK-001724,Chennai,Supramax,4,Normal,Unhedged,0.3,30.0,0.68,64.9,1.78,20.9,20,9.8,26.8,LOW
RSK-001729,Chennai,Panamax,9,Normal,Hedged,0.174,5.2,-0.95,29.1,2.15,12.7,30,14.7,14.2,LOW
RSK-001735,Chennai,Capesize,1,Normal,Unhedged,0.26,26.0,0.43,59.5,3.58,0.0,10,4.9,28.0,LOW
RSK-001736,Kamarajar,Capesize,2,Normal,Partially Hedged,0.073,4.7,-0.77,33.0,2.24,10.8,5,2.4,12.5,LOW
RSK-001737,Chennai,Handysize,4,Rough,Partially Hedged,0.349,22.7,-2.09,4.0,2.96,0.0,20,16.8,7.7,LOW
RSK-001738,Kolkata,Handysize,4,Calm,Unhedged,0.403,40.3,-0.81,32.2,0.8,42.5,20,5.6,30.3,MODERATE
RSK-001739,Dhamra,Supramax,1,Rough,Hedged,0.323,9.7,-0.5,39.1,3.44,0.0,10,8.4,10.4,LOW
RSK-001740,Dhamra,Handysize,7,Normal,Hedged,0.212,6.4,1.0,72.0,1.6,24.8,28,13.7,26.4,LOW
RSK-001741,Vizag,Panamax,11,Normal,Partially Hedged,0.417,27.1,-0.22,45.2,2.71,0.5,80,39.2,25.8,LOW
RSK-001744,Vizag,Panamax,1,Rough,Hedged,0.348,10.4,0.72,65.9,1.84,19.5,10,8.4,30.8,MODERATE
RSK-001745,Vizag,Handysize,9,Normal,Partially Hedged,0.352,22.9,-0.27,44.1,1.41,29.0,30,14.7,37.3,MODERATE
RSK-001746,Kamarajar,Handysize,8,Normal,Unhedged,0.328,32.8,-0.68,35.0,1.48,27.5,28,13.7,29.2,LOW
RSK-001750,Chennai,Handysize,10,Normal,Unhedged,0.355,35.5,-0.76,33.3,2.44,6.3,60,29.4,29.8,LOW
RSK-001753,Kamarajar,Capesize,7,Calm,Unhedged,0.343,34.3,1.46,82.0,2.23,10.9,28,7.8,33.3,MODERATE
RSK-001754,Haldia,Supramax,12,Normal,Hedged,0.318,9.5,-0.87,30.8,-0.2,64.4,45,22.0,31.6,MODERATE
RSK-001755,Haldia,Panamax,10,Severe Storm,Hedged,0.268,8.0,-0.54,38.1,1.2,33.6,60,75.6,37.4,MODERATE
RSK-001756,Dhamra,Panamax,7,Calm,Unhedged,0.24,24.0,-0.71,34.3,2.04,15.0,28,7.8,24.9,LOW
RSK-001758,Vizag,Handysize,4,Normal,Hedged,0.331,9.9,-0.44,40.3,2.94,0.0,20,9.8,15.0,LOW
RSK-001761,Haldia,Supramax,6,Normal,Unhedged,0.299,29.9,0.43,59.5,1.81,20.3,30,14.7,33.1,MODERATE
RSK-001762,Dhamra,Handysize,12,Normal,Partially Hedged,0.235,15.2,-0.62,36.4,1.41,28.9,45,22.0,24.8,LOW
RSK-001763,Kolkata,Capesize,8,Normal,Partially Hedged,0.306,19.9,-0.4,41.3,3.54,0.0,28,13.7,18.4,LOW
RSK-001764,Vizag,Capesize,4,Normal,Unhedged,0.221,22.1,-0.44,40.2,2.06,14.7,20,9.8,19.0,LOW
RSK-001765,Chennai,Panamax,9,Calm,Partially Hedged,0.501,32.6,0.66,64.6,1.78,20.9,30,8.4,34.0,MODERATE
RSK-001771,Dhamra,Supramax,10,Calm,Hedged,0.162,4.9,-0.05,48.8,0.6,46.8,60,16.8,31.0,MODERATE
RSK-001772,Dhamra,Handysize,2,Rough,Unhedged,0.145,14.5,0.21,54.7,3.05,0.0,5,4.2,23.6,LOW
RSK-001778,Kolkata,Handysize,9,Normal,Unhedged,0.366,36.6,0.52,61.4,1.96,16.9,30,14.7,35.9,MODERATE
RSK-001779,Chennai,Panamax,6,Normal,Partially Hedged,0.258,16.8,-1.57,15.4,1.18,33.9,30,14.7,20.2,LOW
RSK-001782,Kamarajar,Capesize,8,Normal,Partially Hedged,0.31,20.1,-0.03,49.3,2.78,0.0,28,13.7,18.3,LOW
RSK-001783,Kolkata,Supramax,4,Rough,Partially Hedged,0.387,25.2,0.91,70.0,3.03,0.0,20,16.8,34.2,MODERATE
RSK-001784,Kolkata,Capesize,11,Calm,Unhedged,0.205,20.5,-1.5,17.0,0.72,44.2,80,22.4,29.7,LOW
RSK-001786,Paradip,Handysize,7,Rough,Unhedged,0.305,30.5,-2.72,0.0,5.78,0.0,28,23.5,14.6,LOW
RSK-001788,Kolkata,Handysize,4,Calm,Unhedged,0.26,26.0,0.26,55.8,1.4,29.3,20,5.6,34.7,MODERATE
RSK-001790,Haldia,Handysize,5,Calm,Partially Hedged,0.337,21.9,0.13,52.9,0.98,38.3,55,15.4,32.6,MODERATE
RSK-001792,Kolkata,Supramax,2,Calm,Unhedged,0.247,24.7,-1.07,26.5,2.11,13.6,5,1.4,19.1,LOW
RSK-001793,Dhamra,Panamax,3,Calm,Unhedged,0.249,24.9,0.47,60.4,3.17,0.0,8,2.2,15.3,LOW
RSK-001794,Vizag,Supramax,6,Normal,Partially Hedged,0.315,20.5,0.69,65.1,1.42,28.7,30,14.7,34.4,MODERATE
RSK-001795,Vizag,Panamax,6,Normal,Unhedged,0.15,15.0,0.04,50.8,0.13,57.2,30,14.7,36.7,MODERATE
RSK-001796,Kamarajar,Capesize,7,Calm,Unhedged,0.23,23.0,-2.38,0.0,1.48,27.4,28,7.8,14.4,LOW
RSK-001797,Kolkata,Panamax,2,Calm,Partially Hedged,0.445,28.9,-0.53,38.2,3.28,0.0,5,1.4,22.3,LOW
RSK-001798,Chennai,Capesize,9,Severe Storm,Hedged,0.333,10.0,2.44,100.0,1.75,21.5,30,37.8,49.9,MODERATE
RSK-001799,Vizag,Capesize,12,Normal,Unhedged,0.372,37.2,0.56,62.3,1.96,16.9,45,22.0,38.4,MODERATE
RSK-001802,Haldia,Capesize,5,Calm,Partially Hedged,0.297,19.3,2.34,100.0,1.18,34.0,55,15.4,43.5,MODERATE
RSK-001804,Haldia,Supramax,6,Normal,Unhedged,0.196,19.6,1.67,86.7,1.25,32.5,30,14.7,42.9,MODERATE
RSK-001807,Haldia,Panamax,6,Normal,Partially Hedged,0.238,15.4,0.5,60.9,1.47,27.6,30,14.7,31.7,MODERATE
RSK-001810,Vizag,Handysize,5,Calm,Hedged,0.147,4.4,-0.63,36.0,1.94,17.4,55,15.4,15.4,LOW
RSK-001811,Kolkata,Capesize,5,Normal,Partially Hedged,0.387,25.2,-0.05,48.8,4.21,0.0,55,27.0,28.3,LOW
RSK-001812,Kamarajar,Handysize,5,Normal,Unhedged,0.166,16.6,0.17,53.8,2.67,1.3,55,27.0,25.4,LOW
RSK-001818,Vizag,Handysize,4,Normal,Unhedged,0.304,30.4,-0.42,40.7,1.19,33.9,20,9.8,25.8,LOW
RSK-001819,Chennai,Handysize,6,Normal,Unhedged,0.197,19.7,-0.08,48.2,1.43,28.6,30,14.7,28.7,LOW
RSK-001820,Vizag,Capesize,11,Normal,Hedged,0.347,10.4,0.01,50.1,2.1,13.8,80,39.2,28.3,LOW
RSK-001821,Haldia,Panamax,2,Normal,Hedged,0.372,11.2,0.39,58.7,2.04,15.1,5,2.4,25.3,LOW
RSK-001824,Paradip,Handysize,4,Severe Storm,Unhedged,0.395,39.5,-1.49,17.2,3.64,0.0,20,25.2,19.7,LOW
RSK-001827,Vizag,Supramax,9,Normal,Unhedged,0.236,23.6,-1.84,9.6,2.41,7.1,30,14.7,15.8,LOW
RSK-001830,Kamarajar,Handysize,1,Calm,Partially Hedged,0.278,18.0,0.92,70.3,2.19,11.9,10,2.8,30.5,MODERATE
RSK-001832,Paradip,Panamax,12,Normal,Hedged,0.351,10.5,1.9,91.7,0.38,51.7,45,22.0,50.0,MODERATE
RSK-001833,Haldia,Handysize,2,Calm,Partially Hedged,0.296,19.2,1.5,83.1,4.66,0.0,5,1.4,30.9,MODERATE
RSK-001834,Dhamra,Handysize,1,Calm,Unhedged,0.276,27.6,0.12,52.6,2.59,3.1,10,2.8,26.0,LOW
RSK-001835,Chennai,Capesize,12,Normal,Hedged,0.324,9.7,0.3,56.6,1.73,21.9,45,22.0,32.3,MODERATE
RSK-001836,Haldia,Capesize,6,Calm,Partially Hedged,0.222,14.4,0.06,51.2,2.02,15.5,30,8.4,22.9,LOW
RSK-001840,Vizag,Panamax,4,Normal,Hedged,0.188,5.7,-0.26,44.2,0.73,44.0,20,9.8,29.8,LOW
RSK-001842,Chennai,Panamax,2,Normal,Partially Hedged,0.463,30.1,1.59,85.0,0.45,50.1,5,2.4,47.5,MODERATE
RSK-001845,Paradip,Supramax,11,Normal,Partially Hedged,0.256,16.6,-0.26,44.4,3.46,0.0,80,39.2,24.1,LOW
RSK-001846,Chennai,Panamax,12,Severe Storm,Hedged,0.303,9.1,-0.09,48.0,-0.31,66.8,45,56.7,46.2,MODERATE
RSK-001847,Haldia,Capesize,9,Calm,Hedged,0.346,10.4,0.51,61.2,1.43,28.6,30,8.4,29.5,LOW
RSK-001849,Paradip,Handysize,12,Calm,Unhedged,0.246,24.6,0.18,54.0,3.54,0.0,45,12.6,23.7,LOW
RSK-001850,Kolkata,Capesize,4,Severe Storm,Unhedged,0.305,30.5,0.25,55.6,1.4,29.1,20,25.2,43.7,MODERATE
RSK-001851,Vizag,Panamax,6,Normal,Partially Hedged,0.306,19.9,1.12,74.6,3.05,0.0,30,14.7,27.7,LOW
RSK-001852,Kamarajar,Panamax,5,Severe Storm,Partially Hedged,0.259,16.8,0.22,54.8,4.04,0.0,55,69.3,35.6,MODERATE
RSK-001853,Kamarajar,Handysize,4,Normal,Unhedged,0.451,45.1,-1.41,19.0,0.03,59.4,20,9.8,33.6,MODERATE
RSK-001856,Kolkata,Panamax,12,Severe Storm,Unhedged,0.333,33.3,1.31,78.9,1.7,22.6,45,56.7,44.7,MODERATE
RSK-001857,Vizag,Panamax,8,Rough,Unhedged,0.224,22.4,-0.06,48.8,1.73,22.0,28,23.5,25.9,LOW
RSK-001868,Paradip,Supramax,9,Rough,Unhedged,0.368,36.8,0.4,58.9,0.55,48.0,30,25.2,47.6,MODERATE
RSK-001876,Chennai,Capesize,2,Calm,Unhedged,0.21,21.0,-0.88,30.6,3.49,0.0,5,1.4,9.5,LOW
RSK-001879,Kamarajar,Capesize,11,Calm,Unhedged,0.427,42.7,-3.02,0.0,2.6,2.8,80,22.4,13.2,LOW
RSK-001882,Kamarajar,Panamax,12,Normal,Unhedged,0.451,45.1,-0.25,44.5,1.83,19.8,45,22.0,31.1,MODERATE
RSK-001883,Haldia,Supramax,12,Normal,Unhedged,0.265,26.5,0.75,66.5,3.22,0.0,45,22.0,31.0,MODERATE
RSK-001884,Vizag,Supramax,1,Normal,Unhedged,0.079,7.9,-1.22,23.1,2.63,2.2,10,4.9,10.9,LOW
RSK-001886,Dhamra,Capesize,6,Normal,Unhedged,0.232,23.2,-0.26,44.3,1.45,28.1,30,14.7,26.1,LOW
RSK-001889,Haldia,Handysize,4,Normal,Hedged,0.366,11.0,-0.75,33.6,3.53,0.0,20,9.8,15.9,LOW
RSK-001891,Kolkata,Supramax,6,Calm,Partially Hedged,0.371,24.1,0.64,64.0,2.03,15.3,30,8.4,26.8,LOW
RSK-001892,Kolkata,Handysize,7,Calm,Unhedged,0.129,12.9,1.24,77.3,0.12,57.4,28,7.8,44.6,MODERATE
RSK-001894,Dhamra,Supramax,6,Severe Storm,Hedged,0.322,9.7,-0.22,45.2,3.07,0.0,30,37.8,29.7,LOW
RSK-001896,Dhamra,Handysize,4,Calm,Hedged,0.105,3.1,-0.07,48.4,4.83,0.0,20,5.6,15.3,LOW
RSK-001900,Dhamra,Supramax,12,Rough,Unhedged,0.265,26.5,0.54,61.8,3.13,0.0,45,37.8,33.3,MODERATE
RSK-001902,Dhamra,Handysize,11,Normal,Hedged,0.329,9.9,1.71,87.5,2.25,10.5,80,39.2,41.6,MODERATE
RSK-001904,Paradip,Handysize,4,Rough,Unhedged,0.241,24.1,2.78,100.0,3.03,0.0,20,16.8,39.9,MODERATE
RSK-001905,Dhamra,Supramax,3,Rough,Hedged,0.326,9.8,1.05,73.1,2.14,12.8,8,6.7,31.5,MODERATE
RSK-001906,Dhamra,Capesize,9,Severe Storm,Partially Hedged,0.218,14.2,1.63,85.9,2.79,0.0,30,37.8,39.8,MODERATE
RSK-001909,Chennai,Panamax,1,Normal,Unhedged,0.435,43.5,-0.96,28.9,0.24,54.8,10,4.9,33.6,MODERATE
RSK-001910,Vizag,Supramax,6,Rough,Hedged,0.241,7.2,-0.0,49.9,3.61,0.0,30,25.2,19.1,LOW
RSK-001912,Kamarajar,Handysize,4,Severe Storm,Partially Hedged,0.298,19.4,-0.87,30.9,1.47,27.7,20,25.2,25.4,LOW
RSK-001913,Chennai,Panamax,12,Normal,Hedged,0.232,7.0,-0.25,44.6,1.95,17.0,45,22.0,23.7,LOW
RSK-001915,Chennai,Panamax,5,Normal,Unhedged,0.328,32.8,-0.46,39.9,2.53,4.3,55,27.0,26.1,LOW
RSK-001916,Kolkata,Panamax,7,Calm,Partially Hedged,0.242,15.7,-1.52,16.6,4.16,0.0,28,7.8,12.9,LOW
RSK-001918,Chennai,Supramax,11,Normal,Partially Hedged,0.184,11.9,-1.12,25.4,1.6,24.8,80,39.2,22.6,LOW
RSK-001919,Chennai,Handysize,7,Rough,Partially Hedged,0.456,29.6,2.02,94.4,2.5,5.1,28,23.5,41.3,MODERATE
RSK-001920,Dhamra,Handysize,6,Severe Storm,Unhedged,0.458,45.8,-0.17,46.3,3.4,0.0,30,37.8,31.4,MODERATE
RSK-001922,Chennai,Panamax,2,Normal,Unhedged,0.53,53.0,-0.71,34.4,3.25,0.0,5,2.4,28.8,LOW
RSK-001924,Kamarajar,Supramax,10,Severe Storm,Partially Hedged,0.295,19.2,-1.16,24.5,-0.29,66.3,60,75.6,46.6,MODERATE
RSK-001927,Haldia,Supramax,4,Normal,Hedged,0.061,1.8,-1.7,12.7,0.42,50.9,20,9.8,19.8,LOW
RSK-001933,Haldia,Supramax,12,Rough,Partially Hedged,0.214,13.9,-2.05,4.8,2.75,0.0,45,37.8,14.2,LOW
RSK-001934,Dhamra,Supramax,3,Normal,Hedged,0.38,11.4,0.28,56.2,2.41,6.9,8,3.9,25.6,LOW
RSK-001936,Paradip,Capesize,11,Calm,Partially Hedged,0.205,13.3,0.8,67.6,2.37,8.0,80,22.4,27.8,LOW
RSK-001940,Chennai,Panamax,2,Normal,Hedged,0.303,9.1,1.41,81.0,2.47,5.6,5,2.4,29.2,LOW
RSK-001942,Haldia,Handysize,9,Rough,Unhedged,0.425,42.5,1.52,83.4,1.26,32.3,30,25.2,54.6,MODERATE
RSK-001943,Kolkata,Panamax,1,Rough,Unhedged,0.246,24.6,-1.75,11.4,3.48,0.0,10,8.4,12.2,LOW
RSK-001946,Paradip,Panamax,11,Calm,Partially Hedged,0.219,14.2,1.97,93.4,0.39,51.4,80,22.4,46.7,MODERATE
RSK-001947,Kamarajar,Supramax,4,Rough,Unhedged,0.129,12.9,0.67,64.8,2.01,15.9,20,16.8,28.0,LOW
RSK-001948,Dhamra,Capesize,2,Normal,Unhedged,0.125,12.5,-1.12,25.3,0.87,41.0,5,2.4,12.3,LOW
RSK-001953,Kolkata,Supramax,5,Normal,Unhedged,0.377,37.7,0.3,56.6,3.32,0.0,55,27.0,28.7,LOW
RSK-001957,Paradip,Supramax,8,Normal,Partially Hedged,0.285,18.5,-1.12,25.3,3.09,0.0,28,13.7,19.6,LOW
RSK-001959,Paradip,Supramax,9,Calm,Hedged,0.289,8.7,-0.65,35.7,2.26,10.3,30,8.4,19.4,LOW
RSK-001960,Vizag,Capesize,4,Calm,Partially Hedged,0.326,21.2,0.32,57.0,1.18,34.0,20,5.6,31.5,MODERATE
RSK-001962,Haldia,Supramax,1,Calm,Partially Hedged,0.329,21.4,0.91,70.1,-0.96,81.0,10,2.8,47.3,MODERATE
RSK-001965,Haldia,Panamax,9,Rough,Hedged,0.113,3.4,-0.91,30.0,-0.16,63.6,30,25.2,37.4,MODERATE
RSK-001966,Kamarajar,Handysize,10,Rough,Unhedged,0.178,17.8,-3.09,0.0,4.91,0.0,60,50.4,14.3,LOW
RSK-001968,Haldia,Supramax,3,Normal,Unhedged,0.269,26.9,-1.1,25.9,2.71,0.4,8,3.9,14.2,LOW
RSK-001969,Dhamra,Capesize,9,Normal,Unhedged,0.357,35.7,1.03,72.7,1.5,26.9,30,14.7,40.6,MODERATE
RSK-001971,Paradip,Handysize,10,Rough,Partially Hedged,0.207,13.5,-0.3,43.4,0.95,39.1,60,50.4,37.3,MODERATE
RSK-001973,Kolkata,Handysize,9,Calm,Partially Hedged,0.363,23.6,1.75,88.4,-0.78,77.1,30,8.4,50.9,MODERATE
RSK-001974,Paradip,Capesize,6,Calm,Partially Hedged,0.3,19.5,1.52,83.5,3.52,0.0,30,8.4,30.7,MODERATE
RSK-001976,Kolkata,Capesize,1,Normal,Hedged,0.26,7.8,-0.7,34.6,2.37,7.9,10,4.9,12.0,LOW
RSK-001977,Dhamra,Handysize,4,Normal,Unhedged,0.085,8.5,-0.25,44.6,3.96,0.0,20,9.8,17.5,LOW
RSK-001978,Paradip,Panamax,8,Normal,Unhedged,0.308,30.8,1.15,75.3,3.67,0.0,28,13.7,37.4,MODERATE
RSK-001980,Kolkata,Handysize,5,Normal,Unhedged,0.28,28.0,-1.32,20.9,2.74,0.0,55,27.0,19.6,LOW
RSK-001987,Dhamra,Supramax,7,Rough,Unhedged,0.266,26.6,-0.33,42.8,2.61,2.5,28,23.5,27.0,LOW
RSK-001990,Haldia,Handysize,5,Normal,Unhedged,0.311,31.1,0.16,53.6,1.95,17.2,55,27.0,36.5,MODERATE
RSK-001994,Vizag,Capesize,8,Severe Storm,Hedged,0.349,10.5,-0.23,44.9,4.59,0.0,28,35.3,20.3,LOW
RSK-001997,Kolkata,Panamax,6,Calm,Partially Hedged,0.3,19.5,-0.26,44.3,0.91,39.9,30,8.4,25.9,LOW
RSK-001998,Kamarajar,Handysize,4,Rough,Partially Hedged,0.172,11.2,1.46,82.2,2.58,3.2,20,16.8,37.1,MODERATE
RSK-002000,Paradip,Panamax,7,Rough,Hedged,0.279,8.4,0.62,63.7,3.63,0.0,28,23.5,25.7,LOW
RSK-002001,Paradip,Capesize,12,Rough,Partially Hedged,0.22,14.3,1.11,74.5,2.29,9.7,45,37.8,34.3,MODERATE
RSK-002002,Vizag,Panamax,3,Calm,Partially Hedged,0.255,16.6,-0.26,44.3,0.07,58.4,8,2.2,37.6,MODERATE
RSK-002004,Kolkata,Panamax,5,Calm,Hedged,0.449,13.5,0.59,62.9,1.96,16.8,55,15.4,33.7,MODERATE
RSK-002006,Kolkata,Panamax,12,Normal,Unhedged,0.293,29.3,-1.42,18.7,0.55,47.8,45,22.0,24.4,LOW
RSK-002007,Kamarajar,Handysize,5,Calm,Partially Hedged,0.316,20.5,-0.15,46.8,2.41,6.9,55,15.4,21.5,LOW
RSK-002008,Paradip,Capesize,9,Normal,Unhedged,0.278,27.8,1.46,82.1,-0.36,68.0,30,14.7,53.6,MODERATE
RSK-002009,Chennai,Capesize,1,Normal,Hedged,0.06,1.8,2.06,95.3,1.63,24.1,10,4.9,38.7,MODERATE
RSK-002012,Haldia,Handysize,2,Normal,Unhedged,0.329,32.9,-0.36,42.1,0.6,46.8,5,2.4,33.4,MODERATE
RSK-002013,Dhamra,Capesize,3,Rough,Hedged,0.222,6.6,-1.93,7.5,1.79,20.7,8,6.7,15.7,LOW
RSK-002014,Dhamra,Capesize,8,Normal,Partially Hedged,0.385,25.0,-0.73,33.9,1.42,28.9,28,13.7,27.9,LOW
RSK-002015,Kolkata,Capesize,9,Normal,Hedged,0.211,6.3,0.46,60.1,1.17,34.4,30,14.7,29.5,LOW
RSK-002016,Vizag,Supramax,3,Normal,Unhedged,0.332,33.2,0.17,53.8,5.17,0.0,8,3.9,26.8,LOW
RSK-002018,Dhamra,Panamax,10,Calm,Partially Hedged,0.063,4.1,-0.41,40.9,4.22,0.0,60,16.8,17.9,LOW
RSK-002026,Kolkata,Supramax,3,Calm,Unhedged,0.232,23.2,-1.27,22.1,3.86,0.0,8,2.2,11.9,LOW
RSK-002027,Kolkata,Handysize,10,Rough,Unhedged,0.282,28.2,0.19,54.1,3.73,0.0,60,50.4,29.7,LOW
RSK-002029,Vizag,Capesize,12,Normal,Hedged,0.26,7.8,0.02,50.4,1.81,20.1,45,22.0,24.7,LOW
RSK-002030,Kolkata,Capesize,11,Normal,Unhedged,0.243,24.3,0.41,59.0,1.04,37.0,80,39.2,43.5,MODERATE
RSK-002031,Kamarajar,Panamax,7,Normal,Hedged,0.363,10.9,1.03,72.6,0.47,49.6,28,13.7,37.6,MODERATE
RSK-002034,Kolkata,Panamax,4,Normal,Hedged,0.303,9.1,-0.88,30.6,2.58,3.2,20,9.8,15.8,LOW
RSK-002036,Vizag,Supramax,1,Normal,Hedged,0.369,11.1,0.79,67.3,2.23,11.0,10,4.9,27.4,LOW
RSK-002037,Dhamra,Handysize,7,Normal,Partially Hedged,0.144,9.3,-2.08,4.3,2.18,12.0,28,13.7,12.0,LOW
RSK-002038,Chennai,Panamax,2,Calm,Hedged,0.361,10.8,-0.31,43.3,-0.04,60.9,5,1.4,33.3,MODERATE
RSK-002039,Dhamra,Handysize,3,Calm,Hedged,0.337,10.1,-0.17,46.2,-0.69,75.2,8,2.2,36.5,MODERATE
RSK-002045,Vizag,Handysize,8,Calm,Hedged,0.306,9.2,0.1,52.2,0.76,43.2,28,7.8,26.1,LOW
RSK-002047,Kamarajar,Capesize,3,Normal,Unhedged,0.285,28.5,1.44,81.6,3.29,0.0,8,3.9,33.7,MODERATE
RSK-002049,Kolkata,Panamax,3,Normal,Hedged,0.452,13.6,-1.12,25.3,3.91,0.0,8,3.9,15.5,LOW
RSK-002050,Haldia,Supramax,7,Severe Storm,Unhedged,0.352,35.2,-1.1,25.8,5.06,0.0,28,35.3,20.7,LOW
RSK-002053,Haldia,Panamax,1,Rough,Hedged,0.444,13.3,1.19,76.1,4.06,0.0,10,8.4,27.0,LOW
RSK-002055,Chennai,Handysize,1,Normal,Hedged,0.281,8.4,-1.3,21.5,0.47,49.6,10,4.9,21.6,LOW
RSK-002056,Haldia,Handysize,1,Normal,Partially Hedged,0.309,20.1,0.9,69.8,1.47,27.6,10,4.9,32.7,MODERATE
RSK-002059,Paradip,Capesize,10,Calm,Unhedged,0.205,20.5,-1.8,10.3,0.3,53.5,60,16.8,23.7,LOW
RSK-002061,Kolkata,Handysize,11,Normal,Unhedged,0.156,15.6,0.13,52.9,2.38,7.6,80,39.2,29.9,LOW
RSK-002062,Kamarajar,Handysize,5,Rough,Unhedged,0.079,7.9,-1.13,25.2,3.93,0.0,55,46.2,20.4,LOW
RSK-002063,Vizag,Handysize,2,Normal,Hedged,0.329,9.9,-1.13,25.0,2.31,9.2,5,2.4,10.9,LOW
RSK-002064,Dhamra,Panamax,10,Normal,Unhedged,0.296,29.6,2.24,99.3,2.54,4.2,60,29.4,45.0,MODERATE
RSK-002065,Kolkata,Panamax,5,Calm,Unhedged,0.529,52.9,-0.01,49.7,1.01,37.8,55,15.4,43.6,MODERATE
RSK-002070,Kamarajar,Supramax,1,Calm,Unhedged,0.315,31.5,2.01,94.2,0.72,44.2,10,2.8,51.9,MODERATE
RSK-002072,Chennai,Panamax,5,Normal,Unhedged,0.315,31.5,-0.46,39.9,3.5,0.0,55,27.0,23.2,LOW
RSK-002078,Dhamra,Panamax,11,Calm,Unhedged,0.301,30.1,0.09,52.1,1.58,25.3,80,22.4,30.9,MODERATE
RSK-002085,Kamarajar,Supramax,3,Rough,Hedged,0.166,5.0,-1.92,7.9,3.13,0.0,8,6.7,6.7,LOW
RSK-002086,Chennai,Supramax,7,Calm,Hedged,0.238,7.1,1.27,78.0,2.82,0.0,28,7.8,26.4,LOW
RSK-002087,Vizag,Capesize,6,Calm,Unhedged,0.409,40.9,0.55,62.2,-0.61,73.5,30,8.4,44.0,MODERATE
RSK-002089,Chennai,Supramax,2,Normal,Hedged,0.263,7.9,0.51,61.2,2.93,0.0,5,2.4,18.4,LOW
RSK-002090,Vizag,Capesize,1,Rough,Unhedged,0.238,23.8,0.79,67.4,3.33,0.0,10,8.4,26.2,LOW
RSK-002091,Haldia,Panamax,12,Normal,Hedged,0.342,10.3,0.62,63.6,3.42,0.0,45,22.0,24.1,LOW
RSK-002092,Haldia,Handysize,10,Normal,Partially Hedged,0.269,17.5,-1.04,27.2,-0.0,60.1,60,29.4,37.0,MODERATE
RSK-002093,Kamarajar,Panamax,8,Normal,Partially Hedged,0.327,21.2,1.41,80.9,1.39,29.4,28,13.7,37.4,MODERATE
RSK-002094,Kolkata,Handysize,6,Normal,Partially Hedged,0.368,23.9,0.68,65.0,2.16,12.6,30,14.7,35.1,MODERATE
RSK-002095,Kamarajar,Capesize,8,Normal,Partially Hedged,0.455,29.6,0.5,61.0,3.78,0.0,28,13.7,31.2,MODERATE
RSK-002096,Haldia,Capesize,11,Normal,Partially Hedged,0.283,18.4,-0.11,47.5,0.67,45.3,80,39.2,37.6,MODERATE
RSK-002097,Chennai,Supramax,4,Normal,Hedged,0.273,8.2,-1.73,12.0,1.36,30.1,20,9.8,12.5,LOW
RSK-002098,Kolkata,Capesize,12,Calm,Unhedged,0.169,16.9,-2.19,1.7,1.81,20.2,45,12.6,21.4,LOW
RSK-002102,Chennai,Supramax,11,Normal,Hedged,0.365,11.0,0.59,63.1,2.53,4.2,80,39.2,30.9,MODERATE
RSK-002104,Paradip,Supramax,12,Normal,Hedged,0.345,10.3,0.18,54.0,4.28,0.0,45,22.0,22.1,LOW
RSK-002105,Dhamra,Capesize,2,Normal,Unhedged,0.495,49.5,0.33,57.3,1.79,20.5,5,2.4,30.4,MODERATE
RSK-002107,Haldia,Handysize,10,Normal,Unhedged,0.15,15.0,1.28,78.1,2.3,9.4,60,29.4,33.4,MODERATE
RSK-002108,Haldia,Supramax,6,Normal,Unhedged,0.27,27.0,-0.63,36.2,1.76,21.3,30,14.7,28.6,LOW
RSK-002109,Kolkata,Handysize,8,Calm,Hedged,0.28,8.4,0.98,71.6,4.06,0.0,28,7.8,24.2,LOW
RSK-002111,Chennai,Supramax,8,Normal,Unhedged,0.255,25.5,-1.1,25.8,0.22,55.1,28,13.7,29.1,LOW
RSK-002112,Dhamra,Supramax,7,Normal,Unhedged,0.221,22.1,-0.37,41.8,1.59,25.1,28,13.7,27.6,LOW
RSK-002113,Chennai,Supramax,12,Normal,Hedged,0.418,12.5,-0.85,31.4,0.31,53.2,45,22.0,32.3,MODERATE
RSK-002114,Kamarajar,Handysize,5,Normal,Hedged,0.248,7.4,-0.11,47.7,2.51,4.7,55,27.0,24.7,LOW
RSK-002116,Paradip,Handysize,4,Normal,Unhedged,0.226,22.6,-0.17,46.3,1.8,20.4,20,9.8,28.8,LOW
RSK-002117,Dhamra,Panamax,3,Normal,Hedged,0.349,10.5,-0.68,35.1,2.92,0.0,8,3.9,12.0,LOW
RSK-002120,Chennai,Panamax,12,Calm,Partially Hedged,0.266,17.3,0.38,58.3,6.15,0.0,45,12.6,19.1,LOW
RSK-002123,Kamarajar,Supramax,7,Normal,Hedged,0.275,8.2,-0.01,49.7,1.05,37.0,28,13.7,27.5,LOW
RSK-002128,Kamarajar,Capesize,8,Normal,Partially Hedged,0.209,13.6,-0.05,49.0,2.85,0.0,28,13.7,17.6,LOW
RSK-002132,Dhamra,Capesize,6,Rough,Unhedged,0.385,38.5,-0.29,43.6,3.78,0.0,30,25.2,20.4,LOW
RSK-002135,Paradip,Panamax,10,Rough,Unhedged,0.175,17.5,-0.02,49.6,1.45,28.1,60,50.4,31.9,MODERATE
RSK-002141,Kolkata,Panamax,1,Calm,Hedged,0.129,3.9,-1.02,27.5,0.67,45.2,10,2.8,20.0,LOW
RSK-002143,Kamarajar,Capesize,8,Normal,Hedged,0.106,3.2,0.29,56.4,-0.14,63.2,28,13.7,38.0,MODERATE
RSK-002145,Kamarajar,Handysize,1,Normal,Hedged,0.28,8.4,-0.64,35.8,1.56,25.6,10,4.9,22.7,LOW
RSK-002147,Paradip,Panamax,6,Rough,Unhedged,0.374,37.4,-0.82,31.9,1.92,17.7,30,25.2,30.6,MODERATE
RSK-002149,Haldia,Panamax,2,Severe Storm,Hedged,0.355,10.6,-1.69,12.9,1.58,25.3,5,6.3,15.7,LOW
RSK-002157,Chennai,Panamax,9,Calm,Unhedged,0.254,25.4,-0.6,36.9,4.68,0.0,30,8.4,16.3,LOW
RSK-002158,Chennai,Capesize,5,Rough,Unhedged,0.05,5.0,0.86,69.0,1.59,25.0,55,46.2,34.2,MODERATE
RSK-002159,Vizag,Handysize,8,Calm,Unhedged,0.377,37.7,-0.08,48.3,1.47,27.7,28,7.8,28.1,LOW
RSK-002161,Kolkata,Panamax,8,Normal,Unhedged,0.138,13.8,0.51,61.2,1.57,25.5,28,13.7,27.7,LOW
RSK-002162,Chennai,Panamax,2,Rough,Unhedged,0.092,9.2,0.97,71.4,0.22,55.2,5,4.2,42.3,MODERATE
RSK-002163,Paradip,Capesize,9,Calm,Partially Hedged,0.211,13.7,-0.18,46.0,4.01,0.0,30,8.4,16.9,LOW
RSK-002166,Kolkata,Supramax,12,Normal,Partially Hedged,0.394,25.6,-0.76,33.3,1.34,30.6,45,22.0,25.3,LOW
RSK-002170,Chennai,Panamax,12,Calm,Hedged,0.266,8.0,-0.38,41.7,1.78,20.9,45,12.6,22.8,LOW
RSK-002171,Haldia,Capesize,8,Rough,Partially Hedged,0.173,11.2,0.73,66.1,0.63,46.1,28,23.5,43.1,MODERATE
RSK-002172,Dhamra,Capesize,2,Rough,Partially Hedged,0.234,15.2,-0.43,40.6,2.89,0.0,5,4.2,18.8,LOW
RSK-002173,Vizag,Handysize,3,Normal,Partially Hedged,0.254,16.5,0.92,70.3,2.17,12.2,8,3.9,31.4,MODERATE
RSK-002175,Chennai,Capesize,9,Calm,Partially Hedged,0.255,16.6,0.36,57.9,3.64,0.0,30,8.4,23.2,LOW
RSK-002176,Haldia,Capesize,9,Calm,Unhedged,0.212,21.2,0.03,50.7,1.25,32.5,30,8.4,29.9,LOW
RSK-002179,Vizag,Panamax,11,Normal,Partially Hedged,0.164,10.7,2.03,94.6,4.9,0.0,80,39.2,36.2,MODERATE
RSK-002181,Chennai,Handysize,3,Normal,Hedged,0.216,6.5,-1.29,21.6,2.77,0.0,8,3.9,9.9,LOW
RSK-002183,Vizag,Capesize,5,Normal,Partially Hedged,0.155,10.1,-0.02,49.5,1.26,32.2,55,27.0,27.8,LOW
RSK-002190,Dhamra,Handysize,6,Calm,Unhedged,0.317,31.7,-0.01,49.8,1.29,31.7,30,8.4,37.3,MODERATE
RSK-002191,Paradip,Capesize,1,Rough,Partially Hedged,0.111,7.2,-0.75,33.5,1.33,30.8,10,8.4,21.2,LOW
RSK-002193,Dhamra,Handysize,10,Rough,Hedged,0.216,6.5,1.81,89.8,3.95,0.0,60,50.4,40.6,MODERATE
RSK-002196,Vizag,Panamax,7,Normal,Partially Hedged,0.227,14.8,-1.58,15.1,2.53,4.3,28,13.7,12.2,LOW
RSK-002198,Haldia,Panamax,5,Normal,Hedged,0.288,8.6,0.61,63.4,5.61,0.0,55,27.0,25.1,LOW
RSK-002199,Paradip,Panamax,4,Normal,Partially Hedged,0.224,14.6,-1.51,16.9,0.99,38.2,20,9.8,21.9,LOW
RSK-002202,Kamarajar,Handysize,2,Rough,Hedged,0.325,9.8,-2.01,5.8,1.76,21.3,5,4.2,11.0,LOW
RSK-002203,Paradip,Supramax,7,Normal,Partially Hedged,0.293,19.0,-0.75,33.5,2.6,2.8,28,13.7,18.8,LOW
RSK-002205,Vizag,Handysize,9,Normal,Hedged,0.443,13.3,0.44,59.8,3.46,0.0,30,14.7,24.0,LOW
RSK-002206,Haldia,Capesize,6,Calm,Unhedged,0.235,23.5,-0.27,44.0,0.93,39.6,30,8.4,32.8,MODERATE
RSK-002207,Chennai,Panamax,9,Rough,Unhedged,0.474,47.4,1.05,73.0,4.23,0.0,30,25.2,37.1,MODERATE
RSK-002208,Kamarajar,Supramax,3,Normal,Hedged,0.181,5.4,1.62,85.7,2.36,8.1,8,3.9,32.6,MODERATE
RSK-002209,Kamarajar,Handysize,11,Normal,Unhedged,0.165,16.5,0.53,61.6,1.11,35.7,80,39.2,42.2,MODERATE
RSK-002211,Kamarajar,Capesize,1,Normal,Hedged,0.297,8.9,0.84,68.4,0.93,39.6,10,4.9,28.8,LOW
RSK-002213,Chennai,Supramax,12,Calm,Hedged,0.264,7.9,0.83,68.2,2.85,0.0,45,12.6,26.4,LOW
RSK-002216,Haldia,Supramax,7,Normal,Unhedged,0.346,34.6,-0.25,44.5,2.16,12.5,28,13.7,26.1,LOW
RSK-002218,Dhamra,Panamax,11,Calm,Unhedged,0.196,19.6,-0.61,36.5,1.37,29.9,80,22.4,28.2,LOW
RSK-002219,Kolkata,Panamax,5,Normal,Unhedged,0.511,51.1,-0.0,50.0,2.58,3.2,55,27.0,34.6,MODERATE
RSK-002223,Kamarajar,Handysize,3,Normal,Hedged,0.314,9.4,-0.89,30.3,1.97,16.6,8,3.9,13.1,LOW
RSK-002224,Paradip,Panamax,1,Normal,Hedged,0.252,7.6,-0.18,46.0,1.05,37.0,10,4.9,29.3,LOW
RSK-002225,Dhamra,Panamax,9,Rough,Partially Hedged,0.372,24.2,-1.47,17.6,3.91,0.0,30,25.2,17.4,LOW
RSK-002228,Chennai,Supramax,4,Normal,Hedged,0.338,10.1,1.34,79.5,-0.31,66.7,20,9.8,42.8,MODERATE
RSK-002232,Vizag,Handysize,10,Calm,Unhedged,0.317,31.7,0.71,65.6,2.08,14.3,60,16.8,37.9,MODERATE
RSK-002234,Haldia,Supramax,10,Rough,Hedged,0.269,8.1,-0.16,46.5,2.65,1.8,60,50.4,23.9,LOW
RSK-002236,Kolkata,Handysize,9,Calm,Partially Hedged,0.246,16.0,-0.78,32.9,2.37,7.9,30,8.4,19.7,LOW
RSK-002237,Haldia,Panamax,1,Normal,Hedged,0.098,2.9,0.76,66.8,2.49,5.2,10,4.9,24.5,LOW
RSK-002238,Kolkata,Capesize,2,Calm,Hedged,0.381,11.4,-0.58,37.3,2.86,0.0,5,1.4,20.1,LOW
RSK-002239,Paradip,Capesize,9,Calm,Partially Hedged,0.243,15.8,1.76,88.8,0.8,42.4,30,8.4,42.3,MODERATE
RSK-002241,Paradip,Capesize,7,Normal,Unhedged,0.227,22.7,0.01,50.2,1.45,28.0,28,13.7,32.4,MODERATE
RSK-002245,Kolkata,Supramax,8,Calm,Unhedged,0.297,29.7,-0.1,47.9,-0.08,61.8,28,7.8,37.3,MODERATE
RSK-002246,Chennai,Capesize,2,Rough,Partially Hedged,0.346,22.5,-1.05,27.0,2.12,13.3,5,4.2,20.5,LOW
RSK-002249,Kolkata,Handysize,7,Calm,Partially Hedged,0.293,19.0,0.33,57.2,1.37,29.9,28,7.8,31.2,MODERATE
RSK-002254,Haldia,Panamax,11,Calm,Hedged,0.177,5.3,-0.8,32.5,1.05,36.8,80,22.4,30.0,MODERATE
RSK-002257,Kolkata,Capesize,7,Rough,Hedged,0.196,5.9,-0.14,47.0,2.84,0.0,28,23.5,21.6,LOW
RSK-002258,Haldia,Capesize,8,Severe Storm,Partially Hedged,0.38,24.7,0.37,58.1,2.9,0.0,28,35.3,28.7,LOW
RSK-002261,Dhamra,Panamax,2,Normal,Partially Hedged,0.364,23.7,2.04,94.8,2.18,12.1,5,2.4,42.3,MODERATE
RSK-002265,Haldia,Capesize,7,Rough,Partially Hedged,0.268,17.4,-0.08,48.2,0.22,55.3,28,23.5,35.9,MODERATE
RSK-002266,Kamarajar,Panamax,8,Calm,Hedged,0.381,11.4,1.58,84.8,1.04,37.1,28,7.8,40.4,MODERATE
RSK-002270,Dhamra,Supramax,10,Calm,Partially Hedged,0.325,21.1,2.53,100.0,1.37,29.9,60,16.8,48.0,MODERATE
RSK-002273,Kamarajar,Capesize,10,Severe Storm,Partially Hedged,0.346,22.5,1.31,78.9,2.21,11.5,60,75.6,48.5,MODERATE
RSK-002274,Kamarajar,Capesize,7,Severe Storm,Unhedged,0.448,44.8,0.37,58.2,4.7,0.0,28,35.3,31.9,MODERATE
RSK-002275,Chennai,Supramax,6,Calm,Partially Hedged,0.39,25.3,-0.14,46.9,0.84,41.6,30,8.4,30.8,MODERATE
RSK-002281,Haldia,Panamax,11,Calm,Hedged,0.182,5.5,-1.19,23.8,2.91,0.0,80,22.4,15.1,LOW
RSK-002283,Kamarajar,Capesize,9,Normal,Partially Hedged,0.244,15.9,0.57,62.6,2.34,8.6,30,14.7,25.1,LOW
RSK-002284,Vizag,Capesize,4,Calm,Partially Hedged,0.356,23.1,-0.34,42.4,4.75,0.0,20,5.6,19.1,LOW
RSK-002285,Kamarajar,Handysize,11,Rough,Unhedged,0.16,16.0,-0.96,28.9,2.58,3.3,80,67.2,30.4,MODERATE
RSK-002286,Kolkata,Handysize,3,Normal,Hedged,0.174,5.2,-0.39,41.5,3.87,0.0,8,3.9,13.1,LOW
RSK-002288,Haldia,Panamax,8,Calm,Partially Hedged,0.241,15.7,2.33,100.0,0.44,50.3,28,7.8,46.6,MODERATE
RSK-002289,Chennai,Supramax,3,Normal,Unhedged,0.165,16.5,1.22,76.8,2.9,0.0,8,3.9,30.4,MODERATE
RSK-002292,Haldia,Capesize,12,Normal,Unhedged,0.279,27.9,-0.17,46.2,-0.16,63.6,45,22.0,40.5,MODERATE
RSK-002294,Kolkata,Capesize,4,Normal,Unhedged,0.279,27.9,-1.0,28.1,2.5,5.0,20,9.8,18.4,LOW
RSK-002297,Dhamra,Supramax,7,Normal,Unhedged,0.26,26.0,-0.04,49.1,1.37,29.9,28,13.7,30.7,MODERATE
RSK-002299,Vizag,Handysize,1,Rough,Hedged,0.289,8.7,-0.68,35.0,1.8,20.3,10,8.4,19.1,LOW
RSK-002300,Dhamra,Panamax,12,Severe Storm,Unhedged,0.304,30.4,-1.12,25.4,-0.56,72.4,45,56.7,41.9,MODERATE
RSK-002301,Paradip,Panamax,8,Normal,Unhedged,0.289,28.9,-0.84,31.5,2.69,0.9,28,13.7,19.7,LOW
RSK-002302,Dhamra,Handysize,2,Calm,Hedged,0.117,3.5,-0.38,41.6,2.6,2.8,5,1.4,13.7,LOW
RSK-002307,Vizag,Handysize,2,Calm,Hedged,0.309,9.3,-0.04,49.2,0.17,56.2,5,1.4,31.0,MODERATE
RSK-002308,Dhamra,Supramax,1,Severe Storm,Unhedged,0.257,25.7,-0.16,46.5,2.61,2.5,10,12.6,23.6,LOW
RSK-002313,Chennai,Panamax,2,Rough,Hedged,0.26,7.8,-0.08,48.3,0.35,52.2,5,4.2,27.4,LOW
RSK-002314,Kolkata,Capesize,5,Calm,Partially Hedged,0.247,16.0,0.82,67.9,3.44,0.0,55,15.4,29.9,LOW
RSK-002315,Paradip,Handysize,10,Calm,Unhedged,0.224,22.4,-0.96,28.9,1.49,27.2,60,16.8,22.1,LOW
RSK-002316,Dhamra,Supramax,4,Normal,Unhedged,0.267,26.7,-0.66,35.5,1.61,24.6,20,9.8,22.0,LOW
RSK-002321,Vizag,Supramax,1,Rough,Unhedged,0.232,23.2,0.89,69.7,3.78,0.0,10,8.4,33.8,MODERATE
RSK-002322,Dhamra,Supramax,3,Rough,Unhedged,0.261,26.1,-1.21,23.4,4.62,0.0,8,6.7,19.0,LOW
RSK-002323,Chennai,Panamax,12,Normal,Unhedged,0.244,24.4,0.76,66.7,3.98,0.0,45,22.0,32.9,MODERATE
RSK-002324,Kolkata,Panamax,9,Calm,Partially Hedged,0.406,26.4,0.15,53.3,1.85,19.3,30,8.4,33.7,MODERATE
RSK-002327,Haldia,Panamax,1,Normal,Partially Hedged,0.166,10.8,-0.73,33.9,1.92,17.7,10,4.9,19.8,LOW
RSK-002328,Paradip,Panamax,3,Normal,Hedged,0.121,3.6,-0.34,42.5,1.62,24.3,8,3.9,19.8,LOW
RSK-002329,Vizag,Panamax,12,Normal,Hedged,0.332,10.0,-0.87,30.8,0.79,42.7,45,22.0,28.5,LOW
RSK-002333,Paradip,Supramax,1,Normal,Unhedged,0.317,31.7,-0.52,38.5,2.05,14.9,10,4.9,24.7,LOW
RSK-002334,Kamarajar,Handysize,1,Calm,Hedged,0.318,9.5,0.82,68.0,1.65,23.8,10,2.8,27.9,LOW
RSK-002335,Chennai,Handysize,7,Normal,Unhedged,0.134,13.4,2.0,94.1,0.44,50.3,28,13.7,51.6,MODERATE
RSK-002336,Vizag,Handysize,3,Calm,Partially Hedged,0.303,19.7,0.5,61.0,2.34,8.5,8,2.2,27.5,LOW
RSK-002338,Kamarajar,Supramax,3,Normal,Partially Hedged,0.363,23.6,-1.7,12.5,4.73,0.0,8,3.9,12.3,LOW
RSK-002339,Haldia,Capesize,10,Normal,Unhedged,0.271,27.1,0.37,58.2,1.0,38.0,60,29.4,41.7,MODERATE
RSK-002340,Dhamra,Panamax,4,Rough,Hedged,0.406,12.2,0.76,66.7,3.66,0.0,20,16.8,26.6,LOW
RSK-002341,Kamarajar,Handysize,4,Rough,Unhedged,0.141,14.1,2.3,100.0,3.47,0.0,20,16.8,42.2,MODERATE
RSK-002342,Vizag,Capesize,8,Calm,Unhedged,0.189,18.9,1.57,84.5,3.26,0.0,28,7.8,32.6,MODERATE
RSK-002345,Kamarajar,Capesize,8,Normal,Partially Hedged,0.193,12.5,0.8,67.6,0.65,45.6,28,13.7,40.1,MODERATE
RSK-002353,Chennai,Supramax,11,Normal,Unhedged,0.186,18.6,-0.97,28.7,0.15,56.7,80,39.2,39.4,MODERATE
RSK-002359,Kolkata,Handysize,7,Normal,Hedged,0.213,6.4,0.39,58.5,0.18,56.0,28,13.7,41.1,MODERATE
RSK-002362,Haldia,Capesize,12,Normal,Unhedged,0.05,5.0,-0.58,37.2,2.21,11.3,45,22.0,20.0,LOW
RSK-002367,Paradip,Capesize,8,Rough,Hedged,0.324,9.7,-0.65,35.7,4.23,0.0,28,23.5,18.5,LOW
RSK-002368,Haldia,Panamax,7,Calm,Hedged,0.206,6.2,-1.68,13.1,2.26,10.2,28,7.8,9.4,LOW
RSK-002370,Haldia,Supramax,7,Normal,Unhedged,0.429,42.9,1.25,77.6,-0.68,75.0,28,13.7,55.9,ELEVATED
RSK-002372,Chennai,Panamax,6,Calm,Hedged,0.241,7.2,0.24,55.3,1.71,22.4,30,8.4,18.8,LOW
RSK-002374,Haldia,Capesize,4,Calm,Partially Hedged,0.41,26.7,-0.36,42.2,-0.08,61.7,20,5.6,30.2,MODERATE
RSK-002376,Vizag,Supramax,4,Rough,Unhedged,0.35,35.0,0.37,58.2,1.49,27.2,20,16.8,35.5,MODERATE
RSK-002377,Chennai,Supramax,9,Normal,Hedged,0.38,11.4,-0.38,41.7,4.1,0.0,30,14.7,11.1,LOW
RSK-002378,Kamarajar,Capesize,12,Calm,Partially Hedged,0.363,23.6,-0.45,40.2,1.75,21.5,45,12.6,29.3,LOW
RSK-002380,Paradip,Supramax,11,Calm,Unhedged,0.159,15.9,1.88,91.5,2.87,0.0,80,22.4,36.3,MODERATE
RSK-002383,Chennai,Panamax,9,Calm,Partially Hedged,0.261,17.0,0.6,63.1,2.96,0.0,30,8.4,28.6,LOW
RSK-002384,Kolkata,Supramax,2,Normal,Hedged,0.269,8.1,-0.52,38.5,1.38,29.6,5,2.4,24.2,LOW
RSK-002385,Kamarajar,Handysize,9,Severe Storm,Partially Hedged,0.167,10.9,-0.38,41.6,2.75,0.0,30,37.8,18.7,LOW
RSK-002386,Kolkata,Supramax,12,Calm,Hedged,0.387,11.6,-1.0,28.1,2.17,12.2,45,12.6,17.3,LOW
RSK-002389,Paradip,Supramax,8,Normal,Partially Hedged,0.402,26.1,0.65,64.4,1.1,35.7,28,13.7,34.4,MODERATE
RSK-002395,Kamarajar,Capesize,12,Calm,Hedged,0.342,10.3,1.46,82.2,-0.28,66.2,45,12.6,44.9,MODERATE
RSK-002398,Chennai,Capesize,5,Normal,Hedged,0.314,9.4,-0.75,33.4,-0.17,63.7,55,27.0,33.1,MODERATE
RSK-002399,Paradip,Supramax,4,Calm,Partially Hedged,0.409,26.6,-0.17,46.3,-0.26,65.7,20,5.6,39.8,MODERATE
RSK-002401,Kolkata,Panamax,3,Calm,Unhedged,0.521,52.1,-1.19,23.9,1.63,24.1,8,2.2,25.6,LOW
RSK-002402,Kamarajar,Handysize,6,Rough,Hedged,0.402,12.1,-1.32,21.0,5.39,0.0,30,25.2,12.3,LOW
RSK-002404,Kolkata,Capesize,10,Normal,Partially Hedged,0.265,17.2,-0.55,37.9,3.14,0.0,60,29.4,23.6,LOW
RSK-002408,Chennai,Supramax,7,Severe Storm,Partially Hedged,0.06,3.9,-1.25,22.6,2.32,8.9,28,35.3,10.7,LOW
RSK-002411,Paradip,Supramax,10,Normal,Hedged,0.225,6.8,1.02,72.4,1.13,35.2,60,29.4,40.1,MODERATE
RSK-002417,Paradip,Capesize,5,Normal,Unhedged,0.259,25.9,-1.47,17.6,0.95,39.1,55,27.0,29.2,LOW
RSK-002418,Vizag,Supramax,7,Normal,Partially Hedged,0.313,20.4,0.13,53.0,1.22,33.2,28,13.7,35.7,MODERATE
RSK-002422,Chennai,Handysize,2,Normal,Hedged,0.331,9.9,-0.02,49.5,2.12,13.3,5,2.4,22.4,LOW
RSK-002426,Kamarajar,Handysize,3,Normal,Hedged,0.278,8.3,-1.41,18.9,1.75,21.6,8,3.9,15.9,LOW
RSK-002427,Kolkata,Panamax,10,Rough,Unhedged,0.324,32.4,-0.64,35.9,3.72,0.0,60,50.4,30.0,MODERATE
RSK-002429,Chennai,Supramax,3,Normal,Unhedged,0.213,21.3,-0.82,31.9,2.06,14.7,8,3.9,19.3,LOW
RSK-002431,Vizag,Panamax,10,Normal,Hedged,0.198,6.0,1.86,90.9,1.75,21.5,60,29.4,38.0,MODERATE
RSK-002433,Chennai,Panamax,11,Calm,Unhedged,0.196,19.6,-0.99,28.3,1.85,19.3,80,22.4,19.1,LOW
RSK-002434,Kamarajar,Handysize,7,Normal,Partially Hedged,0.371,24.1,-0.31,43.2,0.37,51.8,28,13.7,34.7,MODERATE
RSK-002436,Vizag,Supramax,7,Calm,Partially Hedged,0.523,34.0,0.68,64.9,2.5,5.0,28,7.8,32.8,MODERATE
RSK-002437,Chennai,Capesize,8,Normal,Partially Hedged,0.308,20.0,-2.1,3.9,2.54,4.1,28,13.7,5.1,LOW
RSK-002438,Chennai,Panamax,7,Severe Storm,Partially Hedged,0.329,21.4,0.2,54.4,1.18,34.0,28,35.3,40.0,MODERATE
RSK-002439,Haldia,Panamax,4,Normal,Partially Hedged,0.162,10.5,-1.13,25.1,3.44,0.0,20,9.8,12.9,LOW
RSK-002440,Haldia,Supramax,11,Normal,Partially Hedged,0.282,18.3,-0.94,29.3,1.17,34.2,80,39.2,29.8,LOW
RSK-002441,Haldia,Panamax,4,Normal,Hedged,0.376,11.3,-1.18,24.1,3.35,0.0,20,9.8,12.2,LOW
RSK-002445,Kamarajar,Capesize,7,Calm,Unhedged,0.193,19.3,-0.84,31.6,2.82,0.0,28,7.8,15.8,LOW
RSK-002446,Dhamra,Panamax,11,Calm,Unhedged,0.287,28.7,-1.25,22.6,2.25,10.5,80,22.4,20.0,LOW
RSK-002449,Haldia,Capesize,7,Normal,Hedged,0.37,11.1,0.81,67.9,3.86,0.0,28,13.7,26.2,LOW
RSK-002451,Paradip,Handysize,6,Normal,Hedged,0.123,3.7,0.72,65.9,5.18,0.0,30,14.7,22.7,LOW
RSK-002453,Haldia,Handysize,7,Normal,Hedged,0.38,11.4,-0.08,48.1,1.44,28.4,28,13.7,22.4,LOW
RSK-002455,Kamarajar,Capesize,2,Normal,Unhedged,0.267,26.7,-0.22,45.3,-0.14,63.0,5,2.4,34.5,MODERATE
RSK-002456,Dhamra,Handysize,7,Calm,Unhedged,0.311,31.1,1.29,78.4,0.57,47.4,28,7.8,45.5,MODERATE
RSK-002457,Paradip,Panamax,10,Normal,Partially Hedged,0.389,25.3,1.0,71.9,2.32,8.9,60,29.4,35.1,MODERATE
RSK-002459,Dhamra,Handysize,8,Normal,Partially Hedged,0.318,20.7,0.81,67.9,1.83,19.8,28,13.7,29.9,LOW
RSK-002461,Paradip,Capesize,3,Rough,Hedged,0.252,7.6,-0.83,31.7,3.18,0.0,8,6.7,10.3,LOW
RSK-002463,Haldia,Supramax,12,Rough,Unhedged,0.328,32.8,-0.11,47.5,2.28,9.8,45,37.8,34.7,MODERATE
RSK-002464,Vizag,Panamax,4,Normal,Partially Hedged,0.399,26.0,1.17,75.7,0.97,38.8,20,9.8,40.9,MODERATE
RSK-002466,Kamarajar,Capesize,1,Rough,Hedged,0.196,5.9,-0.82,32.1,3.61,0.0,10,8.4,14.0,LOW
RSK-002469,Haldia,Capesize,8,Normal,Hedged,0.332,10.0,-1.32,21.0,0.3,53.5,28,13.7,25.6,LOW
RSK-002471,Dhamra,Supramax,10,Normal,Hedged,0.391,11.7,-0.66,35.5,3.89,0.0,60,29.4,22.8,LOW
RSK-002472,Vizag,Handysize,8,Normal,Unhedged,0.199,19.9,-0.83,31.7,1.58,25.2,28,13.7,25.7,LOW
RSK-002474,Dhamra,Supramax,10,Normal,Unhedged,0.186,18.6,1.37,80.2,1.79,20.7,60,29.4,45.3,MODERATE
RSK-002477,Dhamra,Handysize,8,Normal,Partially Hedged,0.252,16.4,0.69,65.2,-0.56,72.4,28,13.7,48.2,MODERATE
RSK-002478,Dhamra,Supramax,3,Calm,Hedged,0.401,12.0,0.6,63.2,-0.3,66.7,8,2.2,36.0,MODERATE
RSK-002479,Dhamra,Supramax,2,Rough,Partially Hedged,0.337,21.9,0.01,50.3,1.61,24.7,5,4.2,28.7,LOW
RSK-002486,Vizag,Capesize,7,Normal,Partially Hedged,0.255,16.6,2.49,100.0,2.76,0.0,28,13.7,36.2,MODERATE
RSK-002490,Dhamra,Capesize,12,Rough,Partially Hedged,0.347,22.6,-0.01,49.7,1.47,27.8,45,37.8,32.2,MODERATE
RSK-002491,Chennai,Panamax,9,Severe Storm,Partially Hedged,0.314,20.4,-0.49,39.2,2.65,1.6,30,37.8,23.8,LOW
RSK-002492,Dhamra,Capesize,9,Normal,Unhedged,0.371,37.1,-0.74,33.7,2.79,0.0,30,14.7,23.8,LOW
RSK-002493,Dhamra,Panamax,11,Normal,Unhedged,0.153,15.3,0.94,70.7,0.88,40.6,80,39.2,39.3,MODERATE
RSK-002495,Paradip,Supramax,9,Calm,Hedged,0.427,12.8,1.25,77.4,1.58,25.3,30,8.4,31.5,MODERATE
RSK-002496,Dhamra,Handysize,4,Calm,Partially Hedged,0.247,16.1,0.19,54.1,1.27,32.1,20,5.6,31.1,MODERATE
RSK-002501,Vizag,Capesize,9,Normal,Partially Hedged,0.247,16.1,-0.72,34.2,0.99,38.3,30,14.7,23.3,LOW
RSK-002502,Haldia,Capesize,4,Calm,Unhedged,0.44,44.0,0.41,58.9,1.43,28.5,20,5.6,36.8,MODERATE
RSK-002503,Chennai,Handysize,5,Normal,Unhedged,0.378,37.8,-0.98,28.4,2.16,12.5,55,27.0,25.8,LOW
RSK-002505,Vizag,Handysize,2,Normal,Partially Hedged,0.348,22.6,-1.84,9.5,3.93,0.0,5,2.4,11.5,LOW
RSK-002507,Paradip,Panamax,7,Severe Storm,Hedged,0.364,10.9,2.09,95.9,2.29,9.7,28,35.3,39.5,MODERATE
RSK-002508,Chennai,Capesize,12,Severe Storm,Unhedged,0.376,37.6,0.32,57.1,3.16,0.0,45,56.7,36.2,MODERATE
RSK-002509,Kamarajar,Supramax,7,Rough,Partially Hedged,0.348,22.6,-2.23,1.0,1.15,34.8,28,23.5,18.9,LOW
RSK-002511,Dhamra,Handysize,4,Normal,Partially Hedged,0.297,19.3,1.32,79.1,1.55,26.0,20,9.8,36.4,MODERATE
RSK-002513,Vizag,Capesize,10,Calm,Unhedged,0.366,36.6,0.33,57.2,0.4,51.3,60,16.8,43.6,MODERATE
RSK-002517,Vizag,Handysize,7,Calm,Partially Hedged,0.436,28.3,0.49,60.7,0.06,58.7,28,7.8,43.6,MODERATE
RSK-002519,Dhamra,Panamax,1,Severe Storm,Unhedged,0.319,31.9,0.23,55.1,0.52,48.6,10,12.6,39.0,MODERATE
RSK-002520,Vizag,Supramax,3,Normal,Hedged,0.351,10.5,0.78,67.1,1.36,30.0,8,3.9,32.0,MODERATE
RSK-002521,Dhamra,Handysize,10,Calm,Hedged,0.425,12.7,1.58,84.7,0.96,39.0,60,16.8,46.2,MODERATE
RSK-002524,Haldia,Handysize,11,Normal,Partially Hedged,0.192,12.5,0.98,71.6,1.61,24.5,80,39.2,41.0,MODERATE
RSK-002526,Chennai,Supramax,11,Normal,Hedged,0.175,5.3,0.68,65.0,1.34,30.6,80,39.2,39.5,MODERATE
RSK-002527,Kolkata,Handysize,2,Normal,Hedged,0.424,12.7,-0.19,45.8,3.28,0.0,5,2.4,18.0,LOW
RSK-002533,Dhamra,Capesize,8,Calm,Hedged,0.428,12.9,-1.51,16.7,1.31,31.2,28,7.8,17.0,LOW
RSK-002535,Kamarajar,Handysize,5,Normal,Partially Hedged,0.26,16.9,-1.62,14.3,1.6,24.8,55,27.0,12.1,LOW
RSK-002542,Dhamra,Panamax,9,Calm,Unhedged,0.425,42.5,0.18,53.9,4.69,0.0,30,8.4,26.1,LOW
RSK-002544,Chennai,Panamax,4,Calm,Partially Hedged,0.405,26.3,-0.22,45.2,3.82,0.0,20,5.6,22.2,LOW
RSK-002546,Dhamra,Capesize,9,Normal,Hedged,0.346,10.4,-0.93,29.5,1.17,34.3,30,14.7,20.0,LOW
RSK-002547,Dhamra,Handysize,8,Normal,Hedged,0.187,5.6,-0.26,44.3,3.12,0.0,28,13.7,22.4,LOW
RSK-002550,Chennai,Panamax,7,Calm,Unhedged,0.172,17.2,-1.01,27.7,0.69,44.9,28,7.8,21.6,LOW
RSK-002551,Haldia,Supramax,12,Calm,Hedged,0.219,6.6,-1.72,12.1,2.74,0.0,45,12.6,4.1,LOW
RSK-002552,Kamarajar,Handysize,6,Normal,Unhedged,0.286,28.6,0.26,55.6,1.84,19.5,30,14.7,34.9,MODERATE
RSK-002553,Kolkata,Capesize,1,Calm,Unhedged,0.344,34.4,-0.23,44.8,4.42,0.0,10,2.8,20.6,LOW
RSK-002555,Paradip,Handysize,6,Normal,Partially Hedged,0.44,28.6,0.18,54.0,2.37,7.9,30,14.7,23.8,LOW
RSK-002556,Vizag,Supramax,2,Rough,Partially Hedged,0.193,12.6,-0.78,32.9,0.81,42.2,5,4.2,22.4,LOW
RSK-002558,Kolkata,Panamax,9,Rough,Unhedged,0.234,23.4,1.7,87.4,1.05,37.0,30,25.2,46.9,MODERATE
RSK-002560,Paradip,Panamax,7,Rough,Unhedged,0.05,5.0,-2.12,3.3,2.08,14.2,28,23.5,12.1,LOW
RSK-002561,Haldia,Panamax,9,Rough,Hedged,0.272,8.2,-1.62,14.3,2.55,4.0,30,25.2,11.7,LOW
RSK-002562,Kamarajar,Handysize,11,Normal,Hedged,0.266,8.0,-1.08,26.3,1.81,20.2,80,39.2,23.0,LOW
RSK-002563,Dhamra,Panamax,3,Normal,Hedged,0.302,9.1,-0.63,36.1,-1.97,100.0,8,3.9,41.6,MODERATE
RSK-002564,Vizag,Supramax,5,Rough,Hedged,0.171,5.1,-1.44,18.3,1.76,21.3,55,46.2,21.6,LOW
RSK-002565,Paradip,Supramax,4,Rough,Partially Hedged,0.265,17.3,0.43,59.5,2.73,0.0,20,16.8,24.3,LOW
RSK-002566,Chennai,Panamax,12,Calm,Hedged,0.448,13.4,1.75,88.4,-0.01,60.1,45,12.6,40.7,MODERATE
RSK-002568,Kamarajar,Handysize,10,Normal,Hedged,0.215,6.5,-0.93,29.4,3.81,0.0,60,29.4,18.2,LOW
RSK-002571,Dhamra,Supramax,6,Normal,Unhedged,0.246,24.6,-0.3,43.4,0.0,60.0,30,14.7,37.2,MODERATE
RSK-002572,Vizag,Supramax,8,Normal,Partially Hedged,0.229,14.9,-1.12,25.4,2.14,12.9,28,13.7,19.0,LOW
RSK-002575,Haldia,Panamax,8,Rough,Partially Hedged,0.082,5.3,-0.68,35.0,0.29,53.6,28,23.5,24.6,LOW
RSK-002576,Chennai,Supramax,10,Calm,Unhedged,0.215,21.5,0.45,59.8,3.1,0.0,60,16.8,23.5,LOW
RSK-002578,Vizag,Handysize,9,Normal,Hedged,0.268,8.0,0.07,51.6,3.85,0.0,30,14.7,18.4,LOW
RSK-002585,Kolkata,Capesize,3,Calm,Partially Hedged,0.168,10.9,-1.44,18.3,2.07,14.5,8,2.2,13.1,LOW
RSK-002588,Dhamra,Supramax,7,Normal,Hedged,0.273,8.2,1.25,77.5,1.79,20.6,28,13.7,33.3,MODERATE
RSK-002590,Dhamra,Panamax,11,Severe Storm,Hedged,0.41,12.3,-2.0,5.9,0.39,51.5,80,100.0,40.0,MODERATE
RSK-002591,Paradip,Handysize,4,Normal,Unhedged,0.173,17.3,-0.74,33.6,2.33,8.7,20,9.8,15.6,LOW
RSK-002592,Paradip,Capesize,9,Normal,Hedged,0.301,9.0,0.59,63.1,2.47,5.8,30,14.7,28.0,LOW
RSK-002593,Kamarajar,Supramax,7,Rough,Unhedged,0.267,26.7,0.33,57.3,0.79,42.7,28,23.5,34.0,MODERATE
RSK-002595,Kamarajar,Handysize,1,Rough,Partially Hedged,0.272,17.7,1.08,73.8,1.32,31.0,10,8.4,38.5,MODERATE
RSK-002597,Paradip,Panamax,4,Severe Storm,Partially Hedged,0.412,26.8,-1.86,9.0,0.13,57.1,20,25.2,31.1,MODERATE
RSK-002602,Kamarajar,Capesize,3,Calm,Unhedged,0.168,16.8,1.22,76.9,1.18,34.0,8,2.2,30.5,MODERATE
RSK-002605,Vizag,Capesize,5,Rough,Partially Hedged,0.247,16.1,3.06,100.0,1.12,35.4,55,46.2,53.8,MODERATE
RSK-002606,Kamarajar,Panamax,8,Normal,Unhedged,0.192,19.2,-0.09,48.1,0.45,50.1,28,13.7,27.9,LOW
RSK-002608,Haldia,Supramax,3,Calm,Unhedged,0.363,36.3,-1.18,24.1,2.82,0.0,8,2.2,17.7,LOW
RSK-002609,Haldia,Panamax,6,Normal,Hedged,0.245,7.3,0.09,52.0,1.74,21.7,30,14.7,20.3,LOW
RSK-002610,Chennai,Supramax,6,Normal,Unhedged,0.222,22.2,-1.41,19.1,2.83,0.0,30,14.7,11.1,LOW
RSK-002612,Dhamra,Panamax,5,Calm,Partially Hedged,0.231,15.0,-0.93,29.6,3.79,0.0,55,15.4,18.6,LOW
RSK-002613,Kamarajar,Handysize,1,Normal,Hedged,0.212,6.4,2.33,100.0,2.08,14.2,10,4.9,42.1,MODERATE
RSK-002616,Kolkata,Handysize,11,Normal,Hedged,0.32,9.6,0.24,55.3,1.29,31.6,80,39.2,34.5,MODERATE
RSK-002617,Dhamra,Supramax,10,Calm,Hedged,0.169,5.1,0.19,54.2,0.97,38.7,60,16.8,28.0,LOW
RSK-002618,Kamarajar,Supramax,7,Normal,Unhedged,0.301,30.1,1.59,84.9,2.39,7.4,28,13.7,39.6,MODERATE
RSK-002619,Paradip,Capesize,5,Normal,Hedged,0.229,6.9,2.22,98.9,4.0,0.0,55,27.0,33.5,MODERATE
RSK-002621,Kamarajar,Supramax,8,Calm,Hedged,0.093,2.8,0.47,60.3,0.49,49.2,28,7.8,34.9,MODERATE
RSK-002622,Kolkata,Handysize,10,Normal,Hedged,0.26,7.8,-1.12,25.4,3.19,0.0,60,29.4,11.0,LOW
RSK-002623,Chennai,Handysize,7,Rough,Partially Hedged,0.227,14.8,0.43,59.6,2.54,4.1,28,23.5,28.8,LOW
RSK-002624,Vizag,Supramax,11,Normal,Partially Hedged,0.317,20.6,-0.1,47.8,3.68,0.0,80,39.2,26.8,LOW
RSK-002630,Chennai,Handysize,3,Rough,Partially Hedged,0.434,28.2,-1.74,11.6,2.15,12.7,8,6.7,18.0,LOW
RSK-002631,Kamarajar,Handysize,6,Normal,Unhedged,0.252,25.2,0.35,57.8,0.23,54.9,30,14.7,37.9,MODERATE
RSK-002633,Kolkata,Handysize,4,Normal,Unhedged,0.423,42.3,1.18,75.9,1.73,22.0,20,9.8,36.1,MODERATE
RSK-002637,Paradip,Supramax,6,Calm,Partially Hedged,0.157,10.2,-0.03,49.3,1.9,18.1,30,8.4,23.5,LOW
RSK-002639,Kamarajar,Panamax,6,Rough,Hedged,0.254,7.6,0.95,70.9,2.42,6.8,30,25.2,29.2,LOW
RSK-002640,Haldia,Handysize,4,Normal,Partially Hedged,0.43,27.9,-0.56,37.7,1.91,18.1,20,9.8,25.3,LOW
RSK-002644,Kolkata,Capesize,7,Normal,Partially Hedged,0.082,5.3,-2.53,0.0,0.36,52.1,28,13.7,15.3,LOW
RSK-002647,Paradip,Capesize,4,Normal,Hedged,0.234,7.0,-0.75,33.6,0.37,51.9,20,9.8,23.0,LOW
RSK-002648,Kamarajar,Capesize,2,Calm,Unhedged,0.283,28.3,-0.28,43.8,1.73,21.9,5,1.4,24.7,LOW
RSK-002649,Haldia,Panamax,3,Severe Storm,Unhedged,0.292,29.2,-0.64,35.9,2.24,10.8,8,10.1,20.8,LOW
RSK-002650,Chennai,Supramax,11,Normal,Hedged,0.316,9.5,-1.55,16.0,1.13,35.2,80,39.2,25.9,LOW
RSK-002651,Paradip,Panamax,11,Rough,Hedged,0.297,8.9,0.33,57.4,2.0,16.0,80,67.2,34.5,MODERATE
RSK-002655,Paradip,Capesize,8,Normal,Unhedged,0.164,16.4,0.11,52.5,1.87,18.9,28,13.7,23.8,LOW
RSK-002656,Haldia,Panamax,1,Rough,Partially Hedged,0.323,21.0,0.97,71.3,1.53,26.3,10,8.4,39.1,MODERATE
RSK-002659,Vizag,Capesize,1,Normal,Unhedged,0.209,20.9,1.35,79.7,2.66,1.6,10,4.9,33.2,MODERATE
RSK-002660,Vizag,Handysize,7,Calm,Unhedged,0.221,22.1,0.96,71.1,1.03,37.4,28,7.8,36.0,MODERATE
RSK-002662,Kolkata,Capesize,3,Calm,Hedged,0.205,6.1,0.47,60.2,0.23,54.9,8,2.2,34.7,MODERATE
RSK-002663,Kamarajar,Handysize,11,Normal,Hedged,0.324,9.7,0.11,52.4,1.92,17.8,80,39.2,31.3,MODERATE
RSK-002664,Vizag,Panamax,11,Normal,Hedged,0.379,11.4,0.98,71.7,1.2,33.5,80,39.2,39.1,MODERATE
RSK-002665,Dhamra,Capesize,1,Rough,Partially Hedged,0.486,31.6,1.32,79.1,1.31,31.2,10,8.4,39.7,MODERATE
RSK-002667,Dhamra,Supramax,11,Normal,Partially Hedged,0.324,21.0,-1.77,11.0,2.27,10.0,80,39.2,24.4,LOW
RSK-002670,Kamarajar,Panamax,4,Calm,Unhedged,0.296,29.6,0.01,50.2,1.47,27.7,20,5.6,27.9,LOW
RSK-002672,Haldia,Handysize,6,Rough,Partially Hedged,0.336,21.8,-0.3,43.4,0.3,53.4,30,25.2,36.0,MODERATE
RSK-002675,Vizag,Handysize,6,Normal,Partially Hedged,0.517,33.6,1.03,72.6,3.52,0.0,30,14.7,33.1,MODERATE
RSK-002677,Paradip,Panamax,2,Rough,Hedged,0.261,7.8,0.39,58.6,0.89,40.4,5,4.2,32.7,MODERATE
RSK-002679,Kolkata,Panamax,1,Normal,Unhedged,0.285,28.5,0.38,58.5,1.48,27.4,10,4.9,36.0,MODERATE
RSK-002681,Kolkata,Supramax,10,Rough,Unhedged,0.363,36.3,-0.67,35.4,1.68,23.0,60,50.4,38.0,MODERATE
RSK-002684,Paradip,Handysize,11,Calm,Partially Hedged,0.407,26.5,-0.96,28.9,0.32,53.0,80,22.4,34.0,MODERATE
RSK-002685,Kolkata,Supramax,11,Calm,Partially Hedged,0.398,25.9,0.72,65.7,2.29,9.6,80,22.4,31.9,MODERATE
RSK-002689,Vizag,Capesize,1,Normal,Unhedged,0.266,26.6,1.41,81.1,3.16,0.0,10,4.9,27.8,LOW
RSK-002691,Dhamra,Panamax,3,Calm,Hedged,0.334,10.0,0.61,63.5,5.15,0.0,8,2.2,22.6,LOW
RSK-002692,Haldia,Capesize,7,Calm,Partially Hedged,0.468,30.4,0.64,64.1,2.67,1.3,28,7.8,29.5,LOW
RSK-002694,Haldia,Panamax,4,Rough,Unhedged,0.315,31.5,0.99,71.9,3.6,0.0,20,16.8,29.8,LOW
RSK-002699,Paradip,Capesize,8,Normal,Hedged,0.249,7.5,-0.77,33.1,1.03,37.4,28,13.7,25.2,LOW
RSK-002700,Dhamra,Capesize,3,Normal,Partially Hedged,0.301,19.5,-0.85,31.2,-1.41,91.1,8,3.9,38.2,MODERATE
RSK-002701,Haldia,Capesize,2,Normal,Hedged,0.254,7.6,1.66,86.6,3.21,0.0,5,2.4,32.8,MODERATE
RSK-002702,Dhamra,Capesize,11,Normal,Unhedged,0.219,21.9,0.36,57.8,2.17,12.3,80,39.2,34.6,MODERATE
RSK-002703,Chennai,Supramax,11,Normal,Unhedged,0.328,32.8,-1.12,25.3,3.36,0.0,80,39.2,26.5,LOW
RSK-002706,Dhamra,Panamax,5,Calm,Partially Hedged,0.177,11.5,-0.25,44.6,0.9,40.2,55,15.4,34.6,MODERATE
RSK-002707,Vizag,Handysize,9,Severe Storm,Unhedged,0.241,24.1,-0.26,44.3,0.98,38.5,30,37.8,38.2,MODERATE
RSK-002713,Chennai,Panamax,6,Rough,Hedged,0.222,6.7,1.51,83.2,3.91,0.0,30,25.2,30.1,MODERATE
RSK-002714,Haldia,Capesize,11,Severe Storm,Hedged,0.301,9.0,1.01,72.1,4.38,0.0,80,100.0,44.1,MODERATE
RSK-002716,Dhamra,Handysize,3,Severe Storm,Partially Hedged,0.194,12.6,0.3,56.6,1.8,20.3,8,10.1,27.0,LOW
RSK-002725,Paradip,Handysize,6,Calm,Unhedged,0.298,29.8,0.45,59.8,-0.76,76.7,30,8.4,46.6,MODERATE
RSK-002727,Dhamra,Panamax,4,Severe Storm,Unhedged,0.227,22.7,-1.21,23.5,3.1,0.0,20,25.2,12.5,LOW
RSK-002729,Kamarajar,Capesize,12,Normal,Unhedged,0.177,17.7,2.26,99.7,3.43,0.0,45,22.0,39.1,MODERATE
RSK-002730,Kolkata,Handysize,9,Calm,Unhedged,0.183,18.3,-0.44,40.3,1.57,25.6,30,8.4,27.8,LOW
RSK-002731,Vizag,Capesize,8,Normal,Partially Hedged,0.05,3.2,-0.97,28.8,3.16,0.0,28,13.7,11.0,LOW
RSK-002732,Dhamra,Handysize,10,Rough,Partially Hedged,0.139,9.0,-0.25,44.6,0.56,47.6,60,50.4,38.9,MODERATE
RSK-002734,Kolkata,Panamax,2,Calm,Partially Hedged,0.277,18.0,0.05,51.2,2.62,2.3,5,1.4,22.4,LOW
RSK-002735,Haldia,Supramax,8,Normal,Hedged,0.237,7.1,-1.13,25.1,1.58,25.1,28,13.7,16.9,LOW
RSK-002740,Kolkata,Supramax,11,Calm,Hedged,0.348,10.4,-0.37,41.9,3.3,0.0,80,22.4,23.7,LOW
RSK-002742,Haldia,Panamax,11,Calm,Partially Hedged,0.229,14.9,-0.45,40.1,1.67,23.2,80,22.4,24.1,LOW
RSK-002743,Dhamra,Capesize,11,Rough,Hedged,0.329,9.9,-0.84,31.5,2.58,3.3,80,67.2,26.4,LOW
RSK-002745,Kolkata,Supramax,2,Rough,Hedged,0.237,7.1,-0.18,46.1,2.23,11.0,5,4.2,23.4,LOW
RSK-002752,Chennai,Supramax,8,Normal,Hedged,0.208,6.2,-1.47,17.7,2.34,8.5,28,13.7,9.5,LOW
RSK-002756,Haldia,Supramax,2,Normal,Hedged,0.256,7.7,0.64,64.2,3.79,0.0,5,2.4,20.7,LOW
RSK-002765,Chennai,Handysize,7,Calm,Unhedged,0.236,23.6,-2.49,0.0,2.49,5.3,28,7.8,11.2,LOW
RSK-002766,Dhamra,Handysize,4,Normal,Partially Hedged,0.304,19.7,-0.18,46.1,2.4,7.3,20,9.8,23.8,LOW
RSK-002769,Vizag,Handysize,11,Rough,Hedged,0.213,6.4,-1.72,12.1,0.35,52.3,80,67.2,26.0,LOW
RSK-002772,Haldia,Supramax,2,Normal,Hedged,0.174,5.2,0.74,66.3,3.37,0.0,5,2.4,27.1,LOW
RSK-002774,Vizag,Capesize,12,Calm,Hedged,0.164,4.9,-0.02,49.5,0.64,45.9,45,12.6,30.8,MODERATE
RSK-002775,Vizag,Supramax,4,Rough,Hedged,0.337,10.1,0.13,52.8,2.57,3.4,20,16.8,21.7,LOW
RSK-002776,Chennai,Panamax,6,Calm,Hedged,0.144,4.3,0.28,56.1,1.71,22.5,30,8.4,26.4,LOW
RSK-002777,Paradip,Handysize,7,Normal,Partially Hedged,0.335,21.7,-1.99,6.3,2.51,4.7,28,13.7,5.4,LOW
RSK-002780,Kolkata,Handysize,7,Calm,Unhedged,0.446,44.6,-0.2,45.5,0.51,48.8,28,7.8,40.1,MODERATE
RSK-002783,Vizag,Capesize,8,Rough,Partially Hedged,0.435,28.3,-0.65,35.8,1.96,17.0,28,23.5,29.7,LOW
RSK-002784,Haldia,Capesize,1,Calm,Partially Hedged,0.154,10.0,1.84,90.6,2.67,1.3,10,2.8,22.1,LOW
RSK-002785,Dhamra,Panamax,9,Severe Storm,Partially Hedged,0.137,8.9,1.59,85.0,2.63,2.2,30,37.8,36.1,MODERATE
RSK-002786,Haldia,Panamax,6,Normal,Unhedged,0.39,39.0,0.59,63.1,3.4,0.0,30,14.7,30.8,MODERATE
RSK-002788,Vizag,Panamax,8,Rough,Hedged,0.208,6.2,2.22,98.8,4.2,0.0,28,23.5,33.7,MODERATE
RSK-002789,Paradip,Capesize,1,Normal,Unhedged,0.239,23.9,-1.91,8.0,1.96,16.9,10,4.9,10.8,LOW
RSK-002790,Kolkata,Panamax,1,Severe Storm,Hedged,0.483,14.5,-0.26,44.2,1.97,16.8,10,12.6,20.6,LOW
RSK-002791,Kolkata,Panamax,4,Normal,Hedged,0.24,7.2,0.48,60.5,1.71,22.3,20,9.8,28.7,LOW
RSK-002795,Kolkata,Supramax,2,Calm,Partially Hedged,0.34,22.1,-0.05,48.8,4.45,0.0,5,1.4,18.6,LOW
RSK-002798,Dhamra,Panamax,5,Calm,Unhedged,0.476,47.6,0.15,53.3,1.08,36.2,55,15.4,40.8,MODERATE
RSK-002799,Haldia,Handysize,6,Normal,Hedged,0.237,7.1,0.6,63.1,3.57,0.0,30,14.7,28.6,LOW
RSK-002800,Kolkata,Handysize,1,Calm,Hedged,0.35,10.5,0.34,57.4,2.06,14.7,10,2.8,22.7,LOW
RSK-002801,Kolkata,Panamax,7,Normal,Hedged,0.289,8.7,0.41,59.0,3.1,0.0,28,13.7,28.4,LOW
RSK-002803,Chennai,Handysize,3,Calm,Unhedged,0.263,26.3,-0.65,35.7,1.37,29.8,8,2.2,24.1,LOW
RSK-002804,Chennai,Handysize,7,Rough,Unhedged,0.281,28.1,0.51,61.2,0.62,46.3,28,23.5,39.1,MODERATE
RSK-002805,Vizag,Capesize,10,Normal,Hedged,0.166,5.0,-1.54,16.1,1.27,32.0,60,29.4,18.7,LOW
RSK-002807,Haldia,Supramax,8,Normal,Unhedged,0.399,39.9,-0.36,42.0,3.14,0.0,28,13.7,25.0,LOW
RSK-002809,Dhamra,Capesize,10,Rough,Hedged,0.281,8.4,1.15,75.3,2.09,14.0,60,50.4,35.2,MODERATE
RSK-002810,Chennai,Capesize,10,Calm,Unhedged,0.417,41.7,-0.52,38.6,0.76,43.3,60,16.8,36.7,MODERATE
RSK-002812,Chennai,Handysize,12,Calm,Hedged,0.315,9.4,-2.21,1.4,0.72,44.2,45,12.6,17.5,LOW
RSK-002813,Kolkata,Capesize,6,Normal,Partially Hedged,0.252,16.4,-0.75,33.4,4.01,0.0,30,14.7,19.1,LOW
RSK-002814,Chennai,Panamax,5,Normal,Partially Hedged,0.26,16.9,-0.8,32.3,3.72,0.0,55,27.0,15.2,LOW
RSK-002816,Paradip,Supramax,6,Normal,Hedged,0.28,8.4,-0.44,40.4,2.83,0.0,30,14.7,16.0,LOW
RSK-002817,Kolkata,Handysize,10,Normal,Unhedged,0.42,42.0,-0.46,40.0,2.48,5.5,60,29.4,30.3,MODERATE
RSK-002818,Kamarajar,Panamax,12,Normal,Unhedged,0.387,38.7,-0.55,37.9,2.07,14.5,45,22.0,31.7,MODERATE
RSK-002822,Kolkata,Handysize,12,Rough,Partially Hedged,0.272,17.7,1.47,82.4,0.81,42.2,45,37.8,53.1,MODERATE
RSK-002825,Paradip,Handysize,3,Normal,Unhedged,0.268,26.8,0.89,69.6,0.74,43.7,8,3.9,38.5,MODERATE
RSK-002826,Kolkata,Capesize,1,Normal,Hedged,0.325,9.8,-0.44,40.3,-0.93,80.4,10,4.9,38.1,MODERATE
RSK-002828,Paradip,Panamax,8,Rough,Unhedged,0.087,8.7,-0.07,48.4,3.33,0.0,28,23.5,12.6,LOW
RSK-002830,Chennai,Handysize,9,Normal,Partially Hedged,0.192,12.5,-0.12,47.4,1.02,37.6,30,14.7,33.1,MODERATE
RSK-002831,Haldia,Capesize,3,Normal,Partially Hedged,0.214,13.9,1.82,90.1,-0.41,69.1,8,3.9,52.8,MODERATE
RSK-002836,Chennai,Supramax,4,Calm,Unhedged,0.217,21.7,0.51,61.3,0.7,44.6,20,5.6,37.2,MODERATE
RSK-002837,Chennai,Capesize,5,Rough,Hedged,0.403,12.1,0.41,58.9,2.08,14.3,55,46.2,42.5,MODERATE
RSK-002839,Kamarajar,Panamax,11,Normal,Unhedged,0.47,47.0,0.21,54.6,0.64,45.9,80,39.2,47.0,MODERATE
RSK-002841,Kolkata,Handysize,11,Normal,Hedged,0.401,12.0,0.89,69.6,1.37,29.8,80,39.2,38.2,MODERATE
RSK-002846,Kolkata,Supramax,6,Calm,Partially Hedged,0.319,20.7,0.17,53.8,2.16,12.4,30,8.4,22.0,LOW
RSK-002848,Paradip,Capesize,3,Normal,Unhedged,0.105,10.5,0.78,67.2,2.01,15.7,8,3.9,28.5,LOW
RSK-002850,Vizag,Capesize,6,Normal,Hedged,0.353,10.6,1.0,72.1,2.45,6.1,30,14.7,29.2,LOW
RSK-002854,Dhamra,Supramax,5,Rough,Partially Hedged,0.325,21.1,0.34,57.5,1.69,22.9,55,46.2,37.7,MODERATE
RSK-002855,Kamarajar,Panamax,4,Normal,Partially Hedged,0.386,25.1,0.59,63.0,3.11,0.0,20,9.8,27.6,LOW
RSK-002857,Vizag,Handysize,4,Rough,Unhedged,0.299,29.9,-0.11,47.6,2.83,0.0,20,16.8,27.9,LOW
RSK-002858,Vizag,Supramax,7,Normal,Partially Hedged,0.236,15.3,0.48,60.6,1.49,27.1,28,13.7,32.4,MODERATE
RSK-002864,Chennai,Capesize,2,Calm,Partially Hedged,0.332,21.6,-0.58,37.3,3.69,0.0,5,1.4,19.5,LOW
RSK-002870,Paradip,Panamax,10,Normal,Unhedged,0.16,16.0,0.6,63.2,2.47,5.6,60,29.4,30.9,MODERATE
RSK-002872,Kolkata,Supramax,3,Rough,Unhedged,0.18,18.0,-1.32,20.9,1.54,26.1,8,6.7,23.0,LOW
RSK-002873,Dhamra,Supramax,12,Rough,Partially Hedged,0.314,20.4,1.28,78.2,2.26,10.2,45,37.8,38.8,MODERATE
RSK-002875,Paradip,Capesize,2,Normal,Unhedged,0.188,18.8,-2.12,3.3,2.44,6.3,5,2.4,10.0,LOW
RSK-002876,Haldia,Handysize,12,Calm,Unhedged,0.326,32.6,-0.1,47.8,1.16,34.5,45,12.6,29.5,LOW
RSK-002877,Kamarajar,Supramax,6,Normal,Hedged,0.284,8.5,0.27,56.0,4.48,0.0,30,14.7,21.7,LOW
RSK-002881,Paradip,Panamax,11,Normal,Unhedged,0.221,22.1,0.29,56.4,1.92,17.7,80,39.2,30.9,MODERATE
RSK-002883,Paradip,Supramax,11,Normal,Partially Hedged,0.051,3.3,-0.68,35.1,2.04,15.1,80,39.2,23.1,LOW
RSK-002884,Kolkata,Supramax,5,Calm,Partially Hedged,0.117,7.6,-0.98,28.4,1.6,24.7,55,15.4,19.8,LOW
RSK-002885,Kolkata,Supramax,5,Rough,Unhedged,0.178,17.8,-2.61,0.0,0.73,43.8,55,46.2,23.3,LOW
RSK-002888,Chennai,Panamax,6,Rough,Hedged,0.242,7.3,1.26,77.8,3.96,0.0,30,25.2,28.5,LOW
RSK-002889,Vizag,Panamax,7,Normal,Unhedged,0.152,15.2,0.45,60.0,-1.63,95.9,28,13.7,47.0,MODERATE
RSK-002892,Haldia,Handysize,10,Calm,Unhedged,0.344,34.4,-2.06,4.7,1.33,30.7,60,16.8,19.8,LOW
RSK-002893,Kolkata,Handysize,6,Normal,Unhedged,0.34,34.0,-0.13,47.1,1.72,22.1,30,14.7,28.6,LOW
RSK-002895,Haldia,Handysize,7,Normal,Hedged,0.258,7.7,-0.75,33.4,1.78,20.9,28,13.7,21.4,LOW
RSK-002896,Vizag,Panamax,8,Rough,Unhedged,0.319,31.9,0.0,50.0,2.7,0.6,28,23.5,29.6,LOW
RSK-002900,Kamarajar,Panamax,5,Normal,Partially Hedged,0.274,17.8,-0.03,49.4,3.42,0.0,55,27.0,19.6,LOW
RSK-002901,Chennai,Handysize,1,Normal,Unhedged,0.238,23.8,-0.11,47.6,2.94,0.0,10,4.9,19.1,LOW
RSK-002902,Paradip,Handysize,10,Rough,Hedged,0.356,10.7,-0.98,28.4,1.63,24.2,60,50.4,27.3,LOW
RSK-002908,Vizag,Capesize,6,Rough,Partially Hedged,0.28,18.2,0.33,57.2,1.66,23.5,30,25.2,32.0,MODERATE
RSK-002909,Chennai,Supramax,3,Normal,Partially Hedged,0.276,17.9,1.31,78.9,0.81,42.2,8,3.9,41.4,MODERATE
RSK-002911,Chennai,Panamax,5,Normal,Partially Hedged,0.253,16.4,-0.01,49.9,2.06,14.7,55,27.0,25.4,LOW
RSK-002913,Dhamra,Capesize,11,Calm,Hedged,0.157,4.7,-0.08,48.1,1.59,25.1,80,22.4,29.4,LOW
RSK-002914,Vizag,Panamax,2,Calm,Partially Hedged,0.237,15.4,1.03,72.6,1.59,25.1,5,1.4,35.4,MODERATE
RSK-002917,Kolkata,Panamax,7,Normal,Partially Hedged,0.274,17.8,0.13,52.8,2.55,3.8,28,13.7,24.8,LOW
RSK-002924,Kamarajar,Handysize,4,Normal,Unhedged,0.186,18.6,1.48,82.7,1.68,23.1,20,9.8,40.5,MODERATE
RSK-002926,Kamarajar,Panamax,5,Normal,Partially Hedged,0.453,29.4,-1.43,18.6,0.86,41.2,55,27.0,30.8,MODERATE
RSK-002928,Haldia,Capesize,7,Rough,Partially Hedged,0.276,17.9,0.16,53.5,2.83,0.0,28,23.5,28.1,LOW
RSK-002931,Dhamra,Handysize,9,Calm,Hedged,0.362,10.8,-0.06,48.6,0.58,47.3,30,8.4,32.5,MODERATE
RSK-002933,Dhamra,Supramax,3,Normal,Partially Hedged,0.162,10.5,0.31,56.9,2.33,8.7,8,3.9,18.1,LOW
RSK-002935,Kolkata,Panamax,1,Calm,Hedged,0.491,14.7,-2.69,0.0,1.19,33.8,10,2.8,10.3,LOW
RSK-002936,Vizag,Supramax,8,Normal,Unhedged,0.253,25.3,0.17,53.7,1.62,24.3,28,13.7,32.3,MODERATE
RSK-002939,Dhamra,Supramax,10,Calm,Partially Hedged,0.148,9.6,-1.06,26.6,1.81,20.2,60,16.8,18.4,LOW
RSK-002942,Chennai,Supramax,6,Severe Storm,Partially Hedged,0.343,22.3,-0.36,42.0,3.08,0.0,30,37.8,27.2,LOW
RSK-002945,Vizag,Capesize,9,Calm,Unhedged,0.42,42.0,1.05,73.1,0.19,55.8,30,8.4,50.6,MODERATE
RSK-002946,Paradip,Panamax,11,Calm,Partially Hedged,0.375,24.4,1.02,72.5,4.49,0.0,80,22.4,35.4,MODERATE
RSK-002947,Vizag,Handysize,1,Rough,Partially Hedged,0.246,16.0,-0.38,41.7,1.13,35.2,10,8.4,30.9,MODERATE
RSK-002948,Kamarajar,Supramax,9,Calm,Unhedged,0.241,24.1,1.26,77.7,4.53,0.0,30,8.4,30.6,MODERATE
RSK-002951,Dhamra,Capesize,11,Severe Storm,Hedged,0.276,8.3,-0.67,35.2,1.97,16.6,80,100.0,38.0,MODERATE
RSK-002952,Dhamra,Supramax,5,Calm,Partially Hedged,0.362,23.5,-1.14,24.9,2.36,8.0,55,15.4,16.2,LOW
RSK-002953,Haldia,Supramax,3,Normal,Hedged,0.212,6.4,0.02,50.4,3.0,0.0,8,3.9,22.1,LOW
RSK-002954,Chennai,Supramax,2,Rough,Unhedged,0.281,28.1,0.33,57.2,2.97,0.0,5,4.2,26.2,LOW
RSK-002957,Paradip,Panamax,8,Calm,Hedged,0.329,9.9,-1.67,13.3,0.61,46.6,28,7.8,18.7,LOW
RSK-002958,Dhamra,Capesize,7,Rough,Partially Hedged,0.454,29.5,0.36,57.9,3.12,0.0,28,23.5,25.0,LOW
RSK-002959,Kolkata,Supramax,6,Severe Storm,Unhedged,0.33,33.0,0.12,52.7,1.83,19.7,30,37.8,33.2,MODERATE
RSK-002961,Chennai,Capesize,9,Normal,Hedged,0.329,9.9,-0.91,29.9,2.25,10.5,30,14.7,17.7,LOW
RSK-002962,Haldia,Handysize,8,Normal,Unhedged,0.163,16.3,-0.11,47.5,1.6,24.8,28,13.7,19.9,LOW
RSK-002965,Paradip,Handysize,8,Rough,Unhedged,0.309,30.9,-2.11,3.5,-0.37,68.1,28,23.5,31.2,MODERATE
RSK-002968,Vizag,Supramax,8,Severe Storm,Hedged,0.211,6.3,-1.14,25.0,1.25,32.4,28,35.3,21.6,LOW
RSK-002970,Haldia,Capesize,7,Calm,Hedged,0.241,7.2,-0.0,49.9,2.3,9.5,28,7.8,16.9,LOW
RSK-002971,Haldia,Handysize,5,Normal,Hedged,0.26,7.8,-0.63,36.2,1.23,32.9,55,27.0,27.4,LOW
RSK-002975,Paradip,Supramax,6,Rough,Hedged,0.427,12.8,0.38,58.5,2.75,0.0,30,25.2,29.3,LOW
RSK-002978,Kolkata,Capesize,9,Rough,Unhedged,0.342,34.2,1.72,87.9,1.78,20.9,30,25.2,47.4,MODERATE
RSK-002980,Haldia,Handysize,3,Rough,Unhedged,0.174,17.4,0.21,54.7,3.11,0.0,8,6.7,23.1,LOW
RSK-002982,Kamarajar,Capesize,11,Normal,Partially Hedged,0.14,9.1,-1.3,21.5,3.68,0.0,80,39.2,14.1,LOW
RSK-002985,Kolkata,Supramax,3,Rough,Unhedged,0.436,43.6,-0.28,43.9,2.24,10.6,8,6.7,31.9,MODERATE
RSK-002987,Dhamra,Capesize,9,Calm,Partially Hedged,0.412,26.8,-0.51,38.9,-0.27,65.9,30,8.4,34.5,MODERATE
RSK-002989,Paradip,Capesize,7,Normal,Partially Hedged,0.401,26.1,2.39,100.0,2.06,14.8,28,13.7,40.6,MODERATE
RSK-002990,Vizag,Panamax,3,Rough,Unhedged,0.377,37.7,-0.79,32.7,1.6,24.9,8,6.7,24.9,LOW
RSK-002992,Kamarajar,Supramax,5,Normal,Partially Hedged,0.227,14.8,1.1,74.3,0.84,41.5,55,27.0,43.0,MODERATE
RSK-002993,Paradip,Supramax,6,Normal,Unhedged,0.34,34.0,1.21,76.6,4.02,0.0,30,14.7,30.1,MODERATE
RSK-002994,Kamarajar,Capesize,5,Calm,Hedged,0.412,12.4,-0.31,43.2,2.31,9.1,55,15.4,25.2,LOW
RSK-002995,Kamarajar,Supramax,8,Calm,Partially Hedged,0.377,24.5,-1.54,16.2,2.37,7.8,28,7.8,15.2,LOW
RSK-002997,Kolkata,Panamax,11,Normal,Unhedged,0.22,22.0,1.56,84.2,3.02,0.0,80,39.2,38.5,MODERATE
RSK-002998,Dhamra,Panamax,2,Calm,Hedged,0.315,9.5,1.29,78.3,3.18,0.0,5,1.4,30.3,MODERATE
RSK-003002,Dhamra,Panamax,5,Calm,Unhedged,0.218,21.8,1.44,81.6,1.51,26.7,55,15.4,45.4,MODERATE
RSK-003005,Kolkata,Panamax,8,Calm,Unhedged,0.247,24.7,-0.11,47.6,2.14,12.9,28,7.8,25.3,LOW
RSK-003006,Kamarajar,Capesize,7,Normal,Unhedged,0.295,29.5,0.71,65.5,4.38,0.0,28,13.7,25.3,LOW
RSK-003011,Haldia,Panamax,5,Calm,Partially Hedged,0.173,11.3,1.22,76.8,2.94,0.0,55,15.4,29.2,LOW
RSK-003014,Vizag,Capesize,6,Normal,Partially Hedged,0.47,30.6,1.55,84.1,3.55,0.0,30,14.7,38.5,MODERATE
RSK-003015,Haldia,Capesize,4,Calm,Unhedged,0.316,31.6,1.19,76.2,2.39,7.4,20,5.6,33.6,MODERATE
RSK-003016,Dhamra,Capesize,9,Calm,Unhedged,0.237,23.7,-1.99,6.2,2.64,1.9,30,8.4,12.6,LOW
RSK-003018,Paradip,Handysize,6,Normal,Unhedged,0.351,35.1,-0.74,33.8,1.57,25.4,30,14.7,30.2,MODERATE
RSK-003019,Paradip,Panamax,7,Normal,Unhedged,0.367,36.7,-0.2,45.6,3.84,0.0,28,13.7,24.1,LOW
RSK-003021,Chennai,Supramax,1,Normal,Unhedged,0.1,10.0,-0.34,42.4,3.95,0.0,10,4.9,18.2,LOW
RSK-003025,Haldia,Supramax,3,Normal,Hedged,0.452,13.5,0.97,71.3,4.82,0.0,8,3.9,23.5,LOW
RSK-003028,Haldia,Capesize,3,Normal,Partially Hedged,0.174,11.3,0.9,69.7,1.73,22.0,8,3.9,29.4,LOW
RSK-003029,Vizag,Panamax,5,Normal,Unhedged,0.192,19.2,0.04,50.9,0.22,55.2,55,27.0,40.2,MODERATE
RSK-003030,Haldia,Capesize,11,Calm,Hedged,0.158,4.7,1.82,90.1,2.64,1.9,80,22.4,35.2,MODERATE
RSK-003035,Kolkata,Handysize,7,Normal,Unhedged,0.333,33.3,0.16,53.5,0.66,45.4,28,13.7,38.8,MODERATE
RSK-003038,Chennai,Supramax,2,Normal,Unhedged,0.487,48.7,-0.72,34.2,2.06,14.6,5,2.4,22.8,LOW
RSK-003039,Dhamra,Handysize,9,Rough,Unhedged,0.333,33.3,1.12,74.6,1.15,34.7,30,25.2,45.0,MODERATE
RSK-003040,Paradip,Capesize,8,Normal,Partially Hedged,0.272,17.7,0.09,51.9,1.43,28.6,28,13.7,28.7,LOW
RSK-003042,Chennai,Panamax,12,Normal,Hedged,0.32,9.6,-0.51,38.8,2.31,9.2,45,22.0,24.3,LOW
RSK-003045,Kamarajar,Supramax,2,Normal,Hedged,0.227,6.8,-0.25,44.4,2.16,12.6,5,2.4,17.4,LOW
RSK-003047,Paradip,Panamax,5,Rough,Unhedged,0.38,38.0,-1.22,23.2,1.83,19.8,55,46.2,32.0,MODERATE
RSK-003048,Vizag,Panamax,6,Severe Storm,Unhedged,0.361,36.1,1.63,85.9,0.63,46.1,30,37.8,56.7,ELEVATED
RSK-003053,Vizag,Handysize,6,Normal,Hedged,0.393,11.8,0.7,65.4,2.78,0.0,30,14.7,25.7,LOW
RSK-003055,Chennai,Panamax,4,Normal,Partially Hedged,0.444,28.8,-1.7,12.6,3.31,0.0,20,9.8,5.2,LOW
RSK-003057,Haldia,Panamax,5,Rough,Hedged,0.177,5.3,0.07,51.6,1.23,32.9,55,46.2,31.1,MODERATE
RSK-003058,Paradip,Handysize,12,Rough,Partially Hedged,0.358,23.3,-0.86,31.1,-0.48,70.5,45,37.8,40.8,MODERATE
RSK-003060,Dhamra,Supramax,5,Rough,Hedged,0.095,2.8,-0.38,41.7,2.67,1.2,55,46.2,27.6,LOW
RSK-003061,Haldia,Capesize,1,Calm,Hedged,0.298,8.9,0.9,69.8,0.58,47.3,10,2.8,34.9,MODERATE
RSK-003062,Chennai,Supramax,3,Rough,Unhedged,0.46,46.0,1.88,91.4,3.86,0.0,8,6.7,35.1,MODERATE
RSK-003068,Haldia,Handysize,6,Rough,Unhedged,0.454,45.4,-0.42,40.8,2.96,0.0,30,25.2,30.1,MODERATE
RSK-003069,Dhamra,Supramax,11,Normal,Hedged,0.222,6.7,0.91,70.0,3.18,0.0,80,39.2,35.1,MODERATE
RSK-003070,Chennai,Capesize,7,Severe Storm,Unhedged,0.122,12.2,-0.49,39.3,1.68,23.1,28,35.3,32.8,MODERATE
RSK-003072,Vizag,Handysize,1,Normal,Partially Hedged,0.162,10.5,-0.66,35.4,3.87,0.0,10,4.9,15.1,LOW
RSK-003073,Dhamra,Supramax,4,Severe Storm,Hedged,0.185,5.6,0.38,58.3,1.57,25.5,20,25.2,29.4,LOW
RSK-003074,Chennai,Supramax,4,Normal,Partially Hedged,0.126,8.2,0.22,54.8,0.31,53.1,20,9.8,36.4,MODERATE
RSK-003076,Vizag,Supramax,8,Normal,Unhedged,0.223,22.3,1.43,81.5,0.09,58.0,28,13.7,52.3,MODERATE
RSK-003078,Haldia,Handysize,7,Calm,Unhedged,0.39,39.0,0.01,50.3,-0.49,70.9,28,7.8,45.5,MODERATE
RSK-003079,Haldia,Capesize,12,Rough,Unhedged,0.209,20.9,-2.37,0.0,2.91,0.0,45,37.8,14.0,LOW
RSK-003082,Kolkata,Panamax,9,Rough,Partially Hedged,0.341,22.2,1.4,80.9,1.35,30.4,30,25.2,43.8,MODERATE
RSK-003088,Dhamra,Panamax,9,Normal,Hedged,0.264,7.9,-0.4,41.3,4.21,0.0,30,14.7,20.1,LOW
RSK-003089,Dhamra,Handysize,9,Rough,Unhedged,0.307,30.7,-0.58,37.2,2.11,13.6,30,25.2,27.8,LOW
RSK-003091,Kolkata,Supramax,4,Normal,Unhedged,0.14,14.0,0.2,54.4,1.73,22.0,20,9.8,29.1,LOW
RSK-003092,Vizag,Capesize,5,Normal,Hedged,0.318,9.5,-1.17,24.2,-0.65,74.3,55,27.0,31.3,MODERATE
RSK-003094,Kamarajar,Panamax,10,Normal,Hedged,0.302,9.0,-1.76,11.3,1.94,17.2,60,29.4,19.2,LOW
RSK-003095,Kamarajar,Supramax,9,Normal,Hedged,0.216,6.5,-1.46,17.8,1.62,24.3,30,14.7,14.1,LOW
RSK-003098,Vizag,Supramax,5,Severe Storm,Partially Hedged,0.166,10.8,0.24,55.3,1.23,33.0,55,69.3,41.0,MODERATE
RSK-003101,Paradip,Handysize,6,Severe Storm,Unhedged,0.269,26.9,-0.63,36.1,2.77,0.0,30,37.8,22.7,LOW
RSK-003103,Chennai,Capesize,7,Calm,Unhedged,0.219,21.9,-1.19,23.9,1.87,18.8,28,7.8,21.7,LOW
RSK-003105,Vizag,Supramax,6,Normal,Partially Hedged,0.117,7.6,1.72,87.8,2.52,4.5,30,14.7,29.9,LOW
RSK-003107,Haldia,Capesize,5,Calm,Partially Hedged,0.361,23.5,2.46,100.0,4.4,0.0,55,15.4,37.6,MODERATE
RSK-003111,Dhamra,Capesize,7,Normal,Hedged,0.216,6.5,-0.67,35.3,-1.81,99.8,28,13.7,41.5,MODERATE
RSK-003112,Dhamra,Handysize,1,Normal,Unhedged,0.312,31.2,0.22,54.9,-0.5,71.1,10,4.9,43.4,MODERATE
RSK-003116,Chennai,Capesize,2,Calm,Hedged,0.201,6.0,1.03,72.7,1.13,35.0,5,1.4,29.1,LOW
RSK-003118,Paradip,Supramax,2,Normal,Partially Hedged,0.294,19.1,-0.12,47.4,2.06,14.7,5,2.4,24.4,LOW
RSK-003120,Kamarajar,Handysize,1,Normal,Unhedged,0.31,31.0,0.73,66.1,1.32,30.9,10,4.9,37.9,MODERATE
RSK-003123,Haldia,Supramax,12,Calm,Partially Hedged,0.167,10.8,-1.0,28.1,2.67,1.3,45,12.6,14.9,LOW
RSK-003124,Paradip,Handysize,1,Normal,Unhedged,0.239,23.9,1.79,89.3,0.76,43.3,10,4.9,48.4,MODERATE
RSK-003125,Kolkata,Supramax,3,Calm,Hedged,0.291,8.7,1.05,73.2,1.09,35.9,8,2.2,30.7,MODERATE
RSK-003126,Haldia,Handysize,3,Calm,Hedged,0.262,7.8,-0.46,39.8,-0.34,67.4,8,2.2,30.9,MODERATE
RSK-003128,Vizag,Handysize,2,Normal,Hedged,0.294,8.8,-0.42,40.7,0.01,59.8,5,2.4,32.8,MODERATE
RSK-003129,Vizag,Handysize,7,Severe Storm,Hedged,0.289,8.7,0.14,53.2,2.32,8.9,28,35.3,26.4,LOW
RSK-003131,Kamarajar,Supramax,11,Normal,Unhedged,0.395,39.5,0.14,53.1,3.02,0.0,80,39.2,32.6,MODERATE
RSK-003134,Kamarajar,Supramax,2,Calm,Hedged,0.207,6.2,0.08,51.8,2.79,0.0,5,1.4,17.6,LOW
RSK-003136,Haldia,Capesize,6,Normal,Unhedged,0.224,22.4,-0.67,35.2,1.31,31.3,30,14.7,23.4,LOW
RSK-003137,Dhamra,Handysize,9,Normal,Hedged,0.203,6.1,-0.08,48.3,1.03,37.4,30,14.7,36.4,MODERATE
RSK-003138,Kolkata,Handysize,3,Calm,Hedged,0.228,6.8,-0.95,29.0,0.91,39.9,8,2.2,14.5,LOW
RSK-003139,Chennai,Panamax,12,Calm,Hedged,0.318,9.5,-0.9,30.2,-0.86,78.8,45,12.6,30.7,MODERATE
RSK-003140,Kolkata,Panamax,12,Normal,Partially Hedged,0.265,17.2,0.62,63.6,3.19,0.0,45,22.0,26.5,LOW
RSK-003143,Kamarajar,Supramax,12,Calm,Partially Hedged,0.369,24.0,0.11,52.4,3.9,0.0,45,12.6,25.2,LOW
RSK-003146,Kolkata,Panamax,11,Severe Storm,Unhedged,0.388,38.8,0.36,58.0,2.96,0.0,80,100.0,46.2,MODERATE
RSK-003147,Dhamra,Capesize,3,Normal,Hedged,0.359,10.8,-0.97,28.7,1.34,30.6,8,3.9,20.7,LOW
RSK-003151,Vizag,Panamax,9,Calm,Partially Hedged,0.407,26.5,2.61,100.0,2.91,0.0,30,8.4,35.9,MODERATE
RSK-003153,Kamarajar,Panamax,7,Normal,Unhedged,0.229,22.9,-0.11,47.5,3.22,0.0,28,13.7,21.4,LOW
RSK-003158,Kolkata,Supramax,6,Severe Storm,Hedged,0.214,6.4,0.11,52.4,3.06,0.0,30,37.8,22.7,LOW
RSK-003163,Kolkata,Supramax,12,Calm,Unhedged,0.276,27.6,-1.61,14.5,2.89,0.0,45,12.6,16.6,LOW
RSK-003164,Kolkata,Capesize,6,Normal,Partially Hedged,0.38,24.7,-0.99,28.3,0.52,48.6,30,14.7,23.8,LOW
RSK-003165,Haldia,Supramax,11,Calm,Partially Hedged,0.335,21.8,-1.36,20.1,0.83,41.8,80,22.4,26.1,LOW
RSK-003167,Dhamra,Supramax,5,Calm,Hedged,0.25,7.5,-1.29,21.7,2.64,2.0,55,15.4,10.4,LOW
RSK-003168,Kolkata,Supramax,8,Normal,Hedged,0.094,2.8,0.34,57.5,4.27,0.0,28,13.7,26.2,LOW
RSK-003172,Dhamra,Supramax,4,Normal,Partially Hedged,0.375,24.4,1.6,85.3,3.0,0.0,20,9.8,37.6,MODERATE
RSK-003173,Kolkata,Capesize,3,Severe Storm,Hedged,0.245,7.3,-3.59,0.0,1.26,32.2,8,10.1,8.5,LOW
RSK-003175,Vizag,Panamax,2,Calm,Hedged,0.238,7.1,0.32,57.1,1.5,27.0,5,1.4,28.8,LOW
RSK-003179,Kolkata,Capesize,4,Normal,Partially Hedged,0.294,19.1,-1.78,10.9,2.37,7.8,20,9.8,14.7,LOW
RSK-003180,Paradip,Panamax,12,Severe Storm,Unhedged,0.292,29.2,-0.43,40.4,1.46,27.8,45,56.7,29.0,LOW
RSK-003181,Paradip,Capesize,9,Rough,Partially Hedged,0.225,14.6,2.75,100.0,0.7,44.6,30,25.2,49.1,MODERATE
RSK-003183,Kolkata,Capesize,9,Normal,Partially Hedged,0.315,20.5,2.31,100.0,0.39,51.3,30,14.7,48.7,MODERATE
RSK-003186,Haldia,Supramax,1,Rough,Hedged,0.391,11.7,-0.68,35.1,1.42,28.7,10,8.4,26.6,LOW
RSK-003189,Dhamra,Capesize,9,Normal,Unhedged,0.217,21.7,1.49,82.8,3.8,0.0,30,14.7,33.1,MODERATE
RSK-003190,Paradip,Capesize,10,Rough,Partially Hedged,0.304,19.8,-0.49,39.3,1.72,22.2,60,50.4,33.3,MODERATE
RSK-003192,Vizag,Panamax,11,Severe Storm,Unhedged,0.235,23.5,0.16,53.5,1.93,17.6,80,100.0,52.5,MODERATE
RSK-003194,Kolkata,Capesize,9,Rough,Unhedged,0.394,39.4,1.29,78.3,2.93,0.0,30,25.2,43.5,MODERATE
RSK-003197,Kolkata,Capesize,5,Normal,Partially Hedged,0.445,28.9,1.1,74.3,3.36,0.0,55,27.0,39.0,MODERATE
RSK-003198,Paradip,Panamax,9,Rough,Hedged,0.204,6.1,0.41,59.0,3.06,0.0,30,25.2,20.3,LOW
RSK-003201,Kamarajar,Supramax,5,Normal,Partially Hedged,0.357,23.2,-0.26,44.3,3.24,0.0,55,27.0,25.8,LOW
RSK-003202,Haldia,Panamax,3,Normal,Unhedged,0.375,37.5,2.2,98.4,1.81,20.3,8,3.9,49.8,MODERATE
RSK-003203,Chennai,Panamax,10,Rough,Hedged,0.298,8.9,-0.44,40.4,2.81,0.0,60,50.4,21.4,LOW
RSK-003204,Dhamra,Panamax,3,Calm,Partially Hedged,0.343,22.3,0.69,65.1,3.44,0.0,8,2.2,27.2,LOW
RSK-003209,Dhamra,Capesize,2,Severe Storm,Partially Hedged,0.12,7.8,-0.9,30.1,1.31,31.2,5,6.3,16.9,LOW
RSK-003210,Haldia,Capesize,8,Calm,Partially Hedged,0.324,21.0,-0.75,33.6,3.76,0.0,28,7.8,19.0,LOW
RSK-003212,Kolkata,Capesize,6,Normal,Partially Hedged,0.058,3.8,-2.29,0.0,0.53,48.3,30,14.7,14.3,LOW
RSK-003213,Dhamra,Handysize,4,Normal,Unhedged,0.296,29.6,0.73,66.1,4.34,0.0,20,9.8,29.1,LOW
RSK-003217,Dhamra,Supramax,1,Severe Storm,Unhedged,0.365,36.5,-0.66,35.5,3.24,0.0,10,12.6,18.6,LOW
RSK-003220,Dhamra,Panamax,11,Normal,Hedged,0.315,9.4,0.2,54.4,2.61,2.5,80,39.2,24.1,LOW
RSK-003223,Dhamra,Panamax,1,Calm,Hedged,0.05,1.5,-0.7,34.5,-0.28,66.1,10,2.8,32.1,MODERATE
RSK-003225,Kamarajar,Supramax,8,Rough,Partially Hedged,0.416,27.0,-0.81,32.2,0.62,46.3,28,23.5,34.8,MODERATE
RSK-003226,Paradip,Supramax,5,Normal,Unhedged,0.174,17.4,0.45,59.9,2.77,0.0,55,27.0,32.1,MODERATE
RSK-003227,Chennai,Supramax,1,Calm,Hedged,0.221,6.6,-0.91,29.9,1.71,22.3,10,2.8,16.7,LOW
RSK-003228,Dhamra,Panamax,1,Calm,Partially Hedged,0.477,31.0,-1.25,22.5,2.21,11.5,10,2.8,14.9,LOW
RSK-003231,Dhamra,Handysize,3,Calm,Hedged,0.292,8.8,-1.6,14.7,1.68,23.0,8,2.2,15.5,LOW
RSK-003233,Vizag,Supramax,12,Severe Storm,Partially Hedged,0.402,26.1,2.54,100.0,3.13,0.0,45,56.7,49.6,MODERATE
RSK-003236,Dhamra,Capesize,2,Severe Storm,Unhedged,0.204,20.4,0.09,52.0,2.98,0.0,5,6.3,19.5,LOW
RSK-003238,Haldia,Panamax,6,Calm,Partially Hedged,0.177,11.5,-1.25,22.5,1.07,36.4,30,8.4,25.3,LOW
RSK-003239,Vizag,Panamax,9,Calm,Hedged,0.234,7.0,0.59,63.0,2.75,0.0,30,8.4,23.5,LOW
RSK-003240,Paradip,Supramax,12,Rough,Unhedged,0.37,37.0,0.29,56.4,3.03,0.0,45,37.8,34.8,MODERATE
RSK-003242,Dhamra,Supramax,11,Normal,Hedged,0.283,8.5,0.36,57.9,1.89,18.3,80,39.2,27.2,LOW
RSK-003243,Paradip,Handysize,3,Rough,Partially Hedged,0.374,24.3,-0.18,46.0,3.44,0.0,8,6.7,20.2,LOW
RSK-003249,Kolkata,Panamax,9,Calm,Unhedged,0.348,34.8,-0.2,45.7,1.35,30.4,30,8.4,31.7,MODERATE
RSK-003251,Kolkata,Handysize,3,Rough,Hedged,0.25,7.5,2.42,100.0,1.79,20.7,8,6.7,40.5,MODERATE
RSK-003255,Chennai,Capesize,2,Calm,Hedged,0.26,7.8,1.38,80.4,1.28,31.9,5,1.4,33.4,MODERATE
RSK-003256,Paradip,Supramax,10,Normal,Partially Hedged,0.171,11.1,0.64,64.1,2.13,13.2,60,29.4,34.8,MODERATE
RSK-003257,Kolkata,Supramax,7,Severe Storm,Hedged,0.39,11.7,-0.11,47.6,3.41,0.0,28,35.3,24.3,LOW
RSK-003259,Chennai,Capesize,6,Normal,Partially Hedged,0.339,22.1,0.92,70.2,2.56,3.6,30,14.7,27.6,LOW
RSK-003262,Haldia,Capesize,6,Normal,Partially Hedged,0.116,7.6,-2.25,0.5,3.01,0.0,30,14.7,5.4,LOW
RSK-003263,Kolkata,Handysize,12,Rough,Partially Hedged,0.33,21.5,0.09,52.0,3.45,0.0,45,37.8,30.1,MODERATE
RSK-003265,Chennai,Handysize,10,Calm,Hedged,0.05,1.5,-1.19,23.8,1.99,16.3,60,16.8,8.2,LOW
RSK-003266,Chennai,Panamax,5,Rough,Unhedged,0.375,37.5,-0.1,47.7,3.12,0.0,55,46.2,35.1,MODERATE
RSK-003269,Kolkata,Supramax,3,Normal,Partially Hedged,0.337,21.9,-0.45,40.0,3.68,0.0,8,3.9,16.6,LOW
RSK-003270,Kolkata,Capesize,6,Normal,Partially Hedged,0.321,20.9,1.18,75.9,2.38,7.6,30,14.7,31.0,MODERATE
RSK-003271,Dhamra,Capesize,9,Calm,Hedged,0.356,10.7,-1.05,26.8,1.12,35.4,30,8.4,26.8,LOW
RSK-003272,Paradip,Capesize,11,Calm,Hedged,0.228,6.8,0.26,55.6,0.42,50.8,80,22.4,35.4,MODERATE
RSK-003273,Paradip,Supramax,2,Rough,Hedged,0.236,7.1,-0.24,44.7,2.33,8.7,5,4.2,16.4,LOW
RSK-003274,Kolkata,Capesize,6,Rough,Unhedged,0.215,21.5,1.53,83.6,2.14,13.0,30,25.2,36.5,MODERATE
RSK-003276,Vizag,Panamax,2,Rough,Partially Hedged,0.278,18.0,0.7,65.4,1.84,19.6,5,4.2,31.1,MODERATE
RSK-003278,Kolkata,Capesize,8,Calm,Unhedged,0.275,27.5,-0.12,47.4,1.17,34.3,28,7.8,33.6,MODERATE
RSK-003279,Paradip,Handysize,10,Normal,Unhedged,0.287,28.7,0.25,55.5,2.51,4.9,60,29.4,31.9,MODERATE
RSK-003281,Paradip,Capesize,10,Normal,Unhedged,0.148,14.8,1.38,80.4,1.11,35.5,60,29.4,43.5,MODERATE
RSK-003282,Chennai,Capesize,4,Rough,Unhedged,0.343,34.3,-1.34,20.4,1.66,23.4,20,16.8,24.3,LOW
RSK-003283,Vizag,Capesize,2,Normal,Partially Hedged,0.275,17.9,0.73,66.0,0.71,44.5,5,2.4,40.1,MODERATE
RSK-003285,Haldia,Supramax,6,Normal,Hedged,0.185,5.5,-0.24,44.8,2.35,8.2,30,14.7,21.3,LOW
RSK-003286,Dhamra,Capesize,10,Normal,Unhedged,0.341,34.1,-0.7,34.5,0.26,54.2,60,29.4,40.9,MODERATE
RSK-003288,Paradip,Panamax,2,Normal,Partially Hedged,0.357,23.2,-1.6,14.9,1.4,29.1,5,2.4,18.7,LOW
RSK-003289,Chennai,Handysize,6,Normal,Partially Hedged,0.603,39.2,-0.98,28.4,2.36,8.1,30,14.7,28.0,LOW
RSK-003290,Vizag,Capesize,1,Calm,Hedged,0.166,5.0,-0.5,39.1,1.25,32.4,10,2.8,22.0,LOW
RSK-003295,Paradip,Handysize,5,Rough,Unhedged,0.3,30.0,-2.17,2.3,3.24,0.0,55,46.2,25.8,LOW
RSK-003296,Dhamra,Supramax,6,Rough,Hedged,0.202,6.1,-0.7,34.5,1.62,24.3,30,25.2,26.5,LOW
RSK-003297,Chennai,Handysize,7,Normal,Partially Hedged,0.483,31.4,-1.65,13.6,1.82,20.0,28,13.7,16.8,LOW
RSK-003299,Chennai,Panamax,10,Rough,Partially Hedged,0.31,20.1,-1.96,7.0,1.42,28.7,60,50.4,27.8,LOW
RSK-003304,Vizag,Supramax,2,Normal,Partially Hedged,0.239,15.5,1.99,93.9,0.2,55.6,5,2.4,44.3,MODERATE
RSK-003305,Chennai,Supramax,7,Normal,Partially Hedged,0.383,24.9,1.31,78.7,2.28,9.9,28,13.7,30.2,MODERATE
RSK-003307,Kamarajar,Handysize,3,Normal,Hedged,0.206,6.2,1.27,78.0,0.59,46.9,8,3.9,37.0,MODERATE
RSK-003308,Haldia,Handysize,4,Normal,Partially Hedged,0.273,17.7,-0.22,45.3,0.88,40.7,20,9.8,36.3,MODERATE
RSK-003309,Vizag,Supramax,6,Calm,Hedged,0.153,4.6,0.05,51.2,2.61,2.7,30,8.4,19.5,LOW
RSK-003311,Vizag,Supramax,10,Rough,Hedged,0.347,10.4,-1.45,18.1,2.3,9.4,60,50.4,22.4,LOW
RSK-003312,Chennai,Panamax,1,Rough,Hedged,0.307,9.2,-0.85,31.2,0.05,58.9,10,8.4,23.0,LOW
RSK-003314,Vizag,Panamax,12,Severe Storm,Hedged,0.347,10.4,0.79,67.5,0.64,45.9,45,56.7,43.3,MODERATE
RSK-003315,Haldia,Capesize,6,Rough,Hedged,0.356,10.7,-0.63,36.1,2.26,10.3,30,25.2,21.1,LOW
RSK-003316,Kolkata,Handysize,6,Normal,Partially Hedged,0.062,4.0,-0.12,47.3,4.02,0.0,30,14.7,11.8,LOW
RSK-003317,Kolkata,Supramax,9,Normal,Partially Hedged,0.176,11.4,-1.58,15.3,2.59,3.0,30,14.7,12.2,LOW
RSK-003322,Chennai,Handysize,6,Rough,Hedged,0.193,5.8,0.16,53.5,2.91,0.0,30,25.2,22.4,LOW
RSK-003324,Paradip,Panamax,10,Normal,Partially Hedged,0.311,20.2,-0.26,44.2,3.31,0.0,60,29.4,18.4,LOW
RSK-003326,Dhamra,Handysize,8,Calm,Hedged,0.327,9.8,0.45,59.8,2.42,6.7,28,7.8,18.6,LOW
RSK-003327,Paradip,Panamax,10,Normal,Hedged,0.244,7.3,1.6,85.3,2.06,14.7,60,29.4,39.0,MODERATE
RSK-003332,Kamarajar,Supramax,1,Normal,Partially Hedged,0.395,25.7,-1.65,13.8,-0.16,63.5,10,4.9,22.2,LOW
RSK-003333,Kolkata,Capesize,11,Normal,Hedged,0.302,9.0,-0.59,37.0,4.13,0.0,80,39.2,22.4,LOW
RSK-003334,Haldia,Handysize,9,Calm,Partially Hedged,0.369,24.0,1.21,76.7,2.53,4.2,30,8.4,30.1,MODERATE
RSK-003336,Chennai,Handysize,10,Severe Storm,Unhedged,0.228,22.8,2.17,97.8,1.54,26.1,60,75.6,57.7,ELEVATED
RSK-003338,Paradip,Panamax,11,Normal,Unhedged,0.152,15.2,0.78,67.2,0.28,53.7,80,39.2,44.9,MODERATE
RSK-003339,Dhamra,Panamax,6,Calm,Hedged,0.173,5.2,0.87,69.2,0.86,41.1,30,8.4,32.2,MODERATE
RSK-003342,Paradip,Panamax,1,Calm,Partially Hedged,0.299,19.4,0.01,50.2,1.07,36.5,10,2.8,33.7,MODERATE
RSK-003348,Dhamra,Capesize,4,Normal,Partially Hedged,0.336,21.8,-0.52,38.5,2.81,0.0,20,9.8,17.1,LOW
RSK-003349,Kolkata,Capesize,4,Calm,Partially Hedged,0.25,16.3,0.58,62.7,1.95,17.0,20,5.6,29.6,LOW
RSK-003350,Dhamra,Panamax,5,Calm,Hedged,0.06,1.8,0.61,63.5,3.39,0.0,55,15.4,19.6,LOW
RSK-003351,Kolkata,Panamax,10,Rough,Hedged,0.254,7.6,-0.09,48.1,-0.18,64.0,60,50.4,41.9,MODERATE
RSK-003353,Vizag,Handysize,9,Rough,Hedged,0.413,12.4,0.12,52.6,2.22,11.1,30,25.2,29.7,LOW
RSK-003355,Vizag,Capesize,3,Calm,Hedged,0.282,8.4,0.12,52.6,3.36,0.0,8,2.2,12.9,LOW
RSK-003356,Vizag,Panamax,12,Rough,Partially Hedged,0.353,22.9,0.87,69.1,1.29,31.7,45,37.8,36.2,MODERATE
RSK-003357,Kamarajar,Panamax,6,Calm,Partially Hedged,0.349,22.7,0.37,58.1,2.23,10.9,30,8.4,23.8,LOW
RSK-003358,Paradip,Handysize,6,Rough,Hedged,0.268,8.0,0.83,68.2,2.05,15.0,30,25.2,33.4,MODERATE
RSK-003359,Kolkata,Capesize,8,Calm,Partially Hedged,0.363,23.6,0.93,70.5,2.82,0.0,28,7.8,26.2,LOW
RSK-003362,Vizag,Supramax,6,Rough,Unhedged,0.468,46.8,0.01,50.3,2.94,0.0,30,25.2,32.2,MODERATE
RSK-003365,Chennai,Handysize,10,Calm,Unhedged,0.204,20.4,-0.21,45.4,1.02,37.5,60,16.8,28.4,LOW
RSK-003371,Chennai,Capesize,10,Normal,Hedged,0.175,5.2,0.04,50.9,0.83,41.7,60,29.4,31.9,MODERATE
RSK-003372,Haldia,Panamax,9,Calm,Unhedged,0.234,23.4,0.35,57.6,0.68,45.0,30,8.4,39.9,MODERATE
RSK-003374,Paradip,Supramax,2,Normal,Hedged,0.178,5.3,0.36,57.8,2.02,15.5,5,2.4,26.2,LOW
RSK-003375,Kamarajar,Panamax,12,Severe Storm,Unhedged,0.301,30.1,-0.55,38.0,-0.6,73.2,45,56.7,46.3,MODERATE
RSK-003376,Kamarajar,Supramax,9,Normal,Hedged,0.2,6.0,1.28,78.1,4.82,0.0,30,14.7,29.2,LOW
RSK-003377,Dhamra,Capesize,11,Normal,Partially Hedged,0.314,20.4,1.14,75.2,2.21,11.4,80,39.2,41.9,MODERATE
RSK-003379,Kolkata,Handysize,11,Calm,Hedged,0.435,13.0,0.15,53.2,1.21,33.4,80,22.4,28.5,LOW
RSK-003380,Haldia,Handysize,3,Rough,Unhedged,0.267,26.7,-1.26,22.4,3.66,0.0,8,6.7,15.5,LOW
RSK-003381,Vizag,Capesize,8,Rough,Unhedged,0.059,5.9,-0.66,35.5,1.92,17.9,28,23.5,21.6,LOW
RSK-003382,Dhamra,Panamax,5,Normal,Unhedged,0.281,28.1,-0.75,33.5,-0.31,66.8,55,27.0,37.7,MODERATE
RSK-003384,Kamarajar,Panamax,12,Normal,Partially Hedged,0.526,34.2,-0.4,41.2,4.18,0.0,45,22.0,26.7,LOW
RSK-003386,Haldia,Handysize,3,Calm,Unhedged,0.348,34.8,0.51,61.3,3.19,0.0,8,2.2,27.6,LOW
RSK-003388,Chennai,Supramax,3,Rough,Hedged,0.387,11.6,-1.61,14.7,1.52,26.6,8,6.7,13.7,LOW
RSK-003391,Dhamra,Capesize,11,Normal,Partially Hedged,0.432,28.1,0.36,58.0,2.81,0.0,80,39.2,36.6,MODERATE
RSK-003392,Vizag,Capesize,4,Severe Storm,Partially Hedged,0.306,19.9,-1.66,13.6,0.94,39.3,20,25.2,23.8,LOW
RSK-003393,Vizag,Panamax,2,Calm,Hedged,0.247,7.4,-1.42,18.8,1.53,26.3,5,1.4,14.6,LOW
RSK-003394,Chennai,Supramax,5,Calm,Unhedged,0.191,19.1,-0.05,48.8,1.26,32.3,55,15.4,37.7,MODERATE
RSK-003396,Chennai,Capesize,9,Rough,Unhedged,0.246,24.6,0.81,67.8,1.05,36.9,30,25.2,41.9,MODERATE
RSK-003397,Haldia,Capesize,3,Severe Storm,Hedged,0.269,8.1,-0.64,35.9,1.87,18.9,8,10.1,19.6,LOW
RSK-003402,Chennai,Panamax,10,Normal,Hedged,0.29,8.7,2.16,97.6,0.77,43.0,60,29.4,51.9,MODERATE
RSK-003404,Vizag,Panamax,12,Normal,Hedged,0.148,4.4,-0.48,39.4,1.99,16.3,45,22.0,16.6,LOW
RSK-003405,Paradip,Panamax,8,Severe Storm,Partially Hedged,0.417,27.1,-0.52,38.5,2.8,0.0,28,35.3,29.2,LOW
RSK-003407,Vizag,Capesize,6,Calm,Unhedged,0.273,27.3,-0.66,35.6,2.09,14.0,30,8.4,22.5,LOW
RSK-003409,Haldia,Capesize,1,Severe Storm,Partially Hedged,0.455,29.6,0.41,58.9,1.53,26.3,10,12.6,39.4,MODERATE
RSK-003410,Dhamra,Panamax,11,Severe Storm,Unhedged,0.251,25.1,2.34,100.0,2.91,0.0,80,100.0,59.9,ELEVATED
RSK-003411,Vizag,Handysize,10,Normal,Hedged,0.5,15.0,-1.18,24.1,-0.92,80.2,60,29.4,36.2,MODERATE
RSK-003412,Chennai,Supramax,8,Rough,Partially Hedged,0.289,18.8,1.24,77.2,1.43,28.5,28,23.5,37.7,MODERATE
RSK-003413,Paradip,Capesize,11,Calm,Hedged,0.161,4.8,1.07,73.5,0.7,44.6,80,22.4,41.7,MODERATE
RSK-003420,Haldia,Panamax,8,Normal,Unhedged,0.34,34.0,0.5,61.0,1.13,35.2,28,13.7,36.8,MODERATE
RSK-003421,Chennai,Handysize,7,Rough,Unhedged,0.225,22.5,1.36,80.0,0.59,47.1,28,23.5,46.5,MODERATE
RSK-003423,Haldia,Handysize,5,Normal,Unhedged,0.255,25.5,1.1,74.2,3.01,0.0,55,27.0,34.1,MODERATE
RSK-003427,Paradip,Handysize,11,Normal,Partially Hedged,0.352,22.9,0.51,61.3,2.63,2.0,80,39.2,40.7,MODERATE
RSK-003428,Kamarajar,Handysize,5,Normal,Partially Hedged,0.302,19.6,0.25,55.4,1.38,29.6,55,27.0,37.1,MODERATE
RSK-003429,Vizag,Supramax,5,Normal,Partially Hedged,0.371,24.1,-0.4,41.3,1.33,30.7,55,27.0,33.8,MODERATE
RSK-003430,Kolkata,Supramax,8,Normal,Partially Hedged,0.174,11.3,0.97,71.3,2.26,10.4,28,13.7,31.3,MODERATE
RSK-003431,Kolkata,Supramax,4,Normal,Unhedged,0.256,25.6,0.02,50.4,1.37,29.9,20,9.8,31.1,MODERATE
RSK-003436,Paradip,Handysize,5,Rough,Unhedged,0.345,34.5,-0.04,49.1,1.76,21.3,55,46.2,36.4,MODERATE
RSK-003437,Haldia,Supramax,4,Normal,Partially Hedged,0.264,17.2,-1.6,14.9,1.89,18.3,20,9.8,14.5,LOW
RSK-003438,Haldia,Supramax,5,Calm,Partially Hedged,0.217,14.1,0.06,51.3,0.03,59.4,55,15.4,37.0,MODERATE
RSK-003439,Dhamra,Handysize,9,Rough,Unhedged,0.227,22.7,-0.6,36.7,1.22,33.2,30,25.2,28.0,LOW
RSK-003442,Dhamra,Capesize,11,Rough,Unhedged,0.296,29.6,-0.61,36.5,1.09,35.9,80,67.2,39.7,MODERATE
RSK-003443,Chennai,Capesize,7,Calm,Unhedged,0.402,40.2,0.61,63.5,2.96,0.0,28,7.8,30.3,MODERATE
RSK-003444,Vizag,Supramax,6,Normal,Hedged,0.397,11.9,-0.95,29.1,2.44,6.4,30,14.7,16.3,LOW
RSK-003445,Kolkata,Handysize,12,Calm,Hedged,0.255,7.6,2.89,100.0,0.68,45.1,45,12.6,47.6,MODERATE
RSK-003446,Chennai,Panamax,7,Calm,Hedged,0.202,6.1,1.56,84.3,3.45,0.0,28,7.8,23.3,LOW
RSK-003447,Kamarajar,Handysize,6,Calm,Partially Hedged,0.331,21.5,0.07,51.4,2.6,2.7,30,8.4,28.4,LOW
RSK-003453,Kamarajar,Panamax,8,Normal,Unhedged,0.309,30.9,2.18,98.0,1.28,31.9,28,13.7,43.1,MODERATE
RSK-003454,Haldia,Handysize,7,Calm,Hedged,0.133,4.0,0.49,60.8,2.86,0.0,28,7.8,8.1,LOW
RSK-003455,Vizag,Handysize,11,Normal,Hedged,0.292,8.8,2.36,100.0,2.51,4.9,80,39.2,48.0,MODERATE
RSK-003457,Dhamra,Panamax,10,Normal,Unhedged,0.453,45.3,0.13,52.9,2.05,15.0,60,29.4,35.9,MODERATE
RSK-003458,Vizag,Panamax,2,Normal,Hedged,0.368,11.0,0.03,50.6,3.23,0.0,5,2.4,18.1,LOW
RSK-003460,Vizag,Panamax,6,Normal,Unhedged,0.254,25.4,-0.44,40.2,1.86,19.0,30,14.7,25.3,LOW
RSK-003461,Kamarajar,Panamax,7,Rough,Unhedged,0.316,31.6,1.87,91.1,2.23,10.9,28,23.5,48.0,MODERATE
RSK-003462,Paradip,Supramax,3,Calm,Hedged,0.301,9.0,1.81,89.9,1.05,36.8,8,2.2,37.6,MODERATE
RSK-003466,Vizag,Supramax,6,Rough,Hedged,0.291,8.7,0.92,70.3,4.39,0.0,30,25.2,21.9,LOW
RSK-003471,Paradip,Supramax,11,Severe Storm,Partially Hedged,0.228,14.8,-0.05,48.8,2.74,0.0,80,100.0,37.4,MODERATE
RSK-003473,Chennai,Capesize,11,Calm,Partially Hedged,0.285,18.5,-1.47,17.7,0.18,56.1,80,22.4,28.8,LOW
RSK-003474,Kamarajar,Panamax,9,Calm,Hedged,0.248,7.4,-0.54,38.1,1.48,27.5,30,8.4,23.7,LOW
RSK-003475,Dhamra,Panamax,4,Rough,Unhedged,0.211,21.1,0.6,63.2,3.29,0.0,20,16.8,22.2,LOW
RSK-003476,Kamarajar,Panamax,9,Calm,Partially Hedged,0.154,10.0,-1.16,24.5,1.83,19.7,30,8.4,14.8,LOW
RSK-003477,Kamarajar,Supramax,7,Calm,Hedged,0.184,5.5,0.25,55.5,1.41,29.1,28,7.8,27.5,LOW
RSK-003478,Dhamra,Panamax,6,Rough,Partially Hedged,0.175,11.4,1.17,75.7,4.04,0.0,30,25.2,24.9,LOW
RSK-003481,Paradip,Capesize,8,Normal,Hedged,0.323,9.7,-0.1,47.7,0.95,39.1,28,13.7,25.9,LOW
RSK-003482,Haldia,Supramax,1,Calm,Hedged,0.312,9.3,0.61,63.4,2.25,10.4,10,2.8,20.0,LOW
RSK-003483,Paradip,Panamax,5,Calm,Hedged,0.267,8.0,-2.0,6.0,-1.4,90.8,55,15.4,29.0,LOW
RSK-003484,Paradip,Handysize,9,Normal,Hedged,0.2,6.0,0.41,59.1,2.23,10.8,30,14.7,21.7,LOW
RSK-003486,Vizag,Capesize,11,Normal,Unhedged,0.451,45.1,1.51,83.2,4.61,0.0,80,39.2,41.5,MODERATE
RSK-003488,Dhamra,Supramax,3,Normal,Unhedged,0.308,30.8,0.11,52.4,2.48,5.4,8,3.9,31.1,MODERATE
RSK-003493,Kamarajar,Supramax,1,Calm,Hedged,0.398,12.0,-0.36,42.0,2.74,0.0,10,2.8,13.4,LOW
RSK-003494,Kamarajar,Capesize,9,Rough,Hedged,0.35,10.5,0.89,69.5,3.49,0.0,30,25.2,25.8,LOW
RSK-003495,Vizag,Capesize,9,Calm,Hedged,0.253,7.6,1.08,73.8,2.1,13.7,30,8.4,28.8,LOW
RSK-003501,Dhamra,Supramax,6,Normal,Hedged,0.217,6.5,-0.38,41.6,1.25,32.5,30,14.7,22.7,LOW
RSK-003504,Kolkata,Capesize,2,Normal,Hedged,0.05,1.5,0.21,54.6,2.55,3.9,5,2.4,15.9,LOW
RSK-003509,Kolkata,Capesize,3,Normal,Unhedged,0.21,21.0,0.55,62.2,0.87,40.9,8,3.9,35.9,MODERATE
RSK-003512,Kamarajar,Handysize,4,Calm,Unhedged,0.238,23.8,-0.23,44.9,-0.98,81.6,20,5.6,38.1,MODERATE
RSK-003513,Vizag,Capesize,12,Normal,Hedged,0.146,4.4,0.81,67.7,2.44,6.3,45,22.0,27.6,LOW
RSK-003515,Kamarajar,Panamax,7,Normal,Hedged,0.312,9.3,0.79,67.3,5.01,0.0,28,13.7,27.4,LOW
RSK-003520,Kolkata,Supramax,6,Normal,Unhedged,0.319,31.9,-0.63,36.1,3.42,0.0,30,14.7,24.0,LOW
RSK-003521,Haldia,Capesize,8,Rough,Hedged,0.166,5.0,-0.16,46.6,0.84,41.5,28,23.5,30.2,MODERATE
RSK-003525,Chennai,Panamax,11,Severe Storm,Hedged,0.325,9.7,0.9,69.8,3.13,0.0,80,100.0,49.6,MODERATE
RSK-003527,Haldia,Capesize,9,Normal,Unhedged,0.343,34.3,0.16,53.5,2.84,0.0,30,14.7,28.7,LOW
RSK-003533,Haldia,Capesize,3,Normal,Partially Hedged,0.272,17.7,-0.51,38.9,3.65,0.0,8,3.9,21.7,LOW
RSK-003534,Chennai,Supramax,5,Normal,Hedged,0.156,4.7,0.8,67.7,-0.21,64.7,55,27.0,51.3,MODERATE
RSK-003535,Kolkata,Capesize,3,Rough,Partially Hedged,0.194,12.6,-0.93,29.5,3.1,0.0,8,6.7,10.3,LOW
RSK-003536,Chennai,Supramax,7,Severe Storm,Hedged,0.219,6.6,1.5,83.0,5.23,0.0,28,35.3,28.8,LOW
RSK-003537,Kolkata,Supramax,5,Calm,Hedged,0.226,6.8,-1.38,19.6,3.11,0.0,55,15.4,9.2,LOW
RSK-003538,Haldia,Capesize,11,Normal,Partially Hedged,0.3,19.5,2.85,100.0,1.62,24.5,80,39.2,50.7,MODERATE
RSK-003539,Chennai,Supramax,1,Normal,Hedged,0.205,6.1,-0.58,37.2,0.77,43.0,10,4.9,22.9,LOW
RSK-003541,Chennai,Panamax,2,Rough,Hedged,0.263,7.9,-1.35,20.2,3.66,0.0,5,4.2,15.7,LOW
RSK-003542,Dhamra,Panamax,9,Calm,Unhedged,0.452,45.2,-0.47,39.7,3.01,0.0,30,8.4,25.5,LOW
RSK-003543,Chennai,Capesize,11,Rough,Partially Hedged,0.273,17.7,-1.32,20.9,2.39,7.4,80,67.2,26.7,LOW
RSK-003544,Vizag,Supramax,4,Normal,Unhedged,0.395,39.5,0.59,63.1,5.66,0.0,20,9.8,32.4,MODERATE
RSK-003546,Chennai,Panamax,4,Calm,Partially Hedged,0.231,15.0,0.11,52.4,3.69,0.0,20,5.6,20.7,LOW
RSK-003548,Dhamra,Capesize,8,Calm,Unhedged,0.375,37.5,0.32,57.0,3.84,0.0,28,7.8,29.3,LOW
RSK-003551,Dhamra,Handysize,11,Calm,Unhedged,0.305,30.5,-2.29,0.0,1.4,29.2,80,22.4,19.6,LOW
RSK-003554,Haldia,Handysize,12,Normal,Unhedged,0.32,32.0,-0.7,34.5,1.0,38.0,45,22.0,31.4,MODERATE
RSK-003556,Paradip,Handysize,2,Calm,Hedged,0.303,9.1,0.13,52.9,3.01,0.0,5,1.4,16.5,LOW
RSK-003557,Kolkata,Supramax,9,Normal,Hedged,0.254,7.6,-0.84,31.4,-1.35,89.7,30,14.7,40.1,MODERATE
RSK-003559,Haldia,Handysize,12,Calm,Unhedged,0.45,45.0,0.78,67.2,2.03,15.3,45,12.6,36.7,MODERATE
RSK-003561,Haldia,Handysize,2,Calm,Unhedged,0.444,44.4,-0.08,48.2,1.26,32.4,5,1.4,33.5,MODERATE
RSK-003568,Kamarajar,Supramax,3,Calm,Unhedged,0.343,34.3,-1.26,22.3,-0.12,62.6,8,2.2,33.7,MODERATE
RSK-003571,Kamarajar,Panamax,1,Normal,Unhedged,0.257,25.7,1.16,75.5,2.05,14.9,10,4.9,32.8,MODERATE
RSK-003573,Chennai,Supramax,1,Calm,Partially Hedged,0.225,14.6,-2.03,5.3,2.95,0.0,10,2.8,6.4,LOW
RSK-003576,Kolkata,Capesize,11,Rough,Hedged,0.108,3.2,1.47,82.4,2.75,0.0,80,67.2,36.6,MODERATE
RSK-003578,Dhamra,Capesize,8,Normal,Hedged,0.402,12.1,0.89,69.5,5.13,0.0,28,13.7,23.5,LOW
RSK-003580,Kolkata,Supramax,7,Calm,Hedged,0.258,7.7,-0.95,29.1,1.86,19.0,28,7.8,18.1,LOW
RSK-003581,Vizag,Handysize,12,Calm,Partially Hedged,0.351,22.8,0.03,50.7,2.37,7.8,45,12.6,23.3,LOW
RSK-003582,Dhamra,Capesize,8,Calm,Hedged,0.293,8.8,-1.62,14.3,-0.4,68.9,28,7.8,25.5,LOW
RSK-003584,Haldia,Handysize,12,Normal,Partially Hedged,0.307,20.0,1.32,79.1,3.28,0.0,45,22.0,35.2,MODERATE
RSK-003589,Chennai,Handysize,11,Normal,Partially Hedged,0.272,17.7,-1.73,12.0,2.93,0.0,80,39.2,15.2,LOW
RSK-003590,Haldia,Handysize,9,Normal,Unhedged,0.37,37.0,0.11,52.5,2.33,8.7,30,14.7,30.1,MODERATE
RSK-003592,Dhamra,Handysize,1,Calm,Hedged,0.181,5.4,-0.47,39.8,1.43,28.6,10,2.8,18.5,LOW
RSK-003594,Paradip,Panamax,9,Normal,Hedged,0.257,7.7,-0.38,41.6,5.4,0.0,30,14.7,17.7,LOW
RSK-003595,Vizag,Capesize,4,Calm,Unhedged,0.19,19.0,0.07,51.5,2.23,10.9,20,5.6,19.9,LOW
RSK-003602,Haldia,Handysize,1,Normal,Partially Hedged,0.268,17.4,-0.67,35.4,2.92,0.0,10,4.9,15.9,LOW
RSK-003603,Haldia,Panamax,9,Normal,Partially Hedged,0.345,22.4,-0.93,29.6,-1.12,84.6,30,14.7,36.1,MODERATE
RSK-003604,Dhamra,Supramax,12,Rough,Hedged,0.407,12.2,0.35,57.6,3.26,0.0,45,37.8,32.1,MODERATE
RSK-003607,Dhamra,Capesize,10,Normal,Unhedged,0.277,27.7,-0.78,32.9,3.68,0.0,60,29.4,29.3,LOW
RSK-003609,Chennai,Panamax,5,Normal,Unhedged,0.514,51.4,1.54,83.9,1.92,17.7,55,27.0,53.6,MODERATE
RSK-003610,Chennai,Handysize,10,Normal,Hedged,0.238,7.1,1.62,85.6,3.02,0.0,60,29.4,36.0,MODERATE
RSK-003612,Paradip,Capesize,5,Calm,Partially Hedged,0.343,22.3,-0.14,46.9,2.87,0.0,55,15.4,20.9,LOW
RSK-003614,Paradip,Panamax,3,Normal,Unhedged,0.244,24.4,-0.3,43.4,0.05,58.9,8,3.9,28.5,LOW
RSK-003615,Dhamra,Panamax,5,Calm,Hedged,0.29,8.7,-0.6,36.8,2.7,0.5,55,15.4,15.4,LOW
RSK-003616,Dhamra,Supramax,6,Calm,Hedged,0.191,5.7,0.86,69.0,3.41,0.0,30,8.4,25.7,LOW
RSK-003618,Paradip,Handysize,10,Normal,Partially Hedged,0.163,10.6,-0.34,42.4,3.05,0.0,60,29.4,21.5,LOW
RSK-003619,Chennai,Handysize,9,Normal,Partially Hedged,0.283,18.4,0.91,70.0,2.24,10.6,30,14.7,33.7,MODERATE
RSK-003620,Kamarajar,Handysize,6,Normal,Unhedged,0.146,14.6,-1.74,11.8,3.14,0.0,30,14.7,6.3,LOW
RSK-003621,Vizag,Handysize,1,Calm,Partially Hedged,0.221,14.3,-0.79,32.6,1.14,34.8,10,2.8,20.3,LOW
RSK-003622,Kolkata,Handysize,11,Normal,Hedged,0.277,8.3,1.34,79.4,4.6,0.0,80,39.2,33.8,MODERATE
RSK-003626,Kamarajar,Handysize,11,Normal,Hedged,0.423,12.7,0.85,68.8,2.44,6.4,80,39.2,30.1,MODERATE
RSK-003628,Paradip,Capesize,6,Normal,Unhedged,0.399,39.9,1.81,89.7,3.1,0.0,30,14.7,37.5,MODERATE
RSK-003629,Paradip,Panamax,12,Normal,Unhedged,0.21,21.0,-1.36,20.0,2.13,13.1,45,22.0,28.0,LOW
RSK-003630,Kolkata,Supramax,2,Calm,Partially Hedged,0.355,23.0,0.16,53.5,-0.58,72.9,5,1.4,38.3,MODERATE
RSK-003631,Haldia,Panamax,12,Calm,Hedged,0.171,5.1,-0.59,37.0,4.89,0.0,45,12.6,17.4,LOW
RSK-003636,Chennai,Capesize,4,Calm,Hedged,0.337,10.1,-0.48,39.4,3.8,0.0,20,5.6,6.8,LOW
RSK-003640,Paradip,Panamax,8,Calm,Hedged,0.26,7.8,-0.74,33.7,3.37,0.0,28,7.8,9.0,LOW
RSK-003642,Paradip,Supramax,4,Calm,Unhedged,0.374,37.4,-0.34,42.5,3.57,0.0,20,5.6,23.2,LOW
RSK-003645,Haldia,Handysize,2,Severe Storm,Unhedged,0.291,29.1,1.51,83.3,2.97,0.0,5,6.3,34.0,MODERATE
RSK-003647,Chennai,Handysize,7,Normal,Unhedged,0.126,12.6,0.04,50.8,1.05,37.0,28,13.7,29.0,LOW
RSK-003648,Kamarajar,Panamax,1,Rough,Partially Hedged,0.466,30.3,-0.17,46.2,1.44,28.2,10,8.4,33.2,MODERATE
RSK-003649,Vizag,Capesize,7,Severe Storm,Unhedged,0.319,31.9,-0.18,46.0,2.52,4.6,28,35.3,32.2,MODERATE
RSK-003652,Dhamra,Supramax,7,Normal,Unhedged,0.265,26.5,1.17,75.7,2.49,5.2,28,13.7,38.3,MODERATE
RSK-003656,Dhamra,Supramax,3,Normal,Unhedged,0.381,38.1,-1.1,25.9,-0.89,79.5,8,3.9,33.3,MODERATE
RSK-003657,Vizag,Handysize,4,Rough,Partially Hedged,0.397,25.8,0.07,51.4,3.86,0.0,20,16.8,30.0,MODERATE
RSK-003661,Vizag,Capesize,4,Rough,Unhedged,0.101,10.1,-1.75,11.4,3.15,0.0,20,16.8,11.0,LOW
RSK-003662,Kolkata,Handysize,4,Calm,Hedged,0.067,2.0,-0.57,37.5,1.75,21.4,20,5.6,10.7,LOW
RSK-003663,Kamarajar,Panamax,9,Rough,Partially Hedged,0.437,28.4,-0.27,44.1,3.34,0.0,30,25.2,28.3,LOW
RSK-003666,Dhamra,Handysize,5,Severe Storm,Unhedged,0.361,36.1,1.97,93.4,2.3,9.4,55,69.3,55.3,ELEVATED
RSK-003667,Haldia,Panamax,11,Normal,Hedged,0.306,9.2,-0.36,42.2,1.46,28.0,80,39.2,31.4,MODERATE
RSK-003668,Dhamra,Handysize,12,Calm,Partially Hedged,0.363,23.6,-0.84,31.6,1.98,16.5,45,12.6,28.6,LOW
RSK-003670,Paradip,Supramax,8,Rough,Unhedged,0.346,34.6,-0.12,47.3,1.71,22.4,28,23.5,30.7,MODERATE
RSK-003671,Kolkata,Capesize,8,Calm,Unhedged,0.33,33.0,-0.51,38.9,2.14,12.8,28,7.8,26.2,LOW
RSK-003674,Dhamra,Capesize,6,Normal,Hedged,0.238,7.1,-0.73,34.0,2.88,0.0,30,14.7,18.0,LOW
RSK-003679,Vizag,Capesize,4,Normal,Hedged,0.295,8.9,0.71,65.7,2.17,12.2,20,9.8,27.3,LOW
RSK-003681,Paradip,Handysize,4,Normal,Hedged,0.515,15.5,2.12,96.7,1.63,24.2,20,9.8,38.9,MODERATE
RSK-003683,Kolkata,Capesize,9,Normal,Unhedged,0.333,33.3,0.09,51.9,4.62,0.0,30,14.7,28.4,LOW
RSK-003684,Kolkata,Handysize,9,Normal,Unhedged,0.326,32.6,1.26,77.8,2.08,14.2,30,14.7,31.6,MODERATE
RSK-003685,Dhamra,Supramax,5,Rough,Hedged,0.094,2.8,-0.57,37.4,0.95,39.1,55,46.2,33.5,MODERATE
RSK-003686,Vizag,Supramax,9,Rough,Unhedged,0.237,23.7,1.94,92.7,1.76,21.3,30,25.2,47.1,MODERATE
RSK-003687,Haldia,Supramax,7,Calm,Partially Hedged,0.299,19.4,0.4,58.8,1.98,16.4,28,7.8,28.4,LOW
RSK-003689,Chennai,Capesize,10,Normal,Partially Hedged,0.492,31.9,-1.34,20.5,3.26,0.0,60,29.4,22.1,LOW
RSK-003690,Kamarajar,Supramax,5,Normal,Hedged,0.116,3.5,-0.79,32.7,3.43,0.0,55,27.0,15.1,LOW
RSK-003691,Paradip,Supramax,1,Normal,Unhedged,0.388,38.8,0.31,56.8,0.72,44.2,10,4.9,40.7,MODERATE
RSK-003692,Dhamra,Capesize,3,Normal,Partially Hedged,0.434,28.2,-1.26,22.2,0.21,55.4,8,3.9,28.3,LOW
RSK-003694,Kamarajar,Capesize,5,Rough,Hedged,0.274,8.2,3.2,100.0,2.83,0.0,55,46.2,44.6,MODERATE
RSK-003695,Kamarajar,Capesize,3,Normal,Hedged,0.254,7.6,-0.04,49.2,1.41,29.1,8,3.9,16.2,LOW
RSK-003698,Paradip,Handysize,7,Severe Storm,Hedged,0.328,9.8,-1.55,15.8,3.08,0.0,28,35.3,15.5,LOW
RSK-003700,Vizag,Handysize,4,Rough,Partially Hedged,0.196,12.7,-0.65,35.6,1.86,19.1,20,16.8,24.1,LOW
RSK-003701,Kolkata,Handysize,2,Normal,Hedged,0.38,11.4,-0.83,31.8,0.46,49.8,5,2.4,24.9,LOW
RSK-003702,Dhamra,Handysize,11,Rough,Unhedged,0.352,35.2,-1.29,21.6,0.6,46.8,80,67.2,40.1,MODERATE
RSK-003703,Chennai,Handysize,12,Severe Storm,Partially Hedged,0.216,14.0,-1.84,9.5,4.08,0.0,45,56.7,13.9,LOW
RSK-003705,Kolkata,Panamax,3,Normal,Hedged,0.179,5.4,1.12,74.6,3.66,0.0,8,3.9,24.5,LOW
RSK-003706,Paradip,Capesize,2,Rough,Hedged,0.156,4.7,1.18,76.0,4.66,0.0,5,4.2,22.2,LOW
RSK-003709,Dhamra,Panamax,7,Normal,Partially Hedged,0.398,25.8,0.15,53.2,1.22,33.2,28,13.7,33.0,MODERATE
RSK-003710,Vizag,Capesize,12,Normal,Unhedged,0.226,22.6,1.36,79.9,-1.18,85.9,45,22.0,51.3,MODERATE
RSK-003713,Dhamra,Supramax,8,Rough,Unhedged,0.269,26.9,0.7,65.4,0.97,38.6,28,23.5,36.2,MODERATE
RSK-003714,Paradip,Capesize,1,Calm,Hedged,0.205,6.2,-0.84,31.5,0.13,57.1,10,2.8,26.6,LOW
RSK-003715,Kamarajar,Capesize,6,Normal,Partially Hedged,0.214,13.9,-1.13,25.1,2.7,0.7,30,14.7,13.0,LOW
RSK-003716,Kolkata,Panamax,4,Rough,Unhedged,0.117,11.7,0.48,60.5,4.48,0.0,20,16.8,24.9,LOW
RSK-003717,Kamarajar,Handysize,1,Calm,Unhedged,0.208,20.8,0.04,50.9,2.76,0.0,10,2.8,19.0,LOW
RSK-003718,Chennai,Handysize,12,Calm,Partially Hedged,0.269,17.5,0.45,60.0,1.07,36.4,45,12.6,37.1,MODERATE
RSK-003719,Kolkata,Supramax,9,Normal,Partially Hedged,0.27,17.5,0.54,61.9,1.82,19.9,30,14.7,31.4,MODERATE
RSK-003720,Paradip,Handysize,5,Calm,Hedged,0.22,6.6,0.64,64.2,5.49,0.0,55,15.4,22.7,LOW
RSK-003721,Kamarajar,Supramax,10,Rough,Unhedged,0.063,6.3,1.57,84.5,2.9,0.0,60,50.4,39.7,MODERATE
RSK-003725,Vizag,Capesize,4,Calm,Unhedged,0.352,35.2,-0.18,46.1,-0.02,60.5,20,5.6,36.7,MODERATE
RSK-003726,Haldia,Capesize,5,Normal,Hedged,0.407,12.2,0.93,70.4,0.04,59.2,55,27.0,41.2,MODERATE
RSK-003727,Kamarajar,Supramax,5,Calm,Unhedged,0.255,25.5,-0.72,34.1,0.21,55.3,55,15.4,39.8,MODERATE
RSK-003730,Vizag,Handysize,8,Normal,Unhedged,0.304,30.4,0.83,68.3,-0.29,66.3,28,13.7,52.6,MODERATE
RSK-003732,Chennai,Supramax,5,Normal,Hedged,0.297,8.9,0.11,52.4,0.8,42.4,55,27.0,35.6,MODERATE
RSK-003733,Paradip,Handysize,5,Normal,Unhedged,0.337,33.7,-0.12,47.4,2.61,2.7,55,27.0,32.1,MODERATE
RSK-003734,Paradip,Capesize,1,Normal,Unhedged,0.432,43.2,-0.11,47.5,2.1,13.7,10,4.9,28.6,LOW
RSK-003735,Haldia,Supramax,4,Normal,Unhedged,0.322,32.2,1.36,79.9,2.71,0.3,20,9.8,33.9,MODERATE
RSK-003738,Haldia,Panamax,6,Rough,Unhedged,0.308,30.8,-1.59,15.0,0.58,47.1,30,25.2,28.6,LOW
RSK-003739,Haldia,Handysize,6,Rough,Hedged,0.36,10.8,-2.04,5.2,0.68,45.1,30,25.2,17.5,LOW
RSK-003740,Kolkata,Capesize,8,Normal,Hedged,0.193,5.8,1.81,89.8,1.9,18.2,28,13.7,36.5,MODERATE
RSK-003745,Vizag,Supramax,12,Calm,Hedged,0.14,4.2,-0.13,47.2,1.99,16.1,45,12.6,24.2,LOW
RSK-003746,Kolkata,Capesize,9,Severe Storm,Hedged,0.14,4.2,0.88,69.3,2.55,3.9,30,37.8,29.1,LOW
RSK-003747,Paradip,Capesize,1,Normal,Partially Hedged,0.303,19.7,-1.01,27.8,4.65,0.0,10,4.9,10.6,LOW
RSK-003748,Chennai,Handysize,9,Normal,Hedged,0.157,4.7,1.07,73.6,3.56,0.0,30,14.7,21.3,LOW
RSK-003749,Haldia,Panamax,9,Calm,Unhedged,0.359,35.9,0.15,53.3,2.98,0.0,30,8.4,32.0,MODERATE
RSK-003751,Paradip,Supramax,12,Normal,Partially Hedged,0.34,22.1,0.72,65.9,0.52,48.5,45,22.0,38.4,MODERATE
RSK-003752,Kolkata,Supramax,12,Rough,Unhedged,0.301,30.1,0.03,50.6,0.07,58.5,45,37.8,39.9,MODERATE
RSK-003753,Haldia,Handysize,7,Normal,Hedged,0.179,5.4,2.93,100.0,2.15,12.7,28,13.7,32.5,MODERATE
RSK-003755,Chennai,Panamax,7,Normal,Hedged,0.355,10.7,-0.36,42.1,5.7,0.0,28,13.7,20.2,LOW
RSK-003756,Dhamra,Handysize,12,Normal,Partially Hedged,0.119,7.8,1.35,79.7,2.46,5.8,45,22.0,30.3,MODERATE
RSK-003758,Haldia,Supramax,5,Normal,Hedged,0.328,9.8,-3.22,0.0,0.15,56.7,55,27.0,19.9,LOW
RSK-003759,Haldia,Panamax,1,Normal,Unhedged,0.387,38.7,-0.81,32.2,2.69,0.7,10,4.9,19.8,LOW
RSK-003761,Chennai,Handysize,8,Normal,Unhedged,0.4,40.0,-0.05,48.9,1.85,19.3,28,13.7,31.0,MODERATE
RSK-003763,Vizag,Panamax,5,Rough,Hedged,0.253,7.6,0.53,61.6,1.82,19.9,55,46.2,35.8,MODERATE
RSK-003766,Vizag,Panamax,3,Normal,Partially Hedged,0.288,18.7,-0.78,32.9,2.97,0.0,8,3.9,16.8,LOW
RSK-003767,Chennai,Supramax,4,Normal,Partially Hedged,0.318,20.7,0.41,59.0,-1.65,96.3,20,9.8,48.0,MODERATE
RSK-003770,Kamarajar,Capesize,12,Severe Storm,Hedged,0.369,11.1,0.05,51.1,3.96,0.0,45,56.7,29.4,LOW
RSK-003771,Chennai,Handysize,9,Calm,Partially Hedged,0.297,19.3,0.2,54.4,0.94,39.2,30,8.4,30.2,MODERATE
RSK-003773,Paradip,Supramax,7,Rough,Hedged,0.236,7.1,-1.2,23.7,-1.1,84.1,28,23.5,38.2,MODERATE
RSK-003774,Chennai,Panamax,7,Calm,Unhedged,0.342,34.2,-0.76,33.4,5.79,0.0,28,7.8,18.4,LOW
RSK-003776,Vizag,Supramax,4,Normal,Hedged,0.125,3.7,1.02,72.4,2.45,6.0,20,9.8,25.5,LOW
RSK-003778,Kolkata,Panamax,3,Severe Storm,Partially Hedged,0.272,17.7,0.9,69.7,2.77,0.0,8,10.1,20.2,LOW
RSK-003780,Vizag,Panamax,3,Normal,Unhedged,0.341,34.1,0.12,52.6,2.42,6.8,8,3.9,30.4,MODERATE
RSK-003782,Paradip,Supramax,7,Normal,Unhedged,0.113,11.3,-0.26,44.3,2.04,15.1,28,13.7,23.7,LOW
RSK-003787,Haldia,Handysize,6,Normal,Hedged,0.272,8.2,-1.28,21.9,2.74,0.0,30,14.7,8.9,LOW
RSK-003790,Kamarajar,Handysize,11,Calm,Hedged,0.42,12.6,1.49,82.7,2.14,13.0,80,22.4,34.0,MODERATE
RSK-003791,Kamarajar,Handysize,1,Normal,Partially Hedged,0.202,13.1,-1.29,21.6,1.98,16.4,10,4.9,11.1,LOW
RSK-003796,Kolkata,Supramax,9,Normal,Partially Hedged,0.27,17.6,0.72,65.9,2.27,10.0,30,14.7,30.2,MODERATE
RSK-003797,Chennai,Panamax,5,Normal,Partially Hedged,0.324,21.0,-0.78,32.9,0.57,47.5,55,27.0,33.0,MODERATE
RSK-003801,Dhamra,Capesize,6,Calm,Unhedged,0.36,36.0,-0.23,45.0,1.89,18.4,30,8.4,27.6,LOW
RSK-003802,Dhamra,Capesize,4,Severe Storm,Unhedged,0.357,35.7,0.51,61.1,1.92,17.8,20,25.2,37.2,MODERATE
RSK-003803,Dhamra,Supramax,5,Normal,Unhedged,0.353,35.3,-1.71,12.4,1.44,28.2,55,27.0,22.9,LOW
RSK-003806,Haldia,Handysize,1,Calm,Partially Hedged,0.149,9.7,0.49,60.7,1.86,19.2,10,2.8,23.2,LOW
RSK-003807,Haldia,Supramax,6,Normal,Hedged,0.271,8.1,-0.93,29.4,-1.04,82.9,30,14.7,33.2,MODERATE
RSK-003809,Kolkata,Supramax,3,Calm,Unhedged,0.2,20.0,0.54,61.9,1.16,34.5,8,2.2,38.9,MODERATE
RSK-003810,Paradip,Capesize,7,Calm,Hedged,0.311,9.3,0.98,71.5,2.55,3.8,28,7.8,26.0,LOW
RSK-003812,Kamarajar,Handysize,5,Normal,Hedged,0.05,1.5,-2.15,2.7,2.82,0.0,55,27.0,3.1,LOW
RSK-003814,Dhamra,Panamax,6,Normal,Partially Hedged,0.333,21.7,-0.2,45.5,0.89,40.3,30,14.7,32.4,MODERATE
RSK-003818,Kolkata,Capesize,3,Calm,Unhedged,0.189,18.9,-1.56,15.7,1.5,27.1,8,2.2,16.3,LOW
RSK-003819,Vizag,Panamax,10,Normal,Unhedged,0.233,23.3,0.04,50.9,1.15,34.6,60,29.4,35.8,MODERATE
RSK-003821,Paradip,Capesize,12,Calm,Unhedged,0.291,29.1,-0.55,37.8,1.98,16.5,45,12.6,21.3,LOW
RSK-003822,Haldia,Handysize,9,Rough,Partially Hedged,0.346,22.5,-1.79,10.6,0.92,39.7,30,25.2,24.4,LOW
RSK-003824,Vizag,Capesize,3,Calm,Hedged,0.382,11.5,1.68,87.0,2.95,0.0,8,2.2,29.9,LOW
RSK-003830,Kamarajar,Capesize,8,Normal,Unhedged,0.224,22.4,1.05,73.0,3.12,0.0,28,13.7,28.8,LOW
RSK-003831,Paradip,Capesize,12,Normal,Hedged,0.375,11.3,-0.84,31.6,3.72,0.0,45,22.0,13.6,LOW
RSK-003834,Chennai,Handysize,4,Normal,Unhedged,0.05,5.0,0.42,59.2,1.05,36.8,20,9.8,25.0,LOW
RSK-003835,Chennai,Capesize,7,Normal,Hedged,0.321,9.6,-0.18,46.1,2.1,13.8,28,13.7,20.0,LOW
RSK-003836,Kolkata,Supramax,7,Normal,Hedged,0.243,7.3,-1.42,18.7,2.51,4.8,28,13.7,9.6,LOW
RSK-003838,Kolkata,Handysize,6,Calm,Unhedged,0.233,23.3,-0.88,30.5,2.09,13.9,30,8.4,18.0,LOW
RSK-003839,Chennai,Capesize,4,Normal,Partially Hedged,0.346,22.5,1.97,93.4,1.09,36.0,20,9.8,46.8,MODERATE
RSK-003843,Vizag,Supramax,6,Normal,Partially Hedged,0.249,16.2,-1.72,12.2,1.8,20.4,30,14.7,12.2,LOW
RSK-003845,Kolkata,Panamax,11,Normal,Partially Hedged,0.221,14.4,0.6,63.2,2.56,3.8,80,39.2,36.1,MODERATE
RSK-003846,Vizag,Supramax,6,Rough,Partially Hedged,0.245,15.9,-0.94,29.2,0.91,39.9,30,25.2,25.3,LOW
RSK-003847,Kolkata,Capesize,3,Calm,Partially Hedged,0.248,16.1,-0.01,49.8,2.64,2.0,8,2.2,21.9,LOW
RSK-003849,Kamarajar,Supramax,6,Calm,Hedged,0.287,8.6,1.18,76.1,1.91,17.9,30,8.4,35.2,MODERATE
RSK-003852,Dhamra,Supramax,10,Normal,Hedged,0.233,7.0,0.48,60.6,4.94,0.0,60,29.4,23.1,LOW
RSK-003855,Kolkata,Panamax,10,Normal,Partially Hedged,0.352,22.9,-1.27,22.1,2.66,1.5,60,29.4,16.0,LOW
RSK-003856,Kolkata,Capesize,9,Calm,Partially Hedged,0.283,18.4,-0.26,44.3,1.66,23.5,30,8.4,29.8,LOW
RSK-003859,Paradip,Supramax,11,Normal,Unhedged,0.212,21.2,3.12,100.0,2.46,5.9,80,39.2,46.0,MODERATE
RSK-003860,Haldia,Capesize,4,Normal,Partially Hedged,0.244,15.8,-0.24,44.8,1.57,25.5,20,9.8,20.5,LOW
RSK-003863,Haldia,Handysize,10,Normal,Hedged,0.171,5.1,-0.49,39.2,1.71,22.4,60,29.4,18.9,LOW
RSK-003869,Chennai,Handysize,9,Normal,Partially Hedged,0.323,21.0,1.7,87.4,2.63,2.1,30,14.7,32.9,MODERATE
RSK-003871,Kamarajar,Handysize,1,Normal,Partially Hedged,0.225,14.6,-0.49,39.2,3.4,0.0,10,4.9,17.7,LOW
RSK-003874,Kamarajar,Panamax,4,Normal,Partially Hedged,0.254,16.5,0.91,69.9,1.88,18.6,20,9.8,29.1,LOW
RSK-003880,Dhamra,Panamax,5,Normal,Unhedged,0.389,38.9,1.34,79.6,2.84,0.0,55,27.0,40.8,MODERATE
RSK-003883,Chennai,Supramax,6,Calm,Partially Hedged,0.25,16.3,-2.11,3.6,2.96,0.0,30,8.4,6.7,LOW
RSK-003884,Kamarajar,Capesize,2,Calm,Unhedged,0.275,27.5,0.76,66.7,4.04,0.0,5,1.4,27.6,LOW
RSK-003885,Dhamra,Capesize,2,Normal,Hedged,0.271,8.1,0.58,62.8,0.34,52.5,5,2.4,34.6,MODERATE
RSK-003886,Kolkata,Supramax,2,Normal,Unhedged,0.117,11.7,-0.12,47.4,2.16,12.6,5,2.4,21.1,LOW
RSK-003889,Chennai,Capesize,6,Normal,Unhedged,0.233,23.3,0.72,65.9,1.31,31.1,30,14.7,38.3,MODERATE
RSK-003890,Kamarajar,Supramax,7,Calm,Partially Hedged,0.162,10.5,-0.13,47.2,3.11,0.0,28,7.8,19.9,LOW
RSK-003892,Haldia,Supramax,5,Normal,Unhedged,0.296,29.6,-0.11,47.5,2.49,5.2,55,27.0,28.8,LOW
RSK-003893,Haldia,Handysize,6,Normal,Unhedged,0.325,32.5,0.83,68.4,3.72,0.0,30,14.7,29.3,LOW
RSK-003894,Kolkata,Handysize,12,Normal,Hedged,0.25,7.5,-0.27,44.0,2.19,11.8,45,22.0,24.9,LOW
RSK-003895,Kamarajar,Supramax,11,Rough,Partially Hedged,0.265,17.2,0.68,64.9,3.33,0.0,80,67.2,36.5,MODERATE
RSK-003896,Kamarajar,Panamax,6,Normal,Partially Hedged,0.181,11.8,0.23,55.1,0.37,51.8,30,14.7,35.9,MODERATE
RSK-003897,Haldia,Supramax,11,Calm,Partially Hedged,0.349,22.7,-1.71,12.5,2.44,6.4,80,22.4,13.9,LOW
RSK-003899,Kolkata,Panamax,3,Normal,Partially Hedged,0.266,17.3,0.92,70.3,5.06,0.0,8,3.9,23.7,LOW
RSK-003901,Paradip,Panamax,9,Normal,Hedged,0.098,2.9,1.44,81.8,1.84,19.5,30,14.7,34.0,MODERATE
RSK-003902,Paradip,Panamax,12,Normal,Partially Hedged,0.05,3.3,1.18,76.0,3.06,0.0,45,22.0,24.6,LOW
RSK-003905,Kolkata,Handysize,1,Calm,Unhedged,0.355,35.5,-0.3,43.4,1.92,17.8,10,2.8,23.8,LOW
RSK-003906,Kolkata,Capesize,3,Calm,Hedged,0.206,6.2,-0.4,41.2,1.49,27.2,8,2.2,24.1,LOW
RSK-003911,Dhamra,Supramax,1,Normal,Hedged,0.274,8.2,0.57,62.5,1.27,32.1,10,4.9,29.3,LOW
RSK-003915,Chennai,Handysize,7,Normal,Unhedged,0.258,25.8,-0.06,48.7,1.45,28.2,28,13.7,31.8,MODERATE
RSK-003916,Chennai,Capesize,11,Calm,Hedged,0.165,5.0,1.17,75.8,3.07,0.0,80,22.4,24.5,LOW
RSK-003921,Kamarajar,Panamax,1,Normal,Unhedged,0.233,23.3,-0.66,35.5,2.35,8.2,10,4.9,21.0,LOW
RSK-003924,Chennai,Supramax,6,Rough,Hedged,0.405,12.2,0.12,52.6,2.91,0.0,30,25.2,23.3,LOW
RSK-003930,Paradip,Supramax,1,Normal,Unhedged,0.313,31.3,-0.27,44.0,2.94,0.0,10,4.9,26.4,LOW
RSK-003932,Dhamra,Capesize,11,Rough,Unhedged,0.291,29.1,-0.83,31.8,3.08,0.0,80,67.2,30.9,MODERATE
RSK-003933,Paradip,Supramax,10,Severe Storm,Hedged,0.339,10.2,-0.44,40.2,1.89,18.4,60,75.6,34.4,MODERATE
RSK-003935,Vizag,Handysize,6,Calm,Unhedged,0.365,36.5,-0.23,44.8,3.05,0.0,30,8.4,25.0,LOW
RSK-003939,Kamarajar,Capesize,11,Normal,Unhedged,0.246,24.6,0.68,65.0,1.1,35.8,80,39.2,38.3,MODERATE
RSK-003940,Chennai,Handysize,10,Normal,Unhedged,0.091,9.1,1.19,76.2,3.6,0.0,60,29.4,28.8,LOW
RSK-003942,Kamarajar,Capesize,3,Normal,Partially Hedged,0.361,23.5,0.67,64.8,3.93,0.0,8,3.9,26.2,LOW
RSK-003943,Dhamra,Capesize,2,Calm,Hedged,0.291,8.7,-0.78,32.8,1.56,25.6,5,1.4,19.1,LOW
RSK-003944,Vizag,Panamax,3,Calm,Unhedged,0.227,22.7,0.27,55.9,2.57,3.5,8,2.2,32.0,MODERATE
RSK-003945,Dhamra,Supramax,5,Severe Storm,Unhedged,0.302,30.2,-1.73,11.9,-0.07,61.5,55,69.3,42.5,MODERATE
RSK-003946,Paradip,Handysize,12,Rough,Partially Hedged,0.315,20.5,1.34,79.5,1.01,37.7,45,37.8,43.7,MODERATE
RSK-003948,Paradip,Capesize,9,Rough,Partially Hedged,0.137,8.9,-0.11,47.6,2.46,5.9,30,25.2,23.0,LOW
RSK-003951,Kamarajar,Supramax,12,Normal,Partially Hedged,0.271,17.6,-0.49,39.3,1.88,18.6,45,22.0,26.4,LOW
RSK-003953,Chennai,Capesize,5,Calm,Partially Hedged,0.372,24.2,1.82,90.1,0.1,57.8,55,15.4,55.6,ELEVATED
RSK-003957,Chennai,Capesize,11,Normal,Partially Hedged,0.126,8.2,-1.37,19.8,1.41,29.0,80,39.2,18.6,LOW
RSK-003958,Paradip,Capesize,5,Calm,Partially Hedged,0.113,7.3,-0.33,42.8,1.15,34.7,55,15.4,29.4,LOW
RSK-003961,Haldia,Panamax,12,Normal,Hedged,0.282,8.4,-0.07,48.4,4.24,0.0,45,22.0,18.7,LOW
RSK-003963,Dhamra,Panamax,12,Calm,Unhedged,0.303,30.3,-0.21,45.4,0.1,57.7,45,12.6,40.2,MODERATE
RSK-003966,Chennai,Handysize,7,Calm,Unhedged,0.238,23.8,0.18,53.9,1.81,20.1,28,7.8,31.2,MODERATE
RSK-003967,Kamarajar,Capesize,1,Rough,Unhedged,0.554,55.4,0.14,53.0,2.42,6.8,10,8.4,35.0,MODERATE
RSK-003968,Paradip,Supramax,5,Normal,Partially Hedged,0.262,17.1,-0.41,41.0,2.02,15.5,55,27.0,21.4,LOW
RSK-003969,Chennai,Handysize,8,Normal,Unhedged,0.382,38.2,-0.24,44.8,2.44,6.4,28,13.7,24.9,LOW
RSK-003970,Paradip,Handysize,12,Rough,Unhedged,0.22,22.0,-1.5,17.1,2.75,0.0,45,37.8,20.5,LOW
RSK-003973,Vizag,Supramax,3,Normal,Unhedged,0.15,15.0,1.02,72.4,1.7,22.6,8,3.9,34.9,MODERATE
RSK-003975,Kolkata,Supramax,8,Calm,Unhedged,0.273,27.3,-0.48,39.5,2.32,8.9,28,7.8,19.2,LOW
RSK-003977,Kolkata,Panamax,1,Normal,Unhedged,0.406,40.6,1.08,73.7,3.76,0.0,10,4.9,31.7,MODERATE
RSK-003980,Chennai,Capesize,12,Normal,Partially Hedged,0.353,23.0,0.38,58.4,4.93,0.0,45,22.0,31.2,MODERATE
RSK-003981,Dhamra,Panamax,7,Calm,Hedged,0.489,14.7,0.77,67.0,1.89,18.4,28,7.8,26.5,LOW
RSK-003984,Haldia,Capesize,12,Normal,Unhedged,0.408,40.8,0.27,56.0,5.3,0.0,45,22.0,29.9,LOW
RSK-003986,Vizag,Capesize,11,Normal,Partially Hedged,0.302,19.6,-1.53,16.4,0.71,44.3,80,39.2,33.0,MODERATE
RSK-003987,Vizag,Handysize,2,Normal,Partially Hedged,0.244,15.9,1.12,74.7,0.84,41.5,5,2.4,39.0,MODERATE
RSK-003988,Dhamra,Supramax,8,Rough,Unhedged,0.432,43.2,-0.88,30.7,0.84,41.4,28,23.5,30.9,MODERATE
RSK-003989,Chennai,Panamax,2,Calm,Hedged,0.292,8.7,0.63,63.9,0.21,55.4,5,1.4,34.5,MODERATE
RSK-003991,Paradip,Panamax,6,Calm,Unhedged,0.432,43.2,0.22,54.9,2.01,15.7,30,8.4,40.0,MODERATE
RSK-003992,Haldia,Handysize,5,Normal,Hedged,0.295,8.9,-0.3,43.4,3.11,0.0,55,27.0,16.5,LOW
RSK-003993,Haldia,Supramax,6,Rough,Hedged,0.483,14.5,-0.1,47.8,1.39,29.5,30,25.2,33.4,MODERATE
RSK-003996,Kamarajar,Panamax,8,Calm,Unhedged,0.383,38.3,-3.11,0.0,2.81,0.0,28,7.8,11.0,LOW
RSK-004001,Vizag,Capesize,6,Normal,Partially Hedged,0.356,23.1,-0.56,37.7,3.64,0.0,30,14.7,18.4,LOW
RSK-004003,Dhamra,Capesize,3,Calm,Partially Hedged,0.215,14.0,-0.01,49.7,1.68,23.0,8,2.2,28.0,LOW
RSK-004006,Vizag,Handysize,1,Calm,Hedged,0.326,9.8,0.96,71.2,0.81,42.1,10,2.8,30.7,MODERATE
RSK-004010,Vizag,Handysize,9,Normal,Hedged,0.241,7.2,-1.93,7.6,4.58,0.0,30,14.7,0.7,LOW
RSK-004011,Dhamra,Panamax,7,Calm,Partially Hedged,0.34,22.1,-0.69,34.9,2.9,0.0,28,7.8,15.4,LOW
RSK-004012,Chennai,Supramax,8,Normal,Unhedged,0.446,44.6,0.96,71.2,2.8,0.0,28,13.7,29.2,LOW
RSK-004016,Paradip,Capesize,2,Normal,Hedged,0.258,7.7,-2.73,0.0,1.45,28.2,5,2.4,0.6,LOW
RSK-004017,Haldia,Panamax,9,Normal,Hedged,0.502,15.1,-1.15,24.6,2.52,4.5,30,14.7,16.8,LOW
RSK-004018,Kamarajar,Supramax,6,Rough,Unhedged,0.305,30.5,-0.63,36.2,1.84,19.6,30,25.2,30.4,MODERATE
RSK-004020,Kamarajar,Supramax,11,Normal,Unhedged,0.305,30.5,0.96,71.1,3.81,0.0,80,39.2,39.9,MODERATE
RSK-004021,Chennai,Supramax,9,Normal,Unhedged,0.319,31.9,1.32,79.0,0.62,46.3,30,14.7,48.5,MODERATE
RSK-004026,Paradip,Panamax,9,Normal,Hedged,0.265,8.0,0.45,60.0,-3.06,100.0,30,14.7,52.1,MODERATE
RSK-004028,Vizag,Capesize,3,Rough,Hedged,0.206,6.2,-0.44,40.4,2.3,9.3,8,6.7,18.3,LOW
RSK-004030,Kamarajar,Capesize,9,Calm,Hedged,0.426,12.8,0.38,58.5,0.18,56.0,30,8.4,37.4,MODERATE
RSK-004031,Kamarajar,Capesize,7,Normal,Unhedged,0.335,33.5,1.14,75.1,0.92,39.8,28,13.7,43.1,MODERATE
RSK-004033,Chennai,Panamax,9,Calm,Unhedged,0.208,20.8,-1.04,27.1,2.52,4.5,30,8.4,16.0,LOW
RSK-004034,Paradip,Handysize,5,Normal,Hedged,0.303,9.1,2.34,100.0,1.03,37.2,55,27.0,46.7,MODERATE
RSK-004038,Paradip,Panamax,10,Rough,Unhedged,0.406,40.6,-0.75,33.6,0.67,45.2,60,50.4,40.0,MODERATE
RSK-004040,Chennai,Supramax,8,Normal,Partially Hedged,0.291,18.9,0.73,66.0,3.03,0.0,28,13.7,30.8,MODERATE
RSK-004041,Chennai,Supramax,1,Severe Storm,Partially Hedged,0.458,29.7,0.22,54.8,1.5,27.0,10,12.6,31.4,MODERATE
RSK-004043,Vizag,Handysize,1,Calm,Unhedged,0.383,38.3,1.12,74.6,2.9,0.0,10,2.8,35.8,MODERATE
RSK-004044,Paradip,Supramax,5,Rough,Partially Hedged,0.382,24.8,0.66,64.4,3.43,0.0,55,46.2,34.1,MODERATE
RSK-004045,Paradip,Supramax,12,Normal,Hedged,0.436,13.1,0.34,57.4,-1.29,88.4,45,22.0,45.5,MODERATE
RSK-004046,Chennai,Supramax,7,Calm,Partially Hedged,0.27,17.6,1.83,90.2,1.1,35.7,28,7.8,44.6,MODERATE
RSK-004048,Haldia,Handysize,1,Rough,Partially Hedged,0.363,23.6,0.91,69.9,3.3,0.0,10,8.4,34.5,MODERATE
RSK-004051,Haldia,Capesize,7,Calm,Partially Hedged,0.4,26.0,-1.71,12.4,1.8,20.5,28,7.8,23.5,LOW
RSK-004053,Haldia,Handysize,8,Calm,Hedged,0.329,9.9,-0.25,44.4,0.56,47.6,28,7.8,25.8,LOW
RSK-004058,Paradip,Supramax,9,Normal,Unhedged,0.277,27.7,1.92,92.3,-1.63,95.9,30,14.7,60.3,ELEVATED
RSK-004063,Kamarajar,Panamax,9,Rough,Unhedged,0.329,32.9,-0.45,40.1,2.45,6.2,30,25.2,30.6,MODERATE
RSK-004064,Chennai,Panamax,11,Normal,Unhedged,0.218,21.8,-0.21,45.5,4.07,0.0,80,39.2,24.7,LOW
RSK-004068,Vizag,Capesize,7,Normal,Hedged,0.247,7.4,0.96,71.2,-0.41,69.0,28,13.7,47.2,MODERATE
RSK-004069,Haldia,Capesize,12,Rough,Partially Hedged,0.129,8.4,0.05,51.1,1.93,17.6,45,37.8,28.2,LOW
RSK-004075,Chennai,Capesize,7,Calm,Unhedged,0.266,26.6,-0.03,49.2,1.78,20.8,28,7.8,21.9,LOW
RSK-004079,Paradip,Panamax,3,Calm,Hedged,0.405,12.2,-0.45,40.0,-0.12,62.6,8,2.2,30.5,MODERATE
RSK-004081,Kamarajar,Capesize,4,Rough,Hedged,0.285,8.6,-2.67,0.0,3.29,0.0,20,16.8,3.8,LOW
RSK-004082,Vizag,Panamax,8,Calm,Partially Hedged,0.4,26.0,-0.33,42.8,1.29,31.6,28,7.8,29.6,LOW
RSK-004084,Haldia,Handysize,12,Severe Storm,Hedged,0.233,7.0,0.53,61.7,3.45,0.0,45,56.7,31.8,MODERATE
RSK-004085,Vizag,Capesize,2,Calm,Hedged,0.315,9.5,-1.37,19.9,0.8,42.4,5,1.4,20.8,LOW
RSK-004086,Kolkata,Handysize,3,Normal,Unhedged,0.206,20.6,-1.37,19.8,2.34,8.4,8,3.9,11.7,LOW
RSK-004088,Paradip,Capesize,9,Calm,Hedged,0.326,9.8,-1.12,25.4,0.23,54.9,30,8.4,25.2,LOW
RSK-004089,Kolkata,Supramax,5,Normal,Hedged,0.355,10.6,-1.18,24.0,0.55,47.9,55,27.0,27.4,LOW
RSK-004090,Dhamra,Supramax,2,Normal,Partially Hedged,0.224,14.5,-0.55,37.9,1.12,35.4,5,2.4,21.0,LOW
RSK-004094,Dhamra,Capesize,9,Rough,Unhedged,0.23,23.0,-0.01,49.8,4.17,0.0,30,25.2,23.7,LOW
RSK-004098,Kamarajar,Handysize,3,Severe Storm,Unhedged,0.264,26.4,0.78,67.2,1.71,22.3,8,10.1,33.9,MODERATE
RSK-004100,Paradip,Panamax,12,Rough,Hedged,0.166,5.0,-1.62,14.3,2.31,9.2,45,37.8,17.9,LOW
RSK-004103,Kolkata,Panamax,8,Normal,Unhedged,0.347,34.7,0.92,70.1,3.39,0.0,28,13.7,29.6,LOW
RSK-004104,Dhamra,Supramax,11,Calm,Partially Hedged,0.419,27.3,1.73,88.2,1.26,32.3,80,22.4,45.8,MODERATE
RSK-004107,Paradip,Panamax,8,Normal,Partially Hedged,0.28,18.2,-0.12,47.4,2.47,5.6,28,13.7,23.5,LOW
RSK-004109,Chennai,Capesize,10,Normal,Unhedged,0.27,27.0,-1.13,25.1,1.38,29.6,60,29.4,28.9,LOW
RSK-004110,Kamarajar,Capesize,7,Normal,Unhedged,0.467,46.7,-0.03,49.3,0.24,54.8,28,13.7,45.1,MODERATE
RSK-004111,Chennai,Panamax,11,Calm,Hedged,0.338,10.1,3.0,100.0,1.1,35.8,80,22.4,43.8,MODERATE
RSK-004112,Vizag,Panamax,5,Rough,Hedged,0.192,5.8,1.6,85.2,3.63,0.0,55,46.2,32.8,MODERATE
RSK-004113,Chennai,Supramax,8,Calm,Hedged,0.329,9.9,0.98,71.7,2.08,14.3,28,7.8,26.7,LOW
RSK-004114,Kolkata,Supramax,9,Calm,Hedged,0.176,5.3,1.76,88.7,2.72,0.2,30,8.4,28.7,LOW
RSK-004115,Chennai,Handysize,3,Calm,Unhedged,0.316,31.6,0.33,57.3,2.32,9.1,8,2.2,25.5,LOW
RSK-004116,Chennai,Panamax,1,Normal,Hedged,0.269,8.1,0.38,58.4,1.1,35.7,10,4.9,27.7,LOW
RSK-004121,Vizag,Supramax,12,Normal,Hedged,0.359,10.8,2.09,96.1,3.62,0.0,45,22.0,36.4,MODERATE
RSK-004123,Kolkata,Panamax,5,Normal,Unhedged,0.237,23.7,-1.99,6.3,2.18,12.1,55,27.0,23.3,LOW
RSK-004124,Kolkata,Panamax,8,Calm,Hedged,0.388,11.6,-0.8,32.3,0.95,39.2,28,7.8,26.0,LOW
RSK-004125,Chennai,Handysize,11,Normal,Partially Hedged,0.32,20.8,-0.45,40.1,4.84,0.0,80,39.2,29.6,LOW
RSK-004126,Kolkata,Supramax,6,Normal,Hedged,0.237,7.1,0.07,51.6,0.74,43.7,30,14.7,34.3,MODERATE
RSK-004127,Dhamra,Supramax,11,Calm,Unhedged,0.253,25.3,0.59,63.0,3.42,0.0,80,22.4,26.4,LOW
RSK-004129,Kolkata,Panamax,6,Severe Storm,Partially Hedged,0.297,19.3,-1.88,8.5,1.4,29.3,30,37.8,21.2,LOW
RSK-004133,Dhamra,Panamax,5,Normal,Hedged,0.349,10.5,-0.79,32.5,1.18,34.0,55,27.0,32.2,MODERATE
RSK-004134,Haldia,Handysize,8,Calm,Hedged,0.375,11.3,-0.88,30.5,2.2,11.6,28,7.8,12.2,LOW
RSK-004135,Paradip,Supramax,1,Rough,Hedged,0.414,12.4,-2.1,3.7,2.93,0.0,10,8.4,1.9,LOW
RSK-004140,Kolkata,Handysize,10,Rough,Hedged,0.292,8.8,-1.26,22.2,1.13,35.1,60,50.4,27.7,LOW
RSK-004141,Dhamra,Panamax,5,Normal,Partially Hedged,0.098,6.3,-1.59,15.1,3.03,0.0,55,27.0,3.8,LOW
RSK-004142,Chennai,Capesize,2,Rough,Unhedged,0.339,33.9,-1.95,7.0,2.77,0.0,5,4.2,8.4,LOW
RSK-004143,Dhamra,Capesize,11,Normal,Partially Hedged,0.281,18.3,1.26,77.7,2.38,7.6,80,39.2,35.8,MODERATE
RSK-004147,Paradip,Handysize,2,Rough,Unhedged,0.344,34.4,1.43,81.5,2.74,0.0,5,4.2,30.7,MODERATE
RSK-004148,Kamarajar,Panamax,6,Calm,Hedged,0.319,9.6,0.58,62.7,4.31,0.0,30,8.4,21.2,LOW
RSK-004150,Kolkata,Handysize,8,Severe Storm,Partially Hedged,0.297,19.3,0.24,55.2,0.91,40.0,28,35.3,36.6,MODERATE
RSK-004151,Vizag,Panamax,8,Rough,Unhedged,0.208,20.8,0.76,66.7,1.57,25.5,28,23.5,30.8,MODERATE
RSK-004159,Kolkata,Panamax,3,Severe Storm,Hedged,0.34,10.2,3.36,100.0,1.52,26.7,8,10.1,40.0,MODERATE
RSK-004161,Kolkata,Panamax,4,Normal,Hedged,0.185,5.6,-0.09,47.9,0.45,50.1,20,9.8,25.4,LOW
RSK-004164,Haldia,Supramax,2,Calm,Hedged,0.246,7.4,1.84,90.5,1.09,36.0,5,1.4,38.2,MODERATE
RSK-004165,Vizag,Panamax,8,Rough,Partially Hedged,0.322,21.0,-0.09,48.1,2.74,0.0,28,23.5,25.1,LOW
RSK-004166,Chennai,Handysize,3,Severe Storm,Hedged,0.21,6.3,0.75,66.6,1.29,31.5,8,10.1,31.4,MODERATE
RSK-004169,Vizag,Supramax,2,Rough,Partially Hedged,0.27,17.5,0.47,60.4,1.38,29.6,5,4.2,30.9,MODERATE
RSK-004171,Dhamra,Supramax,1,Rough,Partially Hedged,0.343,22.3,-1.47,17.7,1.21,33.3,10,8.4,22.6,LOW
RSK-004172,Haldia,Handysize,8,Normal,Partially Hedged,0.302,19.6,1.6,85.2,3.42,0.0,28,13.7,33.6,MODERATE
RSK-004176,Kolkata,Panamax,3,Rough,Hedged,0.286,8.6,-0.83,31.7,3.46,0.0,8,6.7,10.0,LOW
RSK-004178,Chennai,Panamax,1,Calm,Unhedged,0.319,31.9,-0.08,48.2,3.67,0.0,10,2.8,25.1,LOW
RSK-004186,Haldia,Panamax,9,Rough,Unhedged,0.363,36.3,-0.01,49.8,1.7,22.5,30,25.2,35.4,MODERATE
RSK-004187,Chennai,Supramax,6,Severe Storm,Hedged,0.181,5.4,1.78,89.2,2.86,0.0,30,37.8,35.5,MODERATE
RSK-004189,Kolkata,Capesize,5,Normal,Partially Hedged,0.189,12.3,-0.85,31.2,2.73,0.0,55,27.0,15.2,LOW
RSK-004190,Kolkata,Handysize,7,Normal,Partially Hedged,0.253,16.4,-1.98,6.3,0.59,46.9,28,13.7,20.7,LOW
RSK-004193,Kolkata,Supramax,2,Normal,Hedged,0.329,9.9,1.18,76.0,2.17,12.3,5,2.4,31.2,MODERATE
RSK-004194,Kolkata,Handysize,7,Normal,Partially Hedged,0.222,14.4,-2.17,2.2,1.4,29.2,28,13.7,13.3,LOW
RSK-004195,Chennai,Supramax,3,Rough,Partially Hedged,0.28,18.2,3.27,100.0,2.75,0.0,8,6.7,33.4,MODERATE
RSK-004200,Kamarajar,Panamax,1,Normal,Hedged,0.374,11.2,0.37,58.1,1.38,29.7,10,4.9,31.4,MODERATE
RSK-004201,Dhamra,Supramax,7,Normal,Unhedged,0.239,23.9,-0.57,37.4,2.37,7.8,28,13.7,21.1,LOW
RSK-004203,Dhamra,Supramax,12,Normal,Partially Hedged,0.303,19.7,0.53,61.6,2.31,9.1,45,22.0,33.9,MODERATE
RSK-004204,Chennai,Handysize,11,Normal,Unhedged,0.189,18.9,1.24,77.3,0.62,46.5,80,39.2,46.9,MODERATE
RSK-004206,Kolkata,Handysize,9,Normal,Hedged,0.125,3.7,0.21,54.5,-0.09,61.9,30,14.7,35.5,MODERATE
RSK-004207,Vizag,Handysize,12,Normal,Partially Hedged,0.42,27.3,-0.74,33.7,1.92,17.7,45,22.0,29.4,LOW
RSK-004208,Vizag,Capesize,12,Calm,Hedged,0.111,3.3,-1.85,9.3,1.64,23.8,45,12.6,11.8,LOW
RSK-004209,Kamarajar,Panamax,4,Normal,Unhedged,0.254,25.4,0.47,60.3,1.02,37.6,20,9.8,34.0,MODERATE
RSK-004210,Chennai,Panamax,4,Calm,Unhedged,0.229,22.9,1.92,92.3,1.51,26.7,20,5.6,42.9,MODERATE
RSK-004212,Kolkata,Capesize,6,Normal,Unhedged,0.217,21.7,0.43,59.5,1.07,36.6,30,14.7,35.6,MODERATE
RSK-004213,Vizag,Handysize,11,Rough,Hedged,0.45,13.5,-0.04,49.2,0.68,44.9,80,67.2,43.4,MODERATE
RSK-004218,Haldia,Capesize,3,Calm,Unhedged,0.275,27.5,0.54,61.8,1.49,27.1,8,2.2,34.6,MODERATE
RSK-004220,Kolkata,Handysize,1,Normal,Unhedged,0.37,37.0,0.56,62.2,3.41,0.0,10,4.9,28.0,LOW
RSK-004222,Haldia,Handysize,6,Normal,Unhedged,0.286,28.6,-0.84,31.5,1.26,32.3,30,14.7,33.7,MODERATE
RSK-004223,Haldia,Handysize,11,Calm,Unhedged,0.215,21.5,0.66,64.4,3.46,0.0,80,22.4,24.5,LOW
RSK-004224,Paradip,Handysize,1,Calm,Unhedged,0.357,35.7,-0.85,31.4,0.88,40.6,10,2.8,28.7,LOW
RSK-004225,Paradip,Panamax,9,Normal,Unhedged,0.404,40.4,1.49,82.9,1.57,25.4,30,14.7,46.2,MODERATE
RSK-004226,Kolkata,Supramax,12,Normal,Hedged,0.199,6.0,1.08,73.7,2.51,4.8,45,22.0,32.2,MODERATE
RSK-004227,Vizag,Supramax,6,Calm,Hedged,0.392,11.8,0.14,53.2,2.54,4.1,30,8.4,26.3,LOW
RSK-004228,Dhamra,Capesize,6,Calm,Unhedged,0.425,42.5,0.95,70.9,0.56,47.8,30,8.4,41.9,MODERATE
RSK-004230,Chennai,Handysize,9,Normal,Hedged,0.179,5.4,0.53,61.8,1.94,17.4,30,14.7,25.9,LOW
RSK-004232,Vizag,Panamax,12,Normal,Partially Hedged,0.221,14.4,-1.36,20.1,0.74,43.6,45,22.0,23.6,LOW
RSK-004238,Dhamra,Supramax,9,Normal,Unhedged,0.307,30.7,0.21,54.6,1.24,32.6,30,14.7,34.9,MODERATE
RSK-004242,Paradip,Capesize,5,Normal,Hedged,0.31,9.3,-0.06,48.6,2.07,14.4,55,27.0,29.2,LOW
RSK-004243,Haldia,Panamax,1,Rough,Partially Hedged,0.401,26.1,-1.02,27.6,-0.26,65.8,10,8.4,29.4,LOW
RSK-004249,Paradip,Handysize,5,Normal,Hedged,0.201,6.0,-0.92,29.8,1.94,17.2,55,27.0,18.5,LOW
RSK-004253,Paradip,Capesize,11,Normal,Partially Hedged,0.276,17.9,-2.16,2.6,0.8,42.4,80,39.2,26.0,LOW
RSK-004256,Dhamra,Supramax,7,Normal,Hedged,0.269,8.1,-1.4,19.1,2.86,0.0,28,13.7,5.4,LOW
RSK-004257,Haldia,Supramax,11,Normal,Hedged,0.434,13.0,-0.37,41.9,1.31,31.1,80,39.2,29.9,LOW
RSK-004258,Dhamra,Handysize,8,Calm,Unhedged,0.452,45.2,0.04,50.9,1.37,29.8,28,7.8,40.0,MODERATE
RSK-004260,Vizag,Supramax,4,Normal,Partially Hedged,0.189,12.3,-0.65,35.8,2.79,0.0,20,9.8,16.7,LOW
RSK-004261,Chennai,Capesize,2,Calm,Partially Hedged,0.231,15.0,-0.73,34.0,3.0,0.0,5,1.4,9.6,LOW
RSK-004263,Vizag,Supramax,4,Normal,Unhedged,0.213,21.3,-0.02,49.7,0.9,40.2,20,9.8,29.0,LOW
RSK-004264,Vizag,Panamax,5,Normal,Unhedged,0.237,23.7,0.63,63.8,3.05,0.0,55,27.0,34.9,MODERATE
RSK-004265,Haldia,Handysize,7,Rough,Hedged,0.19,5.7,-1.39,19.5,4.18,0.0,28,23.5,9.2,LOW
RSK-004266,Chennai,Capesize,7,Rough,Hedged,0.298,8.9,-0.66,35.5,2.46,5.8,28,23.5,23.7,LOW
RSK-004270,Dhamra,Supramax,8,Severe Storm,Partially Hedged,0.099,6.4,-0.24,44.6,0.74,43.8,28,35.3,25.9,LOW
RSK-004272,Paradip,Capesize,6,Calm,Partially Hedged,0.323,21.0,0.63,63.8,1.98,16.5,30,8.4,31.3,MODERATE
RSK-004274,Chennai,Supramax,2,Calm,Unhedged,0.281,28.1,-0.68,35.1,2.55,3.8,5,1.4,17.0,LOW
RSK-004275,Vizag,Handysize,7,Rough,Hedged,0.256,7.7,-0.22,45.2,2.04,15.2,28,23.5,24.3,LOW
RSK-004276,Kamarajar,Handysize,1,Normal,Unhedged,0.282,28.2,2.11,96.3,0.91,40.1,10,4.9,45.7,MODERATE
RSK-004277,Haldia,Panamax,3,Calm,Unhedged,0.211,21.1,0.12,52.5,2.12,13.5,8,2.2,27.9,LOW
RSK-004278,Vizag,Capesize,7,Normal,Unhedged,0.055,5.5,0.13,52.8,-0.04,60.9,28,13.7,37.1,MODERATE
RSK-004282,Paradip,Supramax,8,Calm,Hedged,0.19,5.7,-1.7,12.7,2.0,15.9,28,7.8,11.9,LOW
RSK-004283,Kamarajar,Supramax,5,Calm,Unhedged,0.273,27.3,-1.32,20.9,1.37,29.9,55,15.4,21.8,LOW
RSK-004284,Paradip,Handysize,3,Normal,Hedged,0.272,8.2,1.93,92.4,-0.82,78.0,8,3.9,49.6,MODERATE
RSK-004286,Paradip,Supramax,6,Normal,Hedged,0.245,7.4,2.23,99.1,0.65,45.7,30,14.7,50.6,MODERATE
RSK-004287,Paradip,Supramax,10,Normal,Hedged,0.279,8.4,0.1,52.3,1.48,27.5,60,29.4,26.7,LOW
RSK-004289,Kamarajar,Handysize,5,Calm,Hedged,0.154,4.6,-0.84,31.5,1.7,22.7,55,15.4,16.0,LOW
RSK-004292,Kolkata,Supramax,2,Normal,Unhedged,0.326,32.6,0.94,70.7,2.27,10.0,5,2.4,34.5,MODERATE
RSK-004295,Vizag,Capesize,6,Rough,Partially Hedged,0.114,7.4,1.17,75.8,2.64,1.8,30,25.2,27.3,LOW
RSK-004296,Vizag,Capesize,7,Severe Storm,Unhedged,0.207,20.7,0.45,59.8,1.96,16.9,28,35.3,35.9,MODERATE
RSK-004298,Kamarajar,Panamax,8,Normal,Hedged,0.337,10.1,0.12,52.6,2.89,0.0,28,13.7,20.8,LOW
RSK-004306,Chennai,Handysize,10,Normal,Partially Hedged,0.327,21.2,-0.83,31.7,0.65,45.6,60,29.4,29.6,LOW
RSK-004307,Chennai,Handysize,1,Rough,Hedged,0.209,6.3,1.03,72.6,1.46,27.9,10,8.4,25.9,LOW
RSK-004308,Vizag,Capesize,6,Rough,Unhedged,0.245,24.5,0.56,62.4,1.57,25.5,30,25.2,38.7,MODERATE
RSK-004309,Vizag,Handysize,1,Normal,Partially Hedged,0.229,14.9,-0.72,34.2,-0.08,61.8,10,4.9,27.0,LOW
RSK-004311,Vizag,Supramax,8,Normal,Hedged,0.203,6.1,1.83,90.3,3.86,0.0,28,13.7,34.7,MODERATE
RSK-004312,Chennai,Supramax,6,Rough,Partially Hedged,0.292,18.9,-1.93,7.6,1.98,16.4,30,25.2,12.2,LOW
RSK-004315,Paradip,Capesize,7,Calm,Unhedged,0.425,42.5,0.64,64.2,1.65,23.8,28,7.8,42.0,MODERATE
RSK-004319,Kamarajar,Handysize,2,Normal,Partially Hedged,0.362,23.5,0.47,60.3,1.29,31.6,5,2.4,34.8,MODERATE
RSK-004320,Kolkata,Supramax,6,Calm,Unhedged,0.556,55.6,-0.77,33.1,0.62,46.4,30,8.4,37.7,MODERATE
RSK-004321,Vizag,Handysize,1,Calm,Hedged,0.337,10.1,1.81,89.9,4.52,0.0,10,2.8,32.2,MODERATE
RSK-004322,Chennai,Panamax,4,Calm,Partially Hedged,0.261,16.9,1.37,80.1,2.93,0.0,20,5.6,30.3,MODERATE
RSK-004323,Paradip,Handysize,4,Calm,Partially Hedged,0.239,15.5,-1.1,25.9,1.35,30.2,20,5.6,13.0,LOW
RSK-004324,Kamarajar,Capesize,7,Calm,Hedged,0.38,11.4,0.68,64.9,-0.04,60.9,28,7.8,39.8,MODERATE
RSK-004325,Kamarajar,Capesize,6,Calm,Partially Hedged,0.129,8.4,0.49,60.7,1.36,30.2,30,8.4,36.0,MODERATE
RSK-004328,Paradip,Supramax,5,Normal,Hedged,0.344,10.3,1.02,72.4,1.78,20.7,55,27.0,34.8,MODERATE
RSK-004329,Kolkata,Panamax,12,Normal,Partially Hedged,0.285,18.5,-0.61,36.5,1.36,30.0,45,22.0,27.3,LOW
RSK-004330,Chennai,Capesize,6,Normal,Unhedged,0.442,44.2,2.01,94.2,3.56,0.0,30,14.7,43.7,MODERATE
RSK-004331,Kamarajar,Supramax,7,Normal,Unhedged,0.304,30.4,-0.88,30.6,2.47,5.7,28,13.7,26.8,LOW
RSK-004334,Dhamra,Panamax,11,Rough,Unhedged,0.33,33.0,-0.54,38.1,2.61,2.6,80,67.2,30.0,MODERATE
RSK-004337,Kamarajar,Supramax,2,Calm,Partially Hedged,0.284,18.5,-0.59,37.1,-1.31,88.8,5,1.4,32.3,MODERATE
RSK-004338,Haldia,Handysize,11,Calm,Unhedged,0.29,29.0,0.99,71.8,3.48,0.0,80,22.4,31.8,MODERATE
RSK-004339,Haldia,Handysize,7,Calm,Unhedged,0.168,16.8,1.82,90.0,0.82,41.9,28,7.8,43.5,MODERATE
RSK-004340,Kolkata,Panamax,2,Normal,Hedged,0.303,9.1,1.32,79.1,2.06,14.6,5,2.4,33.7,MODERATE
RSK-004341,Haldia,Handysize,7,Calm,Partially Hedged,0.387,25.2,-1.45,18.1,0.78,42.8,28,7.8,23.8,LOW
RSK-004342,Kolkata,Supramax,5,Normal,Unhedged,0.309,30.9,0.38,58.3,1.74,21.8,55,27.0,32.1,MODERATE
RSK-004343,Dhamra,Panamax,5,Rough,Partially Hedged,0.212,13.8,0.48,60.5,4.58,0.0,55,46.2,36.6,MODERATE
RSK-004345,Paradip,Handysize,7,Calm,Partially Hedged,0.189,12.3,1.24,77.4,2.55,3.9,28,7.8,32.8,MODERATE
RSK-004346,Paradip,Capesize,2,Calm,Hedged,0.182,5.5,-1.58,15.3,-0.1,62.3,5,1.4,24.7,LOW
RSK-004349,Dhamra,Handysize,10,Rough,Unhedged,0.396,39.6,0.25,55.6,1.77,21.1,60,50.4,46.8,MODERATE
RSK-004351,Kamarajar,Capesize,8,Normal,Partially Hedged,0.05,3.2,-0.89,30.4,2.53,4.3,28,13.7,14.9,LOW
RSK-004357,Haldia,Capesize,6,Normal,Hedged,0.34,10.2,-0.35,42.2,0.08,58.2,30,14.7,30.6,MODERATE
RSK-004359,Dhamra,Handysize,7,Normal,Partially Hedged,0.304,19.8,-0.41,41.0,1.69,22.9,28,13.7,22.7,LOW
RSK-004361,Haldia,Supramax,11,Rough,Hedged,0.3,9.0,-2.24,0.7,-0.0,60.0,80,67.2,32.7,MODERATE
RSK-004363,Kamarajar,Capesize,10,Normal,Hedged,0.169,5.1,-2.7,0.0,1.14,34.9,60,29.4,14.4,LOW
RSK-004364,Kolkata,Supramax,11,Normal,Unhedged,0.31,31.0,0.05,51.1,2.37,7.9,80,39.2,32.3,MODERATE
RSK-004368,Kamarajar,Panamax,5,Severe Storm,Hedged,0.297,8.9,0.51,61.3,0.44,50.3,55,69.3,45.8,MODERATE
RSK-004369,Dhamra,Handysize,3,Severe Storm,Partially Hedged,0.216,14.0,-0.98,28.4,2.08,14.2,8,10.1,17.2,LOW
RSK-004371,Kolkata,Handysize,3,Normal,Unhedged,0.201,20.1,-1.73,11.8,1.43,28.6,8,3.9,14.8,LOW
RSK-004372,Kolkata,Panamax,9,Calm,Unhedged,0.197,19.7,-1.24,22.6,2.1,13.9,30,8.4,20.7,LOW
RSK-004375,Chennai,Capesize,5,Calm,Unhedged,0.294,29.4,1.32,79.0,1.9,18.2,55,15.4,36.1,MODERATE
RSK-004376,Dhamra,Panamax,7,Normal,Hedged,0.416,12.5,-1.53,16.2,4.53,0.0,28,13.7,12.2,LOW
RSK-004377,Kolkata,Panamax,6,Rough,Hedged,0.378,11.3,-1.54,16.2,4.18,0.0,30,25.2,13.6,LOW
RSK-004379,Kamarajar,Handysize,1,Normal,Partially Hedged,0.216,14.0,-0.29,43.6,-0.21,64.7,10,4.9,28.8,LOW
RSK-004382,Haldia,Supramax,12,Normal,Hedged,0.2,6.0,0.18,53.9,4.0,0.0,45,22.0,21.3,LOW
RSK-004385,Vizag,Panamax,9,Calm,Unhedged,0.267,26.7,1.4,80.8,3.43,0.0,30,8.4,32.5,MODERATE
RSK-004389,Dhamra,Supramax,3,Normal,Hedged,0.451,13.5,1.39,80.5,0.71,44.4,8,3.9,44.4,MODERATE
RSK-004392,Chennai,Capesize,1,Normal,Hedged,0.418,12.5,0.93,70.6,2.56,3.8,10,4.9,27.9,LOW
RSK-004393,Kamarajar,Panamax,3,Calm,Unhedged,0.38,38.0,-1.49,17.2,0.61,46.5,8,2.2,31.2,MODERATE
RSK-004397,Kamarajar,Supramax,12,Normal,Hedged,0.133,4.0,-1.47,17.7,0.49,49.2,45,22.0,19.8,LOW
RSK-004398,Paradip,Supramax,11,Normal,Hedged,0.097,2.9,2.21,98.7,2.59,3.1,80,39.2,31.0,MODERATE
RSK-004401,Haldia,Handysize,2,Calm,Hedged,0.192,5.8,0.74,66.2,1.62,24.4,5,1.4,27.2,LOW
RSK-004404,Chennai,Capesize,9,Rough,Hedged,0.276,8.3,-0.1,47.9,1.69,22.8,30,25.2,27.4,LOW
RSK-004405,Kolkata,Handysize,3,Rough,Partially Hedged,0.141,9.2,-0.87,30.8,1.5,26.9,8,6.7,16.4,LOW
RSK-004406,Kamarajar,Handysize,3,Normal,Hedged,0.308,9.2,1.69,87.1,1.77,21.0,8,3.9,34.4,MODERATE
RSK-004407,Kamarajar,Handysize,3,Normal,Hedged,0.295,8.9,-2.31,0.0,1.41,29.0,8,3.9,13.1,LOW
RSK-004408,Haldia,Panamax,1,Calm,Partially Hedged,0.309,20.1,-0.83,31.6,2.25,10.5,10,2.8,19.9,LOW
RSK-004410,Haldia,Handysize,5,Rough,Partially Hedged,0.17,11.1,1.42,81.3,1.64,23.9,55,46.2,46.6,MODERATE
RSK-004411,Haldia,Supramax,5,Normal,Hedged,0.277,8.3,0.65,64.3,0.88,40.6,55,27.0,39.8,MODERATE
RSK-004414,Kolkata,Supramax,7,Severe Storm,Partially Hedged,0.384,25.0,-0.01,49.9,1.8,20.4,28,35.3,37.8,MODERATE
RSK-004415,Kolkata,Handysize,4,Normal,Unhedged,0.262,26.2,-1.91,7.9,1.54,26.1,20,9.8,25.6,LOW
RSK-004416,Haldia,Capesize,3,Normal,Hedged,0.203,6.1,1.04,72.9,4.24,0.0,8,3.9,23.2,LOW
RSK-004417,Dhamra,Capesize,5,Normal,Hedged,0.263,7.9,0.54,62.0,1.19,33.7,55,27.0,31.0,MODERATE
RSK-004418,Kamarajar,Capesize,11,Normal,Unhedged,0.374,37.4,0.14,53.1,1.87,18.9,80,39.2,37.4,MODERATE
RSK-004422,Kamarajar,Panamax,7,Calm,Hedged,0.246,7.4,0.2,54.5,4.06,0.0,28,7.8,15.6,LOW
RSK-004427,Kolkata,Supramax,9,Severe Storm,Partially Hedged,0.181,11.7,-0.11,47.6,1.49,27.1,30,37.8,28.8,LOW
RSK-004430,Chennai,Supramax,8,Calm,Unhedged,0.256,25.6,-0.25,44.4,0.25,54.5,28,7.8,33.2,MODERATE
RSK-004431,Kamarajar,Capesize,3,Calm,Partially Hedged,0.358,23.3,0.42,59.3,3.46,0.0,8,2.2,22.6,LOW
RSK-004438,Dhamra,Capesize,6,Normal,Partially Hedged,0.403,26.2,0.28,56.1,0.36,52.2,30,14.7,41.5,MODERATE
RSK-004441,Kolkata,Supramax,4,Normal,Hedged,0.393,11.8,0.34,57.4,1.31,31.1,20,9.8,29.1,LOW
RSK-004443,Dhamra,Handysize,1,Calm,Partially Hedged,0.25,16.3,0.14,53.0,2.0,16.1,10,2.8,29.5,LOW
RSK-004445,Kamarajar,Handysize,8,Severe Storm,Partially Hedged,0.36,23.4,-1.14,24.9,2.26,10.2,28,35.3,26.9,LOW
RSK-004446,Haldia,Capesize,9,Severe Storm,Hedged,0.328,9.8,-0.13,47.2,-0.11,62.4,30,37.8,38.1,MODERATE
RSK-004447,Kolkata,Supramax,7,Severe Storm,Partially Hedged,0.229,14.9,-0.58,37.3,3.63,0.0,28,35.3,17.5,LOW
RSK-004448,Kamarajar,Handysize,1,Calm,Partially Hedged,0.136,8.8,0.42,59.2,-1.3,88.7,10,2.8,41.0,MODERATE
RSK-004449,Kamarajar,Capesize,1,Calm,Unhedged,0.272,27.2,2.81,100.0,2.96,0.0,10,2.8,37.6,MODERATE
RSK-004450,Kamarajar,Capesize,8,Rough,Hedged,0.28,8.4,0.63,63.9,0.67,45.2,28,23.5,35.7,MODERATE
RSK-004453,Vizag,Panamax,7,Normal,Partially Hedged,0.341,22.2,0.38,58.4,5.58,0.0,28,13.7,28.6,LOW
RSK-004454,Chennai,Handysize,12,Rough,Unhedged,0.233,23.3,-0.39,41.4,1.14,35.0,45,37.8,34.9,MODERATE
RSK-004456,Kolkata,Handysize,5,Normal,Partially Hedged,0.42,27.3,-0.54,38.0,1.52,26.5,55,27.0,31.2,MODERATE
RSK-004458,Kolkata,Capesize,11,Normal,Unhedged,0.301,30.1,1.18,76.0,2.37,7.9,80,39.2,39.7,MODERATE
RSK-004460,Chennai,Capesize,2,Rough,Partially Hedged,0.288,18.7,-0.09,48.1,2.64,2.0,5,4.2,19.6,LOW
RSK-004461,Dhamra,Supramax,7,Rough,Hedged,0.4,12.0,0.39,58.7,3.11,0.0,28,23.5,28.1,LOW
RSK-004462,Kolkata,Handysize,7,Calm,Hedged,0.098,2.9,-3.27,0.0,1.77,21.1,28,7.8,10.9,LOW
RSK-004463,Haldia,Capesize,11,Severe Storm,Partially Hedged,0.419,27.2,1.5,83.0,0.95,39.1,80,100.0,62.7,ELEVATED
RSK-004465,Paradip,Capesize,10,Normal,Partially Hedged,0.09,5.8,-0.53,38.3,0.97,38.7,60,29.4,22.3,LOW
RSK-004467,Kolkata,Capesize,1,Normal,Hedged,0.415,12.5,-0.84,31.4,1.77,21.1,10,4.9,15.2,LOW
RSK-004469,Paradip,Supramax,2,Calm,Hedged,0.272,8.2,0.69,65.2,0.23,54.9,5,1.4,37.8,MODERATE
RSK-004470,Haldia,Supramax,4,Severe Storm,Hedged,0.195,5.9,-0.14,47.0,2.39,7.5,20,25.2,23.9,LOW
RSK-004472,Haldia,Panamax,7,Normal,Unhedged,0.249,24.9,2.03,94.6,2.72,0.1,28,13.7,36.6,MODERATE
RSK-004473,Haldia,Capesize,4,Rough,Hedged,0.176,5.3,-1.67,13.2,3.14,0.0,20,16.8,4.3,LOW
RSK-004475,Kolkata,Capesize,7,Normal,Partially Hedged,0.252,16.4,1.21,76.5,2.42,6.7,28,13.7,28.7,LOW
RSK-004481,Chennai,Panamax,5,Calm,Partially Hedged,0.33,21.5,0.2,54.4,4.76,0.0,55,15.4,29.4,LOW
RSK-004484,Dhamra,Capesize,9,Normal,Partially Hedged,0.227,14.7,-1.01,27.7,2.38,7.6,30,14.7,13.4,LOW
RSK-004485,Kolkata,Supramax,8,Normal,Partially Hedged,0.154,10.0,0.26,55.7,1.05,36.9,28,13.7,27.6,LOW
RSK-004486,Haldia,Supramax,1,Normal,Unhedged,0.341,34.1,-0.95,29.1,1.86,19.1,10,4.9,15.1,LOW
RSK-004488,Paradip,Supramax,10,Normal,Partially Hedged,0.393,25.5,-0.26,44.2,0.88,40.7,60,29.4,29.1,LOW
RSK-004489,Kamarajar,Capesize,4,Rough,Unhedged,0.114,11.4,-0.12,47.3,2.04,15.1,20,16.8,27.1,LOW
RSK-004490,Paradip,Handysize,1,Calm,Unhedged,0.418,41.8,0.26,55.8,0.87,40.8,10,2.8,39.4,MODERATE
RSK-004491,Chennai,Capesize,4,Rough,Partially Hedged,0.465,30.2,-1.57,15.5,3.34,0.0,20,16.8,14.5,LOW
RSK-004492,Dhamra,Supramax,1,Normal,Hedged,0.302,9.1,-1.1,25.9,3.34,0.0,10,4.9,10.9,LOW
RSK-004494,Dhamra,Panamax,3,Rough,Unhedged,0.342,34.2,-3.09,0.0,2.65,1.7,8,6.7,11.8,LOW
RSK-004496,Dhamra,Handysize,7,Normal,Partially Hedged,0.251,16.3,-1.44,18.3,-0.43,69.5,28,13.7,33.3,MODERATE
RSK-004498,Haldia,Capesize,2,Calm,Partially Hedged,0.462,30.0,0.07,51.6,2.46,5.9,5,1.4,27.3,LOW
RSK-004501,Haldia,Panamax,12,Calm,Unhedged,0.381,38.1,-1.03,27.4,0.66,45.5,45,12.6,26.7,LOW
RSK-004502,Chennai,Panamax,5,Normal,Unhedged,0.248,24.8,0.56,62.4,2.67,1.3,55,27.0,30.9,MODERATE
RSK-004504,Chennai,Supramax,10,Calm,Partially Hedged,0.423,27.5,-1.66,13.6,2.92,0.0,60,16.8,16.9,LOW
RSK-004506,Dhamra,Panamax,12,Rough,Unhedged,0.282,28.2,-2.01,5.8,2.7,0.5,45,37.8,15.5,LOW
RSK-004508,Dhamra,Capesize,4,Normal,Partially Hedged,0.269,17.5,0.55,62.1,1.52,26.6,20,9.8,35.6,MODERATE
RSK-004509,Haldia,Handysize,5,Normal,Partially Hedged,0.446,29.0,-1.06,26.6,2.83,0.0,55,27.0,15.6,LOW
RSK-004513,Dhamra,Supramax,3,Rough,Hedged,0.367,11.0,-0.98,28.4,2.77,0.0,8,6.7,19.6,LOW
RSK-004515,Haldia,Supramax,4,Normal,Unhedged,0.25,25.0,0.28,56.1,2.75,0.0,20,9.8,28.8,LOW
RSK-004516,Chennai,Handysize,2,Normal,Hedged,0.162,4.9,-0.52,38.6,0.03,59.3,5,2.4,27.0,LOW
RSK-004519,Paradip,Capesize,11,Calm,Partially Hedged,0.338,22.0,1.35,79.8,2.4,7.3,80,22.4,36.4,MODERATE
RSK-004522,Kolkata,Capesize,1,Rough,Hedged,0.175,5.3,1.15,75.2,2.92,0.0,10,8.4,25.2,LOW
RSK-004523,Kolkata,Panamax,9,Normal,Hedged,0.181,5.4,-0.07,48.4,1.69,22.7,30,14.7,27.0,LOW
RSK-004525,Chennai,Panamax,4,Calm,Unhedged,0.181,18.1,-1.5,16.9,3.4,0.0,20,5.6,15.4,LOW
RSK-004526,Chennai,Supramax,4,Calm,Partially Hedged,0.229,14.9,-0.5,39.1,1.63,24.1,20,5.6,21.4,LOW
RSK-004527,Kolkata,Supramax,11,Calm,Hedged,0.163,4.9,0.7,65.5,0.17,56.2,80,22.4,37.1,MODERATE
RSK-004528,Chennai,Handysize,8,Rough,Unhedged,0.191,19.1,1.3,78.6,1.54,26.1,28,23.5,42.0,MODERATE
RSK-004529,Chennai,Supramax,10,Calm,Hedged,0.181,5.4,-0.04,49.0,3.39,0.0,60,16.8,20.4,LOW
RSK-004530,Kolkata,Handysize,8,Normal,Hedged,0.225,6.8,0.13,52.9,0.39,51.5,28,13.7,32.0,MODERATE
RSK-004532,Vizag,Handysize,6,Normal,Unhedged,0.184,18.4,-1.3,21.3,1.67,23.3,30,14.7,19.0,LOW
RSK-004533,Kamarajar,Panamax,6,Calm,Unhedged,0.4,40.0,2.14,97.0,3.45,0.0,30,8.4,36.9,MODERATE
RSK-004535,Kolkata,Handysize,6,Normal,Unhedged,0.194,19.4,-1.43,18.6,0.46,49.9,30,14.7,21.7,LOW
RSK-004537,Paradip,Panamax,9,Normal,Partially Hedged,0.493,32.1,0.39,58.6,2.13,13.1,30,14.7,34.7,MODERATE
RSK-004541,Chennai,Panamax,6,Calm,Partially Hedged,0.229,14.9,0.64,64.2,1.16,34.5,30,8.4,38.3,MODERATE
RSK-004542,Chennai,Capesize,8,Normal,Unhedged,0.252,25.2,1.52,83.4,2.36,8.0,28,13.7,37.0,MODERATE
RSK-004546,Haldia,Handysize,3,Calm,Unhedged,0.226,22.6,0.67,64.7,3.4,0.0,8,2.2,20.3,LOW
RSK-004549,Paradip,Supramax,12,Calm,Hedged,0.47,14.1,-0.94,29.3,2.17,12.3,45,12.6,16.4,LOW
RSK-004550,Vizag,Supramax,12,Rough,Unhedged,0.174,17.4,1.84,90.4,2.09,14.0,45,37.8,41.8,MODERATE
RSK-004551,Paradip,Panamax,2,Normal,Hedged,0.285,8.6,-0.68,35.0,0.2,55.6,5,2.4,25.5,LOW
RSK-004553,Chennai,Panamax,9,Normal,Unhedged,0.064,6.4,-0.11,47.6,0.76,43.3,30,14.7,28.3,LOW
RSK-004554,Kamarajar,Handysize,2,Calm,Partially Hedged,0.441,28.7,1.84,90.5,0.11,57.6,5,1.4,49.2,MODERATE
RSK-004564,Vizag,Panamax,9,Rough,Hedged,0.311,9.3,1.06,73.3,2.48,5.4,30,25.2,28.6,LOW
RSK-004565,Haldia,Supramax,4,Calm,Unhedged,0.312,31.2,-0.0,50.0,1.93,17.6,20,5.6,35.7,MODERATE
RSK-004567,Chennai,Handysize,9,Normal,Hedged,0.294,8.8,0.51,61.2,2.11,13.6,30,14.7,30.3,MODERATE
RSK-004568,Haldia,Capesize,11,Normal,Hedged,0.368,11.0,0.48,60.6,2.03,15.3,80,39.2,34.6,MODERATE
RSK-004571,Kolkata,Supramax,5,Normal,Unhedged,0.257,25.7,2.29,100.0,0.26,54.2,55,27.0,60.9,ELEVATED
RSK-004588,Haldia,Capesize,11,Rough,Hedged,0.166,5.0,-0.78,32.8,4.34,0.0,80,67.2,26.3,LOW
RSK-004590,Dhamra,Panamax,2,Rough,Hedged,0.221,6.6,1.48,82.6,4.81,0.0,5,4.2,24.1,LOW
RSK-004592,Kolkata,Panamax,8,Normal,Partially Hedged,0.176,11.4,0.1,52.1,1.54,26.1,28,13.7,29.3,LOW
RSK-004594,Haldia,Handysize,3,Calm,Partially Hedged,0.435,28.3,1.14,75.1,1.74,21.8,8,2.2,37.5,MODERATE
RSK-004596,Dhamra,Capesize,3,Rough,Hedged,0.311,9.3,0.29,56.3,2.87,0.0,8,6.7,19.3,LOW
RSK-004599,Chennai,Supramax,2,Normal,Hedged,0.329,9.9,0.59,62.9,2.22,11.2,5,2.4,27.4,LOW
RSK-004600,Kolkata,Supramax,11,Normal,Unhedged,0.1,10.0,3.02,100.0,2.53,4.4,80,39.2,48.2,MODERATE
RSK-004601,Chennai,Handysize,4,Normal,Partially Hedged,0.295,19.2,-0.16,46.5,3.98,0.0,20,9.8,23.4,LOW
RSK-004603,Paradip,Supramax,10,Normal,Unhedged,0.389,38.9,-0.06,48.6,2.43,6.6,60,29.4,27.2,LOW
RSK-004607,Kolkata,Panamax,9,Severe Storm,Partially Hedged,0.371,24.1,-1.55,15.9,4.24,0.0,30,37.8,15.0,LOW
RSK-004609,Kamarajar,Capesize,2,Normal,Unhedged,0.213,21.3,-0.12,47.4,3.51,0.0,5,2.4,20.5,LOW
RSK-004612,Chennai,Handysize,8,Calm,Partially Hedged,0.368,23.9,0.19,54.2,0.7,44.5,28,7.8,41.4,MODERATE
RSK-004613,Paradip,Panamax,3,Rough,Partially Hedged,0.212,13.8,0.73,66.0,2.12,13.3,8,6.7,29.8,LOW
RSK-004614,Kolkata,Panamax,4,Severe Storm,Partially Hedged,0.246,16.0,0.04,51.0,3.41,0.0,20,25.2,24.4,LOW
RSK-004615,Paradip,Handysize,9,Calm,Hedged,0.151,4.5,-1.19,23.8,1.67,23.4,30,8.4,18.3,LOW
RSK-004616,Haldia,Supramax,1,Normal,Unhedged,0.361,36.1,0.23,55.0,1.83,19.7,10,4.9,28.9,LOW
RSK-004619,Dhamra,Handysize,11,Rough,Unhedged,0.185,18.5,0.15,53.3,3.29,0.0,80,67.2,30.6,MODERATE
RSK-004620,Chennai,Handysize,12,Normal,Partially Hedged,0.271,17.6,0.01,50.2,1.63,24.1,45,22.0,31.4,MODERATE
RSK-004622,Kamarajar,Panamax,11,Normal,Partially Hedged,0.274,17.8,0.91,70.1,3.19,0.0,80,39.2,32.6,MODERATE
RSK-004624,Haldia,Supramax,2,Calm,Partially Hedged,0.364,23.7,-1.22,23.1,1.81,20.1,5,1.4,18.8,LOW
RSK-004626,Vizag,Capesize,10,Normal,Unhedged,0.288,28.8,0.02,50.4,0.34,52.5,60,29.4,40.6,MODERATE
RSK-004628,Chennai,Panamax,12,Severe Storm,Partially Hedged,0.314,20.4,-1.92,7.7,1.86,19.1,45,56.7,17.6,LOW
RSK-004631,Chennai,Capesize,10,Calm,Hedged,0.324,9.7,-1.7,12.6,2.44,6.4,60,16.8,19.1,LOW
RSK-004633,Haldia,Supramax,4,Rough,Hedged,0.394,11.8,-0.72,34.2,1.1,35.8,20,16.8,29.3,LOW
RSK-004636,Paradip,Handysize,5,Calm,Hedged,0.199,6.0,0.78,67.1,1.87,19.0,55,15.4,30.4,MODERATE
RSK-004637,Kamarajar,Supramax,11,Normal,Partially Hedged,0.375,24.4,0.01,50.2,3.03,0.0,80,39.2,24.5,LOW
RSK-004638,Vizag,Capesize,11,Normal,Hedged,0.328,9.8,-2.87,0.0,1.35,30.3,80,39.2,20.9,LOW
RSK-004641,Haldia,Capesize,1,Calm,Unhedged,0.43,43.0,-0.17,46.3,4.12,0.0,10,2.8,31.2,MODERATE
RSK-004642,Chennai,Capesize,9,Normal,Unhedged,0.411,41.1,1.39,80.7,1.99,16.2,30,14.7,45.4,MODERATE
RSK-004645,Dhamra,Capesize,3,Calm,Partially Hedged,0.167,10.8,0.2,54.3,0.66,45.5,8,2.2,26.4,LOW
RSK-004646,Kamarajar,Capesize,4,Normal,Unhedged,0.253,25.3,-2.62,0.0,2.0,16.0,20,9.8,9.6,LOW
RSK-004647,Chennai,Panamax,8,Calm,Hedged,0.301,9.0,-0.01,49.8,1.89,18.4,28,7.8,22.3,LOW
RSK-004648,Dhamra,Supramax,5,Normal,Partially Hedged,0.442,28.7,0.33,57.2,1.27,32.1,55,27.0,35.3,MODERATE
RSK-004650,Paradip,Capesize,11,Normal,Partially Hedged,0.345,22.5,-0.14,47.0,1.47,27.6,80,39.2,38.5,MODERATE
RSK-004651,Haldia,Panamax,12,Normal,Unhedged,0.28,28.0,0.01,50.2,1.69,22.7,45,22.0,36.8,MODERATE
RSK-004653,Haldia,Panamax,7,Normal,Hedged,0.404,12.1,1.61,85.4,0.55,47.9,28,13.7,42.5,MODERATE
RSK-004655,Dhamra,Supramax,9,Normal,Hedged,0.155,4.7,-1.25,22.5,0.34,52.6,30,14.7,24.8,LOW
RSK-004657,Haldia,Panamax,12,Normal,Unhedged,0.285,28.5,0.02,50.5,1.2,33.7,45,22.0,33.7,MODERATE
RSK-004659,Vizag,Supramax,2,Rough,Partially Hedged,0.374,24.3,-0.05,48.8,0.91,39.9,5,4.2,37.8,MODERATE
RSK-004661,Kamarajar,Panamax,2,Normal,Hedged,0.267,8.0,-1.37,19.8,0.56,47.7,5,2.4,21.4,LOW
RSK-004663,Vizag,Capesize,11,Calm,Unhedged,0.081,8.1,-1.36,20.1,2.25,10.5,80,22.4,15.6,LOW
RSK-004664,Haldia,Supramax,3,Normal,Partially Hedged,0.287,18.6,-0.76,33.3,2.77,0.0,8,3.9,13.1,LOW
RSK-004665,Kolkata,Panamax,3,Calm,Hedged,0.276,8.3,-1.56,15.7,3.22,0.0,8,2.2,6.5,LOW
RSK-004667,Chennai,Handysize,3,Normal,Hedged,0.449,13.5,-2.48,0.0,4.05,0.0,8,3.9,3.4,LOW
RSK-004668,Kamarajar,Panamax,11,Normal,Hedged,0.351,10.5,0.47,60.4,3.98,0.0,80,39.2,28.3,LOW
RSK-004669,Kolkata,Supramax,8,Calm,Unhedged,0.426,42.6,0.15,53.3,0.49,49.2,28,7.8,45.7,MODERATE
RSK-004670,Haldia,Panamax,11,Rough,Hedged,0.1,3.0,0.15,53.3,-0.87,79.1,80,67.2,46.2,MODERATE
RSK-004672,Haldia,Handysize,12,Normal,Partially Hedged,0.244,15.9,-1.59,15.0,1.64,23.9,45,22.0,18.6,LOW
RSK-004674,Haldia,Supramax,1,Normal,Unhedged,0.393,39.3,-0.53,38.4,1.56,25.8,10,4.9,30.8,MODERATE
RSK-004676,Kamarajar,Panamax,9,Calm,Unhedged,0.13,13.0,0.47,60.4,1.19,33.9,30,8.4,32.6,MODERATE
RSK-004677,Dhamra,Panamax,5,Calm,Partially Hedged,0.247,16.1,-1.87,8.9,1.79,20.6,55,15.4,14.4,LOW
RSK-004681,Kamarajar,Panamax,10,Calm,Partially Hedged,0.299,19.4,-1.31,21.2,1.47,27.7,60,16.8,21.4,LOW
RSK-004683,Vizag,Panamax,10,Normal,Unhedged,0.246,24.6,0.44,59.6,1.06,36.8,60,29.4,44.0,MODERATE
RSK-004684,Haldia,Handysize,4,Normal,Partially Hedged,0.237,15.4,-1.08,26.3,1.23,32.9,20,9.8,22.4,LOW
RSK-004687,Kolkata,Handysize,8,Normal,Hedged,0.169,5.1,-0.95,29.2,3.66,0.0,28,13.7,12.6,LOW
RSK-004688,Kolkata,Capesize,1,Severe Storm,Unhedged,0.302,30.2,-0.38,41.6,-0.5,71.1,10,12.6,40.9,MODERATE
RSK-004689,Vizag,Supramax,3,Normal,Partially Hedged,0.198,12.9,-2.19,1.9,0.63,46.2,8,3.9,12.7,LOW
RSK-004691,Kamarajar,Supramax,9,Calm,Hedged,0.241,7.2,0.3,56.5,2.83,0.0,30,8.4,22.6,LOW
RSK-004692,Vizag,Handysize,5,Normal,Hedged,0.362,10.9,-1.71,12.4,-0.55,72.2,55,27.0,26.9,LOW
RSK-004693,Kolkata,Capesize,10,Normal,Unhedged,0.309,30.9,-1.09,26.0,1.67,23.3,60,29.4,30.4,MODERATE
RSK-004694,Paradip,Panamax,3,Normal,Unhedged,0.226,22.6,-1.83,9.8,-0.25,65.4,8,3.9,24.3,LOW
RSK-004695,Vizag,Capesize,8,Calm,Unhedged,0.344,34.4,-2.11,3.5,2.66,1.4,28,7.8,18.7,LOW
RSK-004697,Kamarajar,Panamax,3,Severe Storm,Unhedged,0.306,30.6,-0.32,43.1,0.98,38.5,8,10.1,35.0,MODERATE
RSK-004699,Chennai,Handysize,1,Normal,Unhedged,0.651,65.1,-0.06,48.7,1.46,28.0,10,4.9,40.4,MODERATE
RSK-004701,Vizag,Handysize,3,Calm,Unhedged,0.292,29.2,1.75,88.5,3.08,0.0,8,2.2,35.2,MODERATE
RSK-004703,Kamarajar,Handysize,4,Normal,Unhedged,0.353,35.3,0.6,63.3,1.84,19.5,20,9.8,32.8,MODERATE
RSK-004705,Paradip,Supramax,6,Severe Storm,Unhedged,0.226,22.6,0.12,52.7,2.88,0.0,30,37.8,30.6,MODERATE
RSK-004706,Chennai,Panamax,9,Calm,Partially Hedged,0.213,13.8,1.84,90.5,0.0,59.9,30,8.4,44.5,MODERATE
RSK-004709,Haldia,Capesize,6,Severe Storm,Unhedged,0.25,25.0,0.06,51.3,1.37,29.8,30,37.8,42.7,MODERATE
RSK-004710,Dhamra,Panamax,6,Normal,Unhedged,0.235,23.5,2.37,100.0,2.33,8.8,30,14.7,38.2,MODERATE
RSK-004712,Haldia,Panamax,7,Calm,Partially Hedged,0.17,11.1,-0.2,45.6,3.17,0.0,28,7.8,16.8,LOW
RSK-004713,Haldia,Capesize,1,Normal,Partially Hedged,0.077,5.0,2.29,100.0,1.83,19.8,10,4.9,43.3,MODERATE
RSK-004717,Vizag,Capesize,2,Normal,Unhedged,0.264,26.4,0.17,53.8,1.51,26.7,5,2.4,31.3,MODERATE
RSK-004718,Chennai,Handysize,9,Normal,Partially Hedged,0.189,12.3,-0.8,32.4,1.62,24.3,30,14.7,24.9,LOW
RSK-004722,Kamarajar,Supramax,3,Calm,Hedged,0.192,5.8,0.24,55.4,5.31,0.0,8,2.2,17.3,LOW
RSK-004725,Kolkata,Supramax,3,Calm,Hedged,0.184,5.5,0.52,61.5,2.02,15.5,8,2.2,23.3,LOW
RSK-004727,Kamarajar,Capesize,11,Calm,Partially Hedged,0.284,18.4,0.04,50.9,2.65,1.8,80,22.4,23.8,LOW
RSK-004729,Paradip,Handysize,11,Normal,Hedged,0.195,5.8,0.92,70.2,1.27,32.0,80,39.2,40.5,MODERATE
RSK-004730,Dhamra,Capesize,7,Normal,Unhedged,0.275,27.5,-0.49,39.1,1.87,18.8,28,13.7,28.6,LOW
RSK-004731,Vizag,Panamax,5,Normal,Hedged,0.122,3.7,-0.87,30.8,1.38,29.7,55,27.0,17.0,LOW
RSK-004732,Dhamra,Capesize,9,Calm,Unhedged,0.257,25.7,-0.02,49.5,1.89,18.4,30,8.4,22.5,LOW
RSK-004734,Paradip,Panamax,9,Calm,Partially Hedged,0.385,25.1,1.41,81.0,2.76,0.0,30,8.4,30.3,MODERATE
RSK-004737,Dhamra,Panamax,1,Normal,Partially Hedged,0.277,18.0,1.64,86.1,2.94,0.0,10,4.9,28.5,LOW
RSK-004738,Kolkata,Handysize,12,Severe Storm,Hedged,0.327,9.8,-0.93,29.5,3.36,0.0,45,56.7,21.9,LOW
RSK-004739,Dhamra,Supramax,2,Rough,Unhedged,0.181,18.1,-0.62,36.3,2.6,2.9,5,4.2,13.2,LOW
RSK-004743,Paradip,Capesize,5,Normal,Partially Hedged,0.321,20.8,-1.09,26.0,1.38,29.5,55,27.0,25.9,LOW
RSK-004745,Dhamra,Supramax,10,Calm,Unhedged,0.148,14.8,-1.08,26.1,3.25,0.0,60,16.8,16.9,LOW
RSK-004746,Chennai,Handysize,5,Severe Storm,Hedged,0.383,11.5,0.37,58.2,3.3,0.0,55,69.3,34.1,MODERATE
RSK-004749,Haldia,Capesize,1,Normal,Hedged,0.369,11.1,-1.29,21.6,4.31,0.0,10,4.9,8.7,LOW
RSK-004750,Kamarajar,Handysize,6,Rough,Unhedged,0.248,24.8,-1.68,13.0,3.21,0.0,30,25.2,14.6,LOW
RSK-004752,Haldia,Capesize,9,Rough,Hedged,0.393,11.8,1.53,83.6,1.08,36.2,30,25.2,43.1,MODERATE
RSK-004753,Kolkata,Supramax,2,Calm,Unhedged,0.384,38.4,-0.61,36.6,1.11,35.6,5,1.4,28.7,LOW
RSK-004755,Vizag,Capesize,10,Normal,Hedged,0.387,11.6,1.4,80.8,-0.1,62.1,60,29.4,50.5,MODERATE
RSK-004758,Haldia,Capesize,11,Normal,Unhedged,0.333,33.3,-0.47,39.6,3.19,0.0,80,39.2,26.1,LOW
RSK-004759,Kamarajar,Handysize,7,Calm,Partially Hedged,0.251,16.3,-1.72,12.1,3.16,0.0,28,7.8,8.0,LOW
RSK-004760,Paradip,Handysize,10,Rough,Partially Hedged,0.298,19.4,-1.88,8.6,-0.33,67.2,60,50.4,33.4,MODERATE
RSK-004761,Haldia,Panamax,12,Normal,Unhedged,0.345,34.5,0.62,63.7,1.07,36.5,45,22.0,41.9,MODERATE
RSK-004762,Kolkata,Supramax,7,Normal,Partially Hedged,0.261,17.0,-0.83,31.7,1.49,27.3,28,13.7,21.7,LOW
RSK-004763,Kamarajar,Supramax,10,Calm,Unhedged,0.35,35.0,1.31,78.9,2.75,0.0,60,16.8,32.0,MODERATE
RSK-004765,Paradip,Capesize,8,Calm,Unhedged,0.389,38.9,0.03,50.6,3.47,0.0,28,7.8,27.2,LOW
RSK-004768,Kolkata,Panamax,2,Normal,Unhedged,0.344,34.4,0.13,52.9,1.08,36.2,5,2.4,31.4,MODERATE
RSK-004769,Kamarajar,Supramax,3,Normal,Hedged,0.328,9.8,0.76,66.6,3.56,0.0,8,3.9,18.9,LOW
RSK-004771,Haldia,Capesize,2,Calm,Hedged,0.304,9.1,0.03,50.7,1.12,35.3,5,1.4,27.3,LOW
RSK-004772,Kamarajar,Panamax,2,Normal,Hedged,0.296,8.9,0.79,67.5,3.5,0.0,5,2.4,18.9,LOW
RSK-004773,Haldia,Capesize,6,Normal,Partially Hedged,0.423,27.5,-0.59,37.0,1.36,30.1,30,14.7,28.6,LOW
RSK-004774,Kolkata,Supramax,6,Calm,Unhedged,0.456,45.6,-0.03,49.4,1.18,34.0,30,8.4,36.3,MODERATE
RSK-004781,Kolkata,Handysize,1,Normal,Unhedged,0.256,25.6,-0.76,33.3,2.07,14.4,10,4.9,19.4,LOW
RSK-004782,Kolkata,Capesize,6,Normal,Unhedged,0.18,18.0,-1.61,14.6,1.27,32.1,30,14.7,23.8,LOW
RSK-004783,Vizag,Capesize,12,Severe Storm,Partially Hedged,0.189,12.3,1.62,85.6,3.39,0.0,45,56.7,36.5,MODERATE
RSK-004789,Paradip,Handysize,5,Calm,Unhedged,0.333,33.3,-0.39,41.4,0.51,48.7,55,15.4,35.5,MODERATE
RSK-004790,Vizag,Panamax,11,Normal,Hedged,0.219,6.6,-0.1,47.9,2.56,3.7,80,39.2,19.0,LOW
RSK-004792,Kolkata,Supramax,11,Calm,Unhedged,0.106,10.6,1.35,79.7,3.29,0.0,80,22.4,31.1,MODERATE
RSK-004793,Kamarajar,Handysize,11,Severe Storm,Unhedged,0.31,31.0,1.24,77.2,2.37,7.9,80,100.0,50.7,MODERATE
RSK-004797,Kolkata,Supramax,3,Normal,Hedged,0.059,1.8,-0.02,49.6,3.42,0.0,8,3.9,15.5,LOW
RSK-004800,Kolkata,Panamax,11,Normal,Hedged,0.379,11.4,0.27,55.9,1.51,26.9,80,39.2,34.7,MODERATE
RSK-004801,Kolkata,Capesize,7,Normal,Hedged,0.13,3.9,-0.08,48.3,1.81,20.1,28,13.7,28.0,LOW
RSK-004802,Dhamra,Handysize,4,Severe Storm,Hedged,0.198,5.9,-1.54,16.1,1.74,21.8,20,25.2,15.3,LOW
RSK-004804,Dhamra,Supramax,10,Severe Storm,Unhedged,0.242,24.2,1.19,76.2,0.46,49.9,60,75.6,61.3,ELEVATED
RSK-004806,Haldia,Supramax,11,Calm,Unhedged,0.079,7.9,-0.12,47.3,2.19,11.7,80,22.4,23.7,LOW
RSK-004808,Dhamra,Capesize,5,Rough,Unhedged,0.436,43.6,0.94,70.7,2.73,0.0,55,46.2,39.0,MODERATE
RSK-004809,Chennai,Supramax,2,Rough,Hedged,0.475,14.3,-1.89,8.4,0.2,55.5,5,4.2,22.0,LOW
RSK-004810,Vizag,Capesize,6,Calm,Unhedged,0.365,36.5,-1.52,16.7,2.17,12.3,30,8.4,20.7,LOW
RSK-004811,Haldia,Capesize,1,Normal,Hedged,0.119,3.6,-1.69,12.7,4.17,0.0,10,4.9,6.1,LOW
RSK-004815,Dhamra,Capesize,6,Rough,Hedged,0.192,5.8,-0.49,39.2,2.11,13.5,30,25.2,12.6,LOW
RSK-004816,Vizag,Supramax,5,Calm,Partially Hedged,0.232,15.1,-0.21,45.4,2.9,0.0,55,15.4,20.0,LOW
RSK-004817,Paradip,Panamax,6,Calm,Unhedged,0.488,48.8,0.33,57.2,3.07,0.0,30,8.4,32.7,MODERATE
RSK-004818,Haldia,Capesize,3,Calm,Unhedged,0.289,28.9,-0.96,28.9,2.46,5.9,8,2.2,18.2,LOW
RSK-004820,Kolkata,Panamax,1,Normal,Hedged,0.441,13.2,-0.57,37.4,2.15,12.7,10,4.9,15.6,LOW
RSK-004822,Kamarajar,Supramax,9,Calm,Hedged,0.292,8.8,-0.57,37.5,0.2,55.7,30,8.4,36.4,MODERATE
RSK-004826,Haldia,Handysize,3,Normal,Unhedged,0.196,19.6,2.71,100.0,2.05,14.9,8,3.9,43.3,MODERATE
RSK-004829,Chennai,Supramax,12,Normal,Unhedged,0.437,43.7,0.12,52.7,3.59,0.0,45,22.0,32.2,MODERATE
RSK-004831,Paradip,Panamax,1,Rough,Hedged,0.391,11.7,1.02,72.5,4.1,0.0,10,8.4,26.6,LOW
RSK-004834,Chennai,Capesize,2,Normal,Partially Hedged,0.296,19.2,-0.21,45.3,1.61,24.6,5,2.4,26.2,LOW
RSK-004836,Dhamra,Handysize,5,Calm,Partially Hedged,0.375,24.4,1.07,73.6,1.26,32.3,55,15.4,37.4,MODERATE
RSK-004837,Vizag,Capesize,8,Normal,Unhedged,0.323,32.3,-0.93,29.5,1.74,21.6,28,13.7,17.7,LOW
RSK-004838,Kamarajar,Capesize,6,Normal,Partially Hedged,0.211,13.7,1.21,76.7,1.79,20.6,30,14.7,33.0,MODERATE
RSK-004839,Kamarajar,Panamax,6,Normal,Hedged,0.48,14.4,0.71,65.7,3.51,0.0,30,14.7,26.3,LOW
RSK-004841,Dhamra,Handysize,1,Calm,Unhedged,0.326,32.6,-3.18,0.0,0.16,56.4,10,2.8,25.9,LOW
RSK-004842,Haldia,Capesize,7,Normal,Hedged,0.246,7.4,2.63,100.0,0.43,50.5,28,13.7,44.3,MODERATE
RSK-004844,Dhamra,Supramax,10,Calm,Hedged,0.257,7.7,0.88,69.3,3.07,0.0,60,16.8,24.5,LOW
RSK-004845,Kamarajar,Panamax,8,Normal,Hedged,0.071,2.1,0.68,65.1,1.75,21.5,28,13.7,29.3,LOW
RSK-004848,Kolkata,Supramax,8,Calm,Unhedged,0.314,31.4,0.96,71.0,1.43,28.5,28,7.8,39.3,MODERATE
RSK-004850,Kamarajar,Capesize,12,Normal,Partially Hedged,0.334,21.7,-0.82,31.9,0.8,42.4,45,22.0,29.5,LOW
RSK-004853,Paradip,Supramax,4,Rough,Partially Hedged,0.343,22.3,-1.48,17.4,0.35,52.2,20,16.8,29.0,LOW
RSK-004856,Chennai,Handysize,10,Normal,Unhedged,0.253,25.3,-0.64,35.8,2.85,0.0,60,29.4,20.3,LOW
RSK-004857,Kamarajar,Handysize,9,Normal,Partially Hedged,0.314,20.4,0.09,52.1,1.2,33.6,30,14.7,30.2,MODERATE
RSK-004862,Chennai,Capesize,6,Rough,Unhedged,0.413,41.3,0.57,62.5,0.53,48.4,30,25.2,43.5,MODERATE
RSK-004865,Haldia,Panamax,4,Normal,Unhedged,0.158,15.8,0.77,66.9,2.91,0.0,20,9.8,28.8,LOW
RSK-004866,Haldia,Capesize,5,Rough,Partially Hedged,0.324,21.1,1.28,78.2,3.24,0.0,55,46.2,40.4,MODERATE
RSK-004867,Chennai,Supramax,5,Severe Storm,Partially Hedged,0.204,13.2,0.63,63.8,3.0,0.0,55,69.3,34.4,MODERATE
RSK-004868,Dhamra,Supramax,4,Rough,Partially Hedged,0.332,21.5,0.39,58.6,2.24,10.7,20,16.8,29.1,LOW
RSK-004873,Paradip,Supramax,11,Normal,Unhedged,0.449,44.9,0.06,51.4,1.17,34.3,80,39.2,44.8,MODERATE
RSK-004874,Vizag,Capesize,2,Rough,Hedged,0.267,8.0,-1.62,14.5,3.14,0.0,5,4.2,3.3,LOW
RSK-004876,Vizag,Handysize,12,Rough,Hedged,0.265,7.9,1.98,93.5,2.21,11.5,45,37.8,38.4,MODERATE
RSK-004880,Paradip,Supramax,4,Normal,Hedged,0.32,9.6,1.08,73.8,2.73,0.0,20,9.8,25.4,LOW
RSK-004882,Haldia,Handysize,9,Rough,Unhedged,0.284,28.4,-0.27,44.0,-1.44,91.7,30,25.2,50.3,MODERATE
RSK-004883,Dhamra,Handysize,1,Calm,Unhedged,0.271,27.1,-2.15,2.7,2.91,0.0,10,2.8,10.2,LOW
RSK-004884,Chennai,Panamax,12,Rough,Partially Hedged,0.277,18.0,-0.95,29.1,1.82,19.9,45,37.8,22.5,LOW
RSK-004885,Paradip,Handysize,6,Normal,Hedged,0.279,8.4,0.13,53.0,3.98,0.0,30,14.7,24.7,LOW
RSK-004887,Kamarajar,Supramax,2,Calm,Partially Hedged,0.084,5.4,0.03,50.7,2.6,2.7,5,1.4,15.2,LOW
RSK-004890,Kamarajar,Capesize,9,Calm,Hedged,0.117,3.5,2.18,97.9,3.1,0.0,30,8.4,25.8,LOW
RSK-004891,Vizag,Handysize,3,Normal,Hedged,0.26,7.8,0.64,64.1,1.33,30.8,8,3.9,34.2,MODERATE
RSK-004892,Chennai,Supramax,12,Rough,Partially Hedged,0.143,9.3,-0.09,48.0,1.85,19.3,45,37.8,29.9,LOW
RSK-004893,Kamarajar,Supramax,4,Rough,Partially Hedged,0.3,19.5,-0.86,31.2,3.69,0.0,20,16.8,15.7,LOW
RSK-004894,Kamarajar,Supramax,2,Rough,Unhedged,0.392,39.2,-0.94,29.3,1.35,30.2,5,4.2,25.8,LOW
RSK-004897,Kamarajar,Capesize,6,Normal,Hedged,0.078,2.3,-1.21,23.5,-0.5,71.0,30,14.7,28.3,LOW
RSK-004898,Paradip,Handysize,3,Rough,Unhedged,0.308,30.8,2.79,100.0,4.4,0.0,8,6.7,41.2,MODERATE
RSK-004899,Vizag,Capesize,7,Calm,Hedged,0.436,13.1,0.76,66.7,2.98,0.0,28,7.8,25.0,LOW
RSK-004903,Chennai,Supramax,5,Normal,Hedged,0.465,13.9,1.44,81.6,4.76,0.0,55,27.0,31.6,MODERATE
RSK-004904,Paradip,Capesize,1,Calm,Partially Hedged,0.335,21.8,-0.81,32.1,4.98,0.0,10,2.8,15.3,LOW
RSK-004906,Chennai,Panamax,1,Normal,Unhedged,0.194,19.4,0.47,60.4,-0.29,66.4,10,4.9,38.8,MODERATE
RSK-004908,Paradip,Supramax,5,Normal,Unhedged,0.158,15.8,0.23,55.0,1.92,17.7,55,27.0,22.0,LOW
RSK-004909,Paradip,Panamax,1,Calm,Partially Hedged,0.055,3.6,-1.28,21.9,-1.07,83.6,10,2.8,30.6,MODERATE
RSK-004910,Chennai,Supramax,3,Normal,Partially Hedged,0.292,19.0,-0.78,32.8,1.33,30.8,8,3.9,23.2,LOW
RSK-004911,Paradip,Panamax,2,Normal,Hedged,0.129,3.9,1.62,85.7,3.91,0.0,5,2.4,27.1,LOW
RSK-004913,Chennai,Panamax,1,Severe Storm,Unhedged,0.344,34.4,0.1,52.2,1.32,30.9,10,12.6,35.1,MODERATE
RSK-004915,Kamarajar,Supramax,3,Normal,Hedged,0.128,3.8,-0.96,28.9,3.24,0.0,8,3.9,8.2,LOW
RSK-004916,Vizag,Capesize,4,Rough,Hedged,0.09,2.7,0.78,67.2,1.27,32.1,20,16.8,33.7,MODERATE
RSK-004917,Kolkata,Panamax,3,Calm,Hedged,0.295,8.8,-0.29,43.6,3.49,0.0,8,2.2,10.5,LOW
RSK-004919,Chennai,Panamax,8,Severe Storm,Partially Hedged,0.178,11.6,-2.29,0.0,1.65,23.6,28,35.3,16.7,LOW
RSK-004922,Dhamra,Capesize,8,Normal,Unhedged,0.232,23.2,-0.16,46.4,2.74,0.0,28,13.7,25.7,LOW
RSK-004924,Vizag,Capesize,11,Normal,Partially Hedged,0.423,27.5,0.83,68.4,1.72,22.2,80,39.2,33.7,MODERATE
RSK-004925,Paradip,Supramax,9,Rough,Partially Hedged,0.24,15.6,-1.68,13.1,3.73,0.0,30,25.2,11.3,LOW
RSK-004926,Chennai,Handysize,12,Normal,Unhedged,0.223,22.3,-0.01,49.8,1.15,34.7,45,22.0,31.6,MODERATE
RSK-004927,Dhamra,Supramax,4,Calm,Partially Hedged,0.322,21.0,0.49,60.8,3.7,0.0,20,5.6,22.6,LOW
RSK-004928,Vizag,Supramax,2,Rough,Hedged,0.237,7.1,2.14,97.1,0.52,48.5,5,4.2,45.5,MODERATE
RSK-004931,Kamarajar,Panamax,8,Rough,Unhedged,0.05,5.0,0.39,58.5,-1.24,87.2,28,23.5,52.3,MODERATE
RSK-004933,Haldia,Capesize,12,Calm,Unhedged,0.192,19.2,-0.64,36.0,0.96,38.8,45,12.6,27.0,LOW
RSK-004938,Paradip,Handysize,10,Calm,Hedged,0.234,7.0,-0.29,43.7,3.38,0.0,60,16.8,20.5,LOW
RSK-004939,Vizag,Capesize,6,Calm,Partially Hedged,0.131,8.5,0.58,62.7,2.89,0.0,30,8.4,21.4,LOW
RSK-004941,Dhamra,Panamax,9,Calm,Hedged,0.316,9.5,1.41,81.1,-1.7,97.4,30,8.4,44.3,MODERATE
RSK-004942,Vizag,Supramax,8,Normal,Partially Hedged,0.361,23.5,0.5,61.0,2.49,5.2,28,13.7,29.7,LOW
RSK-004944,Kolkata,Supramax,8,Normal,Unhedged,0.268,26.8,1.86,91.0,4.35,0.0,28,13.7,37.1,MODERATE
RSK-004947,Haldia,Handysize,10,Calm,Hedged,0.22,6.6,1.27,78.0,1.32,31.1,60,16.8,38.0,MODERATE
RSK-004948,Kolkata,Panamax,12,Calm,Unhedged,0.348,34.8,-1.48,17.4,2.45,6.2,45,12.6,13.3,LOW
RSK-004962,Haldia,Handysize,10,Calm,Hedged,0.371,11.1,-0.53,38.4,1.57,25.4,60,16.8,22.8,LOW
RSK-004963,Paradip,Supramax,10,Normal,Unhedged,0.271,27.1,-1.31,21.2,1.47,27.7,60,29.4,25.2,LOW
RSK-004964,Haldia,Handysize,4,Calm,Hedged,0.274,8.2,-0.01,49.7,0.37,51.9,20,5.6,32.1,MODERATE
RSK-004967,Kolkata,Supramax,3,Normal,Unhedged,0.232,23.2,1.35,79.6,-1.21,86.6,8,3.9,54.0,MODERATE
RSK-004968,Dhamra,Capesize,3,Rough,Hedged,0.417,12.5,-0.85,31.2,2.28,9.8,8,6.7,14.6,LOW
RSK-004974,Dhamra,Panamax,6,Calm,Partially Hedged,0.344,22.3,1.02,72.5,0.74,43.7,30,8.4,38.1,MODERATE
RSK-004975,Paradip,Handysize,3,Normal,Unhedged,0.442,44.2,-0.16,46.4,0.93,39.6,8,3.9,36.6,MODERATE
RSK-004977,Kolkata,Supramax,4,Calm,Hedged,0.313,9.4,-1.23,22.8,2.98,0.0,20,5.6,7.8,LOW
RSK-004978,Haldia,Panamax,10,Severe Storm,Hedged,0.262,7.9,1.16,75.5,0.25,54.5,60,75.6,56.4,ELEVATED
RSK-004979,Kamarajar,Supramax,2,Calm,Hedged,0.29,8.7,-1.24,22.7,2.22,11.2,5,1.4,11.1,LOW
RSK-004984,Dhamra,Handysize,4,Calm,Hedged,0.194,5.8,-0.84,31.4,1.08,36.3,20,5.6,17.6,LOW
RSK-004985,Chennai,Capesize,12,Calm,Unhedged,0.25,25.0,1.75,88.6,4.29,0.0,45,12.6,33.9,MODERATE
RSK-004986,Paradip,Capesize,7,Severe Storm,Hedged,0.285,8.5,0.77,66.9,1.15,34.8,28,35.3,40.8,MODERATE
RSK-004990,Kamarajar,Handysize,7,Calm,Unhedged,0.204,20.4,-0.17,46.3,4.26,0.0,28,7.8,25.8,LOW
RSK-004994,Paradip,Capesize,1,Normal,Partially Hedged,0.423,27.5,-1.57,15.4,1.16,34.5,10,4.9,18.7,LOW
RSK-004997,Chennai,Panamax,5,Normal,Partially Hedged,0.295,19.2,-0.04,49.1,2.48,5.5,55,27.0,20.1,LOW
RSK-004998,Dhamra,Handysize,8,Normal,Unhedged,0.133,13.3,-2.2,1.7,1.63,24.1,28,13.7,13.9,LOW
RSK-005000,Kolkata,Panamax,6,Normal,Hedged,0.05,1.5,-1.57,15.4,0.35,52.2,30,14.7,21.0,LOW
