record_id,vessel_class,distance_nm,cargo_tonnes,bunker_price_usd_per_mt,port_days,steaming_days,sea_fuel_cost_usd,port_fuel_cost_usd,estimated_port_dues_usd,total_voyage_cost_usd,freight_rate_usd_per_tonne,gross_freight_usd,tce_usd_per_day
VOY-000001,Supramax,7388.4,25146.6,754.9,4.34,23.68,482669.59,13099.68,8197.06,503966.33,23.67,595120.13,3253.28
VOY-000002,Capesize,1615.1,124917.0,879.13,2.39,5.18,172936.81,12592.88,32619.87,218149.56,44.73,5587716.04,709882.51
VOY-000003,Capesize,10290.2,47684.8,749.46,2.33,32.98,939283.96,10484.01,15276.91,965044.87,20.6,982124.2,483.66
VOY-000004,Handysize,5464.3,84851.3,728.04,1.5,17.51,127508.35,3278.8,14819.6,145606.74,25.47,2161393.44,106010.22
VOY-000005,Panamax,7394.7,42474.8,615.1,5.03,23.7,466510.15,15472.62,6766.07,488748.85,34.78,1477267.48,34404.83
VOY-000006,Capesize,6119.7,75278.2,676.1,2.41,19.61,503930.74,9790.5,11716.9,525438.14,31.74,2388958.9,84598.57
VOY-000007,Supramax,466.4,166604.1,496.32,4.7,1.49,20030.11,9336.08,40293.96,69660.15,22.86,3808611.94,603309.42
VOY-000008,Supramax,9869.7,117622.1,531.59,1.55,31.63,454037.97,3304.42,30063.46,487405.86,43.98,5173571.0,141201.92
VOY-000009,Panamax,1197.8,63855.1,695.76,5.64,3.84,85477.13,19615.55,7905.46,112998.13,8.44,538901.06,44936.65
VOY-000010,Panamax,1425.6,160009.2,569.65,4.04,4.57,83289.99,11509.51,41457.83,136257.33,9.64,1542595.46,163336.89
VOY-000011,Panamax,4754.7,137755.2,713.9,4.09,15.24,348139.5,14585.52,24616.26,387341.28,14.64,2016864.72,84319.54
VOY-000012,Handysize,5232.7,139186.5,527.94,5.52,16.77,88543.42,8740.7,40206.93,137491.05,12.48,1736643.13,71741.7
VOY-000013,Capesize,476.7,129135.0,467.6,2.95,1.53,27149.0,8277.32,37925.96,73352.28,33.47,4322361.38,948818.25
VOY-000014,Capesize,7791.2,165220.0,700.3,5.24,24.97,664540.74,22037.57,20846.71,707425.02,44.44,7341556.1,219552.03
VOY-000015,Panamax,3757.4,166230.1,834.71,4.98,12.04,321672.94,20774.28,45075.96,387523.18,8.38,1393445.13,59100.86
VOY-000016,Supramax,3535.9,179729.5,806.05,2.76,11.33,246646.17,8909.06,50286.94,305842.17,12.18,2189375.9,133618.86
VOY-000017,Handysize,4471.7,39894.3,438.7,4.05,14.33,62876.48,5336.29,8745.48,76958.25,33.43,1333729.42,68350.43
VOY-000018,Panamax,4376.2,73849.3,698.17,4.96,14.03,313369.08,17303.72,8963.26,339636.07,29.79,2199987.89,98000.27
VOY-000019,Panamax,980.6,117869.9,782.33,5.78,3.14,78682.41,22592.84,18776.75,120051.99,23.72,2796253.22,300064.54
VOY-000020,Panamax,10420.1,126494.4,872.13,3.09,33.4,932071.63,13463.56,34939.77,980474.96,24.81,3138196.63,59139.44
VOY-000021,Panamax,8224.2,11504.4,865.02,4.65,26.36,729651.41,20108.59,3590.05,753350.05,21.85,251374.89,-16188.01
VOY-000022,Panamax,3071.0,15105.5,684.88,5.12,9.84,215717.35,17540.68,3361.01,236619.03,32.55,491727.89,17046.91
VOY-000023,Supramax,529.4,81003.2,494.85,4.24,1.7,22671.23,8401.27,15955.85,47028.34,18.29,1481825.98,241498.77
VOY-000024,Capesize,595.0,169732.4,613.7,1.63,1.91,44474.62,6020.11,41755.09,92249.81,15.55,2639333.12,719101.17
VOY-000025,Panamax,9738.5,175104.5,507.96,2.9,31.21,507355.73,7365.94,46405.11,561126.78,17.68,3096560.3,74323.82
VOY-000026,Capesize,3717.9,59970.3,431.91,3.35,11.92,195578.24,8671.14,7538.05,211787.43,8.43,505801.6,19263.95
VOY-000027,Handysize,10597.5,165805.8,607.43,3.66,33.97,206320.45,6667.69,39363.88,252352.03,21.76,3607866.45,89182.72
VOY-000028,Handysize,9428.1,147320.3,571.59,3.26,30.22,172724.98,5593.66,21612.73,199931.38,23.45,3454207.75,97200.03
VOY-000029,Supramax,4832.0,130286.6,593.47,5.99,15.49,248163.77,14230.91,19889.36,282284.03,30.54,3979495.03,172107.98
VOY-000030,Handysize,10095.6,49698.0,740.99,3.39,32.36,239766.34,7533.78,15700.57,263000.69,27.25,1354360.1,30530.29
VOY-000031,Panamax,3911.9,105581.1,796.24,5.04,12.54,319464.27,20066.66,18881.16,358412.09,16.59,1752024.86,79279.95
VOY-000032,Panamax,2414.5,23435.4,697.59,3.06,7.74,172752.75,10656.01,6081.81,189490.57,18.28,428346.13,22128.57
VOY-000033,Capesize,3038.5,138563.2,636.65,2.69,9.74,235608.0,10263.85,32112.98,277984.83,44.65,6186599.75,475512.38
VOY-000034,Supramax,6163.0,152587.8,534.9,5.57,19.75,285279.31,11924.99,42228.69,339432.99,20.04,3058017.41,107340.79
VOY-000035,Supramax,4061.0,11818.4,861.39,5.43,13.02,302718.43,18722.12,2066.93,323507.47,13.43,158697.61,-8932.98
VOY-000036,Panamax,10124.1,16825.3,795.95,2.83,32.45,826490.5,11251.06,2351.46,840093.02,35.64,599673.81,-6815.36
VOY-000037,Capesize,3708.5,15624.0,577.95,1.95,11.89,261049.04,6769.57,2084.95,269903.57,34.8,543637.33,19780.62
VOY-000038,Capesize,2727.6,56000.3,633.07,3.84,8.74,210310.08,14581.04,13242.04,238133.16,20.83,1166573.77,73797.0
VOY-000039,Panamax,10923.9,89439.4,867.62,3.29,35.01,972077.18,14274.13,20466.12,1006817.43,28.04,2508266.27,39199.28
VOY-000040,Supramax,11503.7,68380.0,616.76,5.77,36.87,613988.53,14246.21,17520.13,645754.88,12.96,886360.71,5642.0
VOY-000041,Panamax,9877.3,54835.8,682.33,3.13,31.66,691240.46,10688.43,14983.93,716912.82,28.59,1567895.88,24459.96
VOY-000042,Panamax,488.4,135848.4,560.52,1.78,1.57,28080.3,4978.14,27771.9,60830.34,28.65,3892280.37,1146535.32
VOY-000043,Capesize,8326.8,168946.9,432.53,4.9,26.69,438648.61,12724.76,51358.15,502731.52,27.32,4615229.99,130177.0
VOY-000044,Supramax,5746.0,27092.6,554.36,3.83,18.42,275658.48,8485.66,5013.95,289158.09,39.98,1083259.96,35700.3
VOY-000045,Panamax,780.9,176668.5,794.25,3.44,2.5,63611.66,13674.65,53509.87,130796.18,34.59,6110820.32,1005683.52
VOY-000046,Handysize,9501.0,96124.0,694.74,4.33,30.45,211561.51,9032.68,27619.14,248213.33,43.16,4148693.4,112128.89
VOY-000047,Supramax,8877.9,14569.7,865.07,1.55,28.45,664610.45,5357.24,2527.12,672494.81,8.25,120168.19,-18409.09
VOY-000048,Capesize,6850.7,159119.6,498.9,1.93,21.96,416273.92,5784.36,44919.16,466977.44,10.24,1629001.94,48640.98
VOY-000049,Handysize,4556.7,64585.1,539.3,4.67,14.6,78763.4,7559.85,19490.2,105813.45,32.77,2116488.66,104301.77
VOY-000050,Capesize,1946.4,92794.6,586.95,2.73,6.24,139146.54,9606.49,29344.22,178097.25,34.16,3170157.65,333699.44
VOY-000051,Handysize,3204.2,49527.9,665.45,2.95,10.27,68340.74,5890.76,14020.2,88251.7,17.24,853880.78,57911.92
VOY-000052,Panamax,8285.9,144855.8,520.73,2.22,26.56,442539.12,5781.0,44267.51,492587.63,9.92,1436983.05,32816.86
VOY-000053,Panamax,7988.2,37718.5,579.63,2.18,25.6,474896.34,6305.61,8668.41,489870.35,19.38,731147.31,8685.58
VOY-000054,Handysize,10864.9,93285.9,773.46,4.43,34.82,269343.51,10287.68,15578.32,295209.52,23.95,2234409.14,49397.54
VOY-000055,Handysize,10859.4,64458.4,474.29,4.98,34.81,165080.84,7087.63,11614.03,183782.51,20.52,1322658.89,28624.22
VOY-000056,Capesize,1444.7,28753.3,818.07,4.54,4.63,143947.95,22268.86,4006.67,170223.49,17.78,511096.35,37183.24
VOY-000057,Capesize,1705.8,46914.5,792.18,5.2,5.47,164577.44,24721.77,8913.3,198212.51,27.95,1311094.46,104315.97
VOY-000058,Capesize,9818.7,74498.3,444.86,5.57,31.47,531998.86,14857.61,13078.18,559934.65,29.01,2161273.63,43236.7
VOY-000059,Handysize,8544.4,104205.1,858.52,4.52,27.39,235113.54,11639.05,13915.4,260667.99,42.9,4470509.91,131949.61
VOY-000060,Capesize,5220.3,100466.5,667.46,2.91,16.73,424376.32,11670.35,32275.25,468321.92,32.32,3247181.28,141446.39
VOY-000061,Handysize,2087.2,118966.5,765.58,5.77,6.69,51216.76,13243.38,28514.28,92974.43,20.18,2401037.15,185297.08
VOY-000062,Panamax,7622.8,48622.3,474.22,4.08,24.43,370758.44,9679.42,12410.15,392848.01,43.74,2126696.25,60806.54
VOY-000063,Panamax,10552.1,15268.5,602.94,3.29,33.82,652544.57,9909.36,3752.06,666205.98,21.65,330499.1,-9046.76
VOY-000064,Handysize,4406.5,82240.5,807.77,5.81,14.12,114085.26,14080.85,14337.84,142503.95,11.64,957589.7,40889.33
VOY-000065,Capesize,8832.1,51525.7,575.32,4.03,28.31,618880.09,13907.16,15065.81,647853.05,29.3,1509765.23,26654.08
VOY-000066,Supramax,7325.9,121228.7,597.9,4.92,23.48,379056.83,11768.03,16550.28,407375.14,44.16,5353938.09,174167.92
VOY-000067,Capesize,5666.5,134553.5,647.47,3.62,18.16,446852.45,14060.59,33279.08,494192.12,19.02,2559301.25,94811.34
VOY-000068,Supramax,3271.2,30344.3,656.62,1.71,10.48,185877.04,4492.79,8167.88,198537.7,13.36,405549.26,16974.92
VOY-000069,Panamax,11068.6,28122.0,816.71,3.6,35.48,927160.29,14690.5,6629.73,948480.51,20.78,584374.98,-9318.45
VOY-000070,Panamax,4602.2,36802.9,878.51,5.32,14.75,414677.56,23371.46,10457.25,448506.27,14.81,544976.9,4806.37
VOY-000071,Handysize,6445.3,10088.1,852.06,5.53,20.66,176018.68,14131.67,1330.37,191480.73,19.07,192385.35,34.55
VOY-000072,Supramax,339.1,173524.7,884.63,3.45,1.09,25956.68,12214.15,46684.27,84855.09,9.87,1712484.63,358625.55
VOY-000073,Capesize,4375.0,62208.5,675.73,4.49,14.02,360065.65,18218.02,13729.88,392013.54,26.23,1631830.99,66959.23
VOY-000074,Panamax,6045.2,96642.3,574.77,4.73,19.38,356366.64,13599.82,24435.82,394402.28,12.98,1254844.48,35691.32
VOY-000075,Panamax,2627.6,135828.0,724.32,4.39,8.42,195203.02,15907.61,38858.02,249968.64,23.12,3139939.42,225528.35
VOY-000076,Panamax,11893.4,100177.3,843.16,2.86,38.12,1028515.37,12068.81,31699.96,1072284.14,29.34,2939700.06,45566.18
VOY-000077,Capesize,5099.9,93133.9,459.22,2.68,16.35,285240.56,7393.46,14197.77,306831.79,36.1,3361985.38,160549.98
VOY-000078,Handysize,3961.2,127258.2,878.32,3.24,12.7,111513.64,8528.56,23082.64,143124.84,13.22,1682970.49,96645.66
VOY-000079,Capesize,6783.9,107333.6,407.25,2.46,21.74,336489.46,6002.19,16608.61,359100.26,13.67,1467344.77,45795.94
VOY-000080,Supramax,3687.1,53984.5,704.41,4.52,11.82,224757.48,12741.29,12113.21,249611.98,21.12,1140198.62,54505.33
VOY-000081,Supramax,11234.7,89346.3,501.51,4.01,36.01,487582.39,8051.59,17244.96,512878.94,21.63,1932630.67,35473.87
VOY-000082,Capesize,11526.8,169103.5,696.06,3.06,36.94,977199.94,12790.48,43288.21,1033278.63,28.22,4771713.17,93443.39
VOY-000083,Handysize,2860.2,147760.7,418.8,5.51,9.17,38392.41,6921.17,19136.94,64450.52,40.49,5983381.89,403309.51
VOY-000084,Capesize,5897.6,52706.9,437.52,2.26,18.9,314266.33,5938.22,12114.41,332318.96,44.84,2363226.88,95958.01
VOY-000085,Panamax,8355.2,32761.9,550.3,5.91,26.78,471577.65,16250.18,10023.15,497850.98,11.67,382171.91,-3539.18
VOY-000086,Supramax,3237.2,136677.3,671.33,2.88,10.38,188066.45,7739.34,17858.75,213664.53,17.96,2455258.11,169080.14
VOY-000087,Handysize,10378.2,130972.8,409.74,4.24,33.26,136293.59,5207.69,24796.85,166298.14,25.23,3304237.04,83678.26
VOY-000088,Panamax,759.8,140798.3,644.96,2.91,2.44,50257.58,9374.74,33485.6,93117.91,32.91,4633239.26,849856.16
VOY-000089,Capesize,5212.7,49588.5,545.41,4.19,16.71,346269.12,13704.17,6425.06,366398.35,27.01,1339391.03,46565.61
VOY-000090,Handysize,8762.4,15802.1,507.49,5.39,28.08,142527.44,8199.59,4727.65,155454.68,20.55,324701.8,5056.63
VOY-000091,Supramax,2948.6,131011.7,499.62,2.09,9.45,127486.08,4172.87,25524.5,157183.45,31.98,4190220.72,349524.0
VOY-000092,Capesize,3363.7,164657.3,403.17,2.96,10.78,165168.58,7156.7,28927.83,201253.11,27.22,4482653.98,311612.87
VOY-000093,Panamax,5169.7,143229.4,664.84,5.86,16.57,352514.1,19465.46,35938.42,407917.98,38.23,5475981.51,225999.28
VOY-000094,Capesize,3035.9,27704.8,514.54,2.72,9.73,190256.27,8410.6,4681.74,203348.61,38.14,1056714.39,68517.05
VOY-000095,Handysize,1595.5,178272.9,728.25,5.66,5.11,37240.82,12361.12,29271.66,78873.6,29.9,5329501.35,487446.86
VOY-000096,Capesize,8325.9,23581.1,408.82,4.75,26.69,414560.78,11657.68,5359.03,431577.49,33.1,780543.8,11100.06
VOY-000097,Capesize,2585.7,75467.6,791.45,3.7,8.29,249243.6,17588.79,21236.03,288068.43,11.09,837153.04,45790.15
VOY-000098,Handysize,1658.8,120835.3,650.51,2.99,5.32,34584.87,5827.86,27590.79,68003.52,35.84,4331033.65,513438.39
VOY-000099,Handysize,3236.6,46595.3,766.74,3.64,10.37,79538.79,8378.95,12809.57,100727.3,19.82,923667.25,58713.35
VOY-000100,Capesize,7521.2,115860.7,534.88,3.71,24.11,489969.11,11892.4,24168.82,526030.32,12.74,1475795.65,34149.4
VOY-000101,Panamax,9513.6,142628.2,485.89,5.21,30.49,474109.91,12646.17,44697.66,531453.74,27.34,3898946.34,94333.32
VOY-000102,Supramax,6281.6,104161.2,640.51,5.42,20.13,348178.0,13890.22,24730.22,386798.44,28.95,3015011.3,102846.06
VOY-000103,Supramax,3903.3,168092.5,414.45,3.23,12.51,139997.14,5356.38,37454.8,182808.32,25.47,4282080.7,260408.87
VOY-000104,Capesize,8579.7,53560.7,507.96,2.56,27.5,530800.84,7804.75,14529.86,553135.44,23.98,1284445.4,24328.58
VOY-000105,Handysize,10642.2,45525.9,883.59,2.43,34.11,301390.19,6436.05,12741.44,320567.67,31.96,1455048.3,31049.69
VOY-000106,Capesize,3879.0,12750.7,594.18,5.9,12.43,280714.76,21042.94,1820.42,303578.12,37.71,480891.3,9670.6
VOY-000107,Handysize,8773.1,99228.4,438.37,3.61,28.12,123264.91,4752.01,26492.81,154509.72,13.21,1310856.28,36440.83
VOY-000108,Supramax,11260.9,45515.3,896.18,1.89,36.09,873334.01,6776.17,10601.58,890711.76,24.26,1104388.88,5625.6
VOY-000109,Panamax,11810.8,132836.1,760.27,5.53,37.86,920963.66,21038.36,33009.54,975011.56,20.27,2693166.09,39598.44
VOY-000110,Panamax,1941.5,112201.9,535.18,2.56,6.22,106569.28,6860.18,19695.14,133124.6,33.56,3765600.81,413414.95
VOY-000111,Handysize,3705.3,141452.5,869.42,3.08,11.88,103251.16,8034.83,30853.13,142139.12,12.99,1837747.07,113370.56
VOY-000112,Capesize,9464.9,144978.0,856.51,1.92,30.34,987365.7,9846.08,46086.06,1043297.84,20.88,3027495.92,61521.34
VOY-000113,Panamax,3727.6,61603.2,570.75,1.55,11.95,218208.76,4422.93,14611.37,237243.07,26.23,1615741.26,102130.36
VOY-000114,Panamax,7950.1,176379.9,594.3,4.73,25.48,484588.26,14063.59,48971.69,547623.54,18.89,3332277.72,92164.6
VOY-000115,Capesize,9213.7,18254.3,754.39,3.89,29.53,846560.04,17622.95,2296.6,866479.59,14.14,258204.61,-18198.56
VOY-000116,Capesize,8389.2,149052.3,590.33,5.19,26.89,603182.05,18392.26,19503.83,641078.14,16.43,2449262.85,56362.75
VOY-000117,Supramax,5584.5,157870.0,836.27,5.14,17.9,404147.76,17195.43,41619.78,462962.97,17.17,2710781.92,97563.76
VOY-000118,Panamax,4712.0,127504.1,403.48,1.83,15.1,194993.83,3690.04,24898.07,223581.94,8.34,1063128.77,49584.04
VOY-000119,Panamax,9218.8,113139.2,540.44,3.16,29.55,510997.39,8534.27,25809.5,545341.16,43.69,4943224.65,134468.59
VOY-000120,Handysize,4400.3,162362.2,585.62,3.38,14.1,82592.81,5935.49,46482.09,135010.4,38.49,6249392.21,349755.05
VOY-000121,Capesize,3100.6,129379.8,785.04,3.12,9.94,296464.66,14690.67,21819.44,332974.77,15.57,2014283.56,128768.72
VOY-000122,Handysize,9334.1,65117.8,755.67,2.26,29.92,226072.59,5126.45,17430.93,248629.97,25.25,1644171.29,43369.13
VOY-000123,Capesize,4343.2,67368.2,545.94,3.86,13.92,288791.21,12643.11,17184.94,318619.25,8.84,595839.84,15591.57
VOY-000124,Panamax,825.4,144997.1,630.97,3.62,2.65,53416.62,11405.16,46656.88,111478.66,15.3,2217982.65,336463.7
VOY-000125,Capesize,11521.5,27965.1,831.83,3.57,36.93,1167270.38,17828.06,4896.56,1189994.99,19.81,554036.91,-15702.65
VOY-000126,Supramax,11340.1,88038.4,679.06,2.91,36.35,666396.85,7909.69,26227.84,700534.38,27.1,2386208.02,42937.87
VOY-000127,Supramax,9727.5,22691.9,862.21,3.48,31.18,725810.45,12006.25,6611.95,744428.65,24.36,552746.68,-5530.49
VOY-000128,Capesize,11055.7,139616.0,622.03,1.77,35.43,837575.93,6614.41,38432.59,882622.93,24.09,3363204.96,66669.47
VOY-000129,Capesize,8910.3,124911.4,786.16,5.97,28.56,853156.41,28181.09,17052.38,898389.87,34.79,4345578.85,99822.94
VOY-000130,Capesize,10578.1,99692.6,449.43,2.96,33.9,579026.66,7971.94,24952.03,611950.63,15.74,1568898.55,25961.36
VOY-000131,Panamax,7275.8,136746.7,467.2,2.14,23.32,348644.55,4994.66,16789.63,370428.83,28.67,3921138.66,139473.1
VOY-000132,Supramax,6156.2,56842.6,654.22,4.62,19.73,348531.79,12101.11,17508.36,378141.26,37.8,2148933.98,72705.78
VOY-000133,Handysize,302.1,26790.3,825.53,5.5,0.97,7993.3,13628.19,5456.68,27078.17,31.5,843995.44,126241.13
VOY-000134,Panamax,1906.6,108945.3,421.88,3.51,6.11,82500.08,7402.17,20473.23,110375.48,30.82,3358063.78,337592.2
VOY-000135,Panamax,3290.5,91009.3,813.0,5.92,10.55,274376.61,24061.96,23301.99,321740.56,41.02,3732793.13,207160.23
VOY-000136,Panamax,2546.3,13579.9,628.5,3.86,8.16,164137.71,12142.45,3954.97,180235.13,39.37,534624.88,29470.71
VOY-000137,Panamax,7222.6,123865.9,864.65,3.87,23.15,640508.54,16727.56,19757.21,676993.31,33.66,4169508.26,129264.19
VOY-000138,Capesize,11344.0,72433.1,449.69,5.3,36.36,621310.7,14308.89,17864.65,653484.24,29.33,2124435.34,35306.55
VOY-000139,Capesize,431.3,105912.2,712.91,5.19,1.38,37445.17,22201.1,25597.98,85244.25,30.45,3224895.13,477698.65
VOY-000140,Supramax,7527.6,84776.8,489.62,4.95,24.13,318947.43,9701.09,12813.52,341462.04,39.48,3346651.75,103341.31
VOY-000141,Panamax,3943.6,170399.7,557.02,2.68,12.64,225299.55,7460.04,45286.39,278045.97,33.92,5779841.11,359165.13
VOY-000142,Capesize,11813.5,130455.9,537.87,5.77,37.86,773906.69,18633.76,41561.99,834102.44,24.66,3217236.57,54611.82
VOY-000143,Panamax,9105.0,89801.1,737.1,4.92,29.18,688338.16,18141.63,15888.2,722367.99,28.48,2557701.26,53813.86
VOY-000144,Supramax,7353.5,166472.9,821.04,1.87,23.57,522478.73,6144.31,23253.76,551876.81,26.42,4397982.32,151184.9
VOY-000145,Capesize,1254.7,135106.9,502.46,2.23,4.02,76781.92,6722.59,37669.2,121173.71,33.79,4565297.39,710918.43
VOY-000146,Supramax,318.6,51299.3,683.84,1.5,1.02,18856.07,4113.27,8948.89,31918.24,42.84,2197465.15,857642.91
VOY-000147,Panamax,8900.5,53815.9,481.84,2.0,28.53,439856.25,4825.34,16594.21,461275.8,11.54,620852.15,5226.87
VOY-000148,Capesize,6900.3,179967.7,678.25,5.49,22.12,570021.21,22350.57,23989.42,616361.2,43.08,7752227.73,258465.51
VOY-000149,Panamax,8862.8,16755.3,808.27,2.18,28.41,734724.76,8804.91,2916.68,746446.35,30.84,516693.15,-7511.89
VOY-000150,Supramax,7526.4,61810.1,760.7,4.35,24.12,495456.66,13244.13,12148.82,520849.61,31.19,1927599.36,49401.95
VOY-000151,Panamax,5962.8,31829.1,656.3,1.74,19.11,401371.11,5697.4,8186.64,415255.15,38.62,1229258.67,39045.28
VOY-000152,Panamax,9222.3,137472.3,576.5,4.63,29.56,545298.95,13345.43,23742.98,582387.37,33.2,4563917.23,116457.74
VOY-000153,Panamax,7246.5,140969.0,892.85,5.83,23.23,663597.79,26016.28,34005.9,723619.97,21.61,3046222.81,79941.52
VOY-000154,Supramax,10370.5,14477.5,502.41,5.44,33.24,450887.6,10938.37,2412.21,464238.18,40.95,592787.74,3323.26
VOY-000155,Supramax,3829.3,84582.2,754.88,2.88,12.27,250151.84,8683.75,22535.11,281370.69,15.85,1340675.06,69924.51
VOY-000156,Panamax,4117.7,77060.2,405.29,4.15,13.2,171164.78,8408.02,17952.03,197524.83,28.1,2165450.99,113445.93
VOY-000157,Handysize,11394.1,130450.1,410.4,2.26,36.52,149874.69,2784.9,17154.87,169814.46,38.37,5005058.31,124679.11
VOY-000158,Handysize,4382.9,167919.1,519.27,3.01,14.05,72946.01,4694.86,32343.09,109983.96,37.94,6371411.52,366993.79
VOY-000159,Panamax,11231.1,114546.9,485.08,5.84,36.0,558763.62,14173.34,14529.62,587466.58,22.07,2528607.18,46393.39
VOY-000160,Capesize,5126.2,17114.4,846.24,2.9,16.43,528339.82,14747.24,2626.13,545713.19,30.33,519134.49,-1374.68
VOY-000161,Handysize,3097.2,158680.7,803.18,2.36,9.93,79731.6,5688.13,41995.59,127415.32,43.01,6824347.19,545009.94
VOY-000162,Capesize,8939.1,24331.6,418.91,1.94,28.65,456080.75,4870.52,3959.91,464911.17,27.5,669023.91,6672.77
VOY-000163,Panamax,10525.2,140288.9,880.97,4.95,33.73,951020.53,21813.17,18802.99,991636.69,22.36,3137529.62,55468.47
VOY-000164,Capesize,11103.3,153634.2,513.41,5.07,35.59,694301.24,15625.46,40844.03,750770.72,39.39,6052410.74,130389.64
VOY-000165,Supramax,7650.3,121846.9,717.31,3.05,24.52,474890.29,8756.48,27817.42,511464.19,19.77,2409412.05,68836.06
VOY-000166,Panamax,550.9,114429.6,690.55,5.96,1.77,39019.77,20586.13,31793.97,91399.86,36.5,4176186.31,528569.09
VOY-000167,Capesize,936.1,63834.9,884.18,5.52,3.0,100804.42,29299.28,11282.09,141385.8,38.67,2468628.61,273051.22
VOY-000168,Supramax,4112.1,31883.7,536.31,5.43,13.18,190850.24,11643.77,8796.72,211290.73,36.34,1158734.02,50916.94
VOY-000169,Panamax,7082.3,66713.0,431.83,5.2,22.7,313679.0,11233.72,12604.13,337516.84,27.0,1800976.28,52448.88
VOY-000170,Supramax,5154.9,44020.0,827.79,3.36,16.52,369278.24,11134.1,10822.06,391234.4,42.84,1885748.17,75158.48
VOY-000171,Panamax,517.1,102974.4,486.29,1.65,1.66,25791.1,4017.36,14819.0,44627.46,41.43,4265790.63,1275424.8
VOY-000172,Capesize,5832.7,149793.9,822.54,3.32,18.69,584324.74,16371.73,34180.11,634876.58,44.01,6591905.01,270629.87
VOY-000173,Supramax,2526.7,25930.5,426.01,3.94,8.1,93148.38,6708.57,3163.94,103020.89,32.76,849539.32,62027.92
VOY-000174,Handysize,9573.4,41641.9,645.48,2.57,30.68,198060.99,4978.57,8251.47,211291.03,31.22,1300057.95,32739.9
VOY-000175,Panamax,11693.8,33599.0,615.81,1.85,37.48,738584.79,5692.55,10577.8,754855.15,26.36,885680.58,3326.45
VOY-000176,Supramax,2837.1,15902.4,802.1,5.58,9.09,196932.97,17887.7,5180.36,220001.03,42.76,680009.56,31359.93
VOY-000177,Capesize,11188.6,36264.1,843.57,4.58,35.86,1149538.67,23182.07,5020.19,1177740.93,15.46,560558.04,-15261.34
VOY-000178,Supramax,11954.7,160833.4,481.04,5.63,38.32,497662.46,10826.27,47455.77,555944.51,12.24,1968043.69,32134.84
VOY-000179,Capesize,7301.3,86765.0,780.74,4.55,23.4,694281.8,21301.95,12165.34,727749.09,34.12,2960699.55,79894.23
VOY-000180,Supramax,3769.8,148700.1,665.15,5.68,12.08,216996.54,15124.28,41263.65,273384.46,40.81,6068705.67,326178.72
VOY-000181,Supramax,1780.9,119375.1,887.41,5.18,5.71,136764.09,18389.77,37300.33,192454.19,36.95,4411072.89,387427.89
VOY-000182,Supramax,8918.5,39786.8,575.02,2.09,28.59,443800.48,4813.11,11572.38,460185.98,44.3,1762646.68,42456.37
VOY-000183,Supramax,6172.6,41103.9,580.51,3.34,19.78,310088.92,7747.94,6140.27,323977.13,33.56,1379403.63,45648.55
VOY-000184,Capesize,7239.0,90234.5,616.24,4.64,23.2,543319.33,17163.98,21537.08,582020.39,24.16,2180093.22,57393.83
VOY-000185,Supramax,11325.7,90154.0,490.39,5.54,36.3,480637.12,10863.23,11488.33,502988.69,26.93,2427717.93,46003.75
VOY-000186,Handysize,6606.3,18799.6,634.37,5.8,21.17,134320.37,11044.93,6023.52,151388.81,14.59,274369.99,4558.64
VOY-000187,Capesize,4694.9,71075.1,452.47,4.88,15.05,258725.92,13237.72,13086.0,285049.64,42.52,3021827.72,137361.89
VOY-000188,Panamax,8739.3,155552.0,860.89,4.81,28.01,771642.38,20702.37,50494.02,842838.77,29.15,4534054.38,112468.55
VOY-000189,Panamax,4211.2,159409.0,589.66,4.56,13.5,254684.85,13433.95,34240.36,302359.16,19.84,3162305.14,158411.58
VOY-000190,Handysize,10013.2,144824.3,601.87,3.51,32.09,193162.6,6346.11,37433.91,236942.62,41.5,6010166.36,162131.17
VOY-000191,Supramax,10640.1,41613.3,648.63,2.25,34.1,597245.63,5829.28,6093.03,609167.93,19.95,830041.6,6076.34
VOY-000192,Panamax,958.3,76912.6,482.65,5.23,3.07,47440.69,12620.4,16714.83,76775.93,42.4,3260963.48,383579.44
VOY-000193,Supramax,11493.1,157268.1,872.06,4.27,36.84,867349.31,14885.35,26562.2,908796.87,27.15,4269393.38,81758.25
VOY-000194,Supramax,7219.6,159470.8,633.56,3.36,23.14,395827.65,8505.29,20287.19,424620.14,9.26,1475951.43,39679.08
VOY-000195,Panamax,11746.3,80317.3,681.67,4.28,37.65,821238.01,14585.79,24093.17,859916.96,20.8,1670966.11,19343.97
VOY-000196,Supramax,9602.0,75578.1,434.51,3.22,30.78,361052.26,5590.24,16760.44,383402.95,27.56,2083287.49,50008.26
VOY-000197,Capesize,2081.4,115489.8,852.64,1.84,6.67,216144.72,9394.38,29833.7,255372.8,11.25,1298783.17,122647.04
VOY-000198,Supramax,5393.0,176333.0,437.23,3.39,17.29,204058.13,5921.54,44744.78,254724.45,33.43,5895511.29,272883.53
VOY-000199,Supramax,11660.4,14885.8,480.54,3.59,37.37,484897.65,6894.32,3331.57,495123.54,42.34,630298.74,3300.19
VOY-000200,Handysize,7313.0,69987.4,819.96,3.84,23.44,192191.87,9440.89,15958.5,217591.26,18.83,1318122.69,40346.53
VOY-000201,Supramax,1103.6,14807.0,693.81,2.32,3.54,66264.45,6432.72,4619.37,77316.54,36.89,546257.46,80089.18
VOY-000202,Panamax,3794.8,60863.7,724.63,2.27,12.16,282032.43,8216.42,12065.4,302314.25,9.44,574746.35,18878.75
VOY-000203,Handysize,1906.7,109704.3,667.5,5.04,6.11,40793.22,10098.92,35358.32,86250.46,33.3,3653224.09,319778.02
VOY-000204,Supramax,9512.4,150350.3,788.34,4.51,30.49,648952.47,14225.22,37970.31,701148.0,41.2,6195106.32,156972.5
VOY-000205,Capesize,10605.8,29402.7,775.95,5.17,33.99,1002324.57,24060.03,8424.41,1034809.02,22.64,665773.15,-9423.61
VOY-000206,Panamax,7383.8,178598.5,597.09,3.31,23.67,452187.76,9887.82,47259.68,509335.26,25.45,4545175.48,149596.81
VOY-000207,Handysize,1796.8,60179.0,467.96,2.81,5.76,26949.65,3946.36,15741.33,46637.34,22.05,1326906.29,149390.5
VOY-000208,Panamax,9434.2,134638.9,587.96,3.68,30.24,568916.1,10814.87,25875.82,605606.78,13.49,1816912.18,35714.37
VOY-000209,Capesize,4716.3,115965.8,424.5,1.89,15.12,243840.23,4817.72,20511.55,269169.5,19.54,2266426.9,117432.01
VOY-000210,Supramax,10170.9,12049.0,579.73,3.74,32.6,510267.22,8664.34,2001.61,520933.18,13.48,162451.59,-9865.92
VOY-000211,Panamax,1300.4,27372.8,501.92,2.56,4.17,66941.7,6420.81,3467.33,76829.84,26.72,731521.42,97332.7
VOY-000212,Capesize,9250.3,119050.3,621.55,5.23,29.65,700258.48,19520.98,29738.82,749518.29,13.25,1577090.71,23724.37
VOY-000213,Panamax,11793.1,47035.1,895.59,5.34,37.8,1083251.87,23901.71,8065.35,1115218.92,18.45,867826.69,-5735.18
VOY-000214,Capesize,5065.0,71824.1,735.35,2.75,16.23,453633.25,12129.96,13536.66,479299.88,9.2,660453.55,9542.85
VOY-000215,Panamax,7857.2,174707.8,619.67,4.98,25.18,499370.03,15423.21,33518.35,548311.6,29.78,5202705.21,154318.01
VOY-000216,Panamax,6236.4,73664.9,496.84,4.5,19.99,317788.57,11181.62,14314.36,343284.55,13.89,1023442.97,27773.53
VOY-000217,Panamax,2751.6,21299.0,557.64,3.89,8.82,157371.57,10850.39,4412.44,172634.4,18.41,392199.99,17274.19
VOY-000218,Supramax,8188.2,75902.7,845.17,2.91,26.24,598880.21,9842.04,20879.74,629601.99,36.45,2766833.65,73304.79
VOY-000219,Handysize,4937.3,143096.2,457.52,3.86,15.82,72402.11,5300.47,43456.24,121158.83,24.47,3501669.8,171717.44
VOY-000220,Supramax,4070.3,10943.0,849.7,3.46,13.05,299298.71,11752.96,2571.33,313622.99,22.95,251181.07,-3783.45
VOY-000221,Supramax,9383.5,66360.3,765.24,3.8,30.08,621404.05,11643.8,10416.55,643464.41,10.21,677388.47,1001.32
VOY-000222,Panamax,902.9,102097.5,792.4,3.87,2.89,73381.29,15318.72,26801.12,115501.13,33.32,3402155.32,486167.15
VOY-000223,Capesize,6018.8,37498.5,785.5,4.4,19.29,575820.4,20741.53,7118.65,603680.57,12.43,466041.52,-5809.51
VOY-000224,Panamax,8410.2,32337.4,842.23,1.94,26.96,726486.95,8166.74,7509.94,742163.64,25.05,809948.91,2345.92
VOY-000225,Capesize,3131.5,34744.2,662.86,4.08,10.04,252813.86,16244.96,4778.65,273837.46,32.47,1128266.24,60506.11
VOY-000226,Handysize,7615.8,164321.3,777.82,5.75,24.41,189862.59,13407.76,46510.28,249780.63,29.54,4854340.7,152694.52
VOY-000227,Capesize,6688.0,115470.7,754.73,4.17,21.44,614777.48,18869.66,16887.05,650534.19,36.34,4196555.7,138500.31
VOY-000228,Panamax,2651.4,168738.1,786.65,3.71,8.5,213918.84,14603.43,45645.76,274168.03,8.69,1466803.68,97670.32
VOY-000229,Handysize,3710.4,80152.4,459.03,2.29,11.89,54588.58,3158.3,15056.1,72802.98,15.87,1272223.97,84551.33
VOY-000230,Capesize,11135.4,91207.2,838.3,4.32,35.69,1136929.33,21731.92,15528.13,1174189.38,28.38,2588830.36,35356.42
VOY-000231,Supramax,2368.6,25356.9,621.03,1.88,7.59,127297.52,4657.76,4440.74,136396.02,12.03,304985.57,17808.41
VOY-000232,Capesize,11110.5,30025.4,770.58,4.47,35.61,1042758.59,20654.03,9665.1,1073077.72,22.14,664644.0,-10191.01
VOY-000233,Capesize,8477.1,112177.4,878.43,3.33,27.17,906954.71,17533.23,16462.85,940950.79,17.23,1933156.87,32534.62
VOY-000234,Supramax,2723.1,144476.8,874.71,1.52,8.73,206127.72,5334.55,18026.12,229488.39,10.76,1554968.66,129283.39
VOY-000235,Capesize,7412.7,78630.3,841.83,2.22,23.76,760030.03,11222.75,24677.37,795930.15,29.12,2289569.83,57490.63
VOY-000236,Supramax,852.3,174677.8,478.06,5.5,2.73,35259.9,10519.34,46975.65,92754.88,9.63,1681754.68,193009.61
VOY-000237,Panamax,3633.2,17108.9,824.36,2.97,11.65,307188.37,12261.28,3834.15,323283.79,36.05,616772.05,20074.75
VOY-000238,Capesize,5616.9,158616.4,627.99,2.64,18.0,429616.18,9959.67,30229.47,469805.33,31.09,4931761.06,216115.35
VOY-000239,Handysize,5420.0,79963.5,516.72,2.0,17.37,89764.06,3102.97,18407.14,111274.17,33.62,2688129.58,133008.61
VOY-000240,Supramax,2665.9,123763.4,489.8,5.5,8.54,112997.63,10778.24,18876.24,142652.11,40.7,5036915.13,348447.04
VOY-000241,Panamax,9296.4,61670.9,803.18,4.59,29.8,765813.74,18423.2,10940.04,795176.98,8.2,505498.81,-8424.91
VOY-000242,Capesize,10641.5,162315.7,587.27,3.52,34.11,761151.76,12415.27,22199.48,795766.5,37.69,6116887.6,141403.74
VOY-000243,Supramax,11599.3,166922.9,747.53,3.99,37.18,750363.59,11915.8,25536.09,787815.48,44.74,7468509.94,162301.63
VOY-000244,Panamax,1854.9,20311.5,680.24,3.04,5.95,129410.28,10333.85,2893.97,142638.1,9.29,188593.35,5115.61
VOY-000245,Handysize,7230.7,54967.6,502.7,4.66,23.18,116501.62,7021.53,8961.28,132484.42,8.72,479357.33,12463.42
VOY-000246,Capesize,9959.5,70497.3,699.0,4.82,31.92,847904.2,20232.33,10560.6,878697.13,33.45,2358101.17,40260.64
VOY-000247,Capesize,6584.1,163583.3,736.23,3.64,21.1,590387.52,16091.35,22481.33,628960.2,12.18,1992651.23,55108.45
VOY-000248,Supramax,7641.3,168429.3,693.6,2.76,24.49,458656.15,7663.59,50728.31,517048.04,27.2,4581320.35,149128.07
VOY-000249,Handysize,3575.4,130985.6,479.96,2.69,11.46,55001.82,3866.75,31441.37,90309.94,29.74,3895437.76,269004.3
VOY-000250,Capesize,11159.7,125341.0,771.45,1.52,35.77,1048551.49,7026.62,37155.11,1092733.22,13.3,1667206.62,15407.09
VOY-000251,Handysize,10562.9,76760.0,687.68,2.42,33.86,232815.52,4989.83,22628.63,260433.98,31.79,2440162.97,60090.5
VOY-000252,Handysize,10737.0,73693.6,865.06,5.18,34.41,297697.59,13439.2,12588.58,323725.37,44.15,3253536.14,74000.01
VOY-000253,Panamax,6222.0,11572.6,494.91,3.69,19.94,315828.22,9135.53,3326.45,328290.2,28.94,334890.72,279.28
VOY-000254,Capesize,11472.1,179907.3,533.29,3.1,36.77,745138.57,9933.36,31828.15,786900.08,26.47,4762747.38,99710.43
VOY-000255,Capesize,3082.3,11344.2,540.63,2.11,9.88,202952.95,6854.97,2544.03,212351.95,28.18,319679.54,8949.69
VOY-000256,Handysize,2120.4,71793.8,800.61,2.72,6.8,54410.65,6527.47,22278.58,83216.7,18.13,1301498.58,128053.0
VOY-000257,Capesize,7494.4,100792.6,419.0,5.85,24.02,382456.3,14699.46,32222.63,429378.39,9.7,977686.15,18357.89
VOY-000258,Supramax,874.2,81214.2,826.87,4.2,2.8,62555.65,13882.86,16323.37,92761.88,9.48,769878.16,96738.99
VOY-000259,Panamax,8634.7,119709.0,498.82,2.77,27.68,441757.64,6898.93,31730.01,480386.58,36.59,4380437.19,128117.04
VOY-000260,Capesize,6956.4,104706.6,513.88,2.24,22.3,435388.81,6896.23,30152.46,472437.5,39.71,4157519.95,150210.57
VOY-000261,Supramax,825.5,115446.5,639.38,2.56,2.65,45678.01,6546.37,14858.65,67083.03,33.45,3861969.23,728997.69
VOY-000262,Panamax,818.6,87178.2,538.65,2.01,2.62,45226.34,5405.86,13529.7,64161.91,8.8,766874.51,151741.68
VOY-000263,Capesize,11783.9,82559.0,626.26,4.8,37.77,898819.9,18021.26,21127.63,937968.79,33.99,2806514.49,43898.66
VOY-000264,Panamax,1529.8,54649.8,571.59,3.09,4.9,89681.14,8838.62,16254.34,114774.11,37.98,2075487.95,245221.44
VOY-000265,Handysize,10437.4,99002.0,609.51,3.42,33.45,203901.81,6245.71,12068.76,222216.28,40.4,3999282.49,102446.04
VOY-000266,Capesize,8736.8,121492.5,467.34,2.44,28.0,497294.25,6840.33,21907.58,526042.17,37.02,4498124.54,130480.14
VOY-000267,Capesize,7636.8,63480.3,432.73,4.97,24.48,402490.95,12894.9,11320.02,426705.87,24.95,1583607.16,39292.22
VOY-000268,Capesize,5215.7,94415.9,559.8,1.85,16.72,355611.17,6225.75,17515.48,379352.4,20.17,1903925.76,82095.92
VOY-000269,Supramax,4458.6,17285.8,659.0,4.17,14.29,254265.42,10987.25,2155.61,267408.28,21.51,371779.11,5654.37
VOY-000270,Panamax,6824.6,175167.3,747.26,3.36,21.87,523048.96,12567.26,22427.07,558043.29,19.71,3452339.66,114683.68
VOY-000271,Capesize,10878.3,63447.2,411.84,5.67,34.87,545649.49,14011.11,15411.74,575072.34,12.84,814886.34,5916.01
VOY-000272,Handysize,2923.4,91627.8,677.17,4.08,9.37,63450.12,8284.39,25903.58,97638.09,18.31,1677309.52,117467.18
VOY-000273,Supramax,410.2,165668.8,696.45,5.88,1.31,24723.63,16391.1,43004.12,84118.85,26.83,4444753.55,605758.71
VOY-000274,Supramax,904.3,120821.7,553.47,3.48,2.9,43310.66,7695.41,28005.93,79012.01,12.25,1480318.13,219838.5
VOY-000275,Panamax,3416.0,153469.6,418.43,2.09,10.95,146600.36,4364.82,33122.24,184087.43,24.44,3751240.51,273659.87
VOY-000276,Supramax,11113.1,36963.0,798.98,5.66,35.62,768383.12,18074.71,10722.48,797180.31,36.72,1357272.26,13569.97
VOY-000277,Panamax,11334.7,132623.0,838.02,3.86,36.33,974221.46,16185.91,33104.35,1023511.72,40.5,5371283.72,108175.24
VOY-000278,Capesize,3385.1,123762.3,822.56,3.7,10.85,339124.94,18260.87,29482.54,386868.34,35.64,4411188.83,276594.26
VOY-000279,Supramax,4445.5,83294.0,474.02,4.41,14.25,182359.06,8360.73,17810.28,208530.08,31.73,2642782.55,130467.25
VOY-000280,Handysize,5685.3,144914.7,832.62,2.74,18.22,151720.33,6838.71,32132.74,190691.79,43.92,6364145.05,294537.8
VOY-000281,Panamax,2692.3,61002.1,415.46,5.79,8.63,114723.1,12028.25,14340.58,141091.93,18.62,1135989.35,68996.72
VOY-000282,Supramax,638.5,29956.1,631.64,2.34,2.05,34899.52,5912.18,7533.76,48345.46,36.76,1101054.71,239992.97
VOY-000283,Capesize,9971.5,98345.5,841.64,3.53,31.96,1022156.85,17822.0,20201.0,1060179.85,41.33,4064508.2,84654.81
VOY-000284,Capesize,9770.2,28389.5,803.32,2.19,31.31,955924.93,10552.19,8032.8,974509.92,30.86,876136.45,-2936.16
VOY-000285,Handysize,2220.2,32551.0,487.25,2.06,7.12,34672.34,3007.05,4647.83,42327.23,44.38,1444619.83,152870.21
VOY-000286,Capesize,3097.4,108789.4,811.72,2.12,9.93,306217.62,10320.28,35576.75,352114.65,38.1,4145287.04,314876.17
VOY-000287,Capesize,7189.8,80649.3,644.36,3.16,23.04,564252.89,12226.78,15485.51,591965.17,23.09,1862064.05,48464.71
VOY-000288,Handysize,8810.6,172775.0,493.74,5.41,28.24,139427.3,8019.22,25583.48,173030.0,28.11,4857198.17,139190.15
VOY-000289,Capesize,5495.5,22710.5,604.89,4.67,17.61,404864.01,16955.32,3005.15,424824.48,38.45,873333.26,20125.57
VOY-000290,Supramax,7991.0,112891.8,599.0,3.86,25.61,414227.01,9255.49,34209.18,457691.68,10.95,1236572.38,26425.02
VOY-000291,Panamax,6681.2,66130.1,778.04,5.6,21.41,533155.8,21785.39,8984.67,563925.87,21.03,1390573.84,30600.4
VOY-000292,Handysize,10304.0,18910.1,786.97,4.57,33.03,259901.98,10795.59,2550.25,273247.82,11.96,226134.76,-1253.06
VOY-000293,Supramax,11654.4,45325.9,505.1,3.5,37.35,509417.79,7074.65,9327.98,525820.43,22.87,1036763.88,12506.15
VOY-000294,Handysize,3006.2,127967.0,724.55,5.13,9.64,69812.85,11141.97,36675.54,117630.35,42.63,5454616.9,361551.25
VOY-000295,Handysize,6155.7,49446.8,543.59,3.1,19.73,107249.9,5048.56,12589.71,124888.16,24.61,1217100.53,47850.34
VOY-000296,Handysize,751.2,163729.7,665.97,5.63,2.41,16033.51,11255.48,48630.58,75919.56,37.68,6168997.21,757730.39
VOY-000297,Capesize,11109.4,43122.1,475.02,5.57,35.61,642730.78,15875.23,11476.81,670082.82,40.85,1761681.87,26509.92
VOY-000298,Handysize,3488.3,112103.6,736.98,4.36,11.18,82399.18,9642.75,33212.01,125253.94,42.31,4743402.46,297140.86
VOY-000299,Supramax,11449.1,10792.5,533.63,5.29,36.7,528719.1,11290.3,1898.77,541908.17,36.8,397111.4,-3448.75
VOY-000300,Handysize,1572.7,88046.0,877.82,5.81,5.04,44247.05,15308.57,23425.18,82980.8,40.33,3551058.19,319531.63
VOY-000301,Supramax,11568.3,14330.2,415.75,1.56,37.08,416210.73,2589.96,4472.76,423273.45,42.68,611631.27,4875.26
VOY-000302,Panamax,3549.7,75931.0,450.25,3.26,11.38,163926.92,7345.04,24530.92,195802.88,25.65,1947806.09,119672.24
VOY-000303,Capesize,8839.1,60907.3,829.7,4.75,28.33,893225.73,23666.95,17703.16,934595.83,17.14,1043705.34,3297.89
VOY-000304,Handysize,7719.0,142186.2,554.13,5.08,24.74,137093.1,8452.33,19485.91,165031.34,9.77,1388517.24,41022.58
VOY-000305,Handysize,3358.9,28496.5,768.62,1.87,10.77,82746.61,4305.44,8183.33,95235.39,22.64,645253.57,43538.98
VOY-000306,Handysize,11092.5,108160.4,825.25,2.68,35.55,293398.62,6625.99,23729.83,323754.45,35.32,3819827.38,91450.23
VOY-000307,Panamax,9499.0,113830.6,727.79,4.94,30.45,709058.93,17978.63,28037.99,755075.55,24.45,2783704.15,57328.29
VOY-000308,Handysize,2529.9,177440.5,714.49,4.63,8.11,57935.72,9929.34,30466.9,98331.96,25.29,4486753.99,344431.13
VOY-000309,Panamax,3461.4,91736.6,882.44,4.64,11.09,313282.69,20472.33,18060.85,351815.86,12.03,1103932.79,47800.97
VOY-000310,Capesize,4393.7,163081.4,550.11,5.04,14.08,294376.35,16633.93,52608.96,363619.24,21.97,3583517.31,168387.74
VOY-000311,Panamax,9373.8,116166.7,616.66,3.17,30.04,592868.92,9781.21,30763.6,633413.73,18.79,2183319.3,46660.47
VOY-000312,Panamax,11245.1,81068.7,874.53,3.27,36.04,1008640.66,14317.88,12172.82,1035131.37,18.92,1534105.86,12691.22
VOY-000313,Panamax,4974.4,27987.9,524.71,2.23,15.94,267703.62,5840.42,7659.42,281203.46,43.11,1206490.72,50924.99
VOY-000314,Capesize,6007.7,57726.7,533.53,2.66,19.26,390384.0,8511.05,9324.72,408219.76,22.58,1303264.67,40843.29
VOY-000315,Handysize,9003.9,84252.7,775.72,2.25,28.86,223863.53,5233.51,20186.23,249283.27,34.03,2867449.38,84164.95
VOY-000316,Panamax,10604.6,48514.9,494.71,2.26,33.99,538074.81,5582.38,6722.68,550379.87,42.17,2045780.29,41257.17
VOY-000317,Panamax,2026.4,66382.7,896.73,1.59,6.49,186369.52,7151.01,10358.5,203879.03,21.36,1417870.45,150067.47
VOY-000318,Supramax,11192.5,141936.7,839.96,3.06,35.87,813565.95,10271.39,38448.44,862285.79,22.26,3159126.02,58998.55
VOY-000319,Panamax,7811.7,90497.0,704.82,4.83,25.04,564706.63,17005.84,24334.44,606046.92,40.1,3628916.82,101223.98
VOY-000320,Supramax,1496.1,146886.0,870.99,4.24,4.8,112771.17,14786.87,36361.27,163919.3,38.28,5622342.02,603834.78
VOY-000321,Capesize,8492.1,102850.1,890.24,4.1,27.22,920767.14,21899.85,13499.33,956166.31,15.22,1565222.17,19447.33
VOY-000322,Supramax,3528.5,46850.2,614.25,3.98,11.31,187561.58,9768.31,6450.8,203780.69,19.46,911806.41,46321.29
VOY-000323,Handysize,9974.3,145003.7,809.37,1.92,31.97,258745.92,4669.18,43955.94,307371.04,30.62,4440590.11,121953.19
VOY-000324,Handysize,5330.2,44092.4,794.83,4.88,17.08,135789.54,11628.4,8770.95,156188.9,15.29,674105.93,23583.71
VOY-000325,Handysize,7168.5,166933.2,456.67,5.32,22.98,104925.12,7285.72,48321.19,160532.03,19.53,3260779.85,109572.52
VOY-000326,Handysize,8028.9,19109.1,675.32,5.27,25.73,173785.51,10682.34,6215.2,190683.06,13.47,257333.63,2149.56
VOY-000327,Capesize,4733.9,108854.1,498.32,2.6,15.17,287313.72,7787.94,26273.9,321375.57,34.47,3751960.78,192973.82
VOY-000328,Capesize,4670.4,67007.3,730.97,5.78,14.97,415793.74,25371.24,18898.57,460063.55,13.13,879750.33,20221.94
VOY-000329,Supramax,6066.6,60843.6,494.45,2.23,19.44,259587.16,4411.68,17489.75,281488.59,30.76,1871734.72,73367.88
VOY-000330,Panamax,5813.6,28698.1,614.86,3.34,18.63,366621.78,10273.89,9245.28,386140.95,41.97,1204549.14,37242.15
VOY-000331,Capesize,934.9,85559.4,455.44,4.94,3.0,51856.84,13492.47,11823.45,77172.76,35.85,3067321.26,376885.91
VOY-000332,Handysize,8350.4,151922.6,474.31,5.13,26.76,126945.78,7296.92,42625.02,176867.72,24.39,3705379.45,110638.88
VOY-000333,Panamax,2192.9,173707.1,794.17,1.78,7.03,178621.82,7053.14,33320.82,218995.79,25.94,4506660.32,486962.45
VOY-000334,Panamax,11168.8,82776.9,438.35,4.98,35.8,502137.81,10907.4,20149.69,533194.9,10.31,853839.3,7863.94
VOY-000335,Panamax,1335.3,158312.4,444.0,3.37,4.28,60807.67,7475.51,29043.67,97326.85,30.5,4828421.21,618666.99
VOY-000336,Panamax,4314.0,115379.4,806.55,3.77,13.83,356866.25,15218.23,28751.01,400835.49,13.51,1558335.95,65765.34
VOY-000337,Capesize,10317.9,19990.4,417.58,4.09,33.07,524753.88,10246.25,5906.07,540906.2,24.86,496906.86,-1184.06
VOY-000338,Capesize,5235.5,158352.3,460.24,3.95,16.78,293471.86,10919.52,51223.01,355614.39,44.19,6998209.22,320362.65
VOY-000339,Supramax,2265.1,32137.2,526.1,5.29,7.26,103125.83,11127.88,7247.13,121500.83,29.81,957850.08,66652.97
VOY-000340,Panamax,3272.1,94789.0,592.97,4.08,10.49,198997.86,12085.7,29151.5,240235.06,14.82,1404796.44,79962.96
VOY-000341,Capesize,8904.6,150917.0,464.17,4.56,28.54,503407.78,12692.71,30479.48,546579.98,15.67,2364202.93,54916.55
VOY-000342,Supramax,4155.9,137934.6,463.2,2.4,13.32,166588.04,4453.6,21521.57,192563.21,19.37,2671615.03,157661.82
VOY-000343,Supramax,3390.7,88170.6,482.01,5.54,10.87,141433.26,10688.42,28610.02,180731.7,37.28,3286829.17,189267.09
VOY-000344,Supramax,522.4,37786.2,637.85,3.24,1.67,28835.4,8270.31,11253.88,48359.58,43.73,1652278.78,326276.45
VOY-000345,Capesize,4498.0,87550.2,587.27,2.87,14.42,321726.71,10126.56,22489.51,354342.78,24.99,2187992.2,106048.93
VOY-000346,Capesize,7856.8,30065.9,637.53,5.41,25.18,610063.39,20682.01,7557.02,638302.43,28.45,855475.15,7099.73
VOY-000347,Panamax,3656.2,179556.2,522.0,2.43,11.72,195744.73,6343.01,40514.89,242602.63,25.59,4594116.46,307553.33
VOY-000348,Supramax,4210.3,39556.9,486.52,3.56,13.49,177266.82,6919.47,10188.58,194374.88,12.42,491446.38,17423.43
VOY-000349,Supramax,1006.9,166943.0,429.36,4.49,3.23,37412.37,7715.69,38930.99,84059.05,42.57,7106537.0,909672.93
VOY-000350,Handysize,5456.2,118882.9,613.56,2.86,17.49,107297.8,5267.26,27877.96,140443.02,41.09,4884940.36,233153.51
VOY-000351,Handysize,2383.0,31707.9,784.05,5.85,7.64,59885.27,13751.39,10301.88,83938.54,40.25,1276394.48,88433.16
VOY-000352,Capesize,9833.7,160815.0,571.22,2.55,31.52,684149.8,8726.41,20231.61,713107.82,25.67,4128615.73,100266.59
VOY-000353,Capesize,8616.7,58930.8,493.03,5.66,27.62,517424.88,16744.37,15362.0,549531.26,18.09,1065907.33,15517.01
VOY-000354,Handysize,11935.5,101562.1,408.93,5.85,38.25,156434.69,7178.79,23226.85,186840.33,24.78,2517169.62,52834.04
VOY-000355,Supramax,10228.3,175772.6,524.81,4.4,32.78,464531.06,9235.96,32374.16,506141.17,28.34,4981896.74,120371.74
VOY-000356,Handysize,6644.3,135462.4,518.9,2.51,21.3,110503.83,3908.74,31951.74,146364.3,25.93,3513153.54,141421.37
VOY-000357,Handysize,10471.5,35364.3,604.2,5.16,33.56,202786.66,9358.06,7791.52,219936.23,43.19,1527408.95,33762.68
VOY-000358,Handysize,307.1,135802.3,806.63,4.37,0.98,7938.31,10583.82,27030.02,45552.16,41.83,5680805.85,1051776.08
VOY-000359,Capesize,1812.5,100578.7,756.37,2.84,5.81,166975.64,12872.89,24727.46,204575.99,33.69,3388986.88,368311.02
VOY-000360,Supramax,1524.4,96480.6,794.82,2.34,4.89,104853.57,7455.08,24728.98,137037.62,39.86,3845751.58,512899.84
VOY-000361,Supramax,8252.3,91400.0,532.63,2.45,26.45,380372.73,5223.8,23544.92,409141.45,40.51,3702863.68,113963.93
VOY-000362,Supramax,2089.7,51658.3,787.17,1.85,6.7,142349.11,5826.5,11629.43,159805.04,9.1,470172.9,36308.32
VOY-000363,Capesize,5825.1,148542.5,880.53,1.56,18.67,624707.77,8234.24,34642.19,667584.2,42.2,6268649.07,276884.81
VOY-000364,Capesize,6321.2,42694.3,766.28,2.62,20.26,589948.74,12059.01,7170.63,609178.39,16.48,703407.83,4117.86
VOY-000365,Handysize,6016.8,163886.1,499.39,3.02,19.28,96304.66,4523.5,20437.75,121265.91,31.34,5136647.09,224864.84
VOY-000366,Supramax,757.3,175815.1,745.26,3.92,2.43,48841.93,11694.7,55595.29,116131.93,29.3,5151668.19,792959.03
VOY-000367,Handysize,11493.5,99100.7,435.56,5.31,36.84,160450.11,6944.21,30097.19,197491.51,15.36,1521978.6,31421.36
VOY-000368,Panamax,4059.0,154086.3,710.16,2.15,13.01,295643.24,7648.27,36950.78,340242.29,42.53,6552739.47,409702.36
VOY-000369,Handysize,6674.6,115208.0,498.92,3.61,21.39,106734.62,5407.3,30291.48,142433.4,28.04,3230054.17,123476.48
VOY-000370,Supramax,7810.7,14323.4,637.55,1.96,25.03,430937.74,4992.99,4294.35,440225.09,14.68,210300.46,-8518.21
VOY-000371,Handysize,1719.5,72923.2,649.71,4.53,5.51,35806.18,8837.59,9957.39,54601.16,26.63,1942055.78,187894.91
VOY-000372,Supramax,10854.2,20049.2,660.93,3.11,34.79,620814.81,8224.82,4035.89,633075.52,28.55,572461.95,-1599.29
VOY-000373,Supramax,10900.3,138578.9,594.08,3.15,34.94,560389.84,7487.32,19495.7,587372.85,30.35,4205281.69,94988.74
VOY-000374,Handysize,4708.1,111579.3,650.51,5.76,15.09,98161.97,11245.75,20024.84,129432.56,42.86,4782093.46,223122.9
VOY-000375,Supramax,5004.2,116904.5,463.86,5.42,16.04,200880.63,10060.83,27609.73,238551.19,8.14,951688.64,33228.66
VOY-000376,Handysize,8200.7,129914.4,507.18,3.93,26.28,133307.85,5980.44,35539.99,174828.28,24.56,3190813.03,99817.98
VOY-000377,Panamax,3010.2,23239.2,413.01,5.62,9.65,127510.54,11596.09,4411.6,143518.24,44.18,1026766.51,57867.1
VOY-000378,Capesize,1392.5,23276.0,805.91,2.25,4.46,136684.71,10871.21,4336.87,151892.79,23.48,546429.69,58785.7
VOY-000379,Handysize,2304.7,155934.0,884.5,1.97,7.39,65336.8,5216.84,47834.85,118388.5,29.24,4559314.78,474818.91
VOY-000380,Panamax,7603.3,150991.5,496.58,2.65,24.37,387245.24,6582.03,43635.71,437462.99,34.23,5168155.02,175077.47
VOY-000381,Handysize,4996.7,79094.7,635.42,3.07,16.02,101764.02,5854.47,19419.92,127038.42,38.72,3062215.93,153784.02
VOY-000382,Panamax,906.4,157577.9,711.44,4.54,2.91,66138.72,16147.71,40808.82,123095.25,44.99,7090002.55,935838.32
VOY-000383,Capesize,3556.9,37637.1,810.09,4.97,11.4,350943.41,24134.79,9141.43,384219.63,20.48,770705.8,23615.35
VOY-000384,Handysize,2567.9,11526.4,508.22,3.82,8.23,41829.64,5824.3,3179.89,50833.83,18.54,213678.97,13513.4
VOY-000385,Handysize,6747.7,176455.2,619.28,5.57,21.63,133932.45,10347.3,47569.9,191849.65,22.82,4026283.0,140988.35
VOY-000386,Handysize,5767.0,141391.9,634.16,4.35,18.48,117218.52,8281.27,24903.63,150403.42,19.52,2759468.71,114248.35
VOY-000387,Supramax,703.4,61703.5,473.77,1.63,2.25,28837.51,3094.84,17899.05,49831.39,13.85,854340.15,206949.52
VOY-000388,Handysize,4872.3,72785.0,520.21,4.58,15.62,81237.59,7149.67,10629.96,99017.22,44.02,3204242.2,153743.56
VOY-000389,Supramax,2391.3,69474.5,820.61,2.76,7.66,169814.21,9044.55,22507.44,201366.19,24.47,1699729.25,143801.1
VOY-000390,Handysize,8410.1,75513.9,890.67,5.38,26.96,240084.28,14371.43,15806.88,270262.59,11.44,863772.4,18355.63
VOY-000391,Supramax,423.1,167984.4,425.95,5.78,1.36,15597.03,9839.9,40095.12,65532.05,40.88,6867249.11,953757.99
VOY-000392,Supramax,5374.0,161497.1,705.46,1.96,17.22,328080.3,5539.77,39235.55,372855.61,44.53,7191114.4,355345.21
VOY-000393,Supramax,11110.8,157813.0,868.64,4.22,35.61,835203.57,14654.65,27884.98,877743.19,42.04,6634945.44,144546.97
VOY-000394,Supramax,9205.8,42956.0,587.65,3.05,29.51,468152.65,7174.89,7530.93,482858.46,26.62,1143643.77,20295.54
VOY-000395,Supramax,10579.0,159164.2,861.68,1.9,33.91,788863.36,6536.7,35487.34,830887.4,21.69,3451915.94,73205.71
VOY-000396,Capesize,3552.2,81341.2,713.7,5.18,11.39,308771.87,22180.06,26084.58,357036.51,31.07,2527142.34,131008.03
VOY-000397,Panamax,5872.8,108104.5,523.93,5.43,18.82,315585.54,14223.34,33320.81,363129.69,23.1,2496732.02,87974.62
VOY-000398,Capesize,11104.3,13269.4,517.05,3.21,35.59,699278.32,9972.91,3493.87,712745.09,36.97,490606.64,-5724.44
VOY-000399,Handysize,6981.7,144904.1,726.1,4.47,22.38,162479.21,9727.95,35198.06,207405.23,16.95,2456577.45,83790.01
VOY-000400,Panamax,6623.7,113736.1,800.38,4.98,21.23,543737.32,19916.71,25432.49,589086.52,29.35,3338423.38,104910.37
VOY-000401,Handysize,9848.3,101033.1,811.55,1.78,31.56,256166.01,4328.31,23712.56,284206.87,34.03,3437674.13,94577.18
VOY-000402,Supramax,6464.1,173016.1,682.84,5.25,20.72,381976.66,14333.42,23431.17,419741.24,17.92,3100815.57,103252.81
VOY-000403,Supramax,4833.0,159338.2,818.54,5.91,15.49,342346.34,19341.63,26511.06,388199.04,34.19,5448440.29,236486.14
VOY-000404,Panamax,2940.7,140424.8,410.47,1.84,9.43,123801.73,3778.69,35569.44,163149.86,30.47,4278081.18,365233.24
VOY-000405,Capesize,7199.6,28871.2,515.7,5.01,23.08,452205.21,15491.69,8409.76,476106.66,41.29,1192174.8,25499.0
VOY-000406,Capesize,6158.5,133569.8,432.76,3.4,19.74,324600.45,8830.75,29904.24,363335.45,37.29,4980192.34,199520.65
VOY-000407,Capesize,9473.8,39239.4,881.97,3.02,30.36,1017674.08,15997.1,10238.18,1043909.36,27.95,1096613.27,1578.54
VOY-000408,Handysize,10893.4,138610.1,443.33,1.98,34.91,154786.66,2636.85,45386.58,202810.09,11.19,1550739.67,36531.96
VOY-000409,Panamax,506.0,170023.9,855.64,4.94,1.62,44403.69,21152.26,48388.23,113944.18,24.62,4185964.17,620175.71
VOY-000410,Supramax,6226.4,91681.9,788.77,5.86,19.96,425009.78,18493.09,14386.79,457889.65,33.7,3089436.49,101927.5
VOY-000411,Supramax,8140.7,157588.6,793.79,5.55,26.09,559217.4,17617.79,45803.91,622639.1,24.27,3824926.18,101207.66
VOY-000412,Capesize,5567.8,99829.0,579.55,5.22,17.85,393006.22,18137.05,32583.71,443726.97,39.93,3986172.41,153610.11
VOY-000413,Panamax,4577.1,89625.9,834.99,5.2,14.67,391978.4,21719.07,18226.81,431924.29,23.48,2104041.66,84142.98
VOY-000414,Capesize,7647.2,100853.3,750.92,1.91,24.51,699399.03,8589.84,26401.32,734390.2,27.0,2723347.35,75291.6
VOY-000415,Supramax,6249.9,127154.4,598.08,3.69,20.03,323476.38,8831.0,21618.16,353925.55,23.51,2989791.29,111109.95
VOY-000416,Handysize,1612.2,56357.1,702.49,2.97,5.17,36299.06,6262.25,15429.61,57990.92,14.39,811001.67,92523.38
VOY-000417,Handysize,6741.9,145698.0,896.82,4.99,21.61,193790.98,13426.62,45047.18,252264.79,25.44,3706415.62,129858.79
VOY-000418,Capesize,5950.6,77552.6,717.5,5.63,19.07,520008.08,24223.75,25205.59,569437.43,39.54,3066339.72,101092.0
VOY-000419,Supramax,6834.5,90829.2,778.03,5.13,21.91,460165.93,15971.09,25259.39,501396.41,31.05,2820239.06,85764.24
VOY-000420,Capesize,11486.9,10224.8,671.3,5.85,36.82,939181.41,23572.37,2586.16,965339.94,33.11,338563.71,-14689.08
VOY-000421,Supramax,5222.7,14685.2,623.87,2.63,16.74,281967.35,6570.52,4679.85,293217.72,27.71,406924.21,5869.55
VOY-000422,Supramax,2101.0,42655.1,652.12,5.03,6.73,118567.77,13125.66,7376.26,139069.69,20.79,886750.01,63546.29
VOY-000423,Panamax,8441.4,65555.1,760.59,5.74,27.06,658506.54,21822.2,15696.57,696025.31,16.47,1079930.83,11706.6
VOY-000424,Panamax,11921.8,159045.0,694.72,3.71,38.21,849467.4,12873.53,44892.79,907233.73,12.76,2028763.66,26755.9
VOY-000425,Capesize,2190.3,53857.3,610.33,2.78,7.02,162812.38,10180.64,9988.68,182981.7,10.38,558816.68,38349.84
VOY-000426,Supramax,11703.9,69146.2,753.2,3.43,37.51,762867.63,10348.44,14909.77,788125.84,28.22,1951232.54,28404.92
VOY-000427,Supramax,5511.5,126018.8,576.65,3.16,17.66,275037.28,7283.09,28767.13,311087.5,26.27,3310892.22,144065.85
VOY-000428,Panamax,10959.4,63453.5,557.73,4.68,35.13,626910.1,13059.62,20716.17,660685.89,23.83,1512389.78,21394.56
VOY-000429,Handysize,3206.2,156277.0,757.87,2.44,10.28,77880.96,5537.5,29074.57,112493.02,40.55,6336939.0,489654.76
VOY-000430,Capesize,2463.9,119768.4,739.0,3.09,7.9,221764.27,13679.86,31513.07,266957.2,24.97,2991021.07,248042.96
VOY-000431,Capesize,11485.4,169566.0,784.26,5.25,36.81,1097066.01,24694.21,39397.98,1161158.2,25.98,4404561.08,77113.79
VOY-000432,Handysize,9892.5,119662.6,439.72,2.58,31.71,139419.94,3401.88,38252.97,181074.79,9.0,1077391.64,26142.77
VOY-000433,Supramax,10137.2,172211.0,447.55,4.05,32.49,392612.83,7252.38,45327.5,445192.71,24.98,4301801.03,105538.9
VOY-000434,Capesize,8265.9,44763.9,459.47,1.78,26.49,462568.14,4911.55,14534.89,482014.58,20.63,923584.98,15617.15
VOY-000435,Panamax,3161.0,132965.4,738.1,1.81,10.13,239297.28,6691.96,43840.09,289829.32,14.04,1866639.81,132008.48
VOY-000436,Panamax,1034.6,121209.6,484.39,2.76,3.32,51398.06,6682.63,37079.72,95160.41,27.1,3285173.61,525095.49
VOY-000437,Handysize,4823.1,159795.6,510.28,4.82,15.46,78882.02,7379.07,39404.67,125665.76,33.94,5424176.65,261283.08
VOY-000438,Handysize,9374.7,14622.4,599.86,5.7,30.05,180241.6,10252.0,1870.54,192364.14,21.51,314554.1,3418.47
VOY-000439,Handysize,3801.4,164546.4,444.62,1.58,12.18,54172.5,2102.96,27022.43,83297.89,16.42,2701472.23,190267.33
VOY-000440,Panamax,360.5,12804.3,738.34,1.64,1.16,27302.25,6045.93,2728.35,36076.53,34.61,443199.18,145751.37
VOY-000441,Handysize,630.3,116431.5,569.44,5.37,2.02,11503.89,9178.31,32895.35,53577.54,22.75,2648675.44,351025.92
VOY-000442,Panamax,11170.6,57482.2,823.82,3.45,35.8,943853.41,14225.78,9490.68,967569.87,10.64,611836.99,-9061.69
VOY-000443,Panamax,7090.4,179556.4,523.59,4.15,22.73,380767.65,10857.17,47741.21,439366.02,12.81,2299428.25,69216.78
VOY-000444,Handysize,6562.0,90068.0,803.34,2.64,21.03,168959.77,6351.91,23274.7,198586.38,14.51,1306437.9,46808.3
VOY-000445,Panamax,11907.6,126965.5,467.86,2.59,38.17,571387.98,6065.24,29081.73,606534.94,18.4,2336493.98,42444.59
VOY-000446,Supramax,2424.5,101896.8,430.81,2.08,7.77,90388.99,3584.56,26200.62,120174.17,13.03,1328002.74,122611.53
VOY-000447,Panamax,8941.2,171059.4,564.88,2.9,28.66,518023.22,8191.72,55667.24,581882.18,32.66,5586961.34,158598.44
VOY-000448,Capesize,10370.0,19905.1,532.29,2.9,33.24,672291.27,9267.62,4660.4,686219.29,44.37,883167.25,5449.71
VOY-000449,Panamax,8479.0,119982.8,568.14,1.58,27.18,494081.43,4484.83,19766.64,518332.9,43.76,5250427.95,164565.77
VOY-000450,Panamax,1369.4,68419.5,550.85,2.3,4.39,77366.6,6338.89,17764.3,101469.79,10.32,706100.2,90370.51
VOY-000451,Panamax,4404.5,22721.6,441.49,1.75,14.12,199440.77,3857.12,6033.63,209331.53,23.39,531559.09,20311.61
VOY-000452,Capesize,8791.1,11126.7,859.11,2.34,28.18,919867.18,12047.91,2457.77,934372.86,9.62,107034.12,-27113.38
VOY-000453,Capesize,4449.3,87234.8,400.19,4.71,14.26,216866.14,11303.53,22394.77,250564.44,19.06,1662853.2,74455.93
VOY-000454,Handysize,2100.0,66414.2,715.46,4.5,6.73,48155.94,9661.65,20594.26,78411.85,15.83,1051138.93,86602.69
VOY-000455,Handysize,4117.5,127211.4,553.91,3.02,13.2,73099.83,5010.92,21953.79,100064.55,15.9,2022553.88,118580.14
VOY-000456,Panamax,6105.8,39561.6,792.22,5.43,19.57,496118.5,21507.35,11678.96,529304.82,17.95,710222.18,7236.81
VOY-000457,Handysize,1287.0,85215.1,574.1,1.66,4.13,23681.93,2862.09,21041.98,47586.01,16.19,1379832.41,230221.72
VOY-000458,Handysize,695.7,150183.7,874.71,5.66,2.23,19504.12,14840.55,30072.39,64417.07,17.25,2590401.09,320346.73
VOY-000459,Supramax,9466.0,146575.0,523.82,3.39,30.34,429096.62,7102.2,47287.6,483486.42,13.8,2022387.63,45625.03
VOY-000460,Supramax,1336.7,119485.9,638.66,4.93,4.28,73878.01,12590.44,20986.31,107454.77,26.13,3122304.84,327247.54
VOY-000461,Handysize,9268.6,97733.5,525.9,4.97,29.71,156227.22,7836.49,28778.68,192842.39,30.95,3024783.5,81673.35
VOY-000462,Capesize,4408.7,89053.9,856.87,4.46,14.13,460105.86,22904.78,23620.34,506630.98,27.73,2469817.59,105629.36
VOY-000463,Supramax,859.3,106983.8,531.95,4.79,2.75,39556.02,10195.0,31017.8,80768.82,32.02,3425769.46,443319.18
VOY-000464,Panamax,7485.1,125464.1,868.48,1.58,23.99,666728.94,6853.94,38445.02,712027.9,38.35,4811898.98,160345.83
VOY-000465,Supramax,4836.9,142637.7,788.17,4.51,15.5,329913.54,14221.37,35462.98,379597.89,34.48,4917852.37,226756.36
VOY-000466,Capesize,2769.4,47773.3,813.34,2.51,8.88,274343.43,12263.82,11000.02,297607.27,16.74,799607.24,44075.82
VOY-000467,Capesize,694.3,113646.2,453.81,5.61,2.23,38376.38,15286.79,34940.81,88603.97,42.46,4825131.77,604171.13
VOY-000468,Handysize,8286.8,79948.8,539.73,3.52,26.56,143353.3,5702.62,24498.3,173554.22,40.78,3260475.12,102616.9
VOY-000469,Panamax,1040.0,34509.8,855.73,5.02,3.33,91274.23,21489.48,11176.68,123940.39,12.5,431202.8,36772.86
VOY-000470,Supramax,8842.7,84934.9,439.18,2.94,28.34,336080.24,5171.55,26843.11,368094.9,34.32,2914727.23,81398.51
VOY-000471,Supramax,8458.0,58769.3,415.56,2.02,27.11,304166.35,3353.63,10260.78,317780.76,38.78,2278819.27,67328.13
VOY-000472,Handysize,9139.9,81006.8,792.04,5.48,29.29,232024.02,13025.82,16365.93,261415.78,32.62,2642168.13,68458.91
VOY-000473,Capesize,2777.3,97851.5,494.39,3.04,8.9,167231.27,9019.46,24899.79,201150.53,38.82,3798424.91,301228.29
VOY-000474,Panamax,6556.4,22530.8,831.64,4.68,21.01,559240.29,19472.12,3753.52,582465.93,12.73,286718.7,-11509.02
VOY-000475,Panamax,3980.2,56130.7,631.12,4.26,12.76,257638.53,13439.92,16521.37,287599.82,18.17,1020141.79,43049.75
VOY-000476,Supramax,2987.2,22352.9,886.48,1.87,9.57,229161.14,6626.03,6734.51,242521.68,34.89,779859.73,46957.93
VOY-000477,Capesize,7435.0,10096.3,489.21,5.65,23.83,442999.29,16598.61,2644.2,462242.1,18.08,182552.39,-9485.78
VOY-000478,Panamax,11031.7,145766.2,857.1,5.3,35.36,969769.94,22708.09,29518.74,1021996.78,36.67,5345743.01,106347.41
VOY-000479,Supramax,1232.8,77461.6,636.15,3.87,3.95,67870.09,9841.3,17897.65,95609.04,43.06,3335419.86,414354.56
VOY-000480,Handysize,11479.2,150430.6,650.66,1.92,36.79,239392.25,3753.57,43890.91,287036.73,10.42,1567124.78,33064.24
VOY-000481,Supramax,10863.6,167153.6,699.68,2.46,34.82,657779.92,6893.06,36574.66,701247.65,37.05,6192244.47,147281.76
VOY-000482,Panamax,2359.7,113361.5,567.73,2.65,7.56,137399.19,7512.34,20887.98,165799.51,18.2,2063318.51,185858.84
VOY-000483,Panamax,7115.4,105824.9,801.09,4.63,22.81,584621.26,18532.36,19406.8,622560.42,41.25,4365266.4,136433.61
VOY-000484,Capesize,11946.0,138395.7,797.64,2.09,38.29,1160533.52,9996.07,29635.48,1200165.08,42.33,5857981.51,115357.75
VOY-000485,Panamax,1957.4,57369.0,410.22,5.17,6.27,82354.04,10614.15,12649.99,105618.17,13.29,762184.61,57349.69
VOY-000486,Panamax,5634.9,81664.0,684.06,4.59,18.06,395346.28,15701.27,24138.23,435185.78,41.72,3406906.16,131194.11
VOY-000487,Supramax,641.4,159862.1,753.8,4.27,2.06,41839.9,12865.18,45141.26,99846.34,37.78,6038979.8,939365.58
VOY-000488,Supramax,1019.0,159103.8,875.03,2.2,3.27,77160.62,7692.84,32121.54,116975.0,30.79,4899209.57,875251.85
VOY-000489,Panamax,8978.3,98608.9,505.09,4.86,28.78,465107.18,12284.87,18004.36,495396.42,20.19,1990469.7,44442.02
VOY-000490,Panamax,4614.1,159296.6,651.35,4.58,14.79,308242.83,14913.39,30077.03,353233.25,22.74,3622829.77,168815.23
VOY-000491,Supramax,4638.6,38409.3,809.01,2.85,14.87,324749.24,9217.41,9800.95,343767.6,14.4,553269.58,11825.91
VOY-000492,Panamax,4192.3,29044.1,480.11,4.06,13.44,206437.76,9735.07,9417.87,225590.7,26.88,780722.94,31735.99
VOY-000493,Panamax,7376.9,161815.8,476.4,3.01,23.64,360442.79,7179.87,42682.03,410304.69,23.04,3727571.7,124437.25
VOY-000494,Handysize,10976.8,155666.0,467.51,5.5,35.18,164480.9,7715.87,50676.01,222872.77,41.99,6537155.0,155205.62
VOY-000495,Handysize,7819.5,175795.1,887.09,5.86,25.06,222327.8,15608.15,34633.36,272569.32,40.87,7184657.46,223492.94
VOY-000496,Supramax,4924.9,98370.9,582.57,4.71,15.78,248287.02,10971.59,27005.39,286263.99,28.63,2816565.61,123470.91
VOY-000497,Capesize,7034.5,50183.2,498.97,4.73,22.55,427504.65,14156.47,15866.33,457527.45,32.96,1653849.5,43861.24
VOY-000498,Handysize,5948.6,13386.5,488.76,4.87,19.07,93186.4,7146.1,3239.33,103571.82,37.59,503229.19,16694.33
VOY-000499,Handysize,1829.9,98042.7,789.05,5.88,5.87,46278.81,13910.2,27402.94,87591.95,33.0,3235624.87,268111.39
VOY-000500,Supramax,10369.4,63755.1,479.94,3.24,33.24,430676.3,6225.35,11927.77,448829.42,31.4,2001819.5,42573.2
VOY-000501,Panamax,2540.9,166215.8,822.1,3.55,8.14,214247.48,14582.81,20051.72,248882.0,27.87,4632301.23,374917.36
VOY-000502,Panamax,3309.3,57070.9,445.17,2.14,10.61,151097.13,4767.1,13896.09,169760.33,13.88,792349.62,48837.07
VOY-000503,Capesize,1690.9,30092.4,731.63,5.43,5.42,150676.45,23856.46,9497.74,184030.65,8.53,256586.65,6684.57
VOY-000504,Supramax,2862.4,68243.0,522.59,4.32,9.17,129449.72,9036.45,9459.02,147945.19,23.94,1633502.35,110062.41
VOY-000505,Handysize,10402.6,129125.4,664.96,3.4,33.34,221710.18,6782.68,25566.29,254059.15,44.39,5731462.27,149078.32
VOY-000506,Capesize,10112.5,43344.3,726.5,4.79,32.41,894790.91,20895.84,6039.05,921725.79,22.2,962401.17,1093.26
VOY-000507,Handysize,1150.6,112303.1,570.26,5.87,3.69,21029.36,10035.58,34799.86,65864.8,23.47,2635983.56,269016.82
VOY-000508,Capesize,11288.3,140535.2,701.63,1.84,36.18,964639.96,7765.25,39325.21,1011730.41,18.5,2599386.91,41753.05
VOY-000509,Capesize,7225.0,24861.9,751.35,4.82,23.16,661163.01,21742.54,6866.16,689771.71,38.95,968418.41,9958.79
VOY-000510,Supramax,6435.8,92901.9,652.62,4.91,20.63,363471.7,12809.62,12821.17,389102.49,41.22,3829205.11,134722.83
VOY-000511,Supramax,7873.4,168863.2,649.08,4.8,25.24,442254.54,12460.68,20554.16,475269.38,18.5,3124208.34,88195.81
VOY-000512,Capesize,5928.0,163961.7,842.63,5.85,19.0,608378.47,29553.12,52161.6,690093.2,27.46,4502273.47,153435.91
VOY-000513,Panamax,8364.0,142299.2,473.89,4.46,26.81,406523.97,10576.81,43732.73,460833.5,9.01,1282527.77,26276.22
VOY-000514,Capesize,1000.1,51147.1,702.31,3.18,3.21,85545.66,13416.73,11643.34,110605.73,39.6,2025269.01,299661.48
VOY-000515,Handysize,10487.2,64492.1,774.45,2.66,33.61,260314.93,6175.46,9297.44,275787.83,28.16,1816006.23,42464.37
VOY-000516,Handysize,11685.4,81769.3,831.97,5.06,37.45,311599.69,12632.37,24237.29,348469.34,28.28,2312361.22,46193.36
VOY-000517,Panamax,496.7,115781.6,426.57,3.46,1.59,21731.16,7378.28,33501.34,62610.78,36.69,4248045.64,828572.19
VOY-000518,Supramax,9612.7,62310.6,857.09,1.58,30.81,712991.22,5409.99,15565.21,733966.41,36.18,2254680.62,46952.99
VOY-000519,Capesize,3601.5,79052.8,750.26,4.77,11.54,329096.45,21490.19,12349.58,362936.22,24.17,1910713.61,94856.13
VOY-000520,Capesize,2528.2,34409.9,537.59,3.89,8.1,165535.52,12538.1,8997.79,187071.41,17.25,593490.55,33895.82
VOY-000521,Supramax,9336.7,128183.3,738.39,4.28,29.93,596610.0,12632.18,29981.9,639224.09,38.07,4879811.26,123985.48
VOY-000522,Panamax,6080.7,85386.3,669.93,3.59,19.49,417810.35,12020.93,21796.1,451627.39,42.89,3662263.5,139119.9
VOY-000523,Handysize,11495.7,53876.3,632.19,2.89,36.85,232930.7,5474.8,12610.76,251016.27,27.64,1489251.84,31164.85
VOY-000524,Handysize,8979.1,15319.5,487.87,3.34,28.78,140406.44,4881.52,4517.62,149805.58,39.43,603998.99,14142.93
VOY-000525,Supramax,10764.3,33663.7,427.42,5.98,34.5,398152.48,10230.84,7428.55,415811.88,27.7,932463.81,12761.51
VOY-000526,Handysize,11090.7,108667.3,569.83,5.57,35.55,202557.28,9523.68,26180.08,238261.04,22.65,2461124.38,54060.56
VOY-000527,Handysize,370.6,85552.8,744.35,5.04,1.19,8842.61,11247.54,22154.77,42244.92,16.36,1399614.97,218057.32
VOY-000528,Supramax,5272.9,70419.2,421.94,1.62,16.9,192535.31,2734.23,14434.12,209703.66,15.09,1062717.11,46057.73
VOY-000529,Supramax,2451.1,109643.0,806.77,3.76,7.86,171131.9,12124.41,29089.22,212345.52,38.07,4174235.04,341150.89
VOY-000530,Supramax,9514.6,146346.9,699.15,4.96,30.5,575666.79,13868.35,38195.02,627730.17,13.89,2032470.52,39620.87
VOY-000531,Handysize,9939.4,159427.0,574.72,3.59,31.86,183089.45,6188.38,43848.84,233126.67,29.32,4674647.33,125303.36
VOY-000532,Capesize,4949.0,11127.5,660.85,3.28,15.86,398333.48,13017.48,1954.79,413305.75,34.85,387788.42,-1332.84
VOY-000533,Capesize,11795.9,57215.8,867.38,5.69,37.81,1246149.65,29623.77,10320.09,1286093.51,32.7,1870945.38,13444.97
VOY-000534,Panamax,10642.8,151973.2,802.99,5.85,34.11,876513.8,23497.27,33701.3,933712.38,33.34,5066828.0,103420.94
VOY-000535,Supramax,11099.6,44563.1,564.19,4.51,35.58,541933.35,10186.1,12258.18,564377.63,15.81,704336.06,3491.16
VOY-000536,Supramax,8556.5,152352.6,535.93,4.34,27.42,396837.33,9312.29,30231.75,436381.37,29.98,4567519.77,130038.24
VOY-000537,Supramax,6204.5,87164.5,770.46,1.85,19.89,413679.75,5707.71,20805.04,440192.5,13.08,1140330.35,32207.71
VOY-000538,Panamax,4541.4,94962.5,703.57,2.72,14.56,327712.36,9578.26,29449.09,366739.72,44.47,4222906.58,223176.51
VOY-000539,Supramax,1095.6,152221.9,887.29,4.96,3.51,84124.41,17605.35,32633.78,134363.55,36.57,5566766.11,641223.11
VOY-000540,Handysize,2517.7,146914.5,858.92,1.99,8.07,69310.24,5138.63,29230.23,103679.1,41.94,6162071.62,602004.62
VOY-000541,Panamax,10535.3,16295.6,450.51,1.93,33.77,486792.53,4338.3,2826.3,493957.13,34.99,570183.62,2135.61
VOY-000542,Handysize,6014.2,49892.7,500.47,4.02,19.28,96472.35,6032.1,10996.85,113501.29,40.57,2023908.31,82013.1
VOY-000543,Capesize,6245.6,47935.5,584.46,1.98,20.02,444590.14,6935.2,10435.77,461961.11,30.26,1450670.24,44950.23
VOY-000544,Handysize,3250.0,33116.9,816.56,5.79,10.42,85058.93,14179.76,10381.53,109620.23,35.04,1160525.06,64850.17
VOY-000545,Supramax,745.9,88975.7,408.91,1.59,2.39,26396.6,2602.31,23447.15,52446.06,32.7,2909176.84,717439.43
VOY-000546,Supramax,5685.4,95921.0,789.39,1.64,18.22,388380.12,5168.05,28738.35,422286.53,11.58,1110766.26,34668.29
VOY-000547,Supramax,2514.9,36258.4,537.68,2.79,8.06,117017.65,5993.59,11062.77,134074.01,27.51,997650.12,79611.5
VOY-000548,Handysize,2092.0,28014.4,608.39,5.26,6.71,40793.16,9594.88,5786.45,56174.49,42.29,1184736.33,94345.25
VOY-000549,Supramax,1632.4,61205.4,740.57,1.72,5.23,104617.13,5105.07,11364.28,121086.49,15.05,920889.57,114989.2
VOY-000550,Panamax,6391.1,100181.3,462.98,3.79,20.48,303483.37,8772.81,31103.17,343359.34,16.4,1643122.14,53545.35
VOY-000551,Capesize,11508.8,17490.3,641.14,4.48,36.89,898695.71,17237.88,4466.01,920399.6,37.43,654647.79,-6424.05
VOY-000552,Handysize,2284.1,144964.8,434.64,2.97,7.32,31819.39,3872.02,27752.86,63444.28,27.26,3951865.11,377865.19
VOY-000553,Supramax,700.9,78183.3,898.25,4.26,2.25,54483.02,15295.39,11547.44,81325.84,15.68,1225858.44,175988.84
VOY-000554,Supramax,4043.3,45982.6,633.03,5.94,12.96,221496.63,15034.58,12679.18,249210.39,27.16,1248861.18,52900.71
VOY-000555,Capesize,7591.9,17315.4,885.26,3.0,24.33,818555.27,15946.72,4189.83,838691.82,43.08,745928.99,-3393.52
VOY-000556,Capesize,2278.4,150919.1,469.93,5.54,7.3,130405.2,15613.95,30170.43,176189.58,32.86,4959231.87,372503.87
VOY-000557,Panamax,1857.2,128804.4,724.63,5.56,5.95,138026.53,20129.89,42466.16,200622.58,13.59,1749943.64,134625.55
VOY-000558,Supramax,11792.1,33345.2,584.05,2.77,37.8,596004.85,6469.76,10463.07,612937.68,28.22,941139.58,8090.85
VOY-000559,Handysize,805.5,76601.8,793.69,1.83,2.58,20490.39,4367.78,21964.94,46823.12,23.63,1810270.06,399325.66
VOY-000560,Supramax,803.4,50873.2,896.14,2.62,2.57,62303.32,9382.86,16113.11,87799.29,31.03,1578496.65,287082.72
VOY-000561,Handysize,8372.7,174009.4,641.53,2.14,26.84,172159.67,4113.75,36103.96,212377.38,35.87,6241603.95,208097.25
VOY-000562,Supramax,5798.2,107983.0,548.31,4.91,18.58,275126.26,10761.57,35068.93,320956.77,13.24,1429879.59,47206.74
VOY-000563,Panamax,10102.5,52895.6,892.11,5.53,32.38,924370.28,24646.78,16623.24,965640.29,36.35,1922668.41,25247.81
VOY-000564,Supramax,9463.7,114213.0,437.86,3.7,30.33,358594.45,6483.19,24490.02,389567.66,20.57,2349458.69,57586.23
VOY-000565,Handysize,9210.5,168699.2,864.32,5.73,29.52,255152.73,14869.03,44020.59,314042.34,44.19,7454512.3,202536.99
VOY-000566,Handysize,7704.5,143879.4,508.66,3.08,24.69,125609.2,4692.8,20116.49,150418.48,40.57,5836470.83,204760.97
VOY-000567,Handysize,7202.7,92341.7,417.87,4.59,23.09,96467.85,5748.94,21321.08,123537.87,10.2,942190.03,29584.66
VOY-000568,Handysize,2866.9,167281.6,823.17,5.34,9.19,75637.71,13176.16,49330.83,138144.7,36.02,6025125.25,405322.22
VOY-000569,Capesize,10793.5,171393.4,824.83,2.41,34.59,1084313.63,11943.78,23766.82,1120024.23,16.59,2842670.2,46548.01
VOY-000570,Handysize,11471.1,35677.6,770.3,2.12,36.77,283213.5,4905.4,4734.11,292853.01,14.78,527365.41,6030.28
VOY-000571,Capesize,5864.6,93160.6,813.57,5.16,18.8,581116.5,25201.17,20044.14,626361.81,12.71,1183768.4,23264.51
VOY-000572,Handysize,1637.1,64903.4,686.02,5.29,5.25,35997.19,10896.15,8994.97,55888.31,39.1,2537573.89,235417.91
VOY-000573,Capesize,3971.3,28467.3,579.18,2.51,12.73,280139.54,8719.21,8498.29,297357.05,38.2,1087407.22,51849.18
VOY-000574,Supramax,11386.6,34067.5,703.86,1.84,36.5,693572.03,5191.56,9284.09,708047.68,31.12,1060274.05,9187.04
VOY-000575,Supramax,7381.7,59730.5,587.32,4.37,23.66,375178.16,10275.15,7541.68,392994.99,33.22,1984519.37,56773.23
VOY-000576,Capesize,5172.2,169655.6,846.34,2.5,16.58,533149.01,12687.86,28221.97,574058.84,43.82,7434577.0,359638.16
VOY-000577,Handysize,8417.8,144740.5,805.74,3.22,26.98,217391.55,7774.24,27572.53,252738.32,24.46,3539790.86,108855.85
VOY-000578,Capesize,4012.6,105704.0,434.22,5.05,12.86,212204.66,13165.7,27934.61,253304.98,35.67,3770333.89,196326.51
VOY-000579,Supramax,3924.6,19492.4,507.49,5.62,12.58,172355.04,11400.65,5201.25,188956.94,26.01,506926.22,17475.68
VOY-000580,Capesize,3486.9,118755.3,884.26,5.31,11.18,375527.52,28191.75,27794.42,431513.69,21.19,2515997.61,126413.19
VOY-000581,Handysize,5796.6,103987.9,649.05,5.13,18.58,120584.33,9990.69,23253.85,153828.87,37.66,3916554.03,158700.0
VOY-000582,Panamax,8010.5,67224.4,428.39,4.23,25.67,351957.27,9059.3,16460.59,377477.16,23.83,1601990.01,40948.04
VOY-000583,Panamax,5165.7,45989.2,681.97,1.95,16.56,361318.0,6656.27,11822.41,379796.68,42.54,1956220.03,85171.47
VOY-000584,Capesize,5532.2,160746.5,487.34,2.95,17.73,328364.38,8632.49,29167.26,366164.13,27.87,4479836.68,198886.69
VOY-000585,Supramax,2902.8,100133.0,617.09,4.28,9.3,155017.01,10568.59,24610.3,190195.89,18.75,1877638.51,124209.24
VOY-000586,Panamax,8670.1,107101.6,758.32,4.62,27.79,674330.58,17516.43,27760.44,719607.45,34.35,3678774.73,91307.87
VOY-000587,Capesize,5657.7,151859.3,720.81,1.79,18.13,496696.03,7743.32,40901.04,545340.39,23.82,3616569.01,154145.74
VOY-000588,Supramax,2984.0,100592.9,895.89,4.2,9.56,231351.16,15068.15,29517.5,275936.81,16.1,1619906.75,97608.16
VOY-000589,Capesize,6249.7,145539.2,617.02,2.73,20.03,469662.29,10113.25,45794.86,525570.4,26.82,3902710.13,148362.25
VOY-000590,Panamax,11965.9,140776.7,704.9,4.16,38.35,865102.98,14668.98,33580.81,913352.78,42.78,6022675.66,120178.78
VOY-000591,Panamax,4285.6,164322.6,541.53,4.15,13.74,238031.24,11231.42,45124.47,294387.13,10.97,1803283.12,84371.13
VOY-000592,Supramax,743.0,112347.1,608.82,5.28,2.38,39145.41,12867.96,18836.0,70849.37,34.96,3927974.21,503190.39
VOY-000593,Capesize,7475.6,29738.7,619.51,5.78,23.96,564060.59,21476.66,7602.54,593139.78,38.91,1157260.03,18969.6
VOY-000594,Handysize,9074.3,152091.2,642.83,2.0,29.08,186962.91,3853.98,19501.17,210318.06,41.95,6380432.07,198506.25
VOY-000595,Panamax,6405.3,45176.1,705.26,2.62,20.53,463324.43,9247.5,12760.72,485332.64,26.68,1205500.72,31105.74
VOY-000596,Handysize,9107.1,65657.6,460.35,3.98,29.19,134374.23,5494.42,18828.38,158697.03,34.61,2272704.89,63736.34
VOY-000597,Panamax,5816.2,20391.9,472.04,3.83,18.64,281585.19,9032.31,5715.16,296332.66,19.31,393728.33,4334.75
VOY-000598,Supramax,2886.9,18935.6,814.09,4.33,9.25,203382.49,14100.23,5347.17,222829.88,40.2,761217.48,39636.89
VOY-000599,Capesize,9047.2,21036.9,502.37,4.79,29.0,553558.98,14440.89,4099.84,572099.71,38.35,806865.52,6948.12
VOY-000600,Capesize,6863.1,100223.4,494.54,2.14,22.0,413375.94,6343.66,20435.89,440155.48,20.77,2081232.93,67995.82
VOY-000601,Panamax,1344.3,130769.5,466.95,4.63,4.31,64382.2,10815.97,19469.3,94667.46,26.75,3498470.17,380687.35
VOY-000602,Panamax,6864.0,93412.5,410.74,5.6,22.0,289159.1,11507.62,12534.59,313201.3,30.9,2886623.2,93228.94
VOY-000603,Capesize,11097.1,117284.5,716.45,5.46,35.57,968329.9,23461.63,15846.3,1007637.83,42.77,5016833.13,97724.17
VOY-000604,Supramax,499.2,164076.9,876.98,4.7,1.6,37887.87,16498.06,51971.39,106357.32,25.59,4198562.72,649229.68
VOY-000605,Panamax,7105.8,125552.1,859.16,2.78,22.78,626156.48,11940.72,31570.23,669667.43,16.68,2094667.57,55762.77
VOY-000606,Panamax,2253.7,65263.8,860.5,5.12,7.22,198905.31,22037.16,8118.57,229061.04,27.98,1826065.49,129360.47
VOY-000607,Supramax,1224.8,60048.7,769.74,4.32,3.93,81585.47,13289.91,17505.14,112380.53,22.6,1357065.52,151017.58
VOY-000608,Supramax,9991.7,127608.0,772.24,1.73,32.02,667729.52,5343.32,35943.45,709016.29,35.18,4488710.42,111975.66
VOY-000609,Handysize,9451.7,80304.1,467.68,1.57,30.29,141678.02,2199.5,25672.41,169549.93,33.89,2721489.08,80094.84
VOY-000610,Handysize,6279.3,165730.4,482.86,4.25,20.13,97181.36,6161.45,46003.69,149346.51,18.04,2989756.89,116508.62
VOY-000611,Capesize,3377.4,25584.3,484.36,1.6,10.83,199244.18,4649.07,7902.73,211795.99,34.08,871911.85,53128.88
VOY-000612,Supramax,3552.6,175578.1,635.59,1.74,11.39,195406.11,4430.18,34638.96,234475.25,15.72,2759401.15,192313.99
VOY-000613,Capesize,5412.3,100427.5,499.3,5.69,17.35,329133.0,17035.39,29353.59,375521.98,19.97,2005879.07,70781.7
VOY-000614,Panamax,1934.9,109838.7,477.96,2.41,6.2,94854.21,5769.87,27627.96,128252.05,16.28,1787979.93,192630.75
VOY-000615,Handysize,11694.7,157725.5,640.65,2.6,37.48,240132.85,4995.88,19500.18,264628.91,9.99,1575089.12,32694.19
VOY-000616,Panamax,8758.2,108727.6,434.49,4.13,28.07,390296.62,8981.73,15455.45,414733.8,39.98,4347282.87,122107.8
VOY-000617,Supramax,5079.2,93835.7,459.95,4.24,16.28,202169.58,7808.68,26412.83,236391.09,44.9,4213231.3,193768.42
VOY-000618,Capesize,4256.7,55894.1,514.43,3.97,13.64,266703.31,12241.14,7574.32,286518.78,10.71,598623.72,17724.03
VOY-000619,Supramax,5009.0,18186.1,403.37,2.71,16.05,174851.15,4370.5,2376.86,181598.51,19.08,347033.93,8816.95
VOY-000620,Supramax,4715.2,104516.6,728.95,4.93,15.11,297447.14,14378.42,24770.13,336595.68,9.57,1000227.6,33108.51
VOY-000621,Capesize,4353.7,160580.6,861.6,1.84,13.95,456873.83,9521.12,31505.74,497900.69,16.62,2668452.64,137411.63
VOY-000622,Handysize,11303.0,98297.7,703.63,4.83,36.23,254907.96,10206.04,12496.52,277610.52,34.82,3423138.65,76603.15
VOY-000623,Capesize,6210.2,165349.7,494.09,5.12,19.9,373715.26,15181.51,39326.47,428223.24,41.54,6869180.77,257375.42
VOY-000624,Panamax,8100.7,77793.7,806.18,5.44,25.96,669813.13,21925.35,25032.64,716771.12,11.63,904942.62,5992.12
VOY-000625,Supramax,8787.7,89161.7,612.88,4.16,28.17,466080.59,10191.54,23821.28,500093.41,25.1,2237900.76,53763.69
VOY-000626,Supramax,3357.6,136080.6,441.98,3.66,10.76,128423.04,6468.63,37148.81,172040.48,9.23,1256149.34,75178.77
VOY-000627,Panamax,8644.2,16609.1,463.63,2.39,27.71,411044.62,5538.33,2827.92,419410.87,38.73,643208.86,7436.45
VOY-000628,Handysize,9123.3,102813.6,789.34,4.22,29.24,230813.33,9997.7,17463.12,258274.15,29.43,3026047.21,82710.75
VOY-000629,Capesize,4443.7,134951.1,437.78,3.04,14.24,236933.01,7979.28,33095.75,278008.04,13.42,1811452.51,88739.1
VOY-000630,Supramax,4205.3,121933.2,754.68,3.74,13.48,274641.94,11284.23,26074.76,312000.92,16.07,1959935.94,95718.34
VOY-000631,Capesize,3044.6,115553.9,824.11,3.31,9.76,305595.74,16343.31,19785.88,341724.92,23.27,2688475.04,179639.28
VOY-000632,Handysize,7035.4,16268.4,488.75,2.06,22.55,110209.65,3018.69,4248.02,117476.36,39.11,636334.85,21084.74
VOY-000633,Handysize,7428.5,73048.7,587.4,3.47,23.81,139855.54,6121.3,22854.66,168831.5,21.42,1564919.49,51170.7
VOY-000634,Supramax,10035.6,109673.6,585.89,4.4,32.17,508821.53,10301.02,33531.06,552653.61,17.17,1882929.47,36385.3
VOY-000635,Capesize,3351.6,23781.0,404.22,3.84,10.74,165005.43,9312.44,7255.68,181573.56,42.32,1006399.53,56564.11
VOY-000636,Capesize,6390.4,85591.2,404.73,2.22,20.48,315007.29,5385.58,23367.09,343759.97,14.19,1214363.32,38352.94
VOY-000637,Capesize,1262.2,27409.7,567.82,1.89,4.05,87291.37,6454.23,4894.26,98639.86,27.62,757156.16,110860.81
VOY-000638,Supramax,9590.8,156154.9,564.98,3.56,30.74,468919.05,8040.47,49600.5,526560.02,17.17,2680731.15,62808.45
VOY-000639,Capesize,6278.3,107319.0,472.59,4.04,20.12,361369.43,11445.72,27086.25,399901.4,40.33,4328467.49,162611.15
VOY-000640,Capesize,5851.3,21070.8,551.63,1.89,18.75,393124.77,6261.06,4425.11,403810.94,40.92,862217.39,22203.17
VOY-000641,Handysize,6403.8,143125.7,518.54,4.85,20.53,106430.56,7549.92,33965.28,147945.75,31.7,4536746.96,172934.56
VOY-000642,Handysize,10820.2,136515.9,539.07,3.28,34.68,186950.09,5297.57,24075.0,216322.66,11.55,1576826.36,35844.26
VOY-000643,Capesize,8927.4,58681.6,797.2,4.42,28.61,866805.93,21147.69,10584.99,898538.62,22.61,1326771.71,12963.16
VOY-000644,Handysize,2895.9,44270.1,602.67,2.8,9.28,55937.85,5065.63,7780.97,68784.45,44.59,1973907.56,157663.28
VOY-000645,Panamax,1438.4,27997.1,623.67,3.29,4.61,92006.22,10245.75,4133.15,106385.11,35.43,992020.66,112165.28
VOY-000646,Capesize,10162.3,122409.4,517.45,5.54,32.57,640449.9,17192.41,38678.66,696320.96,23.25,2845992.94,56408.64
VOY-000647,Panamax,2831.9,141254.7,841.11,5.31,9.08,244299.89,22316.45,43531.36,310147.7,11.31,1596943.99,89467.06
VOY-000648,Handysize,11329.4,63450.8,818.65,2.28,36.31,297269.19,5588.46,19916.03,322773.68,44.54,2826220.23,64877.06
VOY-000649,Capesize,589.5,169587.7,755.22,3.0,1.89,54226.32,13577.15,26828.07,94631.54,34.67,5879335.62,1183979.06
VOY-000650,Capesize,6523.5,175627.8,854.17,1.68,20.91,678665.95,8616.12,46496.66,733778.72,14.06,2468615.6,76797.0
VOY-000651,Handysize,7501.7,107512.6,537.57,4.4,24.04,129254.06,7094.39,24675.94,161024.39,35.44,3810204.24,128297.92
VOY-000652,Supramax,5914.1,169456.9,731.43,2.06,18.96,374344.95,6029.29,50405.12,430779.36,16.6,2813797.13,113389.36
VOY-000653,Panamax,4386.8,151743.9,644.86,2.51,14.06,290140.51,8099.18,46503.2,344742.89,26.92,4084236.37,225649.88
VOY-000654,Capesize,7444.7,110457.5,768.46,4.08,23.86,696784.0,18833.08,35074.13,750691.21,32.75,3617009.06,102567.22
VOY-000655,Panamax,11785.2,29890.6,820.95,3.37,37.77,992319.9,13821.94,9611.23,1015753.06,33.61,1004619.12,-270.63
VOY-000656,Panamax,7296.1,69889.1,772.08,5.97,23.38,577758.26,23056.43,19261.18,620075.87,27.65,1932755.22,44713.57
VOY-000657,Capesize,5108.9,115469.7,740.12,4.86,16.37,460527.78,21571.39,35239.05,517338.22,18.45,2130147.18,75960.4
VOY-000658,Handysize,2065.8,104409.5,429.4,5.57,6.62,28431.47,7175.7,22972.46,58579.64,15.46,1614400.06,127615.24
VOY-000659,Capesize,5736.6,155550.7,801.24,3.73,18.39,559817.84,17927.81,31372.9,609118.56,35.75,5560644.72,223890.5
VOY-000660,Capesize,5405.5,28816.3,495.73,1.59,17.33,326368.02,4734.1,4429.98,335532.1,34.79,1002617.8,35264.22
VOY-000661,Handysize,383.4,45776.0,474.61,4.03,1.23,5832.07,5734.92,8650.35,20217.33,42.56,1948000.18,366734.43
VOY-000662,Handysize,9615.3,70804.0,710.71,4.57,30.82,219028.54,9749.96,23282.11,252060.61,39.07,2766062.32,71034.46
VOY-000663,Handysize,7128.4,33637.4,896.05,2.05,22.85,204725.47,5499.39,7204.09,217428.96,35.7,1200933.45,39508.72
VOY-000664,Capesize,5133.5,85952.7,854.74,4.91,16.45,534418.61,25175.76,25482.37,585076.74,24.81,2132242.65,72423.66
VOY-000665,Handysize,7232.8,151537.6,623.34,4.36,23.18,144502.06,8154.94,47670.31,200327.3,25.9,3925568.82,135252.56
VOY-000666,Supramax,11159.1,125693.0,775.41,2.72,35.77,748809.72,8451.74,15569.47,772830.93,10.24,1287500.44,13371.03
VOY-000667,Supramax,10046.9,175071.6,546.31,2.81,32.2,474980.27,6144.25,43580.93,524705.45,14.39,2519084.99,56960.68
VOY-000668,Panamax,10687.1,12448.2,526.16,3.54,34.25,576730.68,9317.77,2652.58,588701.04,18.6,231480.9,-9451.45
VOY-000669,Handysize,8683.1,114077.9,772.04,3.18,27.83,214864.28,7355.31,37495.23,259714.82,36.5,4163885.66,125915.47
VOY-000670,Panamax,4984.9,13078.7,642.91,5.2,15.98,328702.57,16718.17,2827.04,348247.78,31.42,410889.52,2957.88
VOY-000671,Handysize,1448.1,132840.2,598.88,3.48,4.64,27796.93,6251.61,16086.78,50135.32,17.46,2319694.63,279466.06
VOY-000672,Handysize,10043.7,163201.5,570.95,5.19,32.19,183797.12,8892.93,31700.79,224390.84,39.19,6395792.33,165084.15
VOY-000673,Capesize,11372.0,50542.4,480.43,3.99,36.45,665422.44,11502.05,9027.62,685952.1,30.71,1551956.84,21415.22
VOY-000674,Capesize,8817.0,137815.4,829.11,1.84,28.26,890353.9,9135.9,32413.73,931903.54,11.86,1634400.21,23341.8
VOY-000675,Supramax,4518.5,41320.4,814.4,4.57,14.48,318449.97,14898.78,11394.09,344742.83,19.33,798526.89,23813.21
VOY-000676,Panamax,1442.2,104389.8,510.42,3.07,4.62,75500.3,7846.06,15691.58,99037.94,16.9,1764592.5,216396.65
VOY-000677,Panamax,6000.2,66249.0,512.06,2.88,19.23,315124.68,7368.88,11260.16,333753.72,26.7,1768830.19,64907.5
VOY-000678,Handysize,5630.4,136209.8,679.79,2.99,18.05,122675.72,6104.15,26095.41,154875.27,28.47,3877858.88,176953.85
VOY-000679,Handysize,7805.4,27791.3,510.41,2.69,25.02,127690.57,4112.7,8546.22,140349.48,21.1,586357.7,16099.44
VOY-000680,Capesize,4764.6,15884.3,555.54,4.18,15.27,322383.08,13919.0,2388.61,338690.69,9.1,144521.74,-9984.55
VOY-000681,Supramax,316.0,100924.1,571.84,1.67,1.01,15640.06,3810.44,24492.64,43943.14,8.78,886479.85,314514.03
VOY-000682,Handysize,10565.0,58873.6,448.86,1.64,33.86,151994.92,2204.68,14278.43,168478.03,41.7,2454810.52,64404.5
VOY-000683,Panamax,11215.6,117613.4,820.75,5.08,35.95,944129.65,20852.46,20004.27,984986.38,44.03,5179046.7,102222.43
VOY-000684,Supramax,4766.6,45387.8,876.29,5.89,15.28,361466.57,20637.5,8004.87,390108.93,25.66,1164505.16,36587.76
VOY-000685,Capesize,4676.8,169763.0,425.66,5.55,14.99,242461.15,14178.21,31063.11,287702.47,44.43,7542468.05,353183.46
VOY-000686,Capesize,1993.3,105629.6,490.94,5.56,6.39,119186.65,16378.3,14423.51,149988.46,33.73,3563405.09,285665.01
VOY-000687,Handysize,9218.6,157025.6,621.84,3.79,29.55,183734.64,7076.99,35393.49,226205.11,23.88,3750067.41,105693.74
VOY-000688,Supramax,7369.5,20969.1,646.46,5.72,23.62,412277.44,14784.51,4364.11,431426.06,10.17,213299.55,-7435.06
VOY-000689,Capesize,7124.0,100282.9,599.83,3.78,22.83,520458.89,13602.75,24209.94,558271.58,36.9,3700719.4,118079.37
VOY-000690,Panamax,1748.0,164644.0,738.34,5.86,5.6,132374.3,21638.85,34275.03,188288.18,21.9,3606271.41,298145.21
VOY-000691,Panamax,1099.0,119526.1,684.27,1.88,3.52,77129.12,6432.3,34677.15,118238.57,44.71,5344234.81,967340.15
VOY-000692,Panamax,4898.0,80064.2,559.03,5.6,15.7,280831.81,15655.32,16197.85,312684.98,9.47,758493.81,20930.35
VOY-000693,Supramax,7836.9,153773.3,464.29,4.25,25.12,314880.08,7886.03,20378.32,343144.44,20.03,3079344.51,93180.62
VOY-000694,Supramax,10408.7,37593.1,776.51,2.62,33.36,699446.07,8128.59,9821.67,717396.33,44.13,1658973.12,26170.61
VOY-000695,Capesize,7571.2,25702.6,581.37,4.69,24.27,536100.11,16367.44,7600.63,560068.18,24.26,623530.56,2191.47
VOY-000696,Supramax,8617.8,166391.0,843.81,2.97,27.62,629292.93,10018.08,25700.01,665011.02,11.75,1955457.34,42186.26
VOY-000697,Handysize,10953.4,100494.0,846.71,3.22,35.11,297257.05,8173.36,27730.69,333161.09,33.98,3414862.08,80409.91
VOY-000698,Handysize,3325.2,17610.1,781.42,5.97,10.66,83280.61,13985.66,2567.57,99833.85,8.02,141278.61,2493.15
VOY-000699,Handysize,1361.9,106671.8,896.08,3.95,4.37,39115.23,10619.76,26790.87,76525.85,42.96,4582796.69,541904.97
VOY-000700,Supramax,1881.8,64361.0,493.18,5.14,6.03,80313.14,10145.83,19304.19,109763.16,33.83,2177513.13,185044.06
VOY-000701,Handysize,312.3,113424.1,443.38,4.22,1.0,4438.72,5616.26,30760.9,40815.88,9.91,1124395.04,207448.44
VOY-000702,Supramax,10527.9,179332.2,680.44,3.43,33.74,619934.28,9347.34,23432.7,652714.33,9.99,1791167.29,30621.94
VOY-000703,Supramax,5884.1,72683.2,775.17,3.56,18.86,394715.98,11041.34,22336.71,428094.03,30.98,2251616.18,81334.25
VOY-000704,Supramax,10633.4,148284.5,433.27,2.79,34.08,398691.86,4836.32,30992.39,434520.58,21.08,3125392.4,72978.67
VOY-000705,Supramax,7375.2,166426.2,579.37,4.03,23.64,369776.87,9345.43,34184.88,413307.18,35.95,5982578.43,201266.62
VOY-000706,Supramax,1562.6,35438.3,444.97,3.01,5.01,60172.4,5363.79,10042.2,75578.38,20.74,734980.01,82198.65
VOY-000707,Panamax,5268.6,156843.0,777.57,3.91,16.89,420173.95,15199.61,21505.93,456879.49,40.27,6316412.89,281762.34
VOY-000708,Handysize,8265.6,63253.8,495.83,2.95,26.49,131356.02,4384.4,12217.72,147958.14,35.44,2241672.79,71118.13
VOY-000709,Handysize,9626.0,138026.9,669.06,4.05,30.85,206423.36,8129.22,32734.72,247287.3,17.5,2415713.1,62127.75
VOY-000710,Supramax,7813.9,27066.9,471.7,3.14,25.04,318964.94,5928.13,4746.99,329640.05,44.56,1206140.47,31096.52
VOY-000711,Handysize,2950.3,38784.0,857.38,3.73,9.46,81073.36,9586.42,8792.16,99451.94,22.57,875438.02,58862.8
VOY-000712,Handysize,9356.6,115904.1,798.69,2.91,29.99,239520.88,6983.99,16764.4,263269.26,32.81,3802623.39,107566.45
VOY-000713,Supramax,9465.0,30763.7,642.95,4.59,30.34,526634.73,11806.68,8848.71,547290.12,38.14,1173419.43,17926.55
VOY-000714,Supramax,9972.0,16912.1,419.57,2.01,31.96,362073.59,3373.8,2824.66,368272.05,21.94,371020.82,80.91
VOY-000715,Capesize,10763.2,174966.2,758.88,1.96,34.5,994825.4,8924.97,23925.29,1027675.66,27.86,4875264.73,105535.71
VOY-000716,Capesize,2959.1,75410.4,725.63,5.79,9.48,261515.69,25219.55,14368.6,301103.84,32.67,2464032.44,141582.4
VOY-000717,Handysize,10740.0,30042.0,716.52,1.63,34.42,246650.24,3507.26,6724.84,256882.35,22.78,684307.15,11854.85
VOY-000718,Panamax,2098.8,69066.1,525.13,3.3,6.73,113041.44,8661.63,20951.35,142654.42,42.53,2937294.38,278745.36
VOY-000719,Supramax,11206.7,48580.6,808.58,1.96,35.92,784171.33,6324.13,11317.24,801812.7,26.18,1271957.32,12413.26
VOY-000720,Capesize,10499.7,149258.9,888.23,5.91,33.65,1135875.11,31507.8,42175.74,1209558.66,12.54,1871988.02,16742.78
VOY-000721,Handysize,3398.9,123152.8,674.49,2.11,10.89,73479.18,4277.06,29331.69,107087.93,39.25,4833574.22,363361.12
VOY-000722,Supramax,4066.2,73826.8,588.22,5.33,13.03,206983.51,12543.9,20363.23,239890.64,13.4,988946.16,40789.29
VOY-000723,Panamax,1051.6,58816.3,438.19,4.81,3.37,47262.19,10535.89,7067.79,64865.86,31.12,1830242.69,215830.29
VOY-000724,Handysize,2534.4,83887.5,501.14,3.1,8.12,40708.08,4653.43,25338.03,70699.55,29.75,2495292.34,216127.41
VOY-000725,Panamax,7403.5,24975.9,615.64,1.7,23.73,467470.71,5243.52,5367.59,478081.83,37.37,933366.0,17901.66
VOY-000726,Panamax,5682.4,141408.5,707.01,5.05,18.21,412047.74,17853.96,34310.46,464212.15,19.18,2711944.02,96621.45
VOY-000727,Supramax,5134.3,114068.0,458.59,2.13,16.46,203755.97,3908.02,16066.98,223730.97,26.82,3059856.13,152590.53
VOY-000728,Handysize,9001.6,90750.2,809.92,2.17,28.85,233671.27,5279.34,16164.28,255114.89,22.6,2051086.08,57889.54
VOY-000729,Handysize,1082.3,143433.8,443.4,4.93,3.47,15380.35,6557.12,29186.71,51124.18,25.16,3608846.71,423628.23
VOY-000730,Supramax,7909.3,95449.7,593.85,4.66,25.35,406467.44,11059.39,28064.26,445591.09,26.49,2528860.55,69427.81
VOY-000731,Supramax,1121.8,62530.3,540.87,4.4,3.6,52509.09,9519.24,19622.31,81650.64,26.73,1671384.79,198827.36
VOY-000732,Panamax,1239.8,106938.0,529.27,1.56,3.97,67300.56,4135.13,22472.62,93908.31,10.88,1163032.32,193112.75
VOY-000733,Panamax,11060.7,27375.4,690.79,3.13,35.45,783657.56,10810.9,5188.57,799657.03,15.35,420217.07,-9834.86
VOY-000734,Supramax,3751.9,62838.4,673.0,3.17,12.03,218514.31,8541.23,20577.44,247632.98,38.47,2417429.4,142765.93
VOY-000735,Supramax,1950.1,21705.4,761.14,3.16,6.25,128449.91,9614.01,3534.98,141598.91,34.48,748378.82,64495.08
VOY-000736,Capesize,2128.0,147440.0,800.35,4.56,6.82,207432.08,21907.78,28858.5,258198.36,30.18,4449611.53,368233.04
VOY-000737,Handysize,2366.0,61565.7,856.45,4.39,7.58,64946.7,11273.47,11904.5,88124.67,9.52,586097.3,41598.72
VOY-000738,Supramax,5985.1,51218.7,682.36,5.87,19.18,353427.3,16021.2,14545.7,383994.21,12.55,642794.08,10330.14
VOY-000739,Handysize,10679.4,28741.4,799.9,3.96,34.23,273794.91,9495.58,4166.52,287457.01,16.7,480063.85,5043.93
VOY-000740,Panamax,2474.2,160771.4,508.92,3.97,7.93,129145.12,10089.78,37373.08,176607.99,36.63,5889762.9,480286.02
VOY-000741,Handysize,9424.0,70558.8,891.28,3.06,30.21,269211.61,8175.3,21204.7,298591.6,38.13,2690546.69,71910.99
VOY-000742,Handysize,1873.8,84450.3,647.08,1.92,6.01,38862.64,3717.69,26821.56,69401.88,41.03,3464807.47,428659.68
VOY-000743,Supramax,5178.6,80622.0,810.1,3.21,16.6,363042.71,10415.07,14310.31,387768.09,26.06,2101034.93,86476.04
VOY-000744,Handysize,6805.8,162389.4,540.52,3.0,21.81,117907.69,4867.29,41252.17,164027.15,12.32,2001011.99,74026.73
VOY-000745,Panamax,9167.8,124437.6,531.51,4.98,29.38,499767.54,13227.61,30525.63,543520.78,8.78,1093062.78,15993.05
VOY-000746,Supramax,11902.5,73828.0,723.6,2.84,38.15,745323.64,8220.52,20544.31,774088.46,33.66,2485346.35,41748.98
VOY-000747,Panamax,8873.7,34358.8,632.8,5.1,28.44,575921.48,16151.99,5471.03,597544.5,40.31,1385100.44,23476.75
VOY-000748,Capesize,3288.5,113662.4,797.83,5.74,10.54,319546.43,27454.31,30538.55,377539.29,15.76,1791426.85,86873.82
VOY-000749,Handysize,1374.4,81191.8,793.86,2.87,4.41,34971.59,6833.64,12966.58,54771.81,25.76,2091596.61,279989.32
VOY-000750,Handysize,7080.5,57656.6,852.89,4.73,22.69,193555.03,12112.55,15253.85,220921.43,37.38,2154921.53,70511.91
VOY-000751,Capesize,4840.2,159570.3,608.82,2.48,15.51,358904.1,9072.88,24355.95,392332.93,42.73,6818820.0,357083.82
VOY-000752,Capesize,614.8,98751.5,417.31,2.44,1.97,31249.28,6113.59,15020.93,52383.8,34.73,3429991.44,765499.82
VOY-000753,Capesize,8933.1,105833.7,705.53,1.59,28.63,767619.43,6713.2,27261.47,801594.11,31.8,3365478.75,84847.16
VOY-000754,Supramax,11458.9,115924.2,721.81,2.52,36.73,715774.59,7281.72,28171.79,751228.1,20.43,2367819.54,41187.75
VOY-000755,Capesize,1230.9,66852.8,655.34,3.98,3.95,98249.62,15648.11,14379.65,128277.38,32.39,2165137.07,257016.98
VOY-000756,Handysize,5508.7,59561.5,645.18,5.21,17.66,113912.79,10093.06,13874.57,137880.43,25.25,1503636.45,59716.51
VOY-000757,Handysize,6636.5,81436.6,552.71,4.2,21.27,117565.8,6965.86,17533.86,142065.52,30.69,2498954.2,92529.7
VOY-000758,Supramax,2481.2,128252.9,837.89,1.68,7.95,179908.24,5640.57,24128.28,209677.08,42.44,5443666.91,543204.31
VOY-000759,Capesize,10724.9,52730.4,498.06,2.55,34.37,650587.55,7609.29,8562.83,666759.67,20.96,1105257.35,11876.67
VOY-000760,Panamax,11445.9,145122.4,562.08,3.68,36.69,659844.5,10350.91,32457.99,702653.4,12.93,1876592.59,29080.53
VOY-000761,Capesize,8065.0,73270.5,441.55,4.19,25.85,433724.73,11102.58,15003.98,459831.28,30.71,2250456.72,59607.64
VOY-000762,Supramax,1458.7,122260.0,590.34,4.37,4.68,74522.41,10308.85,36367.67,121198.93,16.56,2024597.3,210528.32
VOY-000763,Handysize,2006.8,117140.1,548.48,3.48,6.43,35278.42,5730.08,34192.1,75200.6,43.98,5151851.74,512045.29
VOY-000764,Supramax,11636.0,59681.8,583.58,4.24,37.29,587643.8,9902.47,14203.47,611749.73,14.68,876123.22,6364.79
VOY-000765,Supramax,9518.7,137559.5,880.54,4.14,30.51,725324.87,14596.44,33877.92,773799.23,21.94,3017410.0,64745.63
VOY-000766,Panamax,1071.1,157656.1,641.33,4.87,3.43,70452.69,15613.9,23798.63,109865.21,33.42,5268190.74,621327.05
VOY-000767,Capesize,7603.3,86150.1,460.76,2.2,24.37,426685.2,6093.28,26504.91,459283.38,9.22,794575.29,12617.43
VOY-000768,Capesize,2419.8,95951.0,837.03,5.91,7.76,246692.07,29687.65,27235.06,303614.78,15.14,1452444.67,84057.64
VOY-000769,Capesize,3553.8,47810.0,779.74,1.74,11.39,337501.74,8135.43,15204.69,360841.86,17.63,843035.14,36726.05
VOY-000770,Panamax,4155.9,15096.8,789.19,2.33,13.32,336393.32,9196.48,4311.13,349900.93,31.35,473219.3,7879.29
VOY-000771,Supramax,4247.6,89216.9,762.79,5.45,13.61,280384.95,16633.23,27468.84,324487.01,20.1,1793639.85,77057.99
VOY-000772,Panamax,7822.9,34222.9,446.16,5.94,25.07,357972.22,13254.3,5767.64,376994.16,24.09,824488.81,14428.44
VOY-000773,Handysize,9839.7,58494.9,560.99,2.88,31.54,176922.84,4841.24,8688.48,190452.56,11.47,671085.03,13966.09
VOY-000774,Handysize,7373.1,179015.1,616.03,4.14,23.63,145579.92,7659.49,34274.96,187514.37,9.58,1715635.17,55015.27
VOY-000775,Handysize,1885.2,133513.7,675.15,4.58,6.04,40795.1,9275.35,18898.66,68969.11,20.2,2696347.03,247357.07
VOY-000776,Supramax,6083.1,134012.1,683.51,1.78,19.5,359816.98,4876.03,22255.56,386948.57,12.68,1699072.71,61658.31
VOY-000777,Supramax,9978.4,164072.1,451.3,5.29,31.98,389702.45,9540.66,26222.04,425465.15,12.01,1970191.66,41449.94
VOY-000778,Handysize,3058.2,44484.9,613.7,3.21,9.8,60154.0,5918.38,7878.46,73950.84,25.19,1120779.79,80423.96
VOY-000779,Capesize,11991.2,88860.5,827.99,2.93,38.43,1209247.43,14548.41,15113.66,1238909.5,11.16,991884.4,-5972.3
VOY-000780,Supramax,8302.9,88727.8,527.68,3.63,26.61,379150.22,7653.08,14323.5,401126.81,32.51,2884408.69,82125.19
VOY-000781,Capesize,3834.4,143315.9,755.23,3.37,12.29,352702.47,15281.67,18043.29,386027.43,32.36,4638065.79,271482.88
VOY-000782,Capesize,6363.4,133404.3,586.98,5.27,20.4,454929.46,18561.12,24637.77,498128.35,34.37,4585652.69,159259.99
VOY-000783,Handysize,9836.9,139249.3,652.88,5.81,31.53,205842.63,11382.01,41611.83,258836.47,15.74,2191223.82,51751.51
VOY-000784,Panamax,4134.7,140028.2,404.91,5.31,13.25,171712.96,10755.41,17521.32,199989.69,31.41,4398044.67,226129.28
VOY-000785,Supramax,1291.4,84417.7,498.24,4.82,4.14,55682.23,9611.72,11650.71,76944.65,25.02,2112478.27,227128.05
VOY-000786,Supramax,4678.4,133969.8,668.15,2.28,14.99,270510.64,6098.8,32319.54,308928.98,29.07,3894662.51,207544.82
VOY-000787,Panamax,10909.9,80454.8,836.73,4.89,34.97,936267.65,20441.24,12207.33,968916.22,44.62,3589790.75,65762.76
VOY-000788,Capesize,4419.6,38952.0,756.85,1.58,14.17,407400.26,7185.64,7791.68,422377.58,39.86,1552742.3,71779.84
VOY-000789,Supramax,5112.6,10179.7,481.74,3.6,16.39,213139.99,6929.35,2616.43,222685.77,44.38,451806.14,11465.93
VOY-000790,Handysize,10272.8,153988.0,778.39,2.8,32.93,256288.89,6547.57,21140.18,283976.64,33.89,5219293.38,138129.87
VOY-000791,Handysize,9968.5,144850.9,456.19,1.53,31.95,145754.72,2100.68,18142.81,165998.21,14.96,2167048.64,59758.99
VOY-000792,Handysize,6294.5,103865.0,883.89,4.32,20.17,178323.65,11454.19,30968.62,220746.47,11.72,1216876.97,40667.72
VOY-000793,Panamax,4393.5,60211.9,734.28,3.32,14.08,330883.14,12198.04,10617.15,353698.33,28.56,1719664.37,78484.42
VOY-000794,Supramax,5021.8,14277.9,436.84,5.21,16.1,189842.28,9098.98,3199.17,202140.42,24.8,354089.62,7132.84
VOY-000795,Panamax,10702.7,152845.4,703.73,2.64,34.3,772492.52,9272.9,36189.84,817955.26,33.41,5106359.03,116094.33
VOY-000796,Supramax,9728.0,112932.8,788.74,5.27,31.18,663997.98,16624.27,24374.9,704997.15,15.08,1702706.4,27373.04
VOY-000797,Supramax,4558.9,71499.8,524.05,4.47,14.61,206748.46,9377.65,10017.31,226143.42,14.76,1055009.79,43428.73
VOY-000798,Capesize,9097.8,144236.3,456.78,5.32,29.16,506141.22,14585.71,32748.48,553475.41,37.06,5345643.74,138977.29
VOY-000799,Panamax,10455.1,77684.5,453.26,5.47,33.51,486039.7,12385.64,11315.04,509740.38,33.1,2571106.67,52889.22
VOY-000800,Capesize,7626.4,144290.6,742.62,1.62,24.44,689793.14,7196.36,32559.5,729549.0,8.84,1275622.01,20955.4
VOY-000801,Capesize,5739.0,71953.4,550.71,4.33,18.39,384936.33,14318.04,14954.8,414209.18,21.86,1572677.95,50972.04
VOY-000802,Supramax,10376.4,46527.5,706.88,3.12,33.26,634749.38,8813.43,8708.06,652270.86,38.51,1791973.96,31332.2
VOY-000803,Supramax,8533.0,62009.7,667.47,2.71,27.35,492879.36,7236.47,11385.29,511501.12,24.26,1504387.93,33030.43
VOY-000804,Panamax,8466.9,102210.6,740.8,4.21,27.14,643309.16,15597.93,13250.37,672157.46,10.72,1095970.66,13519.32
VOY-000805,Panamax,4056.9,120460.5,768.9,3.85,13.0,319936.14,14808.26,17528.84,352273.25,18.13,2183823.81,108666.79
VOY-000806,Panamax,1746.1,38471.7,426.75,2.1,5.6,76426.69,4478.85,8625.12,89530.66,8.7,334835.09,31876.18
VOY-000807,Handysize,11082.0,55319.8,633.36,4.92,35.52,224964.35,9344.67,11489.89,245798.91,40.82,2258148.29,49764.69
VOY-000808,Capesize,9760.1,157212.2,445.74,2.39,31.28,529869.65,6390.52,34434.62,570694.8,23.31,3665309.77,91904.8
VOY-000809,Handysize,3216.3,95456.4,583.52,3.38,10.31,60152.7,5918.71,11937.29,78008.7,40.63,3878822.24,277639.84
VOY-000810,Panamax,7651.9,96302.5,413.02,3.39,24.53,324141.06,7005.38,23828.97,354975.41,18.05,1738506.88,49557.6
VOY-000811,Handysize,4925.7,87495.9,495.11,4.55,15.79,78165.18,6754.27,14653.88,99573.34,36.19,3166082.96,150800.65
VOY-000812,Handysize,9212.7,91643.6,794.36,3.33,29.53,234556.0,7946.32,28533.17,271035.49,39.21,3593360.46,101098.66
VOY-000813,Capesize,1857.5,122424.5,854.19,2.68,5.95,193244.55,13730.42,16342.33,223317.3,9.0,1102038.49,101792.1
VOY-000814,Capesize,11506.3,55186.5,637.6,5.4,36.88,893534.39,20665.82,17924.67,932124.89,38.6,2130304.43,28338.4
VOY-000815,Handysize,1591.6,39154.2,541.21,3.19,5.1,27608.12,5180.88,7166.15,39955.15,17.58,688158.83,78170.91
VOY-000816,Panamax,8474.0,61685.7,870.3,3.88,27.16,756400.32,16897.94,16155.02,789453.27,10.73,661783.84,-4112.58
VOY-000817,Handysize,1226.4,133639.7,520.49,2.43,3.93,20458.88,3801.09,28397.51,52657.47,34.11,4558076.87,707846.96
VOY-000818,Capesize,10934.7,141258.7,471.1,2.04,35.05,627401.38,5779.91,44778.78,677960.08,38.21,5396848.32,127221.82
VOY-000819,Panamax,5302.8,37397.4,574.53,4.69,17.0,312476.44,13459.22,10746.81,336682.48,41.3,1544527.25,55708.75
VOY-000820,Handysize,3123.2,71718.1,774.21,3.77,10.01,77498.97,8747.72,13910.45,100157.14,23.42,1679909.64,114670.54
VOY-000821,Capesize,10048.6,138447.5,738.66,4.0,32.21,904016.17,17718.19,33086.25,954820.62,10.16,1406087.83,12464.26
VOY-000822,Capesize,4334.1,119439.9,425.62,3.3,13.89,224671.25,8439.09,26610.79,259721.12,44.63,5330542.34,294884.55
VOY-000823,Capesize,2379.1,95555.4,853.27,3.3,7.63,247248.26,16869.9,14899.54,279017.7,42.21,4033441.96,343793.31
VOY-000824,Panamax,11929.9,132207.4,825.0,4.97,38.24,1009454.28,20498.93,28484.29,1058437.51,22.99,3038822.35,45835.38
VOY-000825,Panamax,5793.2,93896.4,660.59,4.34,18.57,392509.41,14344.74,29658.47,436512.63,35.26,3310673.94,125449.15
VOY-000826,Capesize,11509.0,133695.6,602.02,4.66,36.89,843872.9,16850.24,28368.05,889091.2,30.86,4125359.78,77883.24
VOY-000827,Panamax,5938.0,160721.0,430.76,5.02,19.03,262342.6,10810.26,26951.75,300104.61,42.82,6881893.69,273658.41
VOY-000828,Panamax,3741.1,144216.5,407.28,5.55,11.99,156278.33,11296.91,46215.93,213791.16,25.15,3627469.98,194641.51
VOY-000829,Supramax,3103.1,45300.6,637.53,3.34,9.95,171201.27,8504.92,11308.48,191014.68,37.94,1718491.47,115012.22
VOY-000830,Handysize,2119.6,125201.8,872.99,5.23,6.79,59305.97,13707.81,33985.84,106999.62,25.67,3214296.15,258349.46
VOY-000831,Handysize,11575.3,49406.8,766.3,4.64,37.1,284300.84,10662.23,7775.19,302738.25,16.68,824072.93,12490.6
VOY-000832,Panamax,6702.2,121434.4,451.32,4.86,21.48,310241.24,10971.03,15229.5,336441.76,43.23,5249975.08,186520.47
VOY-000833,Panamax,3234.3,101091.1,725.77,5.34,10.37,240756.9,19388.13,30409.72,290554.75,41.4,4185368.49,247931.49
VOY-000834,Panamax,10902.8,161602.9,464.59,2.74,34.94,519519.61,6353.75,28083.93,553957.3,19.91,3217422.69,70686.28
VOY-000835,Capesize,9783.5,106963.8,574.56,5.52,31.36,684634.91,19033.45,16275.76,719944.12,17.55,1877170.95,31379.57
VOY-000836,Panamax,6883.9,97505.3,716.56,3.3,22.06,505919.28,11816.8,25530.02,543266.1,31.87,3107939.94,101122.54
VOY-000837,Capesize,2896.9,135595.3,509.58,5.63,9.28,179794.73,17222.06,29494.2,226510.98,42.19,5720753.87,368303.94
VOY-000838,Capesize,3678.2,42257.2,839.21,3.18,11.79,375956.92,16014.19,5743.85,397714.95,23.05,974221.63,38511.97
VOY-000839,Panamax,5203.8,82236.5,483.71,4.61,16.68,258167.62,11142.58,11888.86,281199.06,27.76,2282640.86,94026.36
VOY-000840,Supramax,4965.5,17558.2,888.63,4.88,15.92,381849.93,17333.31,3046.44,402229.68,21.46,376778.75,-1224.1
VOY-000841,Panamax,6844.7,75416.4,507.88,3.27,21.94,356541.18,8297.88,24592.49,389431.55,30.63,2309932.18,76192.48
VOY-000842,Capesize,9247.4,163444.4,719.98,4.89,29.64,810902.07,21112.82,21814.15,853829.04,15.02,2454205.84,46351.98
VOY-000843,Handysize,2557.3,13466.1,668.73,5.92,8.2,54812.96,11875.61,4322.36,71010.93,25.29,340578.34,19096.4
VOY-000844,Capesize,8721.8,37236.7,545.08,3.75,27.95,579019.09,12254.87,10227.27,601501.22,12.99,483615.8,-3718.6
VOY-000845,Panamax,4763.4,119933.2,596.38,4.99,15.27,291363.27,14888.07,27812.81,334064.16,25.63,3073414.82,135208.86
VOY-000846,Handysize,6338.2,29270.3,885.35,3.42,20.31,179857.34,9090.02,8055.99,197003.35,29.7,869474.15,28329.97
VOY-000847,Handysize,6021.1,162652.6,629.92,4.17,19.3,121565.03,7886.92,26834.04,156285.99,27.59,4488130.54,184554.27
VOY-000848,Handysize,9114.2,133038.3,497.67,4.23,29.21,145380.38,6317.47,34737.17,186435.02,24.26,3227526.4,90931.82
VOY-000849,Panamax,2808.6,165431.2,678.11,2.8,9.0,195333.59,9487.3,38893.48,243714.37,10.08,1668224.27,120721.64
VOY-000850,Panamax,10911.3,81007.7,539.25,3.7,34.97,603474.51,9969.42,10217.57,623661.5,32.88,2663498.54,52750.28
VOY-000851,Capesize,984.3,72259.0,697.55,4.81,3.15,83620.08,20116.27,18713.09,122449.45,33.26,2403054.81,286467.99
VOY-000852,Handysize,4288.9,118722.4,519.73,5.36,13.75,71444.62,8360.91,21566.03,101371.56,8.56,1016070.62,47868.02
VOY-000853,Supramax,3780.0,38202.8,452.17,4.2,12.12,147911.68,7589.99,8603.28,164104.94,32.79,1252790.57,66741.84
VOY-000854,Capesize,7141.3,29636.6,815.28,1.71,22.89,709112.2,8359.4,8731.07,726202.67,28.09,832509.68,4321.82
VOY-000855,Handysize,10656.6,12076.9,570.1,5.5,34.16,194722.84,9407.01,3140.06,207269.92,21.37,258049.07,1280.49
VOY-000856,Capesize,397.4,104784.0,425.47,5.08,1.27,20595.66,12973.41,32464.86,66033.93,26.13,2737602.41,420332.51
VOY-000857,Supramax,10857.4,166400.3,416.97,1.77,34.8,391781.73,2954.5,28358.86,423095.1,25.4,4226186.0,103992.45
VOY-000858,Capesize,10578.3,111734.2,886.15,3.06,33.9,1141699.41,16291.45,33251.56,1191242.42,27.32,3052555.63,50347.97
VOY-000859,Panamax,2272.1,39203.0,491.53,3.9,7.28,114545.66,9585.35,7601.45,131732.46,20.51,803907.29,60108.16
VOY-000860,Panamax,6399.3,141356.7,512.44,3.26,20.51,336336.01,8342.59,39855.94,384534.54,36.79,5200813.25,202649.41
VOY-000861,Supramax,10321.8,34633.3,694.98,5.71,33.08,620777.65,15872.64,5058.7,641708.99,21.56,746688.14,2706.18
VOY-000862,Supramax,8369.7,25920.1,414.37,2.54,26.83,300125.81,4216.02,7848.4,312190.23,31.29,811166.54,16989.52
VOY-000863,Handysize,6185.6,40116.2,485.79,3.3,19.83,96311.11,4807.16,4974.5,106092.77,35.65,1430276.04,57263.77
VOY-000864,Panamax,11429.2,22910.2,669.08,4.29,36.63,784313.21,14349.34,5374.12,804036.67,17.4,398667.54,-9906.03
VOY-000865,Capesize,1257.2,168212.9,869.87,5.02,4.03,133192.8,26207.37,24940.22,184340.39,44.25,7443336.83,802037.17
VOY-000866,Capesize,7849.7,117952.8,614.12,4.73,25.16,587126.42,17436.39,34547.55,639110.36,16.03,1890471.86,41863.83
VOY-000867,Supramax,10328.5,177289.1,848.26,5.23,33.1,758182.38,17730.11,33908.77,809821.26,25.58,4534318.55,97170.13
VOY-000868,Supramax,7525.5,174808.2,471.48,2.98,24.12,307048.97,5624.07,30483.69,343156.73,22.33,3903975.11,131384.9
VOY-000869,Capesize,4075.2,72286.2,492.07,5.94,13.06,244234.68,17548.88,20400.75,282184.32,13.98,1010815.81,38338.01
VOY-000870,Panamax,8682.5,102529.0,703.81,3.38,27.83,626748.71,11908.06,15474.4,654131.18,11.77,1206799.98,17706.68
VOY-000871,Handysize,1052.1,113922.8,626.21,2.19,3.37,21116.86,4116.15,27069.05,52302.06,27.93,3182061.42,562585.3
VOY-000872,Handysize,9501.5,102866.0,874.9,3.42,30.45,266439.91,8974.21,17270.76,292684.87,21.11,2171536.53,55467.97
VOY-000873,Capesize,2118.5,115400.4,753.85,4.52,6.79,194509.7,20450.02,22094.07,237053.78,41.33,4769766.53,400725.95
VOY-000874,Supramax,3110.7,67066.5,544.62,4.42,9.97,146608.52,9632.57,15255.85,171496.94,25.37,1701579.97,106315.16
VOY-000875,Handysize,11242.7,31706.3,879.16,4.42,36.03,316796.8,11656.15,9984.63,338437.57,9.38,297319.32,-1016.43
VOY-000876,Supramax,2893.7,91336.7,634.02,4.37,9.27,158768.48,11074.72,28176.7,198019.9,10.52,960610.59,55902.03
VOY-000877,Panamax,4582.7,115053.8,714.76,4.07,14.69,335948.05,14527.75,20977.06,371452.86,8.89,1022548.04,34719.34
VOY-000878,Handysize,10659.6,54049.6,454.82,4.52,34.17,155391.46,6167.11,13951.05,175509.62,40.34,2180212.06,51821.1
VOY-000879,Supramax,5433.0,14281.9,487.55,1.99,17.41,229227.8,3875.07,3267.86,236370.73,21.31,304399.62,3506.56
VOY-000880,Supramax,859.2,41981.3,770.36,3.2,2.75,57276.32,9846.05,6562.81,73685.19,27.31,1146585.56,180349.19
VOY-000881,Capesize,776.6,138414.9,700.08,4.38,2.49,66219.48,18399.5,35672.04,120291.03,36.72,5082784.63,722393.03
VOY-000882,Supramax,7460.2,101090.5,710.38,3.45,23.91,458612.71,9795.2,30343.14,498751.05,36.59,3698830.16,116970.52
VOY-000883,Handysize,11502.8,72350.1,437.5,3.51,36.87,161295.81,4604.9,22301.22,188201.93,35.29,2553531.45,58582.04
VOY-000884,Handysize,6598.8,46516.3,582.12,1.92,21.15,123118.75,3358.9,8087.05,134564.71,30.14,1401782.21,54921.11
VOY-000885,Supramax,7177.8,149082.1,632.45,5.79,23.01,392849.19,14635.75,45894.91,453379.86,42.36,6315646.31,203614.42
VOY-000886,Panamax,4369.3,174518.5,538.95,1.85,14.0,241521.01,4998.2,24482.67,271001.88,25.76,4495929.08,266405.04
VOY-000887,Handysize,10198.0,169547.1,881.63,3.68,32.69,288168.3,9727.12,41722.44,339617.86,15.83,2684645.48,64488.58
VOY-000888,Handysize,1874.9,29528.9,859.92,2.08,6.01,51675.66,5360.32,4413.93,61449.9,39.96,1179984.87,138309.92
VOY-000889,Supramax,7040.9,111501.7,597.53,5.48,22.57,364077.01,13094.35,35256.89,412428.25,38.81,4327552.84,139598.87
VOY-000890,Handysize,6980.8,122660.2,838.0,5.23,22.37,187497.3,13147.23,29773.62,230418.15,12.76,1564570.05,48331.85
VOY-000891,Supramax,1108.3,115622.1,835.92,4.05,3.55,80173.95,13528.94,20755.83,114458.72,15.21,1758676.35,216389.79
VOY-000892,Capesize,10247.2,81313.9,502.87,5.11,32.84,627611.54,15414.29,19088.3,662114.13,33.01,2683911.91,53271.84
VOY-000893,Handysize,3157.7,41918.6,624.94,5.86,10.12,63249.96,10985.52,10368.93,84604.42,18.66,782022.57,43641.85
VOY-000894,Handysize,2579.0,105938.9,750.46,4.37,8.27,62034.01,9838.54,33000.48,104873.03,14.71,1558751.1,115056.67
VOY-000895,Handysize,7606.7,17984.6,727.11,1.92,24.38,177272.94,4197.42,2485.21,183955.57,35.47,637943.61,17258.76
VOY-000896,Supramax,8085.4,174154.1,499.41,4.47,25.91,349431.59,8928.51,29949.92,388310.02,32.89,5727837.03,175733.48
VOY-000897,Handysize,4208.2,12764.8,491.84,4.46,13.49,66338.31,6575.74,3135.93,76049.98,21.36,272621.27,10954.45
VOY-000898,Capesize,10299.4,52922.6,559.72,2.05,33.01,702115.79,6888.92,14133.71,723138.42,33.45,1770500.36,29871.49
VOY-000899,Supramax,7730.8,87514.4,630.91,3.91,24.78,422086.77,9856.49,25373.42,457316.69,22.79,1994470.14,53589.4
VOY-000900,Capesize,6223.1,78224.7,899.57,2.95,19.95,681824.07,15928.67,21708.84,719461.58,31.94,2498126.3,77680.78
VOY-000901,Handysize,1498.1,18612.8,873.09,3.32,4.8,41921.08,8705.44,3663.25,54289.77,34.73,646329.56,72865.68
VOY-000902,Capesize,1620.1,107997.2,788.85,4.94,5.19,155653.67,23386.42,15142.54,194182.63,11.05,1193262.54,98590.95
VOY-000903,Capesize,7572.9,51538.2,604.51,5.62,24.27,557557.34,20392.05,8294.32,586243.71,37.51,1933115.59,45054.53
VOY-000904,Capesize,9813.6,145241.3,484.26,4.88,31.45,578805.08,14178.18,21504.59,614487.85,36.78,5341968.22,130113.83
VOY-000905,Handysize,2518.8,84606.8,659.83,2.78,8.07,53268.21,5498.73,19263.58,78030.52,25.83,2185806.15,194249.92
VOY-000906,Capesize,3040.0,29653.9,802.04,2.52,9.74,296961.74,12117.62,8180.56,317259.91,8.65,256428.58,-4961.07
VOY-000907,Capesize,9484.8,30310.5,836.7,5.2,30.4,966551.48,26097.44,4854.24,997503.16,30.04,910379.67,-2447.39
VOY-000908,Supramax,623.4,162006.0,481.08,2.35,2.0,25952.36,4529.43,31429.22,61911.01,26.98,4370857.13,990146.21
VOY-000909,Panamax,6889.5,97880.4,754.23,2.51,22.08,532950.75,9477.94,22789.91,565218.6,15.55,1522408.47,38917.83
VOY-000910,Capesize,4924.2,12687.3,851.01,1.5,15.78,510386.29,7676.75,4109.87,522172.91,37.69,478151.8,-2546.62
VOY-000911,Panamax,5115.7,135101.9,707.26,5.92,16.4,371088.85,20940.31,29633.01,421662.17,31.27,4224316.96,170386.08
VOY-000912,Supramax,2174.7,117437.8,580.13,5.3,6.97,109176.74,12298.37,29553.58,151028.69,27.47,3225527.56,250573.04
VOY-000913,Handysize,4391.8,19619.3,515.86,1.74,14.08,72613.84,2695.64,4635.62,79945.11,22.87,448688.6,23311.25
VOY-000914,Capesize,11088.0,44097.3,514.29,5.78,35.54,694524.56,17845.49,12606.81,724976.86,43.43,1914977.31,28798.54
VOY-000915,Handysize,9941.8,138862.5,483.29,5.51,31.86,153998.14,7994.4,29219.73,191212.26,16.46,2285872.54,56038.81
VOY-000916,Capesize,868.3,52544.2,869.78,2.3,2.78,91983.23,11989.38,7750.3,111722.9,37.15,1951877.46,362205.82
VOY-000917,Panamax,1466.6,134642.8,726.62,3.11,4.7,109298.16,11296.99,29867.48,150462.63,12.91,1738856.45,203377.03
VOY-000918,Panamax,5416.9,75310.2,890.92,2.62,17.36,494979.14,11660.28,17657.14,524296.56,33.38,2514160.54,99595.55
VOY-000919,Capesize,2577.6,136469.5,599.55,5.95,8.26,188219.96,21388.07,43914.11,253522.15,13.31,1816360.9,110005.24
VOY-000920,Panamax,11843.8,171610.7,417.96,2.35,37.96,507712.56,4917.29,27213.58,539843.43,16.01,2747454.4,54760.62
VOY-000921,Handysize,1061.5,80540.3,430.07,4.99,3.4,14631.43,6442.52,21558.35,42632.3,16.43,1323395.77,152553.2
VOY-000922,Panamax,1055.9,35495.3,707.37,5.68,3.38,76603.11,20095.66,8623.51,105322.27,43.36,1539237.79,158164.76
VOY-000923,Handysize,7768.0,123050.7,613.55,1.81,24.9,152758.12,3334.78,16540.01,172632.91,39.09,4809864.17,173620.28
VOY-000924,Supramax,1163.0,83298.2,621.14,5.68,3.73,62515.8,14124.56,19335.97,95976.33,38.8,3232238.5,333196.38
VOY-000925,Panamax,7834.6,161501.0,606.27,3.47,25.11,487171.4,10505.83,36234.29,533911.51,40.32,6512118.56,209199.24
VOY-000926,Panamax,6246.0,104414.9,735.45,3.95,20.02,471141.15,14507.78,21406.71,507055.65,41.56,4339610.36,159926.53
VOY-000927,Supramax,10421.8,101835.0,710.88,2.19,33.4,641136.22,6223.55,17173.96,664533.73,42.15,4291924.37,101915.9
VOY-000928,Handysize,1409.7,83794.2,719.41,1.92,4.52,32505.88,4141.3,25554.07,62201.25,14.68,1229874.33,181394.11
VOY-000929,Supramax,9746.2,80987.1,892.14,5.38,31.24,752452.63,19188.65,19963.71,791604.99,21.32,1726946.18,25545.31
VOY-000930,Handysize,2168.6,107158.3,590.69,2.75,6.95,41057.15,4874.61,19650.95,65582.71,32.58,3490990.88,353077.98
VOY-000931,Handysize,7187.9,121348.0,574.05,1.91,23.04,132249.68,3295.68,37824.0,173369.36,9.08,1102324.45,37230.02
VOY-000932,Supramax,11811.1,28778.9,551.37,2.9,37.86,563568.33,6402.68,7433.86,577404.87,23.69,681636.13,2557.24
VOY-000933,Capesize,3213.5,70560.0,574.81,5.23,10.3,224977.68,18048.2,22413.92,265439.79,8.47,597987.93,21409.3
VOY-000934,Supramax,11851.3,26357.9,508.81,2.19,37.99,521829.11,4461.06,5456.39,531746.56,28.52,751651.51,5473.4
VOY-000935,Supramax,3706.9,19204.9,771.07,5.54,11.88,247353.07,17085.44,4157.26,268595.78,20.42,392167.06,7093.39
VOY-000936,Panamax,10362.6,164656.1,887.64,5.4,33.21,943415.31,23944.63,32255.33,999615.27,28.75,4733698.71,96716.12
VOY-000937,Panamax,2064.6,155742.0,771.39,3.06,6.62,163346.66,11813.21,41195.17,216355.04,22.71,3536388.42,342970.85
VOY-000938,Handysize,1665.0,28773.6,454.58,4.08,5.34,24258.33,5570.47,5753.31,35582.11,41.56,1195910.3,123161.91
VOY-000939,Panamax,10115.0,150081.6,874.32,5.5,32.42,907049.36,24030.32,22781.04,953860.71,39.29,5897303.49,130375.7
VOY-000940,Supramax,3448.7,178298.1,867.47,5.24,11.05,258893.18,18183.56,36640.56,313717.31,23.74,4233183.44,240547.06
VOY-000941,Handysize,6603.0,64350.0,852.57,3.29,21.16,180433.16,8422.37,17756.28,206611.81,23.45,1509103.99,53257.98
VOY-000942,Supramax,8674.9,64799.7,501.12,5.4,27.8,376193.24,10831.18,16400.46,403424.88,9.29,602254.71,5987.49
VOY-000943,Panamax,889.6,138195.0,791.03,5.19,2.85,72173.84,20535.29,16599.18,109308.31,13.63,1883291.32,220553.7
VOY-000944,Capesize,3717.5,63355.8,855.73,3.11,11.91,387447.03,15950.21,18537.62,421934.87,42.45,2689692.16,150967.72
VOY-000945,Capesize,3610.1,90500.1,406.87,2.19,11.57,178893.72,5348.42,24635.27,208877.4,9.69,876506.27,48513.79
VOY-000946,Handysize,9660.3,64046.2,867.7,2.21,30.96,268661.91,5758.55,15756.35,290176.81,37.15,2379627.64,62982.98
VOY-000947,Panamax,10933.5,123249.3,766.55,3.5,35.04,859600.66,13402.93,35046.46,908050.04,24.63,3035427.99,55199.08
VOY-000948,Supramax,11987.2,152789.5,697.52,2.74,38.42,723574.49,7641.21,30008.07,761223.77,28.99,4428610.48,89102.15
VOY-000949,Panamax,7786.2,98696.7,562.29,3.03,24.96,449038.36,8523.95,27872.88,485435.18,19.28,1902621.05,50636.17
VOY-000950,Capesize,2664.4,69632.8,810.72,2.12,8.54,263089.98,10309.99,18340.42,291740.39,44.17,3075464.22,261152.75
VOY-000951,Panamax,5998.4,174214.2,741.35,5.37,19.23,456095.01,19892.83,34994.91,510982.75,44.92,7825488.04,297430.78
VOY-000952,Panamax,7443.1,73834.1,664.01,2.6,23.86,506895.9,8618.39,13878.4,529392.69,12.3,907879.95,14308.55
VOY-000953,Supramax,9935.0,66234.1,779.28,3.38,31.84,669999.09,10528.15,15049.47,695576.71,44.81,2968163.56,64524.48
VOY-000954,Capesize,5198.0,14898.0,457.02,3.95,16.66,289331.99,10828.74,3066.81,303227.55,38.47,573155.42,13097.39
VOY-000955,Panamax,7341.2,98628.2,452.55,4.05,23.53,340744.7,9174.06,29626.45,379545.21,28.69,2829514.96,88818.8
VOY-000956,Supramax,11959.1,51346.3,794.32,4.85,38.33,822063.55,15416.06,16432.31,853911.92,24.92,1279698.74,9860.2
VOY-000957,Capesize,1781.2,44796.9,727.49,1.76,5.71,157820.14,7677.7,9645.68,175143.52,40.52,1815247.28,219622.53
VOY-000958,Panamax,8658.2,158063.2,838.5,2.82,27.75,744607.96,11831.19,27462.9,783902.05,18.63,2944724.01,70678.41
VOY-000959,Handysize,6097.7,48430.0,470.74,2.43,19.54,92001.34,3429.49,15399.99,110830.83,19.8,958795.97,38592.44
VOY-000960,Supramax,4368.9,20149.2,670.51,3.45,14.0,253504.6,9264.98,4744.24,267513.82,9.29,187164.28,-4602.65
VOY-000961,Capesize,8700.0,124444.3,624.83,2.6,27.88,662080.58,9752.66,29983.63,701816.87,41.29,5138489.31,145531.91
VOY-000962,Supramax,2724.4,142835.4,597.95,3.69,8.73,140974.79,8825.88,27596.68,177397.36,16.54,2362504.91,175905.81
VOY-000963,Supramax,5257.2,137808.2,591.51,4.68,16.85,269106.15,11064.55,43110.82,323281.52,30.42,4192799.55,179756.47
VOY-000964,Capesize,879.7,96397.0,623.15,5.49,2.82,66769.5,20521.27,24412.5,111703.27,14.37,1384831.73,153237.2
VOY-000965,Handysize,11181.3,79167.3,558.54,1.59,35.84,200164.77,2666.19,18410.1,221241.06,19.74,1562646.55,35839.04
VOY-000966,Capesize,1157.1,168230.3,650.64,5.83,3.71,91694.12,22753.51,40284.64,154732.26,43.0,7233979.78,742279.0
VOY-000967,Panamax,3296.7,146898.9,502.05,4.05,10.57,169753.16,10169.2,47674.5,227596.86,26.93,3955392.56,255027.25
VOY-000968,Panamax,10704.0,88487.5,596.94,5.8,34.31,655342.68,17320.36,18165.72,690828.76,31.05,2747797.71,51282.28
VOY-000969,Panamax,5686.6,57777.3,526.31,2.93,18.23,306963.2,7701.09,10147.31,324811.6,43.76,2528436.61,104176.73
VOY-000970,Supramax,9073.8,106904.7,593.78,4.7,29.08,466254.71,11166.74,31426.49,508847.94,12.55,1341543.53,24647.35
VOY-000971,Supramax,2763.0,78057.2,701.34,5.67,8.86,167693.41,15902.05,12969.91,196565.37,12.07,942340.83,51347.21
VOY-000972,Handysize,1698.1,88328.8,556.04,1.62,5.44,30262.8,2695.7,14165.53,47124.03,25.06,2213722.22,306944.31
VOY-000973,Capesize,1978.5,141951.8,756.78,3.37,6.34,182359.5,15295.44,33617.81,231272.75,33.67,4779198.22,468388.05
VOY-000974,Panamax,8940.1,174657.2,421.32,4.04,28.65,386320.23,8509.96,50050.52,444880.71,12.17,2124941.79,51387.89
VOY-000975,Capesize,1912.2,42953.1,717.75,2.23,6.13,167162.58,9584.65,10731.39,187478.62,28.57,1227302.97,124462.84
VOY-000976,Handysize,2778.6,29288.8,680.66,2.82,8.91,60617.89,5761.95,5627.18,72007.01,10.83,317110.1,20899.92
VOY-000977,Capesize,307.3,50062.9,424.48,3.05,0.98,15886.66,7767.24,7293.95,30947.85,15.24,762801.29,181395.09
VOY-000978,Capesize,3236.7,154654.8,446.23,5.94,10.37,175909.32,15913.27,34521.87,226344.45,43.68,6756024.43,400162.73
VOY-000979,Panamax,2693.0,34380.7,786.76,5.66,8.63,217305.03,22255.65,6592.34,246153.02,38.56,1325626.13,75546.83
VOY-000980,Capesize,11997.2,139644.7,498.23,3.73,38.45,728016.2,11163.67,39562.4,778742.27,40.41,5643125.16,115304.86
VOY-000981,Supramax,6769.7,101773.1,886.03,4.23,21.7,519073.57,15004.95,23525.5,557604.02,35.62,3624824.79,118281.64
VOY-000982,Handysize,11619.2,49144.9,681.22,2.49,37.24,253692.93,5085.69,9913.96,268692.58,23.34,1147034.68,22108.12
VOY-000983,Handysize,4358.6,105745.3,571.22,5.76,13.97,79799.21,9876.95,31096.32,120772.48,14.4,1522335.28,71024.65
VOY-000984,Handysize,9581.6,78624.4,593.44,4.57,30.71,182247.15,8132.36,18072.54,208452.06,38.27,3008585.73,79373.37
VOY-000985,Capesize,5423.3,20605.8,459.17,2.68,17.38,303293.99,7385.44,6150.02,316829.44,14.01,288732.5,-1400.42
VOY-000986,Handysize,6940.1,38762.0,466.49,4.12,22.24,103765.15,5762.86,4788.45,114316.46,10.96,424726.36,11775.0
VOY-000987,Capesize,2252.9,36200.1,707.72,4.26,7.22,194188.96,18071.1,10981.04,223241.1,10.94,396075.72,15059.98
VOY-000988,Supramax,4151.6,61906.6,629.85,5.46,13.31,226290.25,13754.43,20407.47,260452.16,36.01,2229425.68,104922.9
VOY-000989,Supramax,4498.5,177617.6,790.3,5.83,14.42,307654.32,18440.29,24850.14,350944.75,10.33,1834571.32,73260.19
VOY-000990,Capesize,5865.4,131344.7,567.87,2.61,18.8,405676.2,8895.97,25027.15,439599.33,25.65,3368780.28,136812.01
VOY-000991,Panamax,6906.7,111787.6,670.94,5.55,22.14,475276.88,18618.8,23095.15,516990.82,37.58,4201402.0,133073.96
VOY-000992,Capesize,3718.8,101620.7,727.19,2.76,11.92,329369.83,12031.5,31412.55,372813.87,15.12,1536602.3,79294.44
VOY-000993,Capesize,5509.7,163734.6,546.93,4.63,17.66,367018.01,15187.84,45164.98,427370.83,20.42,3343006.58,130820.01
VOY-000994,Capesize,3980.4,42694.0,785.99,2.28,12.76,381046.27,10736.72,13024.69,404807.68,27.59,1177899.76,51421.38
VOY-000995,Capesize,9157.6,171049.0,734.19,2.41,29.35,818878.84,10635.68,22697.02,852211.54,34.54,5907691.8,159148.7
VOY-000996,Panamax,11480.5,26544.3,413.54,4.39,36.8,486938.32,9077.84,3297.92,499314.08,11.61,308142.4,-4641.59
VOY-000997,Capesize,4682.0,56997.5,745.81,2.37,15.01,425289.57,10611.93,18228.33,454129.83,27.84,1586680.49,65172.37
VOY-000998,Handysize,2378.2,124631.9,862.21,3.93,7.62,65722.46,10152.59,39764.04,115639.09,26.25,3271176.75,273263.49
VOY-000999,Panamax,5419.6,66561.3,409.33,5.07,17.37,227530.11,10384.28,21948.39,259862.78,24.08,1602753.29,59832.15
VOY-001000,Capesize,2324.2,66018.1,761.74,3.61,7.45,215625.54,16518.14,17286.49,249430.16,31.31,2067023.44,164289.34
VOY-001001,Capesize,830.0,127319.3,503.88,5.73,2.66,50938.13,17324.29,32595.65,100858.07,16.86,2146865.51,243843.34
VOY-001002,Supramax,11115.5,55493.3,774.36,3.18,35.63,744872.04,9850.13,16056.62,770778.8,38.5,2136580.17,35194.86
VOY-001003,Supramax,9744.8,129170.2,536.78,3.7,31.23,452666.59,7940.63,35213.98,495821.2,14.12,1823297.46,38002.07
VOY-001004,Capesize,7257.1,80132.0,779.88,3.92,23.26,689321.24,18359.29,25739.3,733419.82,8.87,710604.93,-839.29
VOY-001005,Supramax,1629.2,85498.3,768.09,2.2,5.22,108294.88,6763.45,25664.67,140723.0,44.9,3838881.7,498179.7
VOY-001006,Supramax,8013.5,76208.0,706.52,5.38,25.68,489959.63,15212.77,12041.95,517214.35,33.25,2533534.58,64901.55
VOY-001007,Panamax,9457.1,141073.1,519.39,5.2,30.31,503783.06,13502.57,44971.68,562257.31,21.43,3023645.31,69313.95
VOY-001008,Panamax,1734.8,49150.2,577.66,5.47,5.56,102779.3,15803.97,10725.87,129309.13,20.03,984521.99,77522.48
VOY-001009,Panamax,3171.2,131564.5,793.39,3.47,10.16,258049.86,13760.43,25858.28,297668.57,12.32,1621503.82,97106.04
VOY-001010,Panamax,326.5,146422.7,465.89,2.53,1.05,15600.04,5895.35,36185.11,57680.51,35.7,5227973.18,1445340.56
VOY-001011,Handysize,4201.2,129674.5,665.21,4.79,13.47,89573.54,9554.11,27377.82,126505.47,8.05,1044135.33,50272.86
VOY-001012,Capesize,5405.9,65065.1,602.44,4.44,17.33,396656.56,16031.79,13545.13,426233.48,14.55,946670.7,23915.15
VOY-001013,Handysize,2328.1,27840.9,492.74,2.49,7.46,36768.13,3685.92,3735.38,44189.43,23.2,645851.12,60435.1
VOY-001014,Panamax,8982.8,21781.0,740.91,3.68,28.79,682616.28,13631.44,3842.9,700090.62,34.83,758604.54,1802.05
VOY-001015,Supramax,315.2,142503.7,852.17,2.04,1.01,23240.89,6940.23,32288.84,62469.95,10.81,1540069.78,485070.5
VOY-001016,Handysize,3874.3,74772.3,885.3,5.65,12.42,109932.06,14995.2,20637.74,145565.0,13.92,1041118.51,49577.88
VOY-001017,Handysize,4210.1,29524.5,700.74,1.75,13.49,94556.9,3674.55,9564.67,107796.12,38.46,1135564.13,67431.06
VOY-001018,Supramax,4181.7,40319.6,571.65,2.97,13.4,206868.44,6795.29,5682.92,219346.64,19.95,804423.83,35730.56
VOY-001019,Supramax,8065.2,118431.5,425.83,4.35,25.85,297208.39,7415.71,25583.95,330208.05,11.13,1318443.16,32719.15
VOY-001020,Handysize,4208.5,177900.3,687.92,3.69,13.49,92791.55,7620.63,27500.03,127912.21,26.66,4742624.21,268587.67
VOY-001021,Supramax,2203.2,125103.5,447.24,2.21,7.06,85270.37,3949.03,21426.57,110645.97,39.24,4909277.72,517717.49
VOY-001022,Supramax,7915.5,169570.6,427.01,3.86,25.37,292503.94,6600.85,47250.82,346355.61,18.93,3209730.17,97944.08
VOY-001023,Supramax,315.1,52080.4,615.84,3.01,1.01,16790.24,7423.85,11664.56,35878.65,14.89,775674.43,183869.45
VOY-001024,Handysize,10474.5,162066.1,827.94,3.27,33.57,277958.56,8127.65,35516.31,321602.51,42.58,6901384.49,178582.81
VOY-001025,Panamax,6435.7,104932.0,738.37,4.8,20.63,487374.29,17712.4,32409.7,537496.39,42.45,4454003.87,154041.73
VOY-001026,Supramax,4260.3,144765.3,629.47,2.39,13.65,232071.99,6027.04,29543.24,267642.27,19.95,2887649.97,163255.1
VOY-001027,Handysize,8598.8,41827.7,591.55,4.95,27.56,163031.72,8789.89,9662.04,181483.64,30.91,1292973.9,34185.8
VOY-001028,Capesize,11495.7,106831.3,763.16,4.64,36.85,1068514.33,21232.34,28596.71,1118343.38,27.03,2887724.39,42654.16
VOY-001029,Panamax,5645.1,10958.5,530.28,4.06,18.09,307026.95,10757.17,2884.68,320668.8,19.28,211263.88,-4939.14
VOY-001030,Capesize,7734.6,93481.6,437.52,2.66,24.79,412157.56,6975.28,22598.57,441731.41,41.4,3870109.34,124907.1
VOY-001031,Capesize,8393.1,42934.5,830.49,5.51,26.9,848956.08,27474.63,10010.92,886441.63,8.01,343790.66,-16740.93
VOY-001032,Supramax,11694.4,78299.5,896.95,5.17,37.48,907730.44,18565.58,14342.95,940638.97,36.44,2853314.25,44838.79
VOY-001033,Capesize,10703.0,120794.6,474.77,5.41,34.3,618901.41,15406.2,26260.81,660568.43,32.39,3912456.69,81884.98
VOY-001034,Supramax,3344.2,133562.3,556.72,3.38,10.72,161117.28,7521.02,16843.11,185481.41,9.95,1329016.71,81124.59
VOY-001035,Capesize,5822.3,72387.2,463.65,4.12,18.66,328786.03,11462.04,16142.65,356390.72,23.24,1682175.66,58196.08
VOY-001036,Handysize,5500.6,47457.7,462.17,3.02,17.63,81481.21,4184.95,5835.09,91501.25,36.03,1709805.56,78374.73
VOY-001037,Panamax,5460.8,164833.4,890.77,5.75,17.5,498904.38,25602.16,20889.42,545395.96,29.46,4856307.27,185407.97
VOY-001038,Panamax,4242.9,146823.7,737.35,2.53,13.6,320871.64,9339.3,47236.59,377447.53,33.67,4943280.63,283024.63
VOY-001039,Handysize,10440.4,156647.6,625.62,3.96,33.46,209349.5,7428.25,25483.85,242261.59,17.12,2681322.4,65179.31
VOY-001040,Handysize,3702.4,29699.2,569.42,4.01,11.87,67571.09,6858.47,9028.94,83458.5,18.83,559382.86,29967.31
VOY-001041,Capesize,1633.9,44220.0,756.44,3.36,5.24,150537.21,15267.75,12633.28,178438.24,34.0,1503303.43,154037.33
VOY-001042,Capesize,6560.1,153297.8,809.35,2.12,21.03,646662.16,10314.99,43365.08,700342.24,29.82,4570937.57,167194.58
VOY-001043,Capesize,5071.9,162751.6,743.15,5.36,16.26,459062.16,23912.46,41999.17,524973.79,37.82,6155937.29,260465.06
VOY-001044,Panamax,3615.1,76826.8,636.79,2.0,11.59,236106.57,6372.79,15944.56,258423.93,28.26,2171357.28,140777.76
VOY-001045,Panamax,2628.0,60701.8,629.98,2.78,8.42,169806.66,8743.61,19022.08,197572.35,24.39,1480709.44,114576.25
VOY-001046,Capesize,7527.7,41174.6,820.67,4.12,24.13,752418.7,20292.27,10475.38,783186.35,27.06,1114145.28,11716.0
VOY-001047,Capesize,10578.6,68591.2,700.06,3.67,33.91,901967.81,15417.46,17127.31,934512.58,31.03,2128327.33,31770.34
VOY-001048,Handysize,9678.0,153512.2,677.47,2.58,31.02,210146.17,5246.5,42542.52,257935.19,31.77,4877805.78,137493.08
VOY-001049,Capesize,1798.9,56148.0,752.79,4.21,5.77,164933.17,19002.82,11205.08,195141.08,24.63,1382798.95,119088.28
VOY-001050,Capesize,5932.1,74757.4,534.59,3.99,19.01,386242.99,12790.93,17299.34,416333.26,32.1,2399914.59,86239.54
VOY-001051,Supramax,1417.9,115010.2,579.51,3.11,4.54,71109.42,7200.06,35959.93,114269.41,36.83,4235813.87,538706.12
VOY-001052,Handysize,11483.7,41379.5,757.18,5.04,36.81,278695.24,11453.9,8089.5,298238.64,36.24,1499561.83,28706.07
VOY-001053,Supramax,6153.8,81996.5,587.24,5.66,19.72,312729.66,13289.14,20396.7,346415.5,19.24,1577900.04,48519.66
VOY-001054,Panamax,1090.2,110903.4,579.99,5.8,3.49,64850.0,16810.52,34965.64,116626.16,22.96,2546778.8,261560.53
VOY-001055,Panamax,8524.3,154660.3,400.44,3.36,27.32,350098.61,6731.46,27320.48,384150.54,14.66,2266613.43,61351.21
VOY-001056,Capesize,6230.0,104765.9,714.61,3.45,19.97,542234.92,14795.56,24414.16,581444.64,30.78,3224740.54,112870.63
VOY-001057,Capesize,11118.9,56289.4,647.01,2.79,35.64,876202.88,10818.77,11170.78,898192.43,31.69,1783567.27,23042.05
VOY-001058,Handysize,10215.3,151679.7,734.37,3.4,32.74,240443.01,7486.03,28046.8,275975.84,16.6,2517148.29,62014.56
VOY-001059,Capesize,4025.4,170922.8,519.76,4.39,12.9,254826.28,13688.67,36497.21,305012.16,14.9,2545944.16,129597.85
VOY-001060,Supramax,10710.3,162578.2,876.03,4.57,34.33,811953.39,16003.33,28100.83,856057.55,15.07,2450604.38,40996.3
VOY-001061,Handysize,7104.0,178078.8,446.75,3.69,22.77,101722.49,4951.07,42503.2,149176.77,17.7,3152140.89,113475.65
VOY-001062,Supramax,11868.7,166362.1,532.14,4.91,38.04,546560.9,10451.41,39362.31,596374.62,35.86,5966018.07,125018.24
VOY-001063,Handysize,11796.6,161207.0,713.38,2.07,37.81,269725.11,4440.63,27464.49,301630.24,27.0,4352830.97,101573.05
VOY-001064,Handysize,7304.0,58432.5,570.84,3.18,23.41,133634.39,5446.77,13647.24,152728.4,27.24,1591547.59,54109.5
VOY-001065,Capesize,3840.9,106102.6,439.03,3.05,12.31,205378.8,8026.06,28007.16,241412.02,33.97,3604080.07,218957.53
VOY-001066,Capesize,9818.0,132051.8,838.6,1.97,31.47,1002776.41,9897.46,31466.68,1044140.54,34.57,4564382.35,105286.2
VOY-001067,Supramax,5083.5,155094.2,422.25,4.87,16.29,185756.19,8221.59,21133.87,215111.65,38.75,6009843.4,273841.3
VOY-001068,Handysize,10137.1,134253.7,791.56,2.25,32.49,257183.3,5350.02,23861.0,286394.32,43.04,5778152.77,158064.61
VOY-001069,Capesize,1218.6,114032.6,756.17,3.06,3.91,112234.95,13876.11,28686.68,154797.74,26.5,3022356.68,411749.04
VOY-001070,Supramax,4066.1,175181.5,625.36,5.96,13.03,220046.96,14912.54,26147.86,261107.36,42.17,7388255.81,375236.19
VOY-001071,Panamax,2647.8,116276.3,628.22,3.99,8.49,170604.02,12534.73,14196.51,197335.26,9.98,1161011.25,77235.85
VOY-001072,Capesize,4087.3,18544.7,777.21,5.44,13.1,386907.7,25378.34,3513.94,415799.98,38.89,721263.74,16473.55
VOY-001073,Supramax,927.8,164711.4,646.8,4.46,2.97,51930.96,11550.17,43787.33,107268.46,16.49,2715351.57,350641.78
VOY-001074,Capesize,7450.9,171241.6,849.08,5.48,23.88,770522.91,27913.29,48619.24,847055.44,21.84,3739348.67,98510.27
VOY-001075,Capesize,3614.9,67726.3,882.54,1.73,11.59,388554.41,9142.57,14209.0,411905.98,27.65,1872519.77,109716.34
VOY-001076,Capesize,7270.7,28343.5,818.97,2.14,23.3,725228.15,10523.17,6371.8,742123.12,34.83,987257.96,9633.91
VOY-001077,Handysize,11580.5,176400.6,484.8,4.19,37.12,179942.88,6086.68,52547.45,238577.02,23.72,4184447.82,95537.33
VOY-001078,Supramax,11419.5,114887.4,457.39,3.36,36.6,452004.59,6149.37,30470.2,488624.16,12.88,1479318.62,24790.83
VOY-001079,Handysize,3480.8,110007.9,641.59,2.11,11.16,71577.96,4070.01,26385.29,102033.26,28.18,3099915.31,225899.76
VOY-001080,Capesize,4036.3,112310.7,889.48,4.76,12.94,437273.33,25409.25,33419.81,496102.39,14.25,1600586.05,62406.96
VOY-001081,Capesize,505.8,87592.2,687.75,4.67,1.62,42365.79,19284.24,23014.54,84664.57,30.96,2711748.24,417371.45
VOY-001082,Supramax,9891.7,100274.6,442.37,2.41,31.7,378674.41,4270.56,16051.11,398996.08,19.48,1953808.95,45572.09
VOY-001083,Capesize,11604.8,88689.9,531.54,4.5,37.19,751286.63,14363.6,25656.57,791306.79,23.05,2044443.14,30052.21
VOY-001084,Handysize,4779.9,104345.4,443.37,3.43,15.32,67925.53,4565.59,30523.07,103014.2,29.71,3100152.71,159824.21
VOY-001085,Panamax,9599.1,75311.1,808.42,2.41,30.77,795915.18,9733.86,13111.61,818760.64,28.9,2176466.41,40926.06
VOY-001086,Supramax,6417.7,107453.4,494.75,4.97,20.57,274773.41,9833.76,29329.82,313937.0,37.15,3991428.89,143998.07
VOY-001087,Panamax,10094.2,97149.4,437.55,5.67,32.35,452994.44,12408.99,30027.32,495430.75,24.98,2426678.71,50788.72
VOY-001088,Supramax,3508.4,166089.5,798.76,1.9,11.24,242514.33,6059.93,29409.68,277983.93,20.23,3360636.71,234571.4
VOY-001089,Supramax,6200.3,157030.7,702.4,4.68,19.87,376880.05,13144.11,43291.7,433315.85,35.67,5601560.98,210511.32
VOY-001090,Handysize,807.6,60561.6,815.71,1.95,2.59,21113.22,4774.81,16611.25,42499.28,23.42,1418545.5,303128.19
VOY-001091,Capesize,3715.6,161649.3,586.74,5.64,11.91,265525.64,19840.33,41664.02,327029.99,18.45,2982277.35,151342.14
VOY-001092,Handysize,7873.9,12574.1,633.31,5.38,25.24,159828.52,10213.3,1948.94,171990.76,32.93,414104.02,7908.94
VOY-001093,Capesize,788.6,114707.0,457.13,4.49,2.53,43904.11,12325.23,34392.66,90622.0,28.22,3236810.25,448101.29
VOY-001094,Capesize,10066.9,13501.0,472.19,3.6,32.27,578943.46,10198.13,3828.22,592969.81,24.35,328799.02,-7365.64
VOY-001095,Handysize,3957.4,56853.8,768.06,5.64,12.68,97420.14,12992.71,11722.56,122135.42,41.39,2353017.39,121755.35
VOY-001096,Supramax,2695.3,60559.1,629.13,2.29,8.64,146744.8,5757.87,8335.72,160838.39,19.66,1190435.02,94226.18
VOY-001097,Panamax,9924.9,48653.3,767.44,3.81,31.81,781207.67,14636.99,15634.89,811479.56,24.37,1185515.81,10499.28
VOY-001098,Handysize,9304.2,127873.2,648.89,2.78,29.82,193506.73,5408.83,28393.88,227309.44,35.98,4601497.17,134178.67
VOY-001099,Supramax,1251.4,113425.8,739.75,5.13,4.01,80109.36,15168.45,31238.63,126516.45,31.4,3561055.87,375894.06
VOY-001100,Panamax,2487.4,14903.9,593.55,3.75,7.97,151427.76,11137.76,4771.63,167337.16,14.41,214697.76,4039.13
VOY-001101,Capesize,10729.8,94311.0,565.95,1.98,34.39,739606.22,6725.01,28917.75,775248.98,8.22,775218.95,-0.83
VOY-001102,Supramax,7398.0,91741.3,878.77,2.65,23.71,562599.79,9300.48,28519.15,600419.42,11.8,1082889.43,18304.93
VOY-001103,Capesize,8971.7,82359.6,565.39,5.46,28.76,617805.48,18507.96,12489.7,648803.14,16.86,1388469.55,21620.65
VOY-001104,Panamax,9314.7,22993.3,404.74,1.5,29.85,386667.57,3044.07,3759.3,393470.94,28.03,644461.69,8003.77
VOY-001105,Supramax,2627.9,170557.9,631.87,4.46,8.42,143695.12,11272.31,38634.63,193602.05,29.05,4955404.65,369631.74
VOY-001106,Capesize,9901.7,53588.9,484.4,2.3,31.74,584173.32,6670.22,14179.13,605022.68,41.88,2244308.77,48169.94
VOY-001107,Handysize,10779.3,96927.0,635.02,2.39,34.55,219391.91,4548.56,28993.74,252934.21,19.35,1875159.69,43919.27
VOY-001108,Supramax,3767.5,59854.7,539.57,4.64,12.08,175915.19,10025.04,19239.73,205179.97,28.59,1710995.6,90059.94
VOY-001109,Capesize,3176.7,177991.1,522.57,4.05,10.18,202187.62,12708.54,54017.44,268913.59,16.52,2940587.54,187683.13
VOY-001110,Handysize,8299.6,76232.3,612.6,3.54,26.6,162958.61,6496.91,22457.77,191913.29,20.74,1580748.33,46084.8
VOY-001111,Capesize,8267.4,15875.6,462.77,5.73,26.5,465974.17,15907.7,2485.72,484367.59,25.15,399272.46,-2640.49
VOY-001112,Handysize,11028.9,70643.2,539.66,2.16,35.35,190766.18,3493.62,14405.75,208665.54,15.63,1103857.52,23867.28
VOY-001113,Supramax,5485.9,73681.8,504.3,4.93,17.58,239413.25,9948.86,17095.9,266458.01,31.18,2297453.07,90206.47
VOY-001114,Capesize,5780.7,49896.2,590.02,3.69,18.53,415405.09,13070.85,9411.62,437887.56,8.64,430891.17,-314.87
VOY-001115,Capesize,1871.6,115088.5,420.79,5.11,6.0,95921.34,12910.91,28281.78,137114.03,24.98,2874592.69,246342.48
VOY-001116,Capesize,11922.1,57651.5,842.88,5.23,38.21,1223898.69,26447.99,16821.36,1267168.04,15.91,917090.82,-8058.59
VOY-001117,Handysize,607.2,142433.6,868.72,3.22,1.95,16907.34,8399.72,19653.85,44960.91,32.88,4683691.91,897373.33
VOY-001118,Handysize,11386.6,178057.5,420.51,3.77,36.5,153468.95,4753.22,37229.4,195451.56,36.83,6557099.91,158000.66
VOY-001119,Supramax,9535.3,154274.6,761.02,1.72,30.56,627969.96,5235.92,37792.05,670997.93,14.91,2299605.41,50449.81
VOY-001120,Supramax,6531.0,114981.3,450.85,2.72,20.93,254811.15,4911.21,30200.46,289922.82,37.58,4321198.69,170412.59
VOY-001121,Supramax,9064.0,155829.6,796.78,5.39,29.05,624979.77,17183.27,48667.31,690830.35,22.26,3468275.17,80639.53
VOY-001122,Panamax,878.5,132944.7,684.87,3.49,2.82,61708.38,11950.61,20424.06,94083.04,8.65,1149846.09,167432.99
VOY-001123,Capesize,8019.3,175237.2,745.09,4.03,25.7,727733.05,18028.43,41047.43,786808.92,28.84,5054011.38,143505.01
VOY-001124,Capesize,5507.5,164181.2,547.13,3.66,17.65,367004.52,12004.24,39999.76,419008.52,36.64,6015845.55,262651.39
VOY-001125,Capesize,7955.8,43565.1,749.13,4.4,25.5,725887.71,19773.28,8634.07,754295.06,9.8,427123.35,-10942.69
VOY-001126,Panamax,3130.2,26721.4,537.75,3.07,10.03,172643.16,8245.83,5307.62,186196.6,18.32,489415.55,23147.55
VOY-001127,Capesize,5449.7,53954.3,898.03,4.0,17.47,596058.93,21544.75,16121.09,633724.77,14.11,761178.96,5937.67
VOY-001128,Supramax,6180.6,92378.3,436.02,4.57,19.81,233209.86,7965.69,15096.53,256272.08,32.38,2991663.0,112212.05
VOY-001129,Capesize,5084.3,29975.2,570.43,3.85,16.3,353239.22,13187.19,8854.16,375280.57,31.92,956663.27,28854.3
VOY-001130,Capesize,1907.9,142268.4,815.6,2.33,6.11,189518.71,11410.03,29917.33,230846.06,25.41,3614748.9,400625.33
VOY-001131,Panamax,1465.9,16747.5,605.69,2.79,4.7,91062.27,8453.72,3737.95,103253.94,43.9,735179.06,84372.82
VOY-001132,Handysize,2670.0,179914.6,842.69,5.29,8.56,72113.83,13383.16,41246.84,126743.84,34.05,6126462.32,433146.4
VOY-001133,Capesize,4081.6,128273.0,822.45,2.4,13.08,408857.4,11838.89,40708.58,461404.87,17.34,2224221.94,113868.07
VOY-001134,Capesize,4871.0,45121.4,428.71,5.78,15.61,254335.91,14858.64,7995.64,277190.19,19.74,890832.35,28690.19
VOY-001135,Capesize,10783.0,155854.6,462.36,1.63,34.56,607227.39,4528.04,22760.09,634515.51,10.95,1706688.27,29623.57
VOY-001136,Supramax,10503.5,160110.5,723.86,2.32,33.66,657957.03,6725.56,30130.23,694812.81,44.71,7158011.15,179594.56
VOY-001137,Capesize,10219.7,126318.6,876.4,3.44,32.76,1090854.46,18090.27,33482.85,1142427.58,23.67,2990394.93,51055.07
VOY-001138,Handysize,10584.5,34388.7,854.28,1.58,33.92,289810.73,4037.98,8869.06,302717.77,40.98,1409105.53,31165.74
VOY-001139,Supramax,9022.8,102717.9,454.22,4.98,28.92,354665.87,9041.46,19317.17,383024.49,17.01,1746781.12,40234.15
VOY-001140,Supramax,4255.1,62571.4,658.56,3.79,13.64,242501.06,9992.88,13975.6,266469.55,23.33,1459885.16,68462.54
VOY-001141,Panamax,611.8,104367.1,793.97,2.51,1.96,49819.07,9979.77,24249.95,84048.79,27.38,2857363.32,619775.22
VOY-001142,Panamax,2985.0,49838.5,849.36,3.18,9.57,260031.21,13499.25,16005.84,289536.3,24.29,1210431.92,72250.18
VOY-001143,Supramax,4737.3,90557.0,879.01,2.11,15.18,360359.53,7416.37,17407.73,385183.63,37.95,3436403.67,176441.91
VOY-001144,Handysize,4351.1,74475.0,890.56,5.65,13.95,124196.66,15100.26,22223.2,161520.12,22.49,1674809.28,77216.86
VOY-001145,Capesize,11765.8,49873.5,567.59,2.14,37.71,813359.33,7273.1,6905.07,827537.5,24.68,1230980.13,10124.9
VOY-001146,Capesize,7502.8,53410.1,778.09,2.21,24.05,711019.1,10301.82,8267.46,729588.38,28.31,1511868.03,29796.52
VOY-001147,Supramax,320.6,97293.8,877.39,2.78,1.03,24343.4,9765.05,22938.49,57046.94,17.41,1694257.66,429713.91
VOY-001148,Supramax,11742.5,20914.9,667.78,3.18,37.64,678580.25,8491.93,3740.33,690812.51,9.98,208713.94,-11811.73
VOY-001149,Capesize,5425.3,109083.4,690.62,5.66,17.39,456345.26,23456.84,31305.52,511107.63,18.24,1989462.23,64137.53
VOY-001150,Handysize,9175.8,118015.8,793.06,1.81,29.41,233237.53,4306.54,17407.35,254951.41,24.36,2875078.83,83925.15
VOY-001151,Handysize,7580.5,15251.4,842.18,2.33,24.3,204621.28,5874.59,2285.14,212781.01,11.79,179795.25,-1239.06
VOY-001152,Supramax,6640.2,24584.6,464.29,2.5,21.28,266795.12,4650.49,6688.69,278134.3,16.93,416308.84,5808.92
VOY-001153,Panamax,3480.4,24268.1,603.4,4.81,11.16,215390.31,14501.46,5223.45,235115.22,25.45,617558.86,23960.16
VOY-001154,Supramax,11525.1,175858.1,825.22,1.51,36.94,823039.62,4987.3,38446.18,866473.1,20.43,3593026.85,70911.36
VOY-001155,Supramax,5608.3,46224.5,720.29,3.93,17.98,349582.13,11328.42,8420.46,369331.01,38.32,1771285.72,63994.73
VOY-001156,Panamax,5675.7,52734.9,425.25,3.53,18.19,247548.41,7507.37,11480.26,266536.04,16.9,891079.1,28751.66
VOY-001157,Handysize,10951.2,41767.3,448.19,4.5,35.1,157316.25,6044.08,6822.79,170183.12,39.55,1651843.04,37420.11
VOY-001158,Supramax,9040.8,138860.9,539.99,2.8,28.98,422473.02,6037.47,29802.61,458313.1,25.85,3589585.33,98554.31
VOY-001159,Panamax,6279.5,163950.0,844.6,2.92,20.13,543971.45,12322.93,35735.07,592029.46,35.79,5867871.55,228938.99
VOY-001160,Panamax,5241.0,46533.0,587.59,2.77,16.8,315850.59,8143.16,12974.05,336967.81,32.04,1491062.74,58973.69
VOY-001161,Supramax,8827.1,82421.9,807.9,2.67,28.29,617135.37,8624.93,21688.27,647448.57,33.71,2778828.9,68841.25
VOY-001162,Handysize,1289.3,133570.5,503.86,5.25,4.13,20822.03,7931.04,24089.77,52842.84,38.32,5118404.54,540073.03
VOY-001163,Supramax,6366.7,87948.5,680.15,2.86,20.41,374739.12,7786.71,24569.26,407095.09,35.17,3093012.16,115432.47
VOY-001164,Panamax,9074.3,100062.1,428.63,4.79,29.08,398927.1,10262.5,27750.7,436940.3,25.99,2600451.01,63871.99
VOY-001165,Capesize,3403.7,103833.6,500.75,5.45,10.91,207585.58,16384.44,13900.45,237870.47,8.25,856459.97,37805.43
VOY-001166,Capesize,4212.2,52238.9,797.48,1.54,13.5,409127.11,7347.74,6312.44,422787.29,18.34,958114.96,35602.37
VOY-001167,Panamax,9487.0,40436.1,871.68,5.46,30.41,848163.0,23798.69,13190.61,885152.3,34.59,1398523.54,14313.01
VOY-001168,Handysize,3090.7,22567.6,547.04,2.6,9.91,54190.6,4274.55,4816.26,63281.4,26.63,600948.15,42976.4
VOY-001169,Panamax,8455.6,20217.8,685.03,5.16,27.1,594085.14,17663.86,2816.67,614565.67,22.04,445502.43,-5240.92
VOY-001170,Panamax,11005.4,42702.5,724.0,5.54,35.27,817218.12,20059.83,9416.3,846694.25,27.07,1156007.17,7578.38
VOY-001171,Capesize,4836.2,116299.5,659.53,2.06,15.5,388480.15,8156.31,35179.85,431816.31,8.19,951923.07,29615.64
VOY-001172,Supramax,404.2,77489.3,433.59,4.21,1.3,15166.81,7304.89,10491.4,32963.1,22.29,1726857.24,307564.21
VOY-001173,Supramax,9907.6,161934.4,450.64,5.16,31.76,386376.23,9309.22,41410.05,437095.5,24.8,4016552.21,96952.81
VOY-001174,Capesize,3249.7,98588.2,774.23,2.32,10.42,306438.53,10779.06,26521.14,343738.73,29.5,2908366.91,201367.18
VOY-001175,Supramax,1113.8,38285.6,617.74,4.13,3.57,59539.67,10202.42,11332.22,81074.31,10.68,409051.8,42602.14
VOY-001176,Handysize,3633.1,37371.5,435.32,5.38,11.64,50691.53,7027.58,11752.57,69471.67,24.73,924017.99,50191.76
VOY-001177,Capesize,2650.0,33536.7,453.33,1.66,8.49,146313.57,4522.36,4256.12,155092.05,15.36,515235.95,35460.92
VOY-001178,Supramax,4613.3,132038.6,826.39,3.03,14.79,329917.46,10009.91,41054.57,380981.94,20.19,2665841.91,128259.48
VOY-001179,Capesize,1251.7,93726.1,723.66,5.07,4.01,110321.31,22008.45,26286.58,158616.34,44.86,4204352.83,445537.58
VOY-001180,Capesize,3329.8,34705.9,449.7,3.12,10.67,182375.63,8425.07,9232.59,200033.29,41.91,1454618.91,90946.38
VOY-001181,Panamax,6524.3,12390.9,401.27,1.56,20.91,268509.61,3133.23,1775.47,273418.3,13.38,165798.06,-4788.92
VOY-001182,Handysize,9164.1,102281.0,636.0,5.43,29.37,186806.4,10357.35,26110.65,223274.41,26.73,2734044.55,72147.18
VOY-001183,Panamax,6285.3,134143.6,555.27,4.18,20.15,357951.39,11591.23,20243.85,389786.47,33.07,4436662.8,166399.08
VOY-001184,Supramax,3076.8,70734.6,639.68,2.82,9.86,170322.77,7217.28,18580.48,196120.53,26.3,1860320.34,131223.33
VOY-001185,Capesize,6909.2,54802.6,679.82,4.89,22.14,572072.55,19962.59,8154.67,600189.82,8.71,477368.57,-4542.39
VOY-001186,Panamax,10049.1,71615.9,693.75,3.1,32.21,715031.49,10764.38,10396.69,736192.56,44.92,3216638.84,70243.71
VOY-001187,Supramax,3113.0,34391.6,705.42,3.04,9.98,190035.52,8569.58,6935.75,205540.85,29.58,1017284.33,62371.63
VOY-001188,Handysize,10347.3,119142.2,684.21,4.54,33.16,226915.36,9315.6,20335.6,256566.57,14.99,1786454.29,40577.5
VOY-001189,Panamax,10972.7,124447.6,890.52,1.95,35.17,1002197.08,8698.76,30418.86,1041314.7,44.06,5483365.92,119659.09
VOY-001190,Capesize,5589.1,28292.4,521.46,1.9,17.91,354965.84,5938.9,7806.83,368711.57,41.41,1171608.68,40526.2
VOY-001191,Supramax,10677.0,19838.7,887.08,3.98,34.22,819637.54,14109.41,3763.05,837510.0,26.31,521912.59,-8262.25
VOY-001192,Capesize,1373.1,80086.6,467.18,2.66,4.4,78130.44,7458.0,24648.85,110237.29,30.3,2426878.45,328061.88
VOY-001193,Supramax,6969.4,27076.3,889.63,4.46,22.34,536554.37,15877.83,4742.82,557175.02,10.79,292065.07,-9892.21
VOY-001194,Handysize,11720.2,101898.3,463.76,3.07,37.56,174211.11,4269.19,19630.17,198110.48,25.17,2564949.33,58248.95
VOY-001195,Capesize,9574.0,179426.4,563.98,5.59,30.69,657639.77,18907.94,40947.66,717495.37,32.19,5776131.54,139457.39
VOY-001196,Supramax,3622.1,40722.9,678.64,4.28,11.61,212722.08,11618.82,13221.04,237561.93,14.57,593472.11,22398.93
VOY-001197,Capesize,7994.0,178126.7,687.94,4.43,25.62,669795.04,18268.19,52669.15,740732.38,37.77,6727501.74,199242.3
VOY-001198,Panamax,4389.8,81041.2,436.44,1.68,14.07,196500.04,3667.63,25899.43,226067.09,38.15,3091696.7,181937.61
VOY-001199,Supramax,11709.2,24202.8,739.53,4.94,37.53,749368.67,14622.62,4319.04,768310.32,27.85,673994.74,-2220.61
VOY-001200,Supramax,8340.4,81715.2,820.81,2.82,26.73,592429.02,9267.0,16434.65,618130.66,29.77,2432630.08,61395.15
VOY-001201,Capesize,10473.8,161319.5,438.95,4.77,33.57,559949.51,12562.92,42241.54,614753.97,14.17,2285165.84,43568.31
VOY-001202,Handysize,5232.4,44320.0,522.89,5.34,16.77,87690.36,8373.4,12052.45,108116.21,10.02,444180.09,15200.75
VOY-001203,Capesize,9832.2,60879.2,876.5,2.65,31.51,1049618.25,13922.46,14943.33,1078484.04,19.94,1213697.17,3958.12
VOY-001204,Handysize,9682.9,141717.4,506.32,5.85,31.04,157136.67,8878.41,22913.69,188928.78,10.38,1470695.48,34754.91
VOY-001205,Capesize,3616.2,129968.6,672.62,5.8,11.59,296246.84,23392.3,16645.04,336284.17,13.62,1770583.73,82494.19
VOY-001206,Supramax,3050.1,112704.1,819.8,2.38,9.78,216390.29,7803.86,36549.73,260743.87,44.35,4998220.93,389726.57
VOY-001207,Supramax,5438.7,56554.1,888.87,3.88,17.43,418351.75,13797.63,15661.21,447810.59,44.13,2495606.46,96085.03
VOY-001208,Handysize,6071.6,150796.9,549.8,3.9,19.46,106992.72,6427.33,41513.94,154933.99,20.82,3139419.27,127776.41
VOY-001209,Handysize,3840.5,162930.8,672.35,4.48,12.31,82761.32,9039.41,39002.65,130803.39,30.04,4895227.19,283753.04
VOY-001210,Panamax,4552.4,79883.8,882.47,5.46,14.59,412037.22,24101.22,10597.31,446735.75,15.44,1233594.77,39238.48
VOY-001211,Panamax,8691.9,144055.3,580.58,1.75,27.86,517577.84,5093.2,35527.83,558198.87,40.93,5896144.86,180254.98
VOY-001212,Supramax,8421.4,142923.8,657.71,3.24,26.99,479321.51,8520.59,33821.62,521663.72,27.13,3877875.91,111021.16
VOY-001213,Supramax,499.7,168374.6,506.62,3.48,1.6,21908.93,7055.58,54673.21,83637.72,35.96,6054493.71,1174584.69
VOY-001214,Panamax,8764.4,44028.6,696.23,1.67,28.09,625851.7,5821.73,6024.73,637698.16,34.94,1538295.88,30258.54
VOY-001215,Capesize,593.5,141527.7,469.6,5.61,1.9,33943.89,15810.65,35579.48,85334.03,10.96,1550995.41,195070.25
VOY-001216,Handysize,6159.9,177386.0,567.6,1.69,19.74,112061.68,2881.37,52073.95,167017.01,40.5,7183469.46,327331.42
VOY-001217,Capesize,5055.1,79489.5,464.95,5.28,16.2,286260.43,14717.7,10629.15,311607.29,30.78,2446962.4,99420.35
VOY-001218,Supramax,11454.6,176953.3,589.42,5.01,36.71,584275.72,11823.43,22770.5,618869.64,41.91,7416345.96,162898.41
VOY-001219,Handysize,1956.6,154709.4,832.79,4.53,6.27,52226.28,11327.33,22382.25,85935.86,30.74,4755078.33,432120.86
VOY-001220,Handysize,2449.3,170773.4,426.91,5.1,7.85,33514.21,6527.16,39858.9,79900.27,21.0,3587089.06,270893.71
VOY-001221,Capesize,5577.5,101753.7,563.89,2.77,17.88,383050.77,9368.03,24211.05,416629.85,31.49,3204255.68,135024.21
VOY-001222,Supramax,307.4,79136.8,893.75,2.53,0.99,23773.35,9037.27,18937.37,51747.99,25.9,2049379.04,568628.58
VOY-001223,Handysize,10490.0,152566.2,746.39,4.12,33.62,250950.85,9215.87,42691.56,302858.28,37.57,5731562.73,143854.33
VOY-001224,Handysize,4819.7,161220.2,850.89,1.77,15.45,131442.96,4528.37,32829.1,168800.44,31.01,4999191.15,280484.74
VOY-001225,Capesize,586.0,73435.6,877.56,4.3,1.88,62638.09,22639.06,12924.15,98201.29,29.11,2137397.51,330074.25
VOY-001226,Capesize,11154.2,136299.9,419.33,2.15,35.75,569668.83,5397.55,42907.17,617973.55,43.12,5876983.4,138775.28
VOY-001227,Capesize,2585.1,104584.5,831.73,1.96,8.29,261874.63,9773.69,15343.03,286991.35,25.27,2642518.73,229939.27
VOY-001228,Capesize,10974.2,18028.7,616.31,3.8,35.17,823764.3,14044.4,2625.54,840434.24,11.12,200407.23,-16422.81
VOY-001229,Capesize,4098.1,72969.1,898.01,5.32,13.13,448219.13,28644.99,20006.1,496870.22,12.62,921191.05,22996.94
VOY-001230,Capesize,4881.3,38980.7,863.55,4.9,15.65,513393.4,25367.26,7410.12,546170.78,25.23,983296.88,21280.53
VOY-001231,Capesize,10227.5,112122.4,795.08,3.41,32.78,990390.58,16271.96,14384.36,1021046.91,15.11,1694079.09,18596.49
VOY-001232,Panamax,3153.0,25145.2,718.92,4.39,10.11,232482.98,15768.77,7865.4,256117.15,18.86,474161.01,15045.36
VOY-001233,Capesize,1020.9,130406.3,470.5,2.43,3.27,58502.08,6852.51,31833.1,97187.69,36.77,4795230.82,824293.7
VOY-001234,Supramax,5537.2,151502.0,841.34,3.55,17.75,403155.15,11941.83,42190.6,457287.58,38.55,5840329.77,252773.88
VOY-001235,Panamax,8567.8,26370.5,764.74,5.28,27.46,672011.57,20196.83,6702.41,698910.81,16.42,433116.32,-8117.64
VOY-001236,Handysize,3487.0,44310.3,406.21,3.62,11.18,45398.58,4406.04,6361.82,56166.44,25.15,1114528.09,71550.43
VOY-001237,Supramax,4878.4,103458.6,632.68,5.15,15.64,267101.8,13028.61,18828.8,298959.22,8.2,848705.77,26450.24
VOY-001238,Capesize,1386.3,135694.8,714.45,5.41,4.44,120632.87,23179.23,24151.73,167963.83,26.87,3646074.75,353088.58
VOY-001239,Supramax,1737.9,122737.9,475.31,4.6,5.57,71485.26,8752.83,23935.6,104173.69,17.34,2128854.79,199005.26
VOY-001240,Supramax,2609.8,122728.0,694.86,2.72,8.36,156932.87,7550.14,19641.78,184124.78,16.35,2006903.47,164492.35
VOY-001241,Supramax,10042.9,111965.7,488.98,4.07,32.19,424973.13,7964.93,23918.68,456856.75,24.97,2795433.29,64492.69
VOY-001242,Handysize,8361.6,122582.9,835.15,3.45,26.8,223819.03,8635.62,18712.43,251167.08,38.55,4725549.65,147929.79
VOY-001243,Panamax,1647.3,73771.5,592.27,1.65,5.28,100067.31,4873.21,18406.0,123346.52,39.96,2947629.91,407814.23
VOY-001244,Handysize,7874.3,55200.0,504.15,3.45,25.24,127238.82,5222.8,14904.27,147365.89,14.7,811469.3,23146.36
VOY-001245,Capesize,9053.4,32714.3,669.37,2.91,29.02,738089.84,11681.99,10193.54,759965.36,39.69,1298420.27,16865.72
VOY-001246,Capesize,10086.3,121522.7,688.56,2.37,32.33,845872.76,9809.9,17847.08,873529.73,23.78,2889825.91,58102.46
VOY-001247,Handysize,6522.9,96480.5,530.24,3.05,20.91,110854.63,4849.22,26955.51,142659.37,17.26,1665030.56,63550.91
VOY-001248,Handysize,2272.1,103835.9,799.64,4.21,7.28,58232.78,10104.78,22554.13,90891.69,10.18,1056620.26,84016.09
VOY-001249,Capesize,2480.0,173524.1,569.72,4.48,7.95,172081.12,15325.51,27220.66,214627.29,42.78,7422895.93,579815.44
VOY-001250,Supramax,9159.5,11916.1,549.74,3.65,29.36,435753.16,8021.03,2840.12,446614.3,29.97,357143.46,-2710.82
VOY-001251,Panamax,9024.9,112740.5,847.87,4.28,28.93,784818.8,18134.05,27092.63,830045.48,39.08,4406374.93,107709.3
VOY-001252,Panamax,321.6,129483.0,690.09,2.82,1.03,22764.07,9722.01,33123.86,65609.94,39.77,5149235.79,1320944.57
VOY-001253,Supramax,6701.4,123699.4,612.79,4.45,21.48,355373.24,10909.84,35688.68,401971.77,25.62,3169283.97,106723.1
VOY-001254,Panamax,8930.2,97339.8,758.14,5.44,28.62,694394.95,20639.64,15776.77,730811.36,38.81,3777355.08,89427.78
VOY-001255,Handysize,5487.0,137629.3,752.1,2.18,17.59,132267.97,4917.81,38166.41,175352.19,35.83,4931557.51,240623.19
VOY-001256,Capesize,8434.9,165327.0,574.96,4.93,27.03,590665.94,17002.83,52201.17,659869.94,15.43,2551415.94,59178.26
VOY-001257,Panamax,7844.5,105301.9,685.56,5.05,25.14,551571.99,17318.44,14104.44,582994.87,40.88,4304658.82,123254.99
VOY-001258,Handysize,6836.1,88078.1,709.03,5.59,21.91,155353.46,11892.21,28222.22,195467.89,10.68,940871.18,27104.18
VOY-001259,Panamax,9487.3,76791.2,427.25,5.71,30.41,415731.93,12195.96,21414.99,449342.88,12.49,958756.06,14104.54
VOY-001260,Handysize,10209.0,49481.4,874.57,1.63,32.72,286170.66,4278.43,10009.71,300458.8,40.46,2001985.74,49532.42
VOY-001261,Supramax,7086.1,80191.8,595.16,3.98,22.71,364965.81,9475.47,12193.39,386634.67,35.77,2868164.45,92968.95
VOY-001262,Panamax,11583.6,46683.8,599.57,2.65,37.13,712330.63,7955.81,9725.29,730011.73,17.9,835493.69,2651.58
VOY-001263,Capesize,1117.6,146994.1,448.68,5.4,3.58,61072.27,14532.82,46482.17,122087.26,38.12,5602763.48,610291.4
VOY-001264,Capesize,11312.1,49427.4,685.39,2.57,36.26,944304.43,10553.2,15537.62,970395.26,11.08,547484.2,-10893.3
VOY-001265,Handysize,3742.8,36033.5,459.42,1.57,12.0,55112.75,2169.31,6572.59,63854.65,41.0,1477236.02,104153.74
VOY-001266,Supramax,834.6,124325.7,578.55,5.79,2.68,41785.67,13406.13,21266.22,76458.03,37.35,4642992.53,539266.33
VOY-001267,Panamax,9523.9,138793.0,719.14,5.52,30.53,702466.61,19853.84,32026.93,754347.38,22.96,3186539.55,67472.91
VOY-001268,Capesize,2917.9,170815.9,486.77,5.6,9.35,172991.54,16366.61,54410.41,243768.56,39.64,6771606.04,436462.98
VOY-001269,Capesize,3551.1,112209.9,403.81,3.63,11.38,174650.79,8801.06,34534.4,217986.25,28.82,3234264.84,200892.28
VOY-001270,Supramax,958.5,35730.1,862.63,5.76,3.07,71549.31,19889.09,9896.6,101334.99,9.94,355025.69,28710.85
VOY-001271,Supramax,10148.9,129832.2,767.23,5.65,32.53,673836.17,17336.15,19209.63,710381.96,11.67,1514984.13,21075.25
VOY-001272,Panamax,11657.0,118036.2,881.77,3.61,37.36,1054231.96,15925.19,22830.5,1092987.65,25.36,2993574.74,46384.85
VOY-001273,Panamax,9959.9,68870.4,692.86,1.88,31.92,707772.46,6525.23,16788.34,731086.03,19.93,1372264.65,18966.28
VOY-001274,Panamax,11706.4,87698.3,727.87,5.47,37.52,873917.32,19898.63,26013.91,919829.86,39.28,3444834.49,58737.31
VOY-001275,Supramax,4761.4,89416.0,723.11,2.04,15.26,297952.84,5893.59,13588.46,317434.89,15.57,1392144.33,62127.84
VOY-001276,Supramax,5806.5,104576.4,558.07,5.68,18.61,280419.98,12687.34,23728.65,316835.97,36.47,3813443.71,143927.97
VOY-001277,Supramax,1558.1,87269.9,592.37,3.15,4.99,79874.14,7472.08,17665.31,105011.53,37.47,3270185.39,388483.72
VOY-001278,Handysize,2492.1,116011.0,660.99,3.27,7.99,52795.46,6476.18,21809.92,81081.57,24.57,2849815.99,246037.72
VOY-001279,Handysize,4437.6,100019.9,471.35,3.38,14.22,67040.06,4777.11,21612.08,93429.25,11.83,1182736.34,61887.66
VOY-001280,Handysize,7872.3,147635.8,691.06,3.88,25.23,174366.42,8046.94,48096.07,230509.43,36.1,5329397.86,175139.53
VOY-001281,Capesize,11367.8,168117.4,400.7,4.23,36.44,554789.09,10165.5,44588.33,609542.92,28.24,4747353.75,101757.1
VOY-001282,Capesize,10738.7,153060.8,797.2,5.39,34.42,1042663.07,25800.27,44403.97,1112867.31,26.93,4121657.0,75573.49
VOY-001283,Capesize,2278.6,37491.9,868.78,3.98,7.3,241102.06,20762.83,11751.23,273616.12,31.11,1166328.01,79096.9
VOY-001284,Handysize,9567.0,177095.2,876.57,3.78,30.66,268788.55,9936.76,50212.75,328938.06,22.21,3932759.28,104633.96
VOY-001285,Supramax,1084.4,95809.3,447.87,2.41,3.48,42029.29,4312.88,26267.83,72609.99,26.93,2580263.4,426250.17
VOY-001286,Capesize,6151.3,121242.3,683.76,3.68,19.72,512272.37,15101.62,30030.08,557404.07,30.53,3701666.37,134388.54
VOY-001287,Panamax,11580.7,139332.7,640.58,4.29,37.12,760863.47,13725.64,44275.56,818864.68,36.38,5069581.19,102666.89
VOY-001288,Supramax,417.4,109744.4,658.52,5.32,1.34,23784.9,14014.94,19318.57,57118.41,35.26,3869535.77,572580.03
VOY-001289,Capesize,1679.3,43781.6,848.24,1.57,5.38,173494.06,7998.23,7375.35,188867.63,10.48,458825.86,38820.54
VOY-001290,Supramax,7768.4,113056.3,888.58,5.4,24.9,597363.56,19210.28,24792.12,641365.97,31.1,3516399.56,94874.24
VOY-001291,Capesize,4638.6,78166.4,703.13,4.37,14.87,397243.38,18424.72,14268.73,429936.83,15.51,1212140.78,40666.36
VOY-001292,Panamax,2200.6,32381.7,655.16,4.59,7.05,147869.43,15022.28,7550.48,170442.19,24.1,780410.88,52407.72
VOY-001293,Supramax,4423.3,148135.2,814.75,5.87,14.18,311871.91,19137.13,41692.54,372701.58,41.29,6117096.13,286514.38
VOY-001294,Supramax,1828.0,92184.5,727.37,5.78,5.86,115064.21,16818.41,20159.3,152041.91,37.87,3491116.61,286874.56
VOY-001295,Panamax,966.7,64991.7,750.66,3.31,3.1,74424.55,12422.91,19917.19,106764.65,36.59,2377921.21,354416.77
VOY-001296,Capesize,2400.6,110372.8,598.54,2.53,7.69,174998.71,9093.8,28847.33,212939.84,38.18,4213798.5,391232.6
VOY-001297,Panamax,6328.6,167252.0,455.88,5.54,20.28,295905.62,12620.35,28514.06,337040.03,18.3,3060970.95,105493.87
VOY-001298,Capesize,10102.8,119443.4,653.3,3.64,32.38,803863.56,14277.31,16894.61,835035.48,28.57,3412914.18,71561.62
VOY-001299,Panamax,2572.6,31837.1,786.57,1.98,8.25,207542.58,7802.15,6546.61,221891.34,16.92,538607.78,30961.39
VOY-001300,Capesize,3125.2,41774.6,635.12,1.84,10.02,241752.85,7020.47,9826.95,258600.27,37.84,1580906.63,111501.56
VOY-001301,Handysize,2245.2,96248.9,899.66,4.89,7.2,64741.18,13202.71,20427.88,98371.77,25.22,2427816.02,192707.55
VOY-001302,Supramax,4628.4,70501.2,452.58,2.51,14.83,181273.0,4536.4,17336.01,203145.41,10.25,722455.38,29948.13
VOY-001303,Capesize,2728.6,158314.9,875.26,5.53,8.75,290876.15,29059.12,24075.74,344011.01,11.54,1826305.32,103809.33
VOY-001304,Capesize,10824.8,33260.7,499.09,2.2,34.69,658003.12,6593.68,6047.17,670643.97,34.33,1141903.74,12772.4
VOY-001305,Capesize,4580.5,35539.7,511.16,3.1,14.68,285167.16,9521.6,4388.51,299077.27,32.89,1169042.12,48913.93
VOY-001306,Supramax,9114.5,127333.9,658.69,5.94,29.21,519543.56,15641.02,23870.01,559054.59,21.97,2797542.42,63684.85
VOY-001307,Panamax,2158.6,57270.3,662.24,5.3,6.92,146616.64,17544.17,12777.34,176938.15,13.21,756319.28,47423.91
VOY-001308,Capesize,6194.4,116941.3,492.29,2.9,19.85,371411.06,8557.1,30040.82,410008.98,18.44,2156722.99,76775.31
VOY-001309,Handysize,6691.2,10816.8,849.48,4.12,21.45,182180.25,10508.1,3168.64,195856.99,18.66,201889.51,235.93
VOY-001310,Capesize,11086.3,170282.3,482.84,3.2,35.53,651956.31,9282.47,29138.23,690377.02,18.33,3121779.95,62766.92
VOY-001311,Capesize,5261.4,106412.7,828.88,5.51,16.86,531150.63,27406.51,24161.8,582718.94,23.5,2501106.14,85741.29
VOY-001312,Capesize,3911.6,16077.9,637.13,4.18,12.54,303537.04,15997.9,3972.07,323507.01,31.92,513201.83,11344.07
VOY-001313,Supramax,10309.5,13490.0,794.98,4.41,33.04,709255.23,14038.24,2452.9,725746.37,23.53,317458.09,-10899.93
VOY-001314,Supramax,5906.3,132130.0,779.21,3.28,18.93,398272.7,10218.8,32938.1,441429.6,24.07,3179915.61,123305.05
VOY-001315,Supramax,931.0,152174.1,524.82,3.96,2.98,42281.59,8304.59,46016.62,96602.8,24.0,3651543.85,512253.58
VOY-001316,Supramax,9033.1,126184.2,875.72,4.15,28.95,684558.78,14538.27,31240.89,730337.94,12.2,1540004.21,24459.28
VOY-001317,Panamax,8907.4,105094.7,543.07,1.55,28.55,496136.25,4221.05,33873.49,534230.79,29.19,3068004.83,84167.97
VOY-001318,Panamax,6927.9,29622.0,664.34,2.92,22.2,472053.67,9701.89,7816.33,489571.89,23.27,689330.91,7950.41
VOY-001319,Supramax,4592.3,51493.2,512.95,3.66,14.72,203851.74,7517.44,15323.27,226692.46,39.65,2041680.92,98732.66
VOY-001320,Handysize,7901.2,161759.2,661.81,4.28,25.32,167598.93,8487.83,41857.96,217944.71,9.45,1528721.86,44283.84
VOY-001321,Handysize,1021.6,63709.3,647.12,5.74,3.27,21188.58,11146.13,19067.87,51402.58,43.55,2774228.25,302008.46
VOY-001322,Capesize,3578.4,146186.2,523.42,5.39,11.47,228125.76,16926.44,35006.21,280058.4,21.16,3093561.69,166884.51
VOY-001323,Supramax,3464.2,80377.7,864.5,3.68,11.1,259164.67,12732.05,13858.92,285755.63,29.2,2346835.86,139402.98
VOY-001324,Capesize,9717.3,67937.3,821.67,5.16,31.15,972458.94,25424.88,19560.9,1017444.72,9.04,614157.77,-11109.08
VOY-001325,Handysize,580.7,59969.5,798.78,2.67,1.86,14866.16,6393.35,18823.89,40083.41,22.77,1365787.89,292710.26
VOY-001326,Supramax,7691.0,57708.9,404.15,5.69,24.65,268991.5,9200.16,12391.32,290582.98,44.14,2546998.86,74367.04
VOY-001327,Panamax,11375.1,122984.8,476.16,5.65,36.46,555528.31,13450.64,15384.61,584363.56,17.04,2095175.72,35879.3
VOY-001328,Panamax,5279.1,116752.8,745.06,2.2,16.92,403414.13,8192.63,15823.06,427429.82,12.17,1421014.97,51967.1
VOY-001329,Handysize,8382.8,76919.8,620.31,2.79,26.87,166666.2,5189.94,17347.4,189203.54,34.96,2689105.02,84293.88
VOY-001330,Panamax,5320.3,24967.1,771.53,5.91,17.05,421003.09,22809.47,5088.36,448900.92,28.2,703968.54,11106.73
VOY-001331,Capesize,1011.1,83647.5,580.51,3.92,3.24,71486.16,13657.27,25261.0,110404.43,26.37,2205822.64,292588.69
VOY-001332,Panamax,3912.7,175201.2,612.14,3.95,12.54,245650.86,12076.22,48768.95,306496.03,36.92,6468097.95,373741.11
VOY-001333,Handysize,10282.8,122811.0,537.83,1.87,32.96,177256.53,3024.65,32817.46,213098.64,32.16,3950117.91,107286.23
VOY-001334,Handysize,9190.0,17262.6,821.2,5.47,29.46,241886.05,13476.35,5119.48,260481.88,44.63,770372.29,14599.43
VOY-001335,Handysize,1371.5,18258.8,541.68,4.61,4.4,23810.71,7495.28,3280.43,34586.42,14.97,273348.08,26505.36
VOY-001336,Handysize,8877.8,171039.2,417.64,2.79,28.45,118835.48,3500.87,26882.17,149218.52,20.6,3522961.99,107964.88
VOY-001337,Handysize,3483.4,167351.1,529.84,5.22,11.16,59155.25,8292.43,51486.14,118933.82,16.33,2732529.17,159543.84
VOY-001338,Panamax,11432.7,149265.1,843.72,4.23,36.64,989334.6,17823.63,38939.52,1046097.75,39.18,5848244.0,117502.7
VOY-001339,Panamax,7818.0,46384.5,639.65,3.57,25.06,512902.83,11414.02,13686.76,538003.61,23.84,1105604.68,19827.74
VOY-001340,Panamax,6597.1,34726.8,460.2,5.98,21.14,311381.77,13767.35,4955.5,330104.63,42.27,1467933.58,41943.44
VOY-001341,Handysize,10836.1,49865.0,667.27,2.56,34.73,231747.54,5128.55,15122.81,251998.9,28.9,1441227.27,31888.85
VOY-001342,Handysize,479.8,130351.2,802.45,2.13,1.54,12339.06,5126.31,18584.07,36049.44,33.57,4375665.21,1183390.08
VOY-001343,Handysize,1921.9,66583.7,711.2,4.84,6.16,43808.32,10321.5,9948.94,64078.76,44.35,2952809.42,262672.87
VOY-001344,Supramax,348.2,123212.7,856.12,3.13,1.12,25794.23,10734.96,29373.01,65902.19,33.5,4127605.35,955543.35
VOY-001345,Capesize,2872.3,132381.3,429.86,3.02,9.21,150379.51,7776.24,25607.62,183763.37,36.87,4880312.25,384295.1
VOY-001346,Handysize,11910.3,93584.1,519.02,2.75,38.17,198132.65,4284.66,30076.49,232493.79,9.66,903788.9,16402.75
VOY-001347,Panamax,10122.8,72033.9,714.52,4.02,32.44,741834.96,14346.88,21976.85,778158.68,22.18,1597585.86,22474.33
VOY-001348,Supramax,2379.3,33609.4,680.06,5.56,7.63,140026.47,15130.47,10451.39,165608.34,18.22,612308.58,33871.14
VOY-001349,Handysize,7873.8,84312.3,624.68,3.05,25.24,157646.11,5720.62,24841.33,188208.06,36.8,3103057.64,103038.3
VOY-001350,Supramax,5489.4,115995.7,424.06,2.11,17.59,201445.41,3583.26,26278.95,231307.63,12.18,1412340.72,59930.74
VOY-001351,Capesize,11590.2,176893.7,766.98,5.99,37.15,1082680.71,27569.34,39708.2,1149958.24,26.22,4637325.66,80840.43
VOY-001352,Supramax,10607.1,147719.3,514.79,4.68,34.0,472535.37,9628.45,47542.36,529706.18,22.97,3392376.12,74022.27
VOY-001353,Supramax,5652.5,156646.9,610.98,4.54,18.12,298863.26,11094.08,23624.54,333581.87,31.46,4927396.43,202760.53
VOY-001354,Handysize,3449.8,148412.0,696.1,2.81,11.06,76968.13,5873.63,45535.45,128377.21,14.48,2148366.61,145640.9
VOY-001355,Supramax,9693.5,80614.6,535.99,4.95,31.07,449622.36,10608.12,12951.15,473181.63,42.54,3429100.44,82070.28
VOY-001356,Capesize,2220.8,58483.9,716.39,4.38,7.12,193773.98,18841.88,7066.64,219682.5,35.25,2061307.91,160120.08
VOY-001357,Panamax,1579.2,134235.6,799.89,5.33,5.06,129553.48,21329.36,41850.42,192733.27,14.59,1958890.86,169913.3
VOY-001358,Handysize,3326.5,138523.1,683.99,4.44,10.66,72926.72,9103.41,35148.53,117178.66,13.58,1881212.83,116836.35
VOY-001359,Handysize,3283.1,115567.9,689.62,2.55,10.52,72566.31,5268.17,19785.0,97619.48,39.0,4506816.17,337375.72
VOY-001360,Capesize,6745.0,26405.3,641.04,4.89,21.62,526614.82,18825.08,4154.34,549594.23,34.52,911579.59,13653.11
VOY-001361,Capesize,8962.4,33416.9,755.55,2.33,28.73,824745.52,10544.1,8837.91,844127.54,20.63,689375.41,-4983.7
VOY-001362,Handysize,4297.4,95814.7,425.33,2.27,13.77,58584.84,2896.19,29227.88,90708.91,8.72,835256.87,46407.83
VOY-001363,Capesize,1544.2,65924.4,482.54,2.02,4.95,90752.81,5856.79,14839.38,111448.98,22.59,1489185.89,197602.96
VOY-001364,Handysize,8779.1,125429.5,526.48,1.56,28.14,148143.67,2462.86,25649.38,176255.91,40.85,5123906.89,166601.24
VOY-001365,Handysize,2296.2,120954.5,849.37,1.64,7.36,62511.02,4190.37,38341.3,105042.68,8.55,1033883.62,103156.36
VOY-001366,Handysize,10949.8,24264.4,695.33,4.9,35.1,244028.72,10216.55,6634.51,260879.78,41.22,1000104.22,18483.78
VOY-001367,Panamax,8946.6,151745.0,785.54,3.1,28.67,720805.87,12187.13,32609.83,765602.83,18.41,2793745.05,63822.65
VOY-001368,Handysize,11050.2,162190.5,406.84,3.49,35.42,144090.38,4263.43,28927.25,177281.06,19.01,3083022.05,74677.66
VOY-001369,Handysize,9352.7,63067.8,487.7,2.7,29.98,146196.37,3945.11,10207.5,160348.98,26.67,1682244.94,46579.64
VOY-001370,Handysize,10957.3,163367.5,891.67,2.45,35.12,313148.51,6552.64,23093.35,342794.5,12.06,1970325.39,43321.1
VOY-001371,Handysize,6411.1,17374.1,700.64,2.61,20.55,143970.53,5491.61,4676.54,154138.68,43.28,751988.79,25812.71
VOY-001372,Panamax,2444.7,132806.3,487.58,4.42,7.84,122254.24,10763.7,27477.51,160495.46,12.8,1700070.34,125671.77
VOY-001373,Supramax,8785.6,101983.4,606.82,1.68,28.16,461362.01,4083.86,31450.37,496896.24,24.87,2535901.08,68328.18
VOY-001374,Panamax,1210.9,41140.1,534.24,4.07,3.88,66347.43,10870.52,11076.37,88294.32,31.5,1295927.5,151894.75
VOY-001375,Capesize,8212.3,24140.7,704.16,5.71,26.32,704313.4,24138.59,6440.6,734892.6,11.55,278745.34,-14239.15
VOY-001376,Handysize,7650.0,24394.0,606.52,2.4,24.52,148713.54,4365.21,7351.06,160429.8,22.83,556817.52,14725.56
VOY-001377,Capesize,11716.4,105953.0,566.07,1.53,37.55,807778.75,5210.71,27683.96,840673.42,38.94,4126018.15,84052.89
VOY-001378,Handysize,3656.5,156601.6,769.6,3.13,11.72,90194.38,7220.63,34755.95,132170.96,8.91,1395340.93,85078.28
VOY-001379,Capesize,9817.3,65281.8,591.83,5.85,31.47,707645.42,20768.3,14270.45,742684.18,30.53,1992880.52,33504.43
VOY-001380,Panamax,9788.6,176015.8,451.09,5.88,31.37,452872.84,13256.86,41429.94,507559.64,41.37,7281446.95,181841.5
VOY-001381,Panamax,10980.2,126227.4,562.3,2.32,35.19,633246.49,6535.43,30713.28,670495.21,21.46,2709200.82,54339.9
VOY-001382,Supramax,11308.8,138943.0,614.56,5.03,36.25,601439.52,12372.81,23936.3,637748.63,10.64,1478755.34,20373.47
VOY-001383,Capesize,9707.8,94799.5,670.63,4.94,31.11,792921.24,19891.91,29063.32,841876.48,37.77,3580906.66,75961.0
VOY-001384,Supramax,11774.0,173966.4,640.76,1.89,37.74,652875.64,4844.1,25636.28,683356.01,22.58,3928267.55,81886.2
VOY-001385,Supramax,4807.4,132378.1,533.98,2.16,15.41,222149.83,4607.73,39458.03,266215.59,37.83,5007946.52,269942.4
VOY-001386,Supramax,9976.7,128755.9,678.87,2.83,31.98,586119.52,7677.66,30027.16,623824.34,44.28,5701305.11,145887.38
VOY-001387,Handysize,7785.4,155339.8,516.86,1.76,24.95,128972.51,2724.09,36996.99,168693.59,8.68,1348016.33,44152.94
VOY-001388,Capesize,2374.6,159955.3,475.13,3.18,7.61,137413.46,9064.63,29945.5,176423.59,44.48,7115414.52,643057.31
VOY-001389,Panamax,8420.6,34810.5,846.19,2.2,26.99,730814.97,9321.05,8249.87,748385.9,20.03,697383.55,-1747.13
VOY-001390,Supramax,9100.3,133820.3,813.24,2.59,29.17,640446.05,8429.37,31204.16,680079.57,23.88,3195303.3,79197.34
VOY-001391,Supramax,5988.8,22881.8,864.94,5.58,19.19,448262.47,19316.59,5678.87,473257.93,8.64,197699.62,-11121.1
VOY-001392,Panamax,9622.8,129915.4,567.38,3.85,30.84,559979.42,10928.09,15778.94,586686.45,23.12,3003616.3,69663.65
VOY-001393,Handysize,9150.3,152108.0,804.12,5.21,29.33,235833.92,12572.81,28648.39,277055.12,21.06,3203130.56,84715.96
VOY-001394,Panamax,6697.9,71752.2,854.78,3.41,21.47,587202.47,14569.75,9054.31,610826.53,21.62,1551515.94,37814.23
VOY-001395,Handysize,9788.4,29513.4,543.88,4.79,31.37,170633.15,7809.03,8470.49,186912.67,22.07,651378.6,12845.02
VOY-001396,Handysize,2066.9,11231.8,649.36,4.77,6.62,43018.58,9283.56,1486.13,53788.26,27.73,311474.2,22623.37
VOY-001397,Panamax,9326.6,57007.5,822.85,1.62,29.89,787116.58,6661.5,12739.31,806517.39,24.86,1416997.98,19372.83
VOY-001398,Handysize,1964.0,88051.6,678.14,1.51,6.29,42687.59,3078.86,26929.58,72696.03,32.35,2848283.01,355471.8
VOY-001399,Supramax,11574.5,22485.3,725.96,1.93,37.1,727147.09,5611.51,5191.18,737949.78,39.7,892776.48,3966.83
VOY-001400,Handysize,2582.5,42587.1,828.83,1.91,8.28,68602.97,4756.22,8366.4,81725.58,19.33,823173.9,72762.64
VOY-001401,Panamax,2632.9,141138.2,645.68,4.11,8.44,174361.37,13267.81,28453.07,216082.26,30.68,4330278.79,327859.75
VOY-001402,Capesize,7429.2,38827.4,866.09,3.88,23.81,783674.0,20174.7,6203.94,810052.64,33.38,1295967.75,17545.99
VOY-001403,Panamax,7716.6,117326.3,834.53,1.81,24.73,660488.49,7573.33,33298.35,701360.18,34.06,3995911.32,124099.48
VOY-001404,Panamax,8730.8,100539.1,556.49,1.84,27.98,498316.55,5117.64,16798.39,520232.58,42.7,4293020.38,126507.5
VOY-001405,Capesize,8097.3,129708.5,540.47,2.85,25.95,533013.53,9228.4,36054.87,578296.81,41.2,5344359.24,165496.62
VOY-001406,Supramax,3551.0,91096.5,618.51,4.33,11.38,190068.25,10718.01,26328.96,227115.22,42.23,3846556.16,230338.4
VOY-001407,Handysize,1127.7,77751.1,560.9,2.6,3.61,20273.62,4367.01,23201.96,47842.59,43.22,3360762.19,533509.72
VOY-001408,Capesize,7884.0,66077.3,633.73,3.66,25.27,608525.53,13907.49,16705.89,639138.91,15.75,1040420.27,13872.32
VOY-001409,Panamax,1555.1,111254.4,771.02,4.03,4.98,122972.15,15543.62,21342.83,159858.6,19.74,2195735.31,225804.73
VOY-001410,Capesize,6876.9,118621.3,794.86,5.1,22.04,665749.74,24336.25,30627.61,720713.6,34.33,4072189.16,123468.93
VOY-001411,Capesize,2050.1,59194.3,828.64,4.59,6.57,206905.76,22798.35,14380.25,244084.36,39.19,2319939.24,186069.78
VOY-001412,Supramax,966.6,68100.7,453.42,5.81,3.1,37926.98,10529.98,13826.4,62283.37,43.27,2946947.95,323975.4
VOY-001413,Capesize,5853.8,109562.4,662.9,1.55,18.76,472623.12,6158.7,32079.5,510861.32,37.23,4079430.48,175699.59
VOY-001414,Handysize,4156.5,86009.1,810.09,3.54,13.32,107919.78,8606.07,18181.12,134706.97,34.76,2989617.72,169298.03
VOY-001415,Handysize,10966.1,25018.5,599.62,2.11,35.15,210752.9,3793.3,4947.55,219493.75,15.77,394488.03,4697.01
VOY-001416,Supramax,8473.7,132256.7,461.01,5.32,27.16,338057.45,9813.57,27963.91,375834.93,41.21,5450211.53,156226.1
VOY-001417,Supramax,5109.8,135321.5,509.38,2.84,16.38,225247.3,5791.22,40325.14,271363.65,24.06,3255845.24,155280.86
VOY-001418,Panamax,8549.5,178047.6,731.3,5.31,27.4,641257.49,19416.74,25713.67,686387.9,38.06,6775768.1,186149.41
VOY-001419,Capesize,4194.9,76110.4,536.6,3.48,13.45,274161.14,11197.44,21967.2,307325.78,27.84,2119075.98,107057.03
VOY-001420,Panamax,9413.9,168080.0,485.26,5.87,30.17,468535.53,14230.61,27191.35,509957.49,22.6,3798028.75,91239.44
VOY-001421,Capesize,3650.5,62309.2,670.08,4.73,11.7,297922.36,18997.77,18189.58,335109.7,35.68,2223459.53,114964.7
VOY-001422,Panamax,6402.8,92654.2,633.44,2.04,20.52,415980.53,6460.69,20623.21,443064.43,39.96,3702848.84,144482.34
VOY-001423,Handysize,8605.2,88204.1,798.8,5.41,27.58,220316.51,12956.98,21216.87,254490.36,42.54,3751817.58,106018.92
VOY-001424,Panamax,9000.5,65220.7,625.08,1.75,28.85,577031.94,5468.93,9643.26,592144.12,44.73,2917013.28,75982.25
VOY-001425,Handysize,8249.8,41506.4,415.18,5.93,26.44,109779.64,7382.1,8670.88,125832.61,26.21,1087755.73,29718.01
VOY-001426,Panamax,2483.1,90376.7,754.01,2.35,7.96,192027.65,8868.18,28767.95,229663.79,13.61,1229672.28,96985.37
VOY-001427,Panamax,1664.7,145414.5,589.36,2.13,5.34,100629.86,6278.72,21470.7,128379.28,21.43,3116298.61,400181.35
VOY-001428,Panamax,5876.1,136773.3,615.41,5.98,18.83,370891.99,18396.97,42162.2,431451.16,18.05,2468493.03,82098.03
VOY-001429,Handysize,11706.5,73618.8,486.41,3.31,37.52,182505.5,4825.49,21265.51,208596.5,38.59,2841207.06,64480.75
VOY-001430,Supramax,11049.4,114989.6,627.11,5.79,35.41,599644.24,14527.79,30677.64,644849.67,16.6,1908671.77,30670.51
VOY-001431,Handysize,9875.7,146156.5,819.39,3.17,31.65,259360.02,7795.48,45947.23,313102.73,12.93,1889120.86,45256.54
VOY-001432,Supramax,4646.5,34095.2,437.29,4.28,14.89,175834.92,7489.7,4136.24,187460.86,36.08,1230062.4,54374.31
VOY-001433,Panamax,5864.9,169990.5,416.29,5.81,18.8,250408.1,12096.86,26665.77,289170.72,28.21,4795769.23,183123.86
VOY-001434,Panamax,10703.2,129980.7,704.37,3.85,34.31,773233.48,13572.35,16713.01,803518.84,36.9,4795971.05,104627.34
VOY-001435,Handysize,1952.5,85860.7,891.44,5.8,6.26,55786.76,15502.63,10757.57,82046.96,34.32,2946938.33,237654.47
VOY-001436,Handysize,2599.7,123303.8,479.53,3.47,8.33,39956.39,4995.28,36993.54,81945.2,23.63,2913691.23,239879.97
VOY-001437,Handysize,10138.9,107816.3,640.62,3.98,32.5,208178.58,7646.52,28185.15,244010.25,19.13,2062467.81,49854.4
VOY-001438,Supramax,8557.1,148981.1,830.04,4.2,27.43,614664.58,13947.04,46809.7,675421.32,8.08,1203951.48,16711.15
VOY-001439,Panamax,9630.4,80925.8,459.56,2.54,30.87,453926.21,5837.47,20051.9,479815.58,23.0,1860903.78,41341.26
VOY-001440,Panamax,10666.9,97830.2,681.1,4.6,34.19,745147.73,15680.6,11751.44,772579.77,43.26,4232408.3,89186.66
VOY-001441,Capesize,11598.3,149989.3,600.84,3.11,37.17,848756.74,11215.16,18506.28,878478.18,18.27,2739650.73,46199.95
VOY-001442,Supramax,11201.9,177023.8,517.77,5.3,35.9,501921.89,10970.08,44697.16,557589.12,9.12,1614913.89,25662.99
VOY-001443,Panamax,1824.2,18498.9,484.82,5.04,5.85,90707.4,12225.16,2957.35,105889.91,34.75,642860.62,49309.18
VOY-001444,Panamax,1100.1,106674.4,579.52,4.31,3.53,65390.09,12483.41,24094.23,101967.72,41.28,4403061.78,549006.03
VOY-001445,Capesize,389.7,63787.9,624.15,5.84,1.25,29622.12,21863.16,10044.11,61529.39,22.13,1411506.62,190485.36
VOY-001446,Panamax,4065.6,153433.1,803.16,1.94,13.03,334903.35,7795.13,38593.23,381291.72,20.87,3202207.81,188415.3
VOY-001447,Capesize,6175.7,69362.6,736.75,2.59,19.79,554154.3,11433.04,13317.3,578904.64,12.6,874289.86,13198.52
VOY-001448,Supramax,6312.3,80979.5,839.31,2.72,20.23,458483.95,9121.31,25346.51,492951.77,13.11,1061748.98,24785.54
VOY-001449,Capesize,1918.2,58231.2,637.2,4.89,6.15,148862.43,18701.29,14855.4,182419.13,43.13,2511278.16,210957.39
VOY-001450,Panamax,9952.1,151412.4,441.65,1.91,31.9,450804.78,4228.23,27664.3,482697.31,36.45,5519477.42,148961.82
VOY-001451,Panamax,9796.0,71769.4,497.77,4.26,31.4,500121.06,10609.64,9640.65,520371.35,14.57,1045347.0,14721.64
VOY-001452,Capesize,11806.1,142601.3,640.29,1.84,37.84,920681.87,7087.7,41317.83,969087.4,15.97,2277838.02,32978.6
VOY-001453,Supramax,8788.7,91685.4,594.19,4.3,28.17,451920.5,10224.93,29922.74,492068.17,34.37,3151470.16,81900.8
VOY-001454,Capesize,8482.5,147011.3,672.45,5.2,27.19,694727.99,20985.92,40941.43,756655.34,8.41,1236918.68,14828.0
VOY-001455,Panamax,6722.9,45083.0,884.9,1.69,21.55,610166.41,7494.7,11847.28,629508.39,44.94,2026042.99,60087.4
VOY-001456,Panamax,5541.8,142411.0,443.52,3.2,17.76,252090.8,7103.0,19341.73,278535.53,36.7,5227181.14,236042.87
VOY-001457,Capesize,2566.0,47155.4,695.42,1.67,8.22,217338.05,6962.02,9963.09,234263.16,33.63,1585933.12,136628.6
VOY-001458,Supramax,1115.8,140963.3,740.4,4.63,3.58,71492.73,13703.27,25113.12,110309.12,8.06,1136352.24,125077.83
VOY-001459,Supramax,6364.4,171193.2,721.37,2.33,20.4,397305.87,6724.11,36171.55,440201.53,33.26,5693384.06,231122.73
VOY-001460,Panamax,9702.9,35340.8,552.08,3.15,31.1,549409.75,8709.0,5032.1,563150.86,40.22,1421306.49,25052.72
VOY-001461,Handysize,2411.0,143485.3,813.98,5.47,7.73,62899.49,13357.1,34169.31,110425.9,31.7,4548216.04,336264.66
VOY-001462,Capesize,11667.7,51493.8,813.36,4.52,37.4,1155843.88,22074.33,9923.2,1187841.41,33.64,1732044.3,12981.98
VOY-001463,Capesize,6663.4,47188.9,594.5,4.49,21.36,482479.11,15998.4,15132.28,513609.79,23.33,1100998.4,22729.71
VOY-001464,Handysize,3256.9,14826.0,601.28,5.85,10.44,62766.19,10548.8,4041.59,77356.59,14.53,215423.47,8477.28
VOY-001465,Capesize,6426.2,33919.9,756.27,1.7,20.6,591919.8,7730.41,6157.65,605807.85,28.1,953147.81,15575.49
VOY-001466,Handysize,6192.3,106788.0,803.81,2.6,19.85,159532.85,6277.18,18708.32,184518.36,39.61,4229864.2,180193.16
VOY-001467,Handysize,11962.3,99925.0,847.81,2.63,38.34,325058.71,6697.27,26455.85,358211.83,30.02,3000009.88,64475.05
VOY-001468,Supramax,4885.7,128997.4,545.74,2.44,15.66,230739.75,5331.02,22385.37,258456.14,10.06,1297405.07,57395.7
VOY-001469,Capesize,5813.2,158780.6,601.95,2.67,18.63,426193.29,9657.38,39451.75,475302.42,41.71,6623413.89,288562.05
VOY-001470,Capesize,7790.0,160995.2,410.12,2.24,24.97,389112.96,5507.89,45131.68,439752.53,14.32,2305461.09,68576.15
VOY-001471,Panamax,599.8,98533.8,656.42,2.6,1.92,40379.5,8548.99,24224.57,73153.06,43.61,4296637.51,932935.71
VOY-001472,Handysize,11312.9,137396.3,505.03,4.93,36.26,183119.43,7463.19,20784.7,211367.32,29.2,4012555.44,92294.72
VOY-001473,Panamax,7577.5,62375.2,706.76,2.94,24.29,549279.6,10404.91,18714.48,578398.99,32.3,2014744.92,52746.22
VOY-001474,Panamax,6367.3,146685.9,636.01,1.62,20.41,415346.14,5149.37,34693.24,455188.75,36.97,5423352.89,225546.96
VOY-001475,Capesize,11688.3,139184.9,419.87,1.68,37.46,597713.29,4232.15,40880.75,642826.2,37.44,5210990.93,116706.58
VOY-001476,Panamax,6133.1,130218.3,722.32,3.41,19.66,454365.34,12332.06,33698.31,500395.71,23.04,3000584.53,108364.6
VOY-001477,Supramax,4297.4,149037.6,684.55,5.59,13.77,254578.18,15313.48,39624.85,309516.5,23.63,3521665.46,165863.77
VOY-001478,Panamax,3267.3,45512.1,744.24,4.13,10.47,249401.72,15367.62,14904.84,279674.19,18.98,863979.96,40015.47
VOY-001479,Supramax,5608.4,57348.9,783.15,1.68,17.98,380094.92,5255.6,15526.47,400876.99,29.34,1682348.46,65204.21
VOY-001480,Capesize,9909.5,166472.9,710.99,3.53,31.76,858114.56,15067.41,36506.69,909688.66,20.16,3356098.56,69316.46
VOY-001481,Supramax,7493.2,140627.0,534.14,1.55,24.02,346362.5,3306.67,23726.06,373395.22,10.21,1435355.53,41540.77
VOY-001482,Handysize,1804.7,31603.9,589.99,3.12,5.78,34126.82,5518.41,8381.17,48026.4,34.0,1074580.29,115315.5
VOY-001483,Supramax,11124.5,60147.2,493.36,3.35,35.66,474951.47,6606.85,17597.4,499155.72,41.31,2484710.26,50907.34
VOY-001484,Supramax,1439.9,145239.0,569.7,4.5,4.62,70990.9,10250.76,27266.3,108507.95,32.31,4693147.68,503060.05
VOY-001485,Panamax,318.1,29037.2,543.77,1.97,1.02,17741.99,5365.11,3738.34,26845.44,24.32,706286.95,227014.53
VOY-001486,Supramax,1901.7,89306.4,877.05,3.99,6.1,144339.12,14011.47,14284.42,172635.0,34.52,3082966.34,288460.17
VOY-001487,Panamax,11800.3,10588.1,794.71,4.91,37.82,961825.32,19498.79,2306.88,983630.99,22.15,234553.99,-17531.1
VOY-001488,Handysize,9096.0,62994.8,488.47,4.66,29.15,142407.59,6827.12,20556.56,169791.26,37.08,2336138.88,64069.14
VOY-001489,Supramax,3128.6,179067.2,879.69,4.39,10.03,238169.75,15445.04,22660.72,276275.51,38.03,6809032.43,453132.86
VOY-001490,Capesize,6836.3,36596.2,813.67,2.68,21.91,677478.79,13094.1,5672.88,696245.78,44.41,1625281.88,37775.92
VOY-001491,Handysize,10401.4,69895.3,404.41,5.42,33.34,134819.91,6570.13,12713.88,154103.93,38.83,2714006.34,66056.38
VOY-001492,Handysize,9631.9,155922.7,621.77,4.58,30.87,191948.88,8536.77,22369.24,222854.89,41.97,6544174.39,178325.93
VOY-001493,Handysize,2362.7,151435.8,576.87,3.09,7.57,43685.35,5341.21,41603.47,90630.03,21.0,3180366.31,289866.84
VOY-001494,Supramax,8841.8,64527.0,798.25,5.26,28.34,610783.97,16780.73,11498.7,639063.41,16.34,1054141.66,12355.48
VOY-001495,Handysize,5306.3,171159.5,777.32,4.29,17.01,132201.57,9998.0,30683.33,172882.9,19.57,3349635.95,149180.29
VOY-001496,Capesize,9736.9,64173.1,544.69,3.03,31.21,645948.97,9908.01,18111.31,673968.3,14.18,910152.24,6897.94
VOY-001497,Capesize,9843.9,14368.6,513.31,1.84,31.55,615426.83,5679.45,3603.05,624709.34,16.99,244127.88,-11396.34
VOY-001498,Handysize,11002.1,29987.1,503.2,5.3,35.26,177445.52,8000.96,8277.92,193724.4,39.68,1189917.32,24559.08
VOY-001499,Handysize,7028.9,151518.8,813.62,2.54,22.53,183296.06,6203.91,21616.54,211116.51,17.14,2597768.97,95198.44
VOY-001500,Panamax,2994.7,134452.3,705.79,2.16,9.6,216782.04,7623.88,33533.06,257938.98,39.9,5365233.67,434337.5
VOY-001501,Supramax,5135.1,26323.1,707.47,1.53,16.46,314391.09,4331.27,4907.26,323629.62,26.19,689414.23,20333.44
VOY-001502,Panamax,8796.7,148547.6,579.41,4.26,28.19,522761.59,12346.41,31307.82,566415.81,22.7,3371431.82,86424.38
VOY-001503,Panamax,6381.8,137524.7,694.19,5.66,20.45,454379.47,19637.01,16863.75,490880.23,19.08,2624309.77,81702.86
VOY-001504,Supramax,3707.0,26969.9,737.62,4.69,11.88,236625.97,13823.93,4842.92,255292.82,28.38,765490.43,30796.77
VOY-001505,Capesize,7633.3,40891.2,455.6,5.05,24.47,423565.04,13799.47,13174.63,450539.13,22.11,903939.18,15362.37
VOY-001506,Capesize,9956.6,155123.5,730.29,3.15,31.91,885593.23,13786.78,29789.83,929169.84,21.82,3384145.72,70025.01
VOY-001507,Handysize,389.5,88498.7,887.61,1.71,1.25,11081.53,4545.1,20959.03,36585.65,23.09,2043456.9,679068.07
VOY-001508,Panamax,3432.8,116768.4,546.52,1.82,11.0,192422.02,4974.09,15481.86,212877.97,15.84,1849302.61,127617.39
VOY-001509,Handysize,5199.7,17413.5,567.34,2.86,16.67,94551.53,4873.83,3922.91,103348.27,17.72,308511.75,10505.43
VOY-001510,Capesize,10094.6,127417.8,615.05,3.66,32.35,756184.89,13506.6,32525.08,802216.58,24.85,3166105.58,65636.9
VOY-001511,Capesize,889.1,113895.6,598.98,4.8,2.85,64861.73,17252.03,24994.4,107108.16,26.69,3039878.85,383369.03
VOY-001512,Handysize,2366.4,55203.4,649.59,1.55,7.58,49268.32,3018.74,16064.83,68351.9,42.0,2318337.71,246343.6
VOY-001513,Handysize,9619.9,10929.5,564.68,3.93,30.83,174109.07,6652.43,2823.38,183584.88,26.24,286778.57,2968.74
VOY-001514,Supramax,11722.8,15403.8,572.32,3.56,37.57,580604.25,8145.81,3965.1,592715.16,42.41,653347.86,1474.13
VOY-001515,Handysize,11306.7,34763.2,585.95,4.95,36.24,212344.32,8699.16,4536.76,225580.23,42.17,1465919.81,30113.84
VOY-001516,Supramax,5975.6,15870.5,539.37,5.15,19.15,278915.0,11112.07,2692.47,292719.54,19.05,302277.01,393.26
VOY-001517,Capesize,8919.0,119056.4,462.7,3.01,28.59,502623.19,8356.78,35757.58,546737.55,19.07,2270751.58,54563.33
VOY-001518,Handysize,11665.8,22531.1,592.94,3.29,37.39,221702.53,5860.92,3801.43,231364.88,26.86,605115.15,9186.35
VOY-001519,Capesize,1182.7,173786.6,719.29,4.25,3.79,103610.89,18328.96,22653.91,144593.76,13.88,2412920.07,282212.56
VOY-001520,Handysize,7102.4,64533.4,480.56,2.58,22.76,109394.96,3724.12,16445.94,129565.02,34.55,2229840.77,82859.62
VOY-001521,Panamax,1231.3,82284.2,774.93,2.53,3.95,97867.28,9799.87,12813.03,120480.19,16.43,1352073.11,190183.77
VOY-001522,Supramax,2992.4,155320.9,671.95,3.97,9.59,174005.18,10674.69,23290.91,207970.79,8.69,1350301.08,84227.31
VOY-001523,Panamax,472.9,112105.8,744.6,2.33,1.52,36114.32,8672.88,29881.71,74668.91,33.31,3734603.32,951817.24
VOY-001524,Panamax,10188.1,167327.8,713.47,2.87,32.65,745530.11,10252.15,42261.64,798043.9,11.63,1945292.94,32291.3
VOY-001525,Handysize,2462.4,73515.1,445.03,4.65,7.89,35123.51,6209.28,13759.15,55091.93,30.62,2251259.24,175086.65
VOY-001526,Capesize,4308.5,169274.2,647.0,2.97,13.81,339517.75,11513.36,33504.08,384535.19,28.79,4873890.37,267618.08
VOY-001527,Supramax,663.6,37744.4,450.12,2.35,2.13,25849.44,4227.42,5508.44,35585.3,32.1,1211458.52,262768.25
VOY-001528,Supramax,11675.1,20069.3,851.02,1.78,37.42,859819.02,6075.53,2694.81,868589.36,39.84,799587.55,-1760.03
VOY-001529,Handysize,4825.7,139648.6,518.86,3.51,15.47,80252.56,5463.88,33414.7,119131.14,14.53,2028799.48,100629.85
VOY-001530,Panamax,5657.5,131290.6,682.2,3.28,18.13,395856.71,11182.58,17384.63,424423.92,17.9,2350266.21,89944.17
VOY-001531,Supramax,11264.1,158970.1,762.75,2.27,36.1,743505.34,6930.64,46790.75,797226.72,39.75,6318673.55,143883.68
VOY-001532,Supramax,3025.7,177500.1,760.89,4.13,9.7,199234.21,12582.72,37318.25,249135.18,8.81,1564456.65,95092.18
VOY-001533,Handysize,10334.5,120487.7,865.32,4.24,33.12,286621.43,10994.04,32002.13,329617.6,37.41,4507022.61,111819.78
VOY-001534,Capesize,7608.4,176896.7,469.25,4.44,24.39,434832.09,12502.2,29550.88,476885.17,28.76,5088187.65,159968.06
VOY-001535,Panamax,6130.2,69180.0,445.83,4.35,19.65,280310.03,9686.54,19630.19,309626.75,39.87,2757970.01,102042.53
VOY-001536,Supramax,8025.4,36899.4,582.87,3.78,25.72,404810.36,8816.54,7380.21,421007.11,11.78,434516.45,457.88
VOY-001537,Panamax,8984.0,123659.7,451.37,2.59,28.79,415905.45,5848.66,38585.7,460339.81,18.83,2328336.53,59516.01
VOY-001538,Supramax,7058.3,172578.8,541.07,4.79,22.62,330492.49,10370.69,29974.22,370837.4,40.13,6926428.14,239129.97
VOY-001539,Handysize,6873.0,127991.6,515.92,4.54,22.03,113653.02,7029.4,22002.78,142685.2,8.45,1082157.95,35357.58
VOY-001540,Supramax,1328.8,29138.6,624.31,5.95,4.26,71791.97,14867.17,8894.67,95553.82,30.64,892911.11,78076.37
VOY-001541,Capesize,10320.6,139606.3,439.44,4.88,33.08,552382.15,12856.73,23798.24,589037.12,9.45,1319402.1,19242.86
VOY-001542,Panamax,7596.8,97069.2,542.7,4.76,24.35,422848.43,12927.08,20245.5,456021.02,12.71,1233658.74,26711.23
VOY-001543,Handysize,3779.7,153032.2,729.97,3.31,12.11,88431.42,7250.89,37294.13,132976.45,32.61,4990169.19,314881.9
VOY-001544,Capesize,8016.0,60641.0,781.55,5.71,25.69,763034.14,26754.74,18140.02,807928.89,12.02,728943.09,-2515.64
VOY-001545,Panamax,7218.9,156548.4,464.21,5.48,23.14,343702.97,12723.67,23391.48,379818.11,32.07,5020713.71,162159.91
VOY-001546,Panamax,3341.6,15993.0,547.45,3.26,10.71,187624.42,8922.93,2863.33,199410.69,39.63,633866.3,31099.15
VOY-001547,Capesize,2129.1,82732.7,437.17,4.09,6.82,113360.46,10724.92,15061.61,139146.99,20.91,1729742.32,145756.19
VOY-001548,Handysize,723.7,166226.0,847.98,5.34,2.32,19668.73,13572.74,28562.32,61803.79,27.1,4505478.69,580510.13
VOY-001549,Panamax,9453.8,100861.6,424.41,4.32,30.3,411512.54,9164.13,19870.71,440547.38,19.2,1936458.15,43210.57
VOY-001550,Panamax,7724.1,49429.4,718.39,4.31,24.76,569117.74,15484.75,15532.4,600134.89,29.48,1456937.23,29476.21
VOY-001551,Handysize,7630.1,158695.6,541.59,3.64,24.46,132447.41,5922.01,47357.5,185726.91,17.95,2848878.19,94773.59
VOY-001552,Panamax,11241.2,139693.9,803.06,1.5,36.03,925878.74,6025.99,33055.98,964960.72,12.17,1700325.53,19593.98
VOY-001553,Panamax,11234.1,142802.2,811.18,3.58,36.01,934650.04,14533.2,32631.74,981814.98,25.5,3641340.9,67176.91
VOY-001554,Panamax,8655.4,81677.9,643.93,3.88,27.74,571641.64,12497.5,17821.49,601960.63,12.04,983130.03,12053.38
VOY-001555,Panamax,1078.0,101098.2,720.95,5.02,3.46,79712.12,18108.09,24829.4,122649.62,34.0,3437566.28,390974.3
VOY-001556,Handysize,6840.3,96095.2,881.14,5.76,21.92,193183.68,15237.1,23694.76,232115.55,13.4,1287425.34,38113.9
VOY-001557,Handysize,4181.1,23614.0,589.72,4.56,13.4,79029.02,8064.06,3174.99,90268.07,35.11,829016.63,41134.74
VOY-001558,Panamax,10776.9,41674.0,864.61,3.23,34.54,955676.98,13970.85,9989.54,979637.37,23.28,970279.97,-247.73
VOY-001559,Panamax,4277.5,90542.6,641.95,1.79,13.71,281637.35,5754.8,23236.25,310628.41,20.5,1856084.57,99688.26
VOY-001560,Handysize,9109.7,123607.9,887.99,5.88,29.2,259273.11,15666.37,31505.0,306444.48,31.36,3876170.08,101763.71
VOY-001561,Handysize,11821.7,74974.3,500.65,3.35,37.89,189695.64,5026.97,9672.99,204395.6,23.15,1735772.63,37136.01
VOY-001562,Panamax,8009.3,94114.5,882.11,4.79,25.67,724622.15,21143.73,22662.58,768428.45,17.14,1613069.37,27725.32
VOY-001563,Handysize,3137.4,122253.0,755.82,2.87,10.06,76003.22,6514.56,22851.04,105368.83,28.93,3536737.63,265405.91
VOY-001564,Handysize,7196.7,45722.9,744.99,3.18,23.07,171842.94,7106.36,7179.55,186128.85,15.98,730880.09,20755.51
VOY-001565,Panamax,8708.9,33429.7,833.13,5.7,27.91,744169.74,23726.3,10278.29,778174.32,13.79,460965.2,-9438.24
VOY-001566,Panamax,10016.6,129462.1,706.25,1.58,32.1,725559.17,5575.53,16509.4,747644.09,23.64,3060256.98,68657.48
VOY-001567,Panamax,3062.8,166904.7,635.64,4.27,9.82,199675.52,13570.62,53035.03,266281.18,11.18,1865785.31,113548.66
VOY-001568,Handysize,11284.6,120453.2,528.58,5.54,36.17,191180.41,8779.4,39359.42,239319.23,39.58,4768118.53,108590.85
VOY-001569,Supramax,3172.6,128362.1,602.12,4.14,10.17,165310.56,9975.41,27494.09,202780.06,22.12,2839459.82,184250.51
VOY-001570,Panamax,758.4,28738.6,851.41,2.34,2.43,66226.41,9945.01,3523.15,79694.57,13.12,377019.09,62373.08
VOY-001571,Capesize,11804.9,87864.3,849.47,2.66,37.84,1221344.59,13546.06,20234.66,1255125.31,14.9,1309564.17,1344.38
VOY-001572,Supramax,5522.3,112015.4,826.84,5.0,17.7,395137.21,16535.66,25637.73,437310.59,30.84,3454824.55,132934.42
VOY-001573,Supramax,3475.4,67659.6,468.56,5.48,11.14,140924.01,10272.88,20916.92,172113.81,33.79,2286131.13,127194.88
VOY-001574,Handysize,4026.4,87422.3,418.55,5.89,12.91,54014.58,7401.63,27227.47,88643.67,41.05,3588573.61,186167.39
VOY-001575,Handysize,1924.5,111419.0,470.86,3.25,6.17,29043.82,4585.16,17917.8,51546.78,31.46,3505312.46,366865.14
VOY-001576,Handysize,10549.2,12112.0,783.06,5.88,33.81,264762.42,13812.61,2976.85,281551.88,28.07,339951.44,1471.35
VOY-001577,Supramax,663.7,27331.3,815.64,4.84,2.13,46846.75,15783.76,7330.1,69960.61,36.68,1002444.22,133880.01
VOY-001578,Supramax,10396.7,96866.6,610.23,1.9,33.32,549035.23,4645.01,31457.4,585137.63,36.68,3553322.6,84262.02
VOY-001579,Capesize,7590.6,154521.6,756.21,1.93,24.33,699116.18,8737.51,31282.61,739136.31,13.0,2008651.31,48353.77
VOY-001580,Handysize,9405.4,78040.9,765.88,2.51,30.15,230876.96,5776.37,24482.3,261135.63,15.62,1219310.15,29338.26
VOY-001581,Capesize,8575.6,160764.7,750.34,4.1,27.49,783708.56,18464.75,38919.47,841092.78,22.96,3691509.9,90239.16
VOY-001582,Handysize,9277.7,167120.4,762.6,5.2,29.74,226768.46,11900.55,22569.88,261238.9,37.32,6237239.15,171045.89
VOY-001583,Panamax,7162.7,116053.3,797.82,3.27,22.96,586108.23,13061.94,22943.25,622113.41,28.23,3276250.96,101180.32
VOY-001584,Capesize,6922.4,21537.2,435.16,3.24,22.19,366886.5,8447.73,3204.23,378538.46,8.45,182060.03,-7728.52
VOY-001585,Supramax,1301.8,85338.9,837.36,5.74,4.17,94337.41,19220.1,20685.3,134242.81,36.84,3143531.16,303635.55
VOY-001586,Supramax,1384.8,159393.7,505.7,4.75,4.44,60603.02,9610.93,46406.52,116620.47,31.55,5028710.69,534510.18
VOY-001587,Panamax,2261.2,31820.7,758.28,3.13,7.25,175858.91,11882.98,5014.78,192756.67,32.23,1025718.51,80234.5
VOY-001588,Supramax,7256.0,138710.8,751.22,1.93,23.26,471708.75,5802.19,35448.41,512959.35,23.67,3282603.05,109961.95
VOY-001589,Handysize,2765.5,75499.6,676.06,4.29,8.86,59923.5,8691.53,13304.0,81919.03,26.79,2022630.4,147593.22
VOY-001590,Supramax,11113.6,114455.1,559.19,3.22,35.62,537803.9,7203.31,25805.9,570813.11,14.13,1617004.47,26935.38
VOY-001591,Panamax,6855.1,38552.3,639.78,4.39,21.97,449821.89,14058.51,6420.28,470300.68,31.5,1214215.24,28214.75
VOY-001592,Capesize,6371.9,170494.1,521.35,4.96,20.42,404599.52,15517.47,52400.8,472517.79,35.13,5989324.26,217339.45
VOY-001593,Handysize,1691.3,11869.9,441.35,5.39,5.42,23924.53,7137.71,3580.48,34642.72,25.99,308530.16,25332.95
VOY-001594,Handysize,2767.9,112167.1,629.59,1.74,8.87,55854.72,3279.65,34703.54,93837.91,37.62,4220252.01,388991.09
VOY-001595,Handysize,8175.8,75989.3,527.56,2.48,26.2,138245.23,3924.52,21260.97,163430.72,38.46,2922927.15,96202.43
VOY-001596,Capesize,3850.3,93208.9,668.91,4.13,12.34,313684.81,16585.38,11191.22,341461.42,28.94,2697193.61,143004.48
VOY-001597,Panamax,6445.6,38056.9,741.23,4.89,20.66,490018.11,18115.24,8643.84,516777.19,41.44,1577142.23,41506.84
VOY-001598,Panamax,746.8,170586.6,411.66,4.26,2.39,31531.54,8764.96,43866.94,84163.44,17.9,3052903.34,446299.01
VOY-001599,Handysize,657.2,27180.7,857.39,3.38,2.11,18060.45,8687.22,5045.83,31793.5,35.4,962162.24,169657.35
VOY-001600,Handysize,5569.4,11292.8,701.37,1.69,17.85,125199.98,3562.36,3018.5,131780.84,32.94,372041.13,12293.43
VOY-001601,Panamax,8374.0,110707.2,596.16,3.71,26.84,512024.78,11059.24,17765.65,540849.67,9.93,1098943.71,18268.26
VOY-001602,Capesize,7347.6,116146.7,684.86,5.97,23.55,612882.35,24511.6,14134.17,651528.13,30.85,3582838.15,99315.16
VOY-001603,Handysize,10412.2,164979.4,469.41,2.46,33.37,156654.73,3458.06,28718.63,188831.42,40.22,6635991.25,179946.84
VOY-001604,Handysize,1297.3,159112.2,439.05,3.29,4.16,18255.32,4330.8,25960.95,48547.06,31.74,5049501.21,671638.16
VOY-001605,Capesize,3713.7,61333.5,780.0,2.64,11.9,352805.6,12334.22,8791.52,373931.33,24.98,1531994.09,79654.95
VOY-001606,Handysize,7399.3,32290.3,764.38,4.26,23.72,181278.62,9760.16,8096.83,199135.61,43.11,1391940.76,42642.72
VOY-001607,Supramax,11966.7,96803.9,625.26,2.88,38.35,647510.47,7192.38,21973.78,676676.63,35.11,3398706.01,66019.84
VOY-001608,Handysize,7047.2,62569.9,823.45,5.38,22.59,185993.03,13278.41,20091.62,219363.07,8.4,525573.46,10950.87
VOY-001609,Panamax,1871.8,151131.2,514.96,2.98,6.0,98860.26,7674.86,38460.72,144995.84,15.48,2340122.3,244446.8
VOY-001610,Panamax,1899.7,165086.1,557.39,3.5,6.09,108601.98,9756.22,26569.53,144927.73,32.87,5426401.55,550760.05
VOY-001611,Handysize,7632.4,162510.2,866.89,1.54,24.46,212065.6,4008.44,34924.67,250998.71,41.9,6808534.12,252171.86
VOY-001612,Handysize,1325.2,178600.4,622.02,5.19,4.25,26420.61,9678.59,27332.53,63431.73,13.74,2453114.98,253299.22
VOY-001613,Capesize,5374.3,127993.5,760.99,5.52,17.23,498111.58,25183.03,17233.22,540527.83,21.68,2774827.76,98251.34
VOY-001614,Handysize,4175.3,26725.6,721.85,4.36,13.38,96599.55,9451.39,6726.47,112777.42,20.2,539929.05,24069.42
VOY-001615,Handysize,5273.2,39390.3,542.77,4.15,16.9,91734.51,6758.8,11886.18,110379.49,13.37,526499.38,19766.35
VOY-001616,Supramax,4937.1,153158.3,803.17,5.62,15.82,343151.87,18067.74,32340.27,393559.87,12.91,1977179.78,73835.79
VOY-001617,Handysize,8336.4,89999.3,715.85,3.45,26.72,191270.61,7402.05,24358.3,223030.95,32.12,2890925.69,88440.6
VOY-001618,Panamax,6857.1,105818.5,776.25,3.0,21.98,545928.79,11658.01,25869.0,583455.8,19.58,2072328.46,59598.97
VOY-001619,Panamax,8221.9,63577.9,755.47,5.66,26.35,637065.95,21370.43,11217.54,669653.92,37.1,2358777.69,52768.88
VOY-001620,Supramax,2454.7,38027.5,470.02,3.42,7.87,99844.12,6424.09,6346.86,112615.07,17.08,649574.16,47583.44
VOY-001621,Panamax,9895.7,105391.2,492.48,4.24,31.72,499838.74,10434.75,15210.34,525483.83,12.32,1298111.1,21488.99
VOY-001622,Panamax,3654.0,146432.4,788.94,5.89,11.71,295672.36,23244.3,33424.28,352340.93,22.47,3290625.7,166907.85
VOY-001623,Handysize,767.2,157696.5,575.71,4.38,2.46,14155.77,7556.71,23522.66,45235.13,44.72,7051489.99,1025180.08
VOY-001624,Supramax,2192.0,170874.7,782.12,2.06,7.03,148360.59,6459.08,25581.58,180401.24,36.17,6179981.07,660006.76
VOY-001625,Supramax,5879.5,167130.8,896.32,4.97,18.84,456055.15,17806.56,37884.33,511746.03,37.84,6323503.79,244076.47
VOY-001626,Capesize,5075.4,158140.8,625.5,1.57,16.27,386656.87,5890.45,43153.37,435700.69,16.19,2560387.64,119117.45
VOY-001627,Handysize,9195.8,81210.2,773.41,5.38,29.47,227954.74,12479.69,12148.06,252582.48,37.97,3083794.14,81234.12
VOY-001628,Panamax,6936.4,130783.2,780.82,3.83,22.23,555493.03,14936.6,19656.23,590085.86,20.54,2686174.67,80439.82
VOY-001629,Handysize,1137.1,141323.3,828.19,4.25,3.64,30182.58,10565.3,37269.76,78017.64,31.42,4440682.59,552460.6
VOY-001630,Capesize,7101.5,117515.4,780.6,2.03,22.76,675165.58,9525.63,16727.06,701418.27,39.67,4661458.62,159710.97
VOY-001631,Panamax,9398.5,63960.4,816.36,3.21,30.12,786923.41,13108.59,17184.74,817216.74,33.27,2128234.07,39328.73
VOY-001632,Capesize,4447.6,18793.6,420.86,4.05,14.26,227978.15,10224.24,4386.49,242588.88,30.84,579641.43,18414.03
VOY-001633,Handysize,1738.4,94745.7,628.25,4.5,5.57,35004.35,8476.43,21979.09,65459.87,35.47,3360797.57,327273.68
VOY-001634,Panamax,11448.1,48220.0,686.85,4.46,36.69,806475.11,15315.72,13551.08,835341.92,28.06,1352962.67,12578.22
VOY-001635,Capesize,4182.0,148445.8,837.48,4.5,13.4,426573.41,22620.49,20476.33,469670.23,40.0,5938031.47,305398.57
VOY-001636,Handysize,5983.5,39628.1,773.24,5.38,19.18,148292.17,12474.59,9651.67,170418.43,15.07,597160.05,17378.58
VOY-001637,Panamax,7063.8,88846.0,650.74,3.08,22.64,471457.43,10024.16,12587.63,494069.22,16.48,1463759.03,37699.87
VOY-001638,Supramax,3816.8,72838.6,677.15,2.67,12.23,223664.66,7235.32,19740.66,250640.64,13.37,973573.05,48503.52
VOY-001639,Panamax,6323.5,40619.8,532.87,2.44,20.27,345600.9,6505.52,11756.1,363862.51,25.3,1027556.88,29225.83
VOY-001640,Panamax,1333.7,90819.9,777.56,3.26,4.27,106362.03,12681.54,18503.38,137546.96,29.25,2656231.61,334194.77
VOY-001641,Capesize,2225.2,121664.4,592.68,2.99,7.13,160622.14,10624.93,34105.69,205352.76,32.07,3901844.54,365275.19
VOY-001642,Supramax,6070.2,100285.5,432.0,1.99,19.46,226931.58,3435.43,25080.69,255447.7,31.16,3124751.59,133804.88
VOY-001643,Handysize,3155.9,134145.9,833.39,5.11,10.11,84296.61,12784.0,28489.42,125570.03,16.55,2220012.01,137536.93
VOY-001644,Supramax,9579.6,41503.5,849.61,2.63,30.7,704335.54,8925.19,6138.36,719399.1,14.13,586466.93,-3988.34
VOY-001645,Capesize,6109.9,124985.9,873.94,4.97,19.58,650350.58,26071.71,28899.5,705321.79,26.41,3301295.94,105720.43
VOY-001646,Capesize,3609.9,66115.6,831.06,4.73,11.57,365383.59,23590.1,15874.91,404848.6,35.19,2326727.88,117899.39
VOY-001647,Supramax,2377.0,61355.1,698.59,5.94,7.62,143702.25,16611.82,17781.12,178095.18,40.12,2461505.36,168350.85
VOY-001648,Capesize,9060.1,118682.0,871.9,5.91,29.04,962113.04,30941.78,22652.63,1015707.45,41.78,4957971.26,112786.31
VOY-001649,Panamax,9034.5,94176.8,693.41,2.63,28.96,642527.17,9126.81,24887.75,676541.74,34.94,3290387.45,82745.07
VOY-001650,Handysize,7723.5,145125.2,467.93,2.2,24.75,115835.33,3094.83,41398.74,160328.9,19.87,2883761.82,101019.54
VOY-001651,Panamax,933.6,40728.3,714.9,5.22,2.99,68450.85,18667.1,13301.43,100419.38,28.74,1170667.18,130288.47
VOY-001652,Panamax,5111.8,148688.3,657.46,2.03,16.38,344702.04,6666.93,37097.21,388466.18,14.01,2083321.63,92050.68
VOY-001653,Panamax,10608.1,43395.9,555.25,2.67,34.0,604112.31,7410.9,8159.77,619682.98,35.6,1544870.29,25230.28
VOY-001654,Capesize,5709.9,150644.7,743.18,5.65,18.3,516835.7,25198.81,39450.21,581484.72,17.03,2565723.25,82842.07
VOY-001655,Handysize,8462.1,107575.9,824.12,3.79,27.12,223518.72,9377.04,17179.18,250074.95,17.8,1914465.38,53837.56
VOY-001656,Handysize,2476.3,91533.1,605.37,5.77,7.94,48048.06,10480.95,16011.55,74540.56,22.17,2028960.12,142574.85
VOY-001657,Capesize,8488.8,174529.8,680.52,1.77,27.21,703581.64,7211.96,43949.23,754742.83,13.15,2294680.85,53148.96
VOY-001658,Supramax,7710.2,36243.0,551.2,5.64,24.71,367772.07,12430.58,11009.93,391212.58,15.75,570968.49,5922.76
VOY-001659,Supramax,6479.6,43575.7,770.95,4.74,20.77,432297.44,14616.76,12393.76,459307.97,10.82,471584.55,481.29
VOY-001660,Supramax,5111.5,92948.1,419.52,4.68,16.38,185571.28,7857.13,24428.19,217856.59,32.73,3042262.61,134077.92
VOY-001661,Capesize,3091.5,70799.8,457.36,1.6,9.91,172207.53,4402.6,20830.47,197440.6,24.62,1743162.25,134260.32
VOY-001662,Handysize,5401.1,151448.8,686.87,4.31,17.31,118905.75,8879.71,44296.62,172082.08,24.79,3754309.54,165686.72
VOY-001663,Capesize,9522.7,20500.3,643.71,2.12,30.52,746588.85,8189.59,5811.29,760589.73,8.16,167183.3,-18179.3
VOY-001664,Handysize,10659.8,125915.3,735.63,2.17,34.17,251336.95,4799.03,30184.98,286320.96,31.27,3937978.67,100484.06
VOY-001665,Handysize,6264.2,169117.7,633.5,1.65,20.08,127189.93,3142.99,29139.99,159472.9,42.41,7172966.75,322737.77
VOY-001666,Handysize,7564.4,64194.8,712.34,3.15,24.25,172708.1,6727.31,13697.54,193132.96,42.13,2704683.19,91685.88
VOY-001667,Handysize,668.3,57203.4,643.35,3.72,2.14,13781.39,7180.56,8759.46,29721.41,18.28,1045664.29,173294.82
VOY-001668,Supramax,4468.0,66271.9,813.0,4.6,14.32,314349.23,14945.2,13472.96,342767.39,13.47,892605.77,29067.24
VOY-001669,Capesize,2987.7,50625.5,401.75,4.79,9.58,146190.63,11534.25,9142.23,166867.11,23.42,1185417.8,70924.86
VOY-001670,Supramax,2341.2,42143.2,818.82,5.98,7.5,165892.0,19587.36,11669.1,197148.46,18.4,775320.52,42878.08
VOY-001671,Panamax,2028.2,101460.2,612.66,3.0,6.5,127447.26,9193.1,29299.67,165940.03,20.26,2055958.33,198913.77
VOY-001672,Capesize,7376.1,171694.9,864.59,2.45,23.64,776725.61,12715.99,46808.06,836249.67,23.69,4068264.78,123866.81
VOY-001673,Capesize,2138.3,131555.2,564.2,6.0,6.85,146938.8,20307.49,41889.0,209135.29,34.34,4517175.75,335188.96
VOY-001674,Capesize,1761.2,160501.7,873.89,2.65,5.65,187458.54,13874.3,45524.53,246857.37,44.13,7082791.25,824490.47
VOY-001675,Supramax,6756.9,103704.0,408.75,5.44,21.66,239008.72,8889.13,23822.5,271720.35,24.18,2507656.74,82526.22
VOY-001676,Supramax,3343.5,104958.1,634.31,5.08,10.72,183533.5,12877.47,29500.04,225911.01,40.49,4250147.1,254829.09
VOY-001677,Capesize,2861.4,61415.6,802.77,5.3,9.17,279772.33,25544.57,12808.69,318125.6,28.82,1769985.91,100303.09
VOY-001678,Capesize,8364.8,33977.5,492.32,5.17,26.81,501571.62,15276.99,9975.67,526824.28,18.59,631528.56,3273.85
VOY-001679,Handysize,9889.3,30341.8,730.02,4.27,31.7,231390.99,9354.76,5515.91,246261.66,10.12,306962.73,1687.65
VOY-001680,Supramax,550.1,174074.7,866.09,3.92,1.76,41231.33,13566.69,46093.54,100891.55,20.35,3541749.8,605862.34
VOY-001681,Handysize,3152.8,167465.8,549.23,5.66,10.1,55499.71,9326.9,55035.4,119862.01,34.29,5741934.12,356604.27
VOY-001682,Panamax,324.3,73999.2,678.43,5.5,1.04,22567.87,18660.77,22532.36,63761.0,26.09,1930374.94,285386.05
VOY-001683,Supramax,309.7,88130.2,472.32,1.57,0.99,12659.87,2971.36,24460.77,40092.0,25.75,2269724.52,869090.95
VOY-001684,Supramax,9451.5,77760.9,417.3,3.37,30.29,341315.33,5627.69,10489.31,357432.33,21.08,1638965.1,38067.42
VOY-001685,Panamax,9594.6,124691.6,494.15,2.21,30.75,486276.51,5448.35,26170.53,517895.39,44.64,5565795.12,153165.22
VOY-001686,Handysize,2242.8,160354.9,427.42,4.75,7.19,30724.19,6087.6,25758.16,62569.95,44.98,7212627.09,599038.14
VOY-001687,Supramax,6833.5,74772.3,419.31,5.76,21.9,247964.46,9653.51,15657.06,273275.02,29.49,2205033.74,69845.13
VOY-001688,Supramax,10022.6,79678.1,635.43,5.06,32.12,551129.65,12861.88,11743.26,575734.79,8.85,704913.06,3474.04
VOY-001689,Capesize,7617.3,17722.0,636.36,4.89,24.41,590380.9,18681.74,5352.31,614414.95,42.39,751284.76,4670.14
VOY-001690,Supramax,956.1,66756.8,628.29,3.72,3.06,51984.47,9356.4,8287.4,69628.26,9.29,620032.59,81092.76
VOY-001691,Capesize,1373.5,122507.1,413.93,1.51,4.4,69245.84,3762.06,37620.65,110628.55,14.22,1742286.24,275753.19
VOY-001692,Capesize,6694.1,146947.1,803.18,2.83,21.46,654838.35,13630.56,24717.46,693186.37,14.43,2120566.98,58778.85
VOY-001693,Panamax,6464.5,149585.9,849.34,5.32,20.72,563134.92,22604.89,21939.81,607679.61,39.07,5844374.98,201083.6
VOY-001694,Capesize,10534.1,81571.9,561.55,5.03,33.76,720471.71,16935.17,11720.93,749127.8,11.58,944715.6,5042.32
VOY-001695,Supramax,5820.1,149738.0,895.82,4.69,18.65,451188.74,16800.52,28569.01,496558.27,25.35,3795244.93,141315.56
VOY-001696,Handysize,10963.0,160830.7,811.58,2.86,35.14,285172.9,6974.02,44814.82,336961.75,41.2,6626670.99,165509.27
VOY-001697,Supramax,3723.4,127987.3,775.33,3.93,11.93,249824.59,12197.1,42168.48,304190.17,21.85,2795892.91,157037.35
VOY-001698,Panamax,10086.8,55725.3,883.49,1.56,32.33,914013.84,6883.08,11516.28,932413.21,34.27,1909547.61,28834.44
VOY-001699,Supramax,7494.3,72276.2,680.75,3.49,24.02,441494.3,9490.66,17159.33,468144.29,38.27,2766339.8,83553.87
VOY-001700,Capesize,863.1,45520.1,646.61,1.54,2.77,67970.49,5960.35,5619.55,79550.4,36.41,1657409.03,366722.21
VOY-001701,Handysize,10348.7,15359.5,738.14,4.38,33.17,244832.01,9706.76,3770.65,258309.41,39.49,606547.68,9273.4
VOY-001702,Supramax,9330.2,149227.7,518.98,4.07,29.9,419038.37,8449.74,27721.02,455209.14,14.68,2190339.92,51071.21
VOY-001703,Panamax,5797.8,53890.3,597.81,3.54,18.58,355487.03,10588.2,9906.81,375982.04,26.07,1404777.57,46499.38
VOY-001704,Supramax,8940.4,46565.8,707.63,2.74,28.65,547480.02,7748.07,13420.57,568648.66,38.75,1804413.81,39365.18
VOY-001705,Capesize,4655.0,58551.6,810.91,2.74,14.92,459754.89,13342.76,8347.86,481445.52,27.51,1610906.2,63947.31
VOY-001706,Panamax,2781.4,96960.9,703.16,2.64,8.91,200593.41,9269.5,19724.81,229587.72,30.02,2911080.5,232138.5
VOY-001707,Handysize,6415.9,119457.3,732.73,5.57,20.56,150676.99,12249.39,22069.35,184995.73,24.43,2917781.44,104558.77
VOY-001708,Capesize,6556.9,88023.3,575.79,1.51,21.02,459819.66,5232.25,22010.63,487062.55,9.05,796461.39,13732.64
VOY-001709,Capesize,3262.5,120863.2,417.4,4.67,10.46,165855.97,11698.5,20763.58,198318.05,14.24,1720544.49,100624.95
VOY-001710,Handysize,9444.4,147525.4,886.31,4.28,30.27,268292.47,11370.15,22489.25,302151.87,25.74,3797500.5,101177.0
VOY-001711,Panamax,11896.1,117302.3,867.81,5.76,38.13,1058831.19,24982.44,32385.16,1116198.78,36.63,4297087.48,72480.53
VOY-001712,Panamax,7766.9,67902.1,712.43,5.89,24.89,567523.02,20986.6,17457.29,605966.91,35.23,2392148.68,58020.6
VOY-001713,Supramax,339.4,30216.6,516.98,5.78,1.09,15185.75,11962.73,7037.52,34186.0,21.35,645110.5,88890.22
VOY-001714,Handysize,10254.0,109184.5,818.53,4.39,32.87,269013.5,10775.87,14519.53,294308.9,41.11,4488082.96,112572.96
VOY-001715,Capesize,3700.3,123422.4,810.81,4.81,11.86,365413.0,23421.6,20068.83,408903.42,29.91,3691686.45,196877.26
VOY-001716,Supramax,8464.1,66397.6,439.27,5.73,27.13,321752.73,10075.56,20826.22,352654.5,32.54,2160301.34,55005.87
VOY-001717,Supramax,6298.6,81827.8,769.76,3.46,20.19,419575.55,10663.39,18119.09,448358.03,10.76,880442.64,18269.21
VOY-001718,Handysize,3567.6,59753.2,551.02,2.72,11.43,63007.18,4500.42,9442.34,76949.95,28.36,1694368.59,114247.95
VOY-001719,Panamax,4916.9,173679.0,794.85,5.78,15.76,400836.9,22984.15,37859.11,461680.16,9.41,1633472.16,54394.53
VOY-001720,Capesize,6774.8,128487.9,738.13,4.11,21.71,609059.51,18218.35,37504.94,664782.8,42.86,5506383.11,187457.28
VOY-001721,Panamax,10866.2,90444.8,547.61,5.04,34.83,610299.9,13813.16,25705.11,649818.16,16.53,1495092.76,21199.4
VOY-001722,Panamax,4120.9,82592.0,628.77,3.29,13.21,265754.93,10335.49,13381.5,289471.91,34.11,2817372.15,153247.62
VOY-001723,Capesize,11366.0,140029.1,464.07,4.7,36.43,642427.68,13091.57,34906.69,690425.94,37.34,5228944.39,110342.09
VOY-001724,Handysize,11806.5,116835.6,407.86,4.49,37.84,154340.6,5490.9,32227.92,192059.42,37.08,4332744.9,97821.97
VOY-001725,Capesize,3892.2,98426.4,414.6,4.33,12.48,196541.07,10772.02,14184.53,221497.62,27.62,2718103.53,148560.47
VOY-001726,Panamax,735.5,119213.6,448.42,4.62,2.36,33827.35,10348.41,19494.08,63669.84,19.64,2341522.83,326670.94
VOY-001727,Handysize,7650.0,19704.6,424.64,2.3,24.52,104119.55,2925.46,4290.35,111335.36,24.76,487952.41,14044.69
VOY-001728,Capesize,6573.9,121714.8,668.48,3.28,21.07,535233.83,13140.16,23518.64,571892.63,24.03,2925315.84,96664.31
VOY-001729,Handysize,1268.5,131484.3,466.91,3.69,4.07,18983.13,5168.16,28696.91,52848.2,43.02,5656190.15,722517.58
VOY-001730,Panamax,5877.5,28045.6,561.81,3.8,18.84,338672.6,10677.75,6483.12,355833.47,17.68,495866.55,6185.41
VOY-001731,Panamax,8883.2,141121.4,869.83,5.4,28.47,792501.74,23480.89,39405.4,855388.03,8.94,1261737.17,11997.08
VOY-001732,Handysize,6731.9,92813.3,522.2,5.84,21.58,112673.93,9142.3,22988.98,144805.2,40.29,3739798.76,131144.27
VOY-001733,Panamax,1439.3,49366.8,794.95,3.76,4.61,117347.67,14929.83,10975.93,143253.43,35.83,1768590.21,194206.0
VOY-001734,Capesize,5667.1,106891.5,584.5,1.77,18.16,403435.67,6216.58,25634.08,435286.33,19.13,2044299.53,80707.27
VOY-001735,Panamax,6233.5,49417.2,440.8,4.37,19.98,281814.95,9623.67,6369.37,297807.99,23.57,1164899.41,35616.1
VOY-001736,Capesize,8222.9,13504.2,546.03,3.34,26.36,546848.4,10951.51,2334.15,560134.05,12.41,167555.38,-13219.0
VOY-001737,Handysize,3898.1,66594.6,491.19,2.31,12.49,61369.17,3408.39,13545.4,78322.96,25.21,1679058.95,108107.66
VOY-001738,Panamax,8295.2,41241.8,519.29,3.93,26.59,441806.44,10210.98,8978.61,460996.03,35.6,1468058.24,32997.12
VOY-001739,Supramax,8416.8,75852.1,778.38,2.5,26.98,566954.78,7786.0,11428.22,586168.99,9.1,689996.35,3522.23
VOY-001740,Supramax,11987.6,167067.0,863.06,4.11,38.42,895328.64,14187.17,51433.63,960949.44,28.98,4841095.14,91229.97
VOY-001741,Handysize,5686.1,49658.5,549.04,3.17,18.22,100060.67,5228.84,14850.42,120139.92,43.17,2143964.01,94574.99
VOY-001742,Panamax,3888.0,155240.1,838.25,4.04,12.46,334267.8,16925.2,24389.62,375582.62,30.76,4775450.65,266663.68
VOY-001743,Handysize,8671.9,85369.6,681.99,5.22,27.79,189558.16,10686.49,13344.69,213589.34,14.88,1270544.66,32011.64
VOY-001744,Capesize,2066.5,74803.7,627.85,2.89,6.62,158025.48,10902.31,9458.47,178386.26,43.72,3270280.52,324863.52
VOY-001745,Capesize,2902.2,53201.8,556.13,4.19,9.3,196579.11,13967.68,9177.19,219723.98,41.43,2204144.61,147126.08
VOY-001746,Capesize,777.4,87160.7,658.02,4.29,2.49,62307.77,16921.24,12831.13,92060.15,24.69,2152119.61,303946.42
VOY-001747,Handysize,2050.9,38072.3,662.16,2.17,6.57,43527.04,4316.72,11988.07,59831.82,17.66,672292.87,70023.5
VOY-001748,Panamax,3802.6,86492.1,799.96,2.22,12.19,311994.07,8897.78,23773.49,344665.33,25.88,2238310.47,131389.36
VOY-001749,Panamax,4217.5,137264.5,791.77,4.15,13.52,342487.3,16427.68,39329.29,398244.26,11.78,1617193.55,68995.25
VOY-001750,Supramax,4261.5,151243.0,845.03,3.42,13.66,311628.8,11571.08,24383.08,347582.96,17.63,2666405.08,135748.12
VOY-001751,Panamax,6722.7,29235.6,837.38,2.86,21.55,577374.15,11970.77,5490.93,594835.85,27.13,793302.77,8131.86
VOY-001752,Capesize,5748.3,160751.3,528.68,3.3,18.42,370136.45,10459.07,35719.04,416314.56,42.94,6902796.7,298622.75
VOY-001753,Panamax,1968.8,163321.4,528.91,1.6,6.31,106799.28,4220.92,21672.11,132692.32,14.85,2425389.33,289988.03
VOY-001754,Supramax,1233.3,25150.2,885.69,5.08,3.95,94526.27,17987.05,5395.93,117909.25,43.35,1090345.07,107689.87
VOY-001755,Panamax,628.3,86372.4,492.28,2.45,2.01,31721.16,6031.97,24496.93,62250.06,27.37,2363890.07,515566.28
VOY-001756,Supramax,9476.8,28805.9,614.23,1.55,30.37,503728.59,3814.56,3824.27,511367.42,22.0,633677.62,3830.95
VOY-001757,Handysize,2034.1,91880.9,431.5,2.36,6.52,28132.61,3049.79,14845.96,46028.36,17.44,1602717.31,175389.07
VOY-001758,Capesize,349.1,40389.7,890.51,2.06,1.12,37867.93,11025.66,10342.33,59235.92,29.14,1176799.81,351150.24
VOY-001759,Panamax,9445.6,52072.5,761.5,5.13,30.27,737729.42,19518.8,13137.26,770385.49,38.32,1995248.55,34599.93
VOY-001760,Panamax,9398.4,147554.0,698.65,3.94,30.12,673457.56,13768.31,21578.89,708804.77,14.49,2137957.73,41954.28
VOY-001761,Supramax,3598.1,31004.3,733.88,3.31,11.53,228511.8,9714.87,8197.62,246424.29,9.56,296438.2,3369.81
VOY-001762,Capesize,8707.9,93132.4,726.3,1.91,27.91,770300.86,8303.99,17286.81,795891.66,36.77,3424500.63,88162.66
VOY-001763,Handysize,2152.3,107479.2,786.91,5.99,6.9,54283.08,14148.57,31274.79,99706.45,31.34,3368301.62,253544.98
VOY-001764,Panamax,8783.4,170494.0,760.48,4.22,28.15,685081.99,16050.53,27549.89,728682.42,35.29,6016706.36,163346.4
VOY-001765,Panamax,9884.0,43068.0,863.9,2.69,31.68,875780.96,11628.22,13067.09,900476.27,39.62,1706281.65,23443.89
VOY-001766,Handysize,7339.1,22397.4,818.54,2.49,23.52,192543.23,6105.7,7323.87,205972.8,25.43,569669.38,13983.36
VOY-001767,Supramax,10765.4,20133.9,822.58,5.01,34.5,766330.35,16481.71,2704.38,785516.44,43.09,867585.96,2077.0
VOY-001768,Panamax,1469.4,118273.0,828.44,5.06,4.71,124854.72,20945.01,15782.02,161581.76,9.23,1091476.26,95215.52
VOY-001769,Handysize,6572.6,40330.5,587.14,1.8,21.07,123688.25,3176.21,6099.38,132963.84,18.79,757777.71,27321.0
VOY-001770,Supramax,375.0,65092.8,488.82,4.5,1.2,15863.23,8795.85,15923.49,40582.57,17.54,1141851.61,193190.97
VOY-001771,Supramax,10066.1,124082.3,675.66,2.78,32.26,588573.48,7521.97,32214.45,628309.89,14.4,1787324.81,33070.84
VOY-001772,Capesize,1683.1,175365.9,537.91,5.42,5.39,110267.82,17508.43,45160.69,172936.95,40.31,7068279.86,637308.03
VOY-001773,Handysize,6026.8,28950.3,542.55,5.93,19.32,104803.34,9650.03,5151.27,119604.64,40.58,1174708.58,41793.89
VOY-001774,Panamax,5891.7,60983.5,520.68,2.92,18.88,314637.65,7606.71,13592.39,335836.75,42.85,2613089.52,104434.94
VOY-001775,Panamax,7068.9,149518.0,450.03,3.91,22.66,326280.11,8800.4,33077.3,368157.82,18.17,2717100.91,88412.92
VOY-001776,Supramax,5371.1,10967.3,828.91,4.8,17.22,385284.22,15899.56,1509.29,402693.08,42.4,465065.33,2833.77
VOY-001777,Handysize,4476.6,65818.5,601.14,5.43,14.35,86252.84,9793.29,8162.72,104208.84,18.51,1218571.03,56342.04
VOY-001778,Panamax,3157.0,109492.3,773.16,5.4,10.12,250349.03,20892.34,15580.01,286821.38,28.42,3111362.77,181957.17
VOY-001779,Panamax,4444.1,54011.2,826.37,2.64,14.24,376666.61,10887.88,10654.67,398209.16,25.64,1384741.44,58446.9
VOY-001780,Panamax,5637.7,81312.0,482.97,2.2,18.07,279265.53,5302.32,21440.82,306008.67,8.98,730328.23,20938.13
VOY-001781,Panamax,6273.5,74185.8,458.84,3.04,20.11,295232.55,6969.53,22076.45,324278.53,15.28,1133840.23,34977.67
VOY-001782,Capesize,4156.4,47608.3,484.73,5.75,13.32,245384.68,16731.49,14121.52,276237.68,30.85,1468618.95,62511.44
VOY-001783,Supramax,11558.2,165088.6,466.2,3.79,37.05,466307.65,7074.75,25313.44,498695.84,41.44,6840494.72,155286.98
VOY-001784,Supramax,5919.5,85802.0,638.1,2.32,18.97,326878.31,5923.83,20158.7,352960.84,14.75,1265706.67,42864.45
VOY-001785,Capesize,5476.6,88253.9,576.9,3.89,17.55,384807.28,13465.95,25582.07,423855.31,26.91,2375089.35,90994.07
VOY-001786,Capesize,9461.0,78735.2,644.9,4.2,30.32,743114.07,16242.1,16228.75,775584.91,15.01,1182100.74,11775.8
VOY-001787,Supramax,11987.1,35286.4,526.52,2.04,38.42,546177.68,4295.37,10061.64,560534.69,37.62,1327314.97,18951.72
VOY-001788,Capesize,10782.0,47585.9,863.78,3.42,34.56,1134317.14,17706.26,14537.73,1166561.13,29.45,1401493.45,6186.63
VOY-001789,Supramax,9405.4,153099.5,525.11,2.83,30.15,427405.82,5950.1,30735.6,464091.52,25.51,3905377.56,104349.68
VOY-001790,Panamax,4769.9,64883.0,723.86,4.73,15.29,354125.89,17135.87,15163.07,386424.82,9.12,592046.13,10269.43
VOY-001791,Capesize,10402.3,15273.4,600.16,5.01,33.34,760377.38,18038.05,2744.16,781159.58,41.15,628451.86,-3981.96
VOY-001792,Panamax,9569.3,175436.4,425.4,3.07,30.67,417515.99,6531.51,42951.79,466999.3,14.02,2460121.51,59070.06
VOY-001793,Capesize,5072.6,170498.5,562.17,4.67,16.26,347318.39,15766.61,32532.92,395617.93,14.7,2506848.09,100857.5
VOY-001794,Capesize,1210.6,162500.8,618.61,3.13,3.88,91212.52,11629.31,36904.64,139746.47,30.43,4945580.4,685239.49
VOY-001795,Handysize,2451.2,122531.4,851.85,4.8,7.86,66924.75,12269.73,26993.39,106187.87,24.74,3031849.3,231137.6
VOY-001796,Supramax,4865.8,43502.8,414.65,2.03,15.6,174597.5,3367.11,11670.15,189634.77,29.86,1299162.98,62950.32
VOY-001797,Panamax,10421.7,163222.1,545.62,3.87,33.4,583206.37,10560.43,29902.22,623669.02,17.02,2778294.04,57805.22
VOY-001798,Supramax,3932.0,44874.5,404.49,1.77,12.6,137637.29,2865.57,10631.4,151134.26,18.68,838393.19,47813.74
VOY-001799,Supramax,4346.1,31989.8,634.51,5.76,13.93,238643.62,14630.18,7963.25,261237.05,43.51,1391935.71,57412.68
VOY-001800,Handysize,8613.4,41611.3,419.98,3.94,27.61,115943.49,4969.58,9303.9,130216.97,22.69,944168.29,25797.53
VOY-001801,Supramax,5721.2,26316.1,521.43,4.5,18.34,258161.88,9394.1,4971.22,272527.19,29.4,773634.16,21938.89
VOY-001802,Capesize,3694.8,52990.6,509.68,2.12,11.84,229360.46,6476.69,8014.01,243851.15,21.51,1139647.35,64168.28
VOY-001803,Panamax,3260.4,82126.7,878.67,5.54,10.45,293821.72,24358.42,21059.23,339239.37,30.4,2496553.05,134880.51
VOY-001804,Capesize,11389.7,102505.5,435.54,5.82,36.51,604182.83,15219.03,13047.28,632449.14,39.3,4028526.91,80229.95
VOY-001805,Panamax,5313.3,55941.8,744.64,1.93,17.03,405792.28,7181.7,9962.4,422936.38,28.97,1620867.16,63186.74
VOY-001806,Capesize,8330.9,118346.1,731.3,2.82,26.7,742025.17,12363.75,20767.18,775156.11,40.91,4841625.05,137755.46
VOY-001807,Panamax,2263.7,47054.0,801.87,2.07,7.26,186175.03,8299.58,11639.59,206114.2,29.71,1398197.86,127829.77
VOY-001808,Supramax,9609.1,60340.4,805.83,5.48,30.8,670095.2,17654.16,17432.85,705182.22,27.36,1650907.16,26070.59
VOY-001809,Capesize,1020.2,19263.3,855.7,5.83,3.27,106323.28,29933.13,2591.11,138847.51,23.72,456990.68,34960.85
VOY-001810,Panamax,5534.0,93939.3,551.9,4.71,17.74,313253.64,13009.7,22654.34,348917.67,16.61,1560240.26,53952.55
VOY-001811,Capesize,8077.6,167259.5,832.8,2.27,25.89,819322.15,11359.21,21497.34,852178.69,27.74,4640081.39,134498.83
VOY-001812,Capesize,6084.5,150847.4,621.47,5.8,19.5,460549.68,21612.73,24433.81,506596.22,37.87,5712810.73,205796.85
VOY-001813,Capesize,2626.5,122732.7,613.56,4.56,8.42,196271.43,16768.82,30510.47,243550.72,41.09,5043312.07,369974.03
VOY-001814,Supramax,6782.4,168925.3,459.27,4.36,21.74,269562.5,8003.34,51403.29,328969.13,37.51,6336026.86,230198.55
VOY-001815,Handysize,3615.4,140720.7,882.88,5.28,11.59,102305.53,13980.47,32819.56,149105.57,14.67,2063936.14,113531.55
VOY-001816,Supramax,8308.8,129142.0,738.08,3.8,26.63,530699.91,11215.88,25536.78,567452.57,28.99,3743357.74,104368.2
VOY-001817,Handysize,9780.2,28438.5,453.61,2.03,31.35,142190.82,2763.23,9053.24,154007.3,20.25,576014.88,12643.52
VOY-001818,Capesize,1909.0,15601.1,496.7,4.24,6.12,115484.91,12638.88,4987.69,133111.48,39.98,623717.06,47357.75
VOY-001819,Capesize,4592.9,106242.4,872.67,2.17,14.72,488164.05,11386.25,22574.64,522124.95,13.2,1402854.54,52128.07
VOY-001820,Capesize,9821.5,42445.1,722.71,2.31,31.48,864515.75,10017.44,11058.57,885591.76,22.96,974679.91,2636.58
VOY-001821,Handysize,9055.6,165501.0,747.69,1.92,29.02,217013.53,4316.69,52126.09,273456.31,37.26,6166536.55,190413.31
VOY-001822,Capesize,5237.4,85160.7,520.14,3.71,16.79,331789.82,11593.9,21849.27,365232.99,20.35,1732945.36,66712.96
VOY-001823,Capesize,7468.5,91733.9,750.0,3.83,23.94,682219.26,17237.22,28788.95,728245.43,31.61,2900149.24,78215.92
VOY-001824,Supramax,3742.4,165100.5,589.2,3.74,11.99,190820.39,8823.92,20375.93,220020.24,26.49,4373479.65,263895.71
VOY-001825,Handysize,3089.4,162555.5,686.83,5.33,9.9,68008.39,10989.04,37774.31,116771.75,34.55,5616300.13,360980.16
VOY-001826,Capesize,7598.0,67258.1,546.25,2.24,24.35,505496.54,7345.98,18067.85,530910.36,34.92,2348890.03,68360.93
VOY-001827,Capesize,4157.8,77261.5,415.01,3.34,13.33,210162.81,8306.73,14810.28,233279.82,30.85,2383516.67,129048.2
VOY-001828,Panamax,11042.9,170502.2,803.37,3.09,35.39,909896.71,12397.88,47224.93,969519.52,12.78,2179099.82,31433.78
VOY-001829,Supramax,3341.2,154095.5,569.85,4.95,10.71,164768.6,11292.27,35790.13,211851.0,42.73,6583831.9,406814.68
VOY-001830,Handysize,7803.6,91484.2,513.74,2.16,25.01,128495.23,3328.55,13455.57,145279.36,35.06,3207529.28,112702.12
VOY-001831,Capesize,10060.8,103978.6,762.92,3.4,32.25,934839.59,15566.78,23573.79,973980.16,10.69,1111516.41,3858.31
VOY-001832,Panamax,4824.2,152571.7,416.82,3.2,15.46,206237.11,6672.49,31756.55,244666.15,23.78,3627894.06,181272.04
VOY-001833,Supramax,10243.5,177509.1,447.11,4.72,32.83,396342.47,8448.41,21352.54,426143.42,28.1,4987516.99,121456.21
VOY-001834,Supramax,3211.7,176371.7,627.14,4.23,10.29,174302.17,10602.42,35650.66,220555.25,30.35,5352724.28,353446.04
VOY-001835,Capesize,5012.8,41485.4,835.2,5.5,16.07,509920.72,27550.25,10627.66,548098.64,9.55,396334.84,-7037.69
VOY-001836,Handysize,6306.8,28028.5,804.56,2.22,20.21,162633.93,5369.7,8081.7,176085.32,35.57,996901.41,36580.31
VOY-001837,Handysize,4476.7,147075.8,876.59,5.07,14.35,125777.03,13342.59,25149.3,164268.93,23.92,3518646.08,172708.31
VOY-001838,Panamax,8591.1,151646.0,875.31,5.42,27.54,771266.32,23716.67,28243.43,823226.43,24.4,3700412.29,87307.58
VOY-001839,Capesize,5138.3,136059.5,802.05,4.15,16.47,501937.48,19977.75,16559.0,538474.23,29.8,4054042.03,170491.03
VOY-001840,Panamax,5682.7,104035.5,825.19,5.63,18.21,480949.58,23221.76,22078.22,526249.57,11.83,1230935.87,29556.58
VOY-001841,Handysize,7494.6,178410.9,690.49,2.88,24.02,165863.0,5964.06,28896.64,200723.7,31.13,5554554.42,199025.14
VOY-001842,Panamax,4737.3,98817.4,893.39,3.69,15.18,434081.66,16501.71,26655.94,477239.31,37.35,3691280.42,170253.37
VOY-001843,Handysize,5411.6,101986.5,480.01,5.43,17.34,83257.62,7818.0,30230.97,121306.58,11.8,1203074.48,47500.05
VOY-001844,Capesize,1743.1,152892.2,468.24,3.47,5.59,99409.01,9735.88,27631.07,136775.96,25.37,3878764.74,413373.22
VOY-001845,Capesize,8140.3,63355.8,818.68,5.98,26.09,811682.51,29386.85,13325.51,854394.87,28.53,1807774.46,29725.07
VOY-001846,Handysize,11893.6,161972.5,659.53,4.43,38.12,251414.8,8768.47,36681.05,296864.32,33.36,5403265.84,120003.25
VOY-001847,Panamax,6663.8,59478.0,860.24,5.67,21.36,587945.23,24381.79,9253.74,621580.77,24.1,1433482.11,30040.53
VOY-001848,Handysize,8138.7,62554.3,569.6,1.82,26.09,148582.58,3114.82,16605.12,168302.53,39.73,2484997.1,83010.67
VOY-001849,Capesize,643.7,65886.6,479.47,2.59,2.06,37588.59,7437.09,18919.97,63945.64,29.13,1918992.57,399083.83
VOY-001850,Supramax,1295.5,149135.2,450.95,1.61,4.15,50557.7,2896.11,44907.61,98361.41,24.33,3627800.92,612977.71
VOY-001851,Capesize,9773.2,130025.6,505.39,4.41,31.32,601572.74,13365.56,40023.81,654962.11,20.71,2693154.54,57041.09
VOY-001852,Capesize,2377.3,102734.2,649.85,2.36,7.62,188158.89,9195.24,33789.87,231144.0,42.07,4321995.41,409993.94
VOY-001853,Supramax,9558.6,162602.9,882.37,4.31,30.64,729885.03,15195.74,52279.1,797359.87,11.17,1816104.86,29155.43
VOY-001854,Capesize,10934.7,94247.3,488.74,2.03,35.05,650896.16,5965.88,28556.95,685419.0,28.55,2690995.85,54085.73
VOY-001855,Capesize,6859.3,85976.5,703.07,4.14,21.98,587360.13,17471.23,19748.81,624580.17,26.69,2294782.93,63927.48
VOY-001856,Supramax,7420.2,146091.9,745.52,1.92,23.78,478728.02,5721.63,36180.13,520629.78,23.06,3368913.37,110821.74
VOY-001857,Panamax,9707.3,131988.0,482.01,5.14,31.11,479893.0,12398.07,17079.3,509370.36,37.33,4926639.85,121830.74
VOY-001858,Supramax,11178.8,127116.4,640.67,4.19,35.83,619775.69,10738.67,28307.66,658822.02,39.67,5043062.46,109551.88
VOY-001859,Panamax,2656.9,110778.9,782.61,5.75,8.52,213263.59,22510.59,18575.52,254349.7,19.54,2164561.12,133876.63
VOY-001860,Panamax,10013.7,158589.2,626.89,4.71,32.1,643847.04,14762.48,46028.85,704638.36,31.15,4939420.22,115059.63
VOY-001861,Handysize,1852.1,114321.2,471.21,5.91,5.94,27972.25,8349.17,37335.74,73657.16,32.3,3692901.6,305618.68
VOY-001862,Handysize,1384.4,82085.6,802.62,5.83,4.44,35613.0,14028.08,11445.82,61086.9,34.48,2830111.4,269805.94
VOY-001863,Panamax,474.5,21099.4,417.03,4.66,1.52,20295.99,9709.47,3297.27,33302.73,18.92,399166.39,59226.74
VOY-001864,Panamax,5866.6,19830.3,586.82,2.29,18.8,353092.89,6712.85,2533.98,362339.73,37.0,733758.72,17610.13
VOY-001865,Supramax,10772.3,12509.3,632.34,1.82,34.53,589483.46,4591.14,1784.25,595858.85,40.51,506789.86,-2450.87
VOY-001866,Supramax,11105.8,69363.1,760.98,4.47,35.6,731364.2,13601.77,11853.88,756819.86,30.15,2091363.46,33310.31
VOY-001867,Handysize,1312.7,101978.2,752.83,5.6,4.21,31674.02,12647.2,22152.04,66473.26,26.18,2669321.59,265403.39
VOY-001868,Capesize,3561.6,155779.4,637.94,1.52,11.42,276725.55,5834.14,38250.11,320809.81,19.1,2975091.75,205129.72
VOY-001869,Capesize,10341.5,167752.6,808.62,2.08,33.15,1018492.3,10087.58,33202.63,1061782.52,24.91,4178075.95,88467.98
VOY-001870,Supramax,2845.8,139841.4,423.74,4.41,9.12,104355.85,7481.67,30987.65,142825.17,11.92,1666750.73,112590.18
VOY-001871,Capesize,805.0,70611.9,607.21,5.32,2.58,59531.92,19398.55,15562.33,94492.8,12.5,882632.56,99707.53
VOY-001872,Handysize,9053.5,63991.9,438.17,1.68,29.02,127147.93,2214.56,7877.79,137240.28,18.22,1166184.43,33513.44
VOY-001873,Handysize,11289.9,171449.9,769.57,1.57,36.19,278471.24,3619.02,43903.36,325993.62,42.41,7270461.04,183944.69
VOY-001874,Supramax,11884.6,36501.8,616.14,3.92,38.09,633686.05,9671.58,6962.51,650320.15,39.73,1450380.84,19041.77
VOY-001875,Handysize,7743.5,160299.6,570.1,3.32,24.82,141493.74,5673.76,36187.65,183355.16,20.86,3344532.06,112352.11
VOY-001876,Panamax,10446.2,148692.7,683.89,3.63,33.48,732723.51,12427.37,46942.43,792093.31,8.99,1336674.05,14672.57
VOY-001877,Panamax,3410.5,155585.8,451.56,5.26,10.93,157950.25,11880.72,21769.46,191600.43,9.36,1455866.99,78074.4
VOY-001878,Handysize,1431.8,158653.7,696.78,5.57,4.59,31976.64,11651.69,37043.12,80671.45,14.24,2259390.3,214370.99
VOY-001879,Handysize,4535.2,53645.3,568.09,2.85,14.54,82577.2,4850.31,14577.91,102005.42,12.31,660351.12,32122.08
VOY-001880,Panamax,462.1,105320.9,505.24,1.98,1.48,23943.47,5007.59,30441.14,59392.2,42.7,4496857.4,1281318.87
VOY-001881,Panamax,5611.3,114786.9,670.21,3.64,17.98,385718.42,12188.25,20021.6,417928.28,24.68,2832506.86,111672.54
VOY-001882,Supramax,2556.2,18264.6,696.81,2.09,8.19,154138.96,5838.14,5780.68,165757.77,11.7,213752.31,4665.35
VOY-001883,Capesize,3831.2,10860.2,431.09,4.96,12.28,201156.5,12825.27,2218.73,216200.5,19.18,208350.38,-455.4
VOY-001884,Handysize,5329.5,113480.7,703.81,5.18,17.08,120222.61,10933.94,32275.78,163432.33,14.67,1664286.21,67423.41
VOY-001885,Handysize,1854.1,159995.1,485.92,4.28,5.94,28876.13,6234.35,34901.51,70011.99,34.47,5515718.4,532886.53
VOY-001886,Handysize,3188.1,73439.0,462.83,4.21,10.22,47294.05,5843.69,15200.13,68337.87,12.29,902243.05,57801.38
VOY-001887,Supramax,8648.6,174924.4,676.78,1.89,27.72,506526.61,5125.66,29406.45,541058.72,41.06,7182849.86,224285.55
VOY-001888,Panamax,8229.2,74210.6,468.34,3.63,26.38,395291.66,8510.88,18110.38,421912.92,38.16,2831692.03,80298.88
VOY-001889,Supramax,2215.5,14490.7,750.45,3.53,7.1,143882.77,10610.43,2299.41,156792.62,35.3,511493.9,33349.78
VOY-001890,Supramax,3607.2,53276.8,523.95,4.45,11.56,163559.31,9319.64,7690.51,180569.47,23.4,1246618.13,66592.78
VOY-001891,Panamax,2779.5,84308.7,874.43,5.26,8.91,249281.3,22999.69,18424.46,290705.46,17.35,1462772.8,82719.08
VOY-001892,Handysize,5693.8,172963.2,498.59,3.26,18.25,90990.74,4871.09,55951.51,151813.34,8.79,1521010.81,63665.91
VOY-001893,Handysize,8249.3,25145.0,501.77,3.31,26.44,132667.7,4983.43,5834.66,143485.79,31.66,796083.42,21935.57
VOY-001894,Supramax,7028.5,127721.1,778.86,4.05,22.53,473734.86,12604.57,22036.76,508376.19,34.4,4393974.47,146222.33
VOY-001895,Handysize,2860.6,103999.8,438.7,5.61,9.17,40222.08,7388.38,14290.66,61901.13,37.86,3937809.95,262197.18
VOY-001896,Handysize,2626.6,97341.7,525.51,4.05,8.42,44241.07,6389.38,14730.8,65361.24,44.03,4285798.04,338404.95
VOY-001897,Capesize,2989.7,23330.1,686.14,2.36,9.58,249842.92,9725.45,6906.55,266474.92,13.12,306113.79,3318.54
VOY-001898,Capesize,1485.5,39423.7,420.09,4.38,4.76,76004.98,11037.31,12189.32,99231.61,11.83,466299.14,40159.82
VOY-001899,Supramax,9971.0,157743.7,556.34,4.42,31.96,480056.37,9843.62,42361.2,532261.19,23.82,3758236.45,88670.1
VOY-001900,Capesize,4253.2,118869.3,570.24,1.61,13.63,295396.35,5518.19,31473.64,332388.17,32.05,3809870.18,228105.72
VOY-001901,Handysize,1517.5,160084.1,872.73,5.18,4.86,42448.12,13554.51,35628.55,91631.18,25.13,4022741.16,391510.6
VOY-001902,Supramax,2742.3,161898.7,420.21,2.9,8.79,99720.59,4866.13,33538.28,138125.0,43.09,6976286.52,585238.59
VOY-001903,Supramax,1435.3,42896.0,488.37,3.39,4.6,60658.95,6627.86,6385.65,73672.45,38.62,1656665.01,198045.38
VOY-001904,Supramax,529.7,141464.4,484.78,3.5,1.7,22223.59,6791.37,26589.68,55604.63,28.79,4073048.62,772563.59
VOY-001905,Panamax,4758.4,154031.2,544.97,5.12,15.25,265971.55,13948.41,48046.98,327966.94,43.57,6711592.47,313378.16
VOY-001906,Handysize,9946.8,88717.4,862.32,5.22,31.88,274912.2,13515.96,15900.55,304328.71,32.66,2897457.48,69885.72
VOY-001907,Handysize,9698.2,157341.6,612.07,4.54,31.08,190256.52,8335.55,34089.44,232681.51,22.62,3559163.62,93379.09
VOY-001908,Supramax,11366.5,78453.9,699.83,1.95,36.43,688378.73,5452.23,23015.42,716846.38,13.61,1067729.33,9142.61
VOY-001909,Handysize,8381.6,127444.7,647.31,5.01,26.86,173895.0,9730.28,33857.15,217482.42,26.96,3435588.4,100960.87
VOY-001910,Handysize,461.5,125376.9,515.85,4.98,1.48,7630.99,7709.94,39393.97,54734.91,33.08,4147425.15,633413.3
VOY-001911,Handysize,4203.4,20944.3,673.63,2.41,13.47,90753.58,4869.6,6017.13,101640.32,18.02,377468.29,17367.39
VOY-001912,Panamax,2612.3,164309.3,671.48,3.21,8.37,179910.89,10789.56,23661.76,214362.21,22.34,3670289.25,298272.02
VOY-001913,Handysize,8963.9,78934.4,673.65,4.8,28.73,193541.37,9699.57,24666.61,227907.55,8.96,707296.9,14297.32
VOY-001914,Capesize,3062.9,109658.3,442.58,3.85,9.82,165103.35,10210.93,28041.54,203355.81,44.84,4916606.24,344985.43
VOY-001915,Panamax,3130.0,40037.4,700.28,2.36,10.03,224810.99,8256.37,7689.71,240757.06,24.74,990366.11,60500.38
VOY-001916,Panamax,6034.2,160076.8,561.41,6.0,19.34,347452.23,16836.77,24464.32,388753.31,21.0,3361943.65,117339.76
VOY-001917,Capesize,2991.8,120871.7,532.73,3.22,9.59,194120.89,10292.09,26251.96,230664.95,44.14,5334681.62,398471.33
VOY-001918,Handysize,10729.4,63571.6,727.17,1.65,34.39,250066.34,3602.15,20460.51,274129.0,24.63,1565952.12,35843.89
VOY-001919,Handysize,6268.4,164595.9,742.38,1.74,20.09,149153.09,3868.61,42134.47,195156.17,15.64,2574589.19,109007.32
VOY-001920,Handysize,3756.5,155595.1,545.59,3.42,12.04,65688.95,5595.53,18815.66,90100.15,44.88,6983866.14,445948.24
VOY-001921,Capesize,2875.5,123675.3,544.52,2.82,9.22,190702.22,9202.73,27765.26,227670.21,14.8,1829959.06,133157.39
VOY-001922,Capesize,10990.3,29440.5,421.06,2.03,35.23,563607.92,5121.58,8324.88,577054.38,38.24,1125680.75,14727.22
VOY-001923,Handysize,6728.3,97496.6,591.81,5.1,21.57,127624.88,9054.5,27330.52,164009.9,20.09,1958923.46,67313.19
VOY-001924,Capesize,4802.9,93470.8,602.28,5.68,15.39,352315.19,20516.83,27883.8,400715.81,43.27,4044400.41,172920.16
VOY-001925,Panamax,363.2,73235.0,590.97,5.37,1.16,22014.58,15854.5,12837.23,50706.32,20.69,1515322.68,224302.1
VOY-001926,Panamax,10636.2,138412.0,636.4,3.91,34.09,694243.09,12428.36,32560.7,739232.16,41.28,5713783.89,130922.27
VOY-001927,Capesize,11059.3,98933.6,878.32,5.24,35.45,1183064.09,27616.04,31987.09,1242667.22,40.51,4007990.93,67966.07
VOY-001928,Capesize,2051.8,93668.0,600.42,4.64,6.58,150047.87,16699.21,15918.43,182665.51,41.51,3888440.32,330523.51
VOY-001929,Handysize,8868.5,150581.7,764.61,4.34,28.42,217337.76,9951.43,18434.84,245724.03,31.64,4764047.09,137909.91
VOY-001930,Handysize,4490.7,112588.2,644.91,2.42,14.39,92824.04,4673.62,20272.14,117769.81,26.97,3036181.67,173621.47
VOY-001931,Panamax,10372.9,62033.0,506.14,1.99,33.25,538475.61,5026.16,20377.45,563879.22,33.85,2099846.75,43594.95
VOY-001932,Handysize,8834.4,41031.1,599.62,1.91,28.32,169785.87,3438.26,11180.41,184404.54,35.69,1464596.98,42352.86
VOY-001933,Handysize,9225.3,102160.4,444.73,5.02,29.57,131498.73,6700.34,31223.73,169422.8,15.56,1589145.89,41043.97
VOY-001934,Panamax,9254.1,156831.8,796.39,4.16,29.66,755886.9,16561.24,32641.0,805089.14,23.5,3686149.88,85188.9
VOY-001935,Panamax,5153.9,143442.0,479.92,5.3,16.52,253690.55,12713.1,27212.85,293616.5,27.23,3905385.6,165548.95
VOY-001936,Capesize,9492.2,59923.2,724.0,4.52,30.42,837016.77,19644.41,16650.78,873311.96,34.41,2061801.2,34009.46
VOY-001937,Supramax,6241.7,120363.6,550.08,2.33,20.01,297122.04,5127.79,19974.64,322224.47,35.04,4217553.65,174397.59
VOY-001938,Handysize,5114.1,73757.5,767.08,5.3,16.39,125735.07,12186.63,20443.52,158365.22,44.17,3257776.86,142915.81
VOY-001939,Capesize,418.8,69126.4,853.69,3.6,1.34,43546.8,18446.73,12532.47,74526.0,28.35,1959387.39,381263.03
VOY-001940,Supramax,11639.2,127470.3,808.14,3.1,37.31,813989.72,10005.87,20774.25,844769.84,9.0,1147728.05,7498.86
VOY-001941,Handysize,11446.8,95225.8,590.77,2.93,36.69,216745.99,5201.49,29365.29,251312.78,12.41,1181842.2,23484.36
VOY-001942,Handysize,4092.9,39463.9,548.86,3.59,13.12,72000.43,5910.81,6973.81,84885.05,16.9,667057.27,34844.18
VOY-001943,Capesize,8057.8,156637.9,696.3,1.9,25.83,683346.48,7926.2,42655.95,733928.63,35.42,5548591.22,173667.24
VOY-001944,Capesize,4354.2,86692.1,834.08,2.0,13.96,442325.82,10018.27,15510.96,467855.05,25.4,2201599.38,108646.86
VOY-001945,Handysize,3302.7,27969.3,704.55,4.86,10.59,74579.82,10265.04,8610.5,93455.36,26.85,750996.66,42581.33
VOY-001946,Supramax,7060.1,164022.5,790.98,4.02,22.63,483270.06,12730.82,42729.85,538730.73,34.39,5641532.02,191457.49
VOY-001947,Handysize,8202.9,51082.4,857.19,2.55,26.29,225364.51,6559.29,6136.22,238060.01,19.6,1001422.45,26467.12
VOY-001948,Handysize,9014.1,70805.6,601.25,1.62,28.89,173707.87,2919.35,21642.15,198269.36,16.97,1201644.92,32887.01
VOY-001949,Capesize,2740.5,75498.8,686.26,4.88,8.78,229058.98,20104.82,15279.46,264443.26,31.58,2384241.68,155110.33
VOY-001950,Capesize,11932.6,123112.1,822.82,5.0,38.25,1195835.75,24700.57,23780.87,1244317.19,12.1,1489764.96,5675.25
VOY-001951,Supramax,8966.7,114359.7,643.14,4.23,28.74,499054.06,10879.46,18502.7,528436.22,22.82,2609807.06,63132.42
VOY-001952,Panamax,9380.5,62330.1,770.28,4.92,30.07,741084.58,18942.31,12713.88,772740.77,34.59,2155831.41,39534.94
VOY-001953,Panamax,5376.9,164480.9,875.41,1.7,17.23,482765.75,7448.0,54198.29,544412.04,20.54,3377695.19,149630.19
VOY-001954,Capesize,5920.7,92561.3,457.1,4.92,18.98,329621.65,13490.49,24477.62,367589.76,37.4,3462238.21,129506.99
VOY-001955,Supramax,9189.0,66653.6,815.01,3.06,29.45,648096.15,9964.1,8654.28,666714.53,19.13,1275004.25,18711.87
VOY-001956,Capesize,9605.5,25200.5,551.7,3.23,30.79,645435.67,10691.31,7866.45,663993.42,30.5,768701.72,3078.14
VOY-001957,Supramax,10613.3,85555.4,776.05,4.75,34.02,712764.73,14747.89,17423.04,744935.65,39.57,3385577.39,68114.09
VOY-001958,Handysize,2562.1,62868.8,865.67,4.45,8.21,71087.49,11563.09,8976.76,91627.35,39.47,2481416.71,188701.66
VOY-001959,Panamax,11444.1,69685.6,517.64,2.21,36.68,607586.76,5724.11,22695.99,636006.86,39.72,2767642.81,54809.87
VOY-001960,Capesize,5478.6,131101.1,720.84,2.19,17.56,480991.3,9468.01,23800.75,514260.05,35.23,4618311.54,207814.51
VOY-001961,Supramax,7284.0,172292.0,735.54,5.05,23.35,463648.21,14847.68,43190.81,521686.69,21.5,3703934.56,112079.73
VOY-001962,Supramax,10339.1,100076.7,735.29,1.5,33.14,657889.54,4424.26,21433.2,683747.0,38.08,3810757.95,90265.28
VOY-001963,Panamax,8060.4,24810.7,466.46,3.84,25.83,385627.87,8965.26,3466.18,398059.31,17.64,437652.81,1334.08
VOY-001964,Panamax,8946.5,29272.1,754.23,1.88,28.67,692068.12,7103.94,7808.93,706981.0,44.14,1292030.9,19145.31
VOY-001965,Supramax,11603.1,121515.7,856.49,4.8,37.19,860012.39,16456.05,23809.66,900278.1,20.61,2505007.16,38214.52
VOY-001966,Handysize,7226.8,131025.0,691.48,3.96,23.16,160166.67,8214.86,27690.05,196071.58,24.31,3185142.63,110204.63
VOY-001967,Handysize,6624.5,83017.0,502.4,3.03,21.23,106671.9,4573.96,11672.93,122918.78,24.41,2026163.29,78428.65
VOY-001968,Handysize,8251.7,138072.9,851.49,1.71,26.45,225201.03,4355.95,31659.53,261216.5,35.58,4912674.07,165220.78
VOY-001969,Capesize,3675.5,156193.8,465.92,3.25,11.78,208570.32,9072.15,33070.71,250713.18,25.96,4054205.34,253133.51
VOY-001970,Capesize,10587.5,170643.3,818.21,5.41,33.93,1055079.36,26566.45,41109.6,1122755.42,21.82,3724005.86,66112.74
VOY-001971,Supramax,10202.8,151541.1,486.9,4.59,32.7,429898.96,8935.83,41182.88,480017.68,20.34,3082590.35,69793.98
VOY-001972,Panamax,7927.7,161665.2,760.31,2.74,25.41,618207.03,10421.51,51977.36,680605.9,15.24,2464368.64,63364.87
VOY-001973,Handysize,3255.0,106285.9,435.79,2.82,10.43,45464.84,3691.7,17515.05,66671.59,37.78,4015395.55,297873.71
VOY-001974,Handysize,10381.9,101482.7,574.2,5.04,33.28,191068.47,8674.98,20127.43,219870.89,17.43,1769050.81,40436.5
VOY-001975,Supramax,5770.1,53261.1,765.84,5.57,18.49,382409.63,17062.47,17159.15,416631.25,33.07,1761181.37,55874.88
VOY-001976,Handysize,1728.0,70137.7,779.3,2.66,5.54,43160.23,6226.92,18759.21,68146.37,37.99,2664628.27,316574.36
VOY-001977,Supramax,3500.0,83474.8,771.42,2.33,11.22,233649.9,7190.95,23694.28,264535.13,34.38,2869731.54,192289.48
VOY-001978,Capesize,10059.1,15627.3,625.79,5.01,32.24,766683.29,18828.94,2288.09,787800.32,12.54,195954.58,-15886.1
VOY-001979,Supramax,3945.7,65131.2,880.16,5.17,12.65,300534.67,18199.22,9766.64,328500.53,13.6,885493.6,31264.13
VOY-001980,Supramax,3944.7,169033.5,430.5,3.97,12.64,146961.25,6838.85,52303.17,206103.27,36.63,6191484.09,360243.36
VOY-001981,Supramax,10207.8,157886.3,857.06,1.78,32.72,757103.12,6103.59,35156.35,798363.06,28.38,4480456.57,106734.35
VOY-001982,Capesize,8792.3,132693.5,641.23,4.98,28.18,686668.36,19163.61,20063.71,725895.69,35.43,4700848.02,119866.26
VOY-001983,Handysize,11743.0,155847.7,771.52,4.12,37.64,290384.23,9528.15,35777.65,335690.03,43.44,6769514.63,154086.77
VOY-001984,Panamax,11157.8,74258.4,774.03,4.86,35.76,885792.82,18802.86,12066.4,916662.08,42.36,3145626.73,54872.55
VOY-001985,Handysize,7820.8,104039.8,691.23,2.13,25.07,173268.53,4419.05,14930.2,192617.77,44.62,4642374.35,163608.78
VOY-001986,Handysize,11998.1,130104.0,713.01,3.91,38.46,274192.05,8371.92,23884.8,306448.77,23.51,3058160.66,64945.75
VOY-001987,Capesize,9399.2,153191.0,864.05,2.96,30.13,989141.1,15356.32,33236.8,1037734.22,42.94,6578258.17,167448.84
VOY-001988,Capesize,3646.3,67340.9,809.46,5.56,11.69,359480.62,27010.06,11140.02,397630.7,17.57,1183514.91,45563.19
VOY-001989,Supramax,6315.3,164818.2,541.15,3.75,20.24,295749.48,8113.02,54039.32,357901.82,27.82,4585889.05,176243.39
VOY-001990,Handysize,4492.6,163520.0,445.3,3.7,14.4,64120.15,4942.41,39377.59,108440.15,38.49,6294277.05,341777.72
VOY-001991,Handysize,454.5,24026.8,799.06,3.22,1.46,11639.92,7713.04,7266.42,26619.37,34.93,839370.53,173877.96
VOY-001992,Panamax,11895.7,145244.2,701.95,5.87,38.13,856421.02,20592.68,41273.87,918287.57,35.49,5154465.96,96289.03
VOY-001993,Handysize,10657.3,69596.1,798.7,3.11,34.16,272820.24,7455.1,19575.13,299850.47,24.45,1701476.5,37608.02
VOY-001994,Handysize,7917.7,14968.8,845.43,3.56,25.38,214547.73,9019.55,3104.49,226671.77,16.06,240455.69,476.4
VOY-001995,Panamax,4293.2,156175.3,406.93,4.08,13.76,179183.43,8295.53,49578.91,237057.87,35.22,5500549.19,295084.52
VOY-001996,Handysize,9645.9,17565.1,646.45,3.25,30.92,199859.38,6308.74,4666.68,210834.8,32.84,576800.43,10710.29
VOY-001997,Handysize,7191.7,55317.9,894.5,5.83,23.05,206186.9,15656.49,7834.88,229678.27,23.44,1296841.38,36945.48
VOY-001998,Handysize,11494.1,159127.5,721.93,1.57,36.84,265960.79,3408.84,33817.16,303186.78,43.1,6858167.91,170639.86
VOY-001999,Handysize,9393.6,151104.0,538.39,3.16,30.11,162097.85,5106.87,41889.65,209094.37,25.52,3855569.84,109604.09
VOY-002000,Handysize,9240.6,115585.4,875.04,4.59,29.62,259163.31,12046.48,29505.63,300715.42,31.01,3584360.17,95995.4
VOY-002001,Supramax,11933.4,158660.9,687.06,1.83,38.25,709523.82,5042.83,33975.16,748541.81,41.99,6662717.18,147548.24
VOY-002002,Supramax,4770.6,46161.7,562.72,4.81,15.29,232313.56,10817.98,7095.8,250227.34,22.24,1026749.15,38640.0
VOY-002003,Handysize,7351.3,33868.0,719.34,4.9,23.56,169489.8,10569.16,11150.75,191209.71,31.04,1051407.97,30225.52
VOY-002004,Handysize,3787.3,43770.9,444.62,3.82,12.14,53971.17,5090.25,10869.09,69930.51,13.66,598060.09,33101.35
VOY-002005,Handysize,7417.1,18766.8,642.81,5.21,23.77,152813.87,10055.58,4662.21,167531.66,19.82,372048.2,7055.43
VOY-002006,Handysize,10851.2,114289.3,807.72,2.61,34.78,280920.91,6318.93,15959.8,303199.64,8.71,995557.84,18518.59
VOY-002007,Capesize,7935.8,179025.7,697.22,5.31,25.44,673884.22,22233.91,23736.15,719854.28,19.7,3527638.07,91309.72
VOY-002008,Supramax,4440.0,126577.5,459.37,1.91,14.23,176506.01,3505.03,38884.92,218895.96,44.43,5623241.47,334874.26
VOY-002009,Panamax,505.8,13103.5,827.15,4.29,1.62,42909.14,17756.85,4206.01,64872.0,25.03,327974.61,44483.35
VOY-002010,Panamax,6579.2,135390.3,700.03,3.55,21.09,472370.79,12426.02,36557.46,521354.27,38.89,5264728.08,192527.62
VOY-002011,Handysize,9206.1,139382.5,589.07,4.75,29.51,173813.59,8398.96,30152.05,212364.6,19.87,2770136.96,74659.08
VOY-002012,Panamax,829.5,178610.7,532.2,5.29,2.66,45276.72,14073.0,30216.65,89566.38,9.25,1652728.36,196694.95
VOY-002013,Supramax,10269.0,83210.1,653.21,4.41,32.91,580484.57,11514.43,25109.89,617108.89,22.1,1839179.87,32745.61
VOY-002014,Panamax,7846.2,50831.7,450.82,2.44,25.15,362793.89,5492.29,16567.95,384854.13,11.43,581164.2,7116.67
VOY-002015,Capesize,3712.5,103580.3,672.34,3.92,11.9,304012.1,15819.32,14858.74,334690.16,27.77,2876830.9,160685.86
VOY-002016,Capesize,2077.0,71351.2,704.95,4.47,6.66,178329.51,18912.24,11067.29,208309.05,12.51,892638.38,61494.7
VOY-002017,Capesize,1674.9,117081.7,633.01,1.71,5.37,129129.56,6485.96,17727.81,153343.33,30.78,3603355.47,487569.34
VOY-002018,Panamax,8740.8,83457.0,584.91,2.62,28.02,524368.64,7663.06,20038.57,552070.26,37.7,3146363.6,84682.51
VOY-002019,Supramax,6555.9,139256.4,773.89,3.56,21.01,439060.03,11034.53,20298.97,470393.54,15.3,2130989.76,67566.35
VOY-002020,Handysize,6907.5,177838.5,550.5,1.54,22.14,121877.9,2535.13,30841.44,155254.47,35.4,6295159.84,259346.23
VOY-002021,Supramax,10286.2,159302.1,533.65,1.85,32.97,475033.94,3940.99,27971.77,506946.71,12.5,1991466.69,42640.29
VOY-002022,Supramax,10258.6,66621.4,545.63,1.52,32.88,484390.89,3317.05,19701.2,507409.14,11.15,742776.09,6842.05
VOY-002023,Supramax,10032.3,24236.1,582.74,5.72,32.15,505921.08,13324.28,7981.83,527227.18,13.94,337936.75,-4998.27
VOY-002024,Supramax,8358.6,77612.6,484.32,2.34,26.79,350328.01,4527.86,16184.31,371040.18,9.15,710277.6,11646.66
VOY-002025,Capesize,9172.7,102648.9,884.52,3.91,29.4,988170.37,20749.24,20277.75,1029197.36,33.49,3438167.78,72320.99
VOY-002026,Handysize,5508.5,114565.9,454.55,4.58,17.66,80253.15,6240.4,27078.32,113571.87,24.28,2781170.89,119990.78
VOY-002027,Handysize,1405.8,90668.8,543.6,3.77,4.51,24493.04,6152.37,11141.76,41787.18,24.8,2248443.21,266559.22
VOY-002028,Supramax,7012.6,35046.0,681.86,5.4,22.48,413790.49,14739.33,6106.31,434636.13,26.41,925646.86,17611.33
VOY-002029,Handysize,5383.4,34522.7,512.48,2.39,17.25,88426.38,3671.09,6424.94,98522.41,22.03,760480.77,33700.47
VOY-002030,Supramax,1735.0,19036.8,715.14,2.05,5.56,107374.31,5860.64,3475.59,116710.54,8.96,170655.89,7089.03
VOY-002031,Capesize,4594.9,149776.8,401.3,3.8,14.73,224583.2,9155.19,33796.3,267534.7,8.41,1259230.75,53519.68
VOY-002032,Capesize,8495.6,97179.8,570.42,3.76,27.23,590222.73,12881.4,13513.69,616617.82,20.38,1980920.02,44019.43
VOY-002033,Handysize,11012.5,164964.9,776.77,3.64,35.3,274172.25,8473.84,50610.84,333256.93,17.73,2924813.39,66564.62
VOY-002034,Handysize,5780.2,160278.8,698.79,3.26,18.53,129459.94,6837.55,47998.78,184296.27,41.39,6633188.05,295985.62
VOY-002035,Capesize,1611.9,34565.1,864.73,1.73,5.17,169768.37,8971.15,10335.95,189075.47,36.46,1260355.24,155358.98
VOY-002036,Supramax,7460.6,159728.8,460.85,3.38,23.91,297539.64,6237.26,51101.37,354878.27,33.52,5353478.96,183128.51
VOY-002037,Panamax,687.6,28606.5,888.8,5.97,2.2,62678.56,26510.69,6240.0,95429.25,21.24,607664.41,62702.45
VOY-002038,Panamax,6489.9,83917.0,414.24,3.81,20.8,275729.17,7882.66,22033.42,305645.25,31.74,2663207.73,95809.43
VOY-002039,Capesize,1959.3,12563.2,740.72,1.94,6.28,176760.95,8632.54,2950.65,188344.14,14.52,182468.05,-714.66
VOY-002040,Handysize,9825.4,99175.8,423.6,3.68,31.49,133397.66,4675.57,19566.55,157639.78,15.92,1578907.29,40410.41
VOY-002041,Handysize,3670.9,144460.4,610.82,1.69,11.77,71868.3,3097.45,39384.33,114350.08,33.19,4794593.09,347815.85
VOY-002042,Panamax,6723.4,108365.5,532.85,3.37,21.55,367443.61,8990.08,21445.95,397879.64,39.31,4259666.19,154944.65
VOY-002043,Handysize,7405.2,150133.5,457.92,5.11,23.73,108684.8,7018.36,47262.62,162965.78,16.77,2518431.11,81663.28
VOY-002044,Supramax,7202.8,90445.6,843.72,2.82,23.09,525906.49,9505.72,27837.47,563249.68,39.87,3605881.97,117464.91
VOY-002045,Supramax,8913.1,49622.1,644.38,2.25,28.57,497030.11,5797.21,12123.81,514951.12,15.35,761676.88,8006.2
VOY-002046,Handysize,11032.1,76869.8,822.32,3.16,35.36,290767.06,7789.33,21184.8,319741.2,9.15,703372.35,9960.08
VOY-002047,Handysize,10185.8,143123.2,519.72,5.52,32.65,169672.55,8611.62,40767.78,219051.95,13.7,1960178.84,45615.14
VOY-002048,Capesize,5218.9,14772.3,526.62,5.42,16.73,334739.81,17112.95,4015.43,355868.18,8.48,125239.81,-10415.27
VOY-002049,Panamax,5791.2,143361.3,641.62,2.35,18.56,381104.77,7533.49,35269.21,423907.47,39.39,5646729.61,249777.75
VOY-002050,Capesize,7972.2,119898.5,684.97,3.59,25.55,665090.63,14742.46,28693.86,708526.94,37.28,4469622.99,129074.44
VOY-002051,Panamax,1609.0,56452.6,837.87,5.7,5.16,138268.53,23870.03,14412.33,176550.9,16.82,949322.57,71192.19
VOY-002052,Capesize,2366.8,88399.7,754.95,5.44,7.59,217627.97,24656.87,14338.94,256623.78,15.78,1395069.8,87375.45
VOY-002053,Capesize,9849.9,72303.5,665.25,1.94,31.57,798085.42,7751.17,21186.36,827022.95,23.13,1672690.16,25234.61
VOY-002054,Supramax,10934.1,27365.7,445.36,4.15,35.05,421405.79,7388.44,6367.82,435162.05,34.91,955287.84,13270.97
VOY-002055,Panamax,8220.4,62059.6,441.86,5.07,26.35,372536.37,11198.4,8729.99,392464.75,21.05,1306606.49,29097.72
VOY-002056,Supramax,393.7,137639.7,471.04,4.69,1.26,16048.35,8844.03,39647.21,64539.59,16.11,2216975.8,361403.22
VOY-002057,Supramax,5654.0,60981.3,535.37,5.99,18.12,261949.95,12830.27,16078.76,290858.98,27.09,1652231.66,56457.84
VOY-002058,Handysize,11664.2,164689.1,654.17,2.6,37.39,244564.74,5095.11,32328.04,281987.89,38.94,6412874.97,153343.28
VOY-002059,Handysize,985.6,70911.2,702.19,2.38,3.16,22182.7,5003.83,18114.6,45301.13,29.7,2106050.77,372348.86
VOY-002060,Handysize,6131.4,36297.1,720.94,2.19,19.65,141678.95,4741.63,4949.81,151370.39,35.98,1306066.09,52860.09
VOY-002061,Capesize,11289.0,25430.1,704.4,1.72,36.18,968506.29,7258.51,3269.91,979034.72,18.08,459732.94,-13701.84
VOY-002062,Panamax,6461.4,67575.8,537.98,3.54,20.71,356526.89,9527.41,14131.83,380186.13,36.39,2459290.01,85730.34
VOY-002063,Supramax,5999.2,157575.1,764.92,5.9,19.23,397118.54,18056.28,43617.69,458792.51,12.7,2001944.61,61407.86
VOY-002064,Capesize,11304.9,173465.3,764.64,5.22,36.23,1052814.87,23937.17,45596.86,1122348.9,36.24,6286130.92,124574.52
VOY-002065,Panamax,4670.2,150079.9,445.28,3.27,14.97,213286.64,7282.07,45877.24,266445.95,33.24,4988995.54,258918.9
VOY-002066,Panamax,1914.4,136254.8,848.26,4.24,6.14,166550.04,17978.54,44030.11,228558.69,24.72,3367963.83,302602.63
VOY-002067,Capesize,9236.7,179835.8,719.01,2.54,29.6,808873.1,10976.03,37367.22,857216.35,28.0,5035648.69,129970.72
VOY-002068,Supramax,9780.8,152956.8,514.99,1.65,31.35,435893.54,3398.62,43921.49,483213.65,38.07,5823604.43,161837.21
VOY-002069,Supramax,9272.4,137135.6,763.17,5.44,29.72,612380.76,16600.89,41330.71,670312.36,13.86,1900078.2,34978.93
VOY-002070,Supramax,9381.0,171372.9,690.27,2.44,30.07,560371.82,6736.39,43044.37,610152.59,32.23,5523928.85,151160.54
VOY-002071,Supramax,10956.1,19506.1,840.88,3.51,35.12,797262.54,11791.6,6062.1,815116.24,34.92,681184.5,-3467.8
VOY-002072,Supramax,4084.5,10219.2,773.46,2.39,13.09,273391.19,7403.8,2526.95,283321.94,20.55,210017.09,-4734.13
VOY-002073,Supramax,10817.3,112345.6,878.06,5.79,34.67,821955.46,20333.79,25695.57,867984.82,22.43,2519973.34,40830.05
VOY-002074,Panamax,7479.1,85669.6,778.55,4.65,23.97,597213.8,18113.46,25061.79,640389.05,34.32,2940004.75,80337.52
VOY-002075,Supramax,536.9,61197.8,656.42,5.26,1.72,30498.37,13806.88,9832.41,54137.65,27.72,1696164.21,235273.85
VOY-002076,Supramax,9123.7,33608.4,713.45,2.01,29.24,563305.27,5723.13,5113.72,574142.13,39.26,1319598.26,23855.98
VOY-002077,Supramax,794.8,111374.2,710.43,4.7,2.55,48860.86,13363.27,18160.0,80384.13,27.75,3090433.77,415188.87
VOY-002078,Supramax,11048.6,179823.5,566.37,2.52,35.41,541519.2,5715.2,36165.31,583399.72,38.7,6960039.19,168094.73
VOY-002079,Handysize,9745.8,108167.9,735.62,4.0,31.24,229783.09,8823.13,33670.37,272276.58,40.13,4340530.79,115461.54
VOY-002080,Handysize,7704.8,158061.2,592.81,1.57,24.69,146393.42,2790.04,20874.71,170058.17,41.03,6485986.96,240481.32
VOY-002081,Capesize,7638.0,20231.9,635.91,2.46,24.48,591562.13,9367.83,5347.09,606277.05,13.72,277620.04,-12201.44
VOY-002082,Capesize,7932.3,171063.9,542.9,2.07,25.42,524499.74,6743.06,26821.25,558064.05,37.65,6440282.75,213944.63
VOY-002083,Supramax,11688.1,106269.2,802.46,3.79,37.46,811667.98,12174.95,32243.35,856086.28,15.52,1649681.24,19236.43
VOY-002084,Panamax,4500.8,15332.4,422.98,4.31,14.43,195258.01,9123.38,4537.7,208919.09,9.97,152912.64,-2988.67
VOY-002085,Capesize,1529.0,60818.9,845.5,2.74,4.9,157452.45,13900.0,19937.87,191290.32,24.03,1461377.97,166227.5
VOY-002086,Handysize,4515.5,132791.4,718.55,5.46,14.47,103993.44,11759.8,36998.05,152751.3,30.38,4033712.23,194748.19
VOY-002087,Handysize,9248.5,88678.5,579.73,3.31,29.64,171846.61,5755.0,22880.02,200481.64,28.59,2535617.54,70865.27
VOY-002088,Panamax,4116.4,42985.0,521.68,2.34,13.19,220246.38,6112.42,9569.17,235927.97,9.98,428906.0,12420.68
VOY-002089,Capesize,2882.9,65783.3,448.55,3.78,9.24,157497.47,10168.56,8757.31,176423.34,44.45,2923835.26,211041.94
VOY-002090,Supramax,8169.1,89577.4,816.25,5.71,26.18,577037.9,18628.71,14982.05,610648.67,16.61,1487911.0,27510.32
VOY-002091,Supramax,10266.7,143219.7,523.55,3.99,32.91,465158.37,8366.12,37714.51,511239.01,33.37,4779840.14,115676.96
VOY-002092,Supramax,9491.7,55139.0,434.13,3.21,30.42,356595.26,5565.66,6672.56,368833.49,32.73,1804780.8,42702.05
VOY-002093,Capesize,8601.7,113174.8,500.85,5.37,27.57,524714.1,16139.96,15209.52,556063.58,16.65,1884642.77,40332.92
VOY-002094,Supramax,8599.5,158297.8,848.54,1.8,27.56,631470.07,6099.11,38154.86,675724.05,12.16,1924360.57,42529.26
VOY-002095,Panamax,4372.6,91512.7,652.48,3.5,14.01,292620.14,11404.05,14986.12,319010.31,31.07,2843669.53,144180.81
VOY-002096,Handysize,6108.3,97100.1,585.1,5.42,19.58,114549.45,9506.9,19790.11,143846.46,19.6,1902948.86,70381.08
VOY-002097,Handysize,3031.4,145121.6,620.33,3.56,9.72,60271.63,6625.84,33218.94,100116.41,42.67,6193005.9,458924.59
VOY-002098,Panamax,3093.6,135325.1,792.39,3.69,9.92,251415.8,14615.87,36614.73,302646.41,17.86,2416812.25,155403.3
VOY-002099,Capesize,6373.3,77740.1,837.63,5.73,20.43,650201.14,28807.77,16139.97,695148.88,43.05,3346945.34,101371.13
VOY-002100,Panamax,10116.4,85185.6,683.81,2.66,32.42,709504.67,9095.31,14183.8,732783.78,29.92,2549057.92,51768.51
VOY-002101,Supramax,3756.5,133904.8,750.45,4.45,12.04,243957.64,13371.87,37814.16,295143.67,27.89,3734178.13,208492.54
VOY-002102,Panamax,11838.7,55341.0,512.38,4.99,37.94,622150.44,12794.8,9420.49,644365.73,25.38,1404290.01,17697.82
VOY-002103,Capesize,11765.4,147461.8,841.37,5.69,37.71,1205655.43,28727.72,40082.74,1274465.89,21.56,3179736.3,43899.9
VOY-002104,Handysize,11916.6,120972.9,690.49,1.82,38.19,263727.87,3772.49,31671.47,299171.83,30.91,3739689.54,85979.73
VOY-002105,Capesize,8082.9,109222.9,823.07,2.67,25.91,810275.57,13175.35,14676.39,838127.32,19.77,2159005.83,46225.46
VOY-002106,Panamax,9989.1,154139.7,509.4,5.5,32.02,521888.8,14007.29,30757.08,566653.17,21.58,3325944.9,73549.84
VOY-002107,Capesize,1598.1,101306.4,717.18,5.73,5.12,139594.86,24665.26,24097.08,188357.2,38.41,3891196.54,341144.61
VOY-002108,Panamax,3482.0,46621.6,743.95,5.62,11.16,265685.02,20888.39,10743.44,297316.85,38.9,1813614.3,90386.11
VOY-002109,Panamax,6026.8,171372.9,763.31,5.6,19.32,471831.09,21354.13,55194.41,548379.63,34.76,5957504.1,217131.04
VOY-002110,Capesize,4049.4,31065.4,865.84,5.91,12.98,427023.81,30726.66,9344.89,467095.36,36.66,1138990.63,35562.56
VOY-002111,Handysize,4928.2,55582.4,460.28,3.54,15.8,72704.71,4884.16,9818.36,87407.23,14.39,799627.01,36840.26
VOY-002112,Handysize,2540.5,83189.4,496.01,4.28,8.14,40388.33,6366.22,12031.14,58785.68,37.86,3149286.61,248813.92
VOY-002113,Supramax,1261.4,23434.2,845.59,5.18,4.04,92303.29,17506.57,4253.48,114063.34,18.87,442153.59,35589.55
VOY-002114,Capesize,8885.0,119319.3,564.16,2.57,28.48,610506.89,8694.73,32976.68,652178.3,12.92,1541497.28,28645.02
VOY-002115,Handysize,1307.5,20720.5,687.36,2.7,4.19,28805.51,5565.91,3151.45,37522.87,31.33,649153.88,88771.3
VOY-002116,Panamax,1232.5,94416.5,864.16,5.2,3.95,109237.51,22480.12,16357.32,148074.95,33.26,3139920.49,326868.71
VOY-002117,Handysize,1129.3,33857.3,637.51,1.56,3.62,23076.06,2978.28,5414.22,31468.57,33.38,1130041.73,212205.63
VOY-002118,Handysize,7404.5,66392.0,846.35,1.87,23.73,200858.46,4756.92,10202.1,215817.48,12.68,841793.91,24446.61
VOY-002119,Capesize,9768.1,95053.8,752.67,2.07,31.31,895454.73,9352.58,26296.18,931103.49,35.35,3360548.18,72783.65
VOY-002120,Handysize,4604.6,80756.7,765.06,2.85,14.76,112910.63,6545.03,15142.53,134598.19,25.21,2035675.12,107954.26
VOY-002121,Supramax,11226.2,138439.5,481.3,5.83,35.98,467584.42,11217.06,27743.36,506544.84,32.02,4433264.9,93923.27
VOY-002122,Capesize,2521.6,90093.0,484.47,1.89,8.08,148785.79,5482.97,15226.11,169494.87,19.75,1779524.3,161517.22
VOY-002123,Panamax,7968.5,25515.2,811.47,4.59,25.54,663198.7,18640.5,4620.25,686459.45,36.44,929805.42,8075.38
VOY-002124,Capesize,8783.2,114128.1,740.51,3.64,28.15,792161.45,16171.95,21474.81,829808.21,37.89,4324319.4,109920.53
VOY-002125,Panamax,3193.0,15814.5,829.85,1.63,10.23,271764.58,6761.53,4714.02,283240.13,14.12,223326.75,-5050.19
VOY-002126,Capesize,1645.0,67956.6,484.97,3.87,5.27,97167.34,11270.33,10274.54,118712.21,13.0,883219.97,83592.17
VOY-002127,Handysize,10710.3,69551.4,492.36,2.9,34.33,169016.75,4276.45,9342.05,182635.25,41.13,2860988.12,71954.32
VOY-002128,Capesize,5819.3,108702.8,451.89,4.27,18.65,320279.3,11574.09,19269.0,351122.39,44.27,4812238.79,194636.2
VOY-002129,Supramax,8993.7,47432.6,790.66,3.85,28.83,615376.44,12179.48,6470.43,634026.35,35.51,1684276.58,32140.26
VOY-002130,Capesize,2672.0,13080.7,773.55,5.49,8.56,251737.37,25502.02,3698.27,280937.66,14.74,192761.07,-6272.05
VOY-002131,Capesize,2877.4,129366.7,595.88,4.89,9.22,208823.6,17487.76,17959.53,244270.89,15.38,1989372.01,123646.56
VOY-002132,Supramax,2084.7,127446.6,766.65,2.66,6.68,138309.17,8161.96,25026.15,171497.28,10.21,1301598.45,120952.7
VOY-002133,Panamax,542.2,40263.7,804.82,2.86,1.74,44760.14,11503.89,11634.5,67898.54,35.37,1424075.78,295030.22
VOY-002134,Supramax,2109.0,16796.6,712.78,5.49,6.76,130089.79,15657.35,2464.45,148211.59,33.98,570679.43,34483.59
VOY-002135,Panamax,9907.3,85195.6,584.69,3.33,31.75,594122.79,9740.07,14588.69,618451.55,25.27,2153099.49,43739.85
VOY-002136,Supramax,3411.9,85091.2,636.26,1.57,10.94,187861.28,4008.2,11840.31,203709.79,26.4,2246438.66,163282.18
VOY-002137,Handysize,1046.3,103825.7,444.77,4.26,3.35,14915.58,5683.33,26635.57,47234.47,21.44,2225904.13,286181.84
VOY-002138,Capesize,7484.7,131613.2,450.73,2.22,23.99,410884.71,6005.07,29832.37,446722.15,44.83,5900237.3,208069.46
VOY-002139,Panamax,9135.6,90757.1,816.17,3.99,29.28,764742.23,16291.85,25990.38,807024.46,28.32,2570230.14,52991.83
VOY-002140,Handysize,5516.3,12207.2,674.36,5.71,17.68,119230.26,11557.71,2152.95,132940.93,19.81,241841.88,4655.2
VOY-002141,Supramax,9041.3,11581.2,734.24,3.59,28.98,574488.83,10558.01,2438.11,587484.96,32.16,372430.09,-6602.15
VOY-002142,Capesize,485.0,104000.0,472.74,4.7,1.55,27925.5,13317.09,14447.49,55690.08,33.06,3438198.02,541240.11
VOY-002143,Capesize,11204.8,30887.0,748.56,5.78,35.91,1021545.43,25950.23,7166.31,1054661.97,37.73,1165402.42,2656.24
VOY-002144,Panamax,480.9,78745.4,855.74,2.59,1.54,42204.44,11092.43,23011.51,76308.38,10.85,854230.97,188190.86
VOY-002145,Supramax,2975.7,86364.8,560.67,2.72,9.54,144379.07,6108.46,25096.51,175584.04,31.12,2687916.81,204900.64
VOY-002146,Panamax,2964.2,38090.9,859.29,1.79,9.5,261243.99,7670.22,7475.33,276389.55,38.09,1450966.65,104074.7
VOY-002147,Supramax,3381.3,53482.1,823.18,5.99,10.84,240876.57,19720.75,11081.98,271679.31,10.63,568260.71,17625.54
VOY-002148,Supramax,2936.3,73968.9,691.33,5.85,9.41,175669.78,16183.98,9942.8,201796.56,9.65,713899.64,33550.44
VOY-002149,Handysize,9786.0,13165.9,558.62,2.9,31.37,175213.2,4859.89,2865.5,182938.59,42.15,554932.81,10856.32
VOY-002150,Panamax,9153.2,10493.0,670.29,5.43,29.34,629258.16,18197.28,2457.86,649913.31,33.39,350385.65,-8615.31
VOY-002151,Panamax,9346.7,28070.3,455.29,2.89,29.96,436459.28,6586.88,6325.94,449372.1,39.63,1112345.45,20181.31
VOY-002152,Handysize,10169.6,135557.5,412.5,2.34,32.59,134454.47,2891.66,28504.24,165850.37,14.64,1983899.74,52045.98
VOY-002153,Supramax,2955.0,24423.8,587.63,2.17,9.47,150270.13,5094.69,4278.36,159643.18,19.96,487584.6,28176.8
VOY-002154,Panamax,7017.8,83654.4,577.43,5.27,22.49,415618.36,15229.42,21699.49,452547.27,34.24,2864344.26,86856.01
VOY-002155,Capesize,10274.8,143871.3,549.33,5.92,32.93,687444.93,19518.39,35678.09,742641.41,26.17,3765337.48,77796.53
VOY-002156,Capesize,2784.9,114885.5,793.36,5.01,8.93,269101.11,23844.14,22081.82,315027.06,37.1,4261706.7,283217.99
VOY-002157,Supramax,11319.7,95264.1,697.45,4.22,36.28,683217.86,11759.56,29531.56,724508.98,30.4,2895693.43,53614.56
VOY-002158,Capesize,4587.9,48718.1,613.19,3.12,14.7,342640.3,11467.16,10892.61,365000.07,29.89,1455945.57,61214.76
VOY-002159,Handysize,5309.3,53184.2,537.83,5.26,17.02,91523.9,8484.21,16945.31,116953.42,22.95,1220675.71,49549.0
VOY-002160,Capesize,885.2,137378.5,566.75,4.7,2.84,61100.5,15996.73,38411.35,115508.58,14.82,2035751.25,254632.1
VOY-002161,Supramax,11010.1,91748.0,876.95,2.03,35.29,835554.83,7131.94,27901.29,870588.05,9.57,878404.41,209.43
VOY-002162,Capesize,5246.0,83722.0,711.58,3.96,16.81,454651.46,16905.32,20279.95,491836.73,33.14,2774368.65,109876.35
VOY-002163,Capesize,3994.1,75008.5,792.52,5.12,12.8,385526.42,24329.6,20436.68,430292.7,38.36,2877048.36,136553.24
VOY-002164,Panamax,11885.6,165598.5,606.65,3.91,38.09,739524.72,11866.42,35453.46,786844.6,44.67,7397581.09,157372.58
VOY-002165,Capesize,4984.5,21826.2,798.31,5.68,15.98,484643.32,27186.28,3183.16,515012.77,16.53,360873.68,-7119.04
VOY-002166,Supramax,11834.7,12465.6,789.46,5.58,37.93,808533.1,17609.85,3512.45,829655.4,40.15,500474.62,-7565.91
VOY-002167,Handysize,4785.1,60603.2,483.59,2.45,15.34,74167.3,3551.94,7491.86,85211.1,21.69,1314384.99,69112.75
VOY-002168,Capesize,5383.0,129101.5,468.15,5.44,17.25,306928.88,15269.39,15774.39,337972.66,15.75,2033330.48,74720.73
VOY-002169,Handysize,7725.2,10231.6,683.47,5.7,24.76,169229.95,11685.01,1529.59,182444.56,18.43,188557.86,200.71
VOY-002170,Capesize,10931.3,178159.2,478.74,1.74,35.04,637382.71,4987.61,26058.05,668428.37,15.67,2791055.3,57722.82
VOY-002171,Handysize,10142.0,86421.0,520.13,3.92,32.51,169074.55,6121.22,15610.01,190805.78,37.65,3253436.41,84070.41
VOY-002172,Panamax,11360.1,147939.0,416.69,5.36,36.41,485500.08,11162.45,36229.88,532892.41,44.69,6610655.56,145511.74
VOY-002173,Supramax,2342.0,32937.0,522.18,4.87,7.51,105831.56,10182.21,10332.25,126346.02,26.98,888671.42,61571.07
VOY-002174,Capesize,9196.1,17453.0,472.88,5.83,29.47,529644.39,16552.84,4124.53,550321.76,17.71,309162.39,-6830.06
VOY-002175,Supramax,7962.6,169007.3,793.3,3.62,25.52,546638.13,11475.44,40252.43,598366.0,23.5,3971846.29,115778.19
VOY-002176,Capesize,11662.6,108280.4,616.32,5.02,37.38,875446.31,18549.3,28563.63,922559.25,31.96,3460829.25,59869.98
VOY-002177,Handysize,11566.1,21611.8,492.04,4.46,37.07,182403.83,6586.29,4523.54,193513.66,10.66,230467.14,889.74
VOY-002178,Panamax,4910.8,133215.0,508.45,3.11,15.74,256090.56,7903.96,37186.9,301181.41,20.86,2778726.4,131442.89
VOY-002179,Panamax,5946.6,141950.1,669.55,2.69,19.06,408359.26,9013.73,37428.8,454801.79,18.9,2683279.08,102449.45
VOY-002180,Handysize,1254.3,108234.1,859.98,3.21,4.02,34571.5,8281.19,18806.87,61659.56,20.64,2233758.05,300432.75
VOY-002181,Handysize,5362.4,63071.6,577.67,3.68,17.19,99284.27,6371.89,9596.87,115253.03,25.52,1609776.13,71631.75
VOY-002182,Handysize,314.6,87106.6,675.3,2.88,1.01,6809.95,5826.91,14044.72,26681.58,26.84,2337638.0,594895.27
VOY-002183,Supramax,6804.7,69622.1,841.99,2.3,21.81,495821.08,7751.9,16730.68,520303.66,9.51,662325.68,5890.17
VOY-002184,Panamax,4989.8,156789.2,619.62,3.69,15.99,317106.17,11420.88,40659.36,369186.4,22.41,3514094.44,159806.57
VOY-002185,Supramax,2997.2,83484.6,505.56,1.76,9.61,131126.53,3559.64,21339.1,156025.27,23.14,1932223.6,156265.15
VOY-002186,Handysize,9998.4,118073.1,515.61,5.14,32.05,165234.1,7957.43,24336.77,197528.3,8.09,955283.78,20375.03
VOY-002187,Supramax,11963.2,54550.3,500.41,2.84,38.34,518066.08,5679.75,9404.41,533150.24,44.73,2440156.61,46307.92
VOY-002188,Capesize,1296.4,120124.2,701.48,2.71,4.16,110757.61,11396.49,21190.83,143344.93,29.67,3564531.57,498517.4
VOY-002189,Panamax,11867.5,88680.5,872.08,4.41,38.04,1061485.07,19213.98,10679.62,1091378.67,31.94,2832240.77,41016.11
VOY-002190,Handysize,11782.5,119419.1,519.93,2.77,37.76,196348.17,4320.69,23213.02,223881.88,23.94,2858960.27,65008.46
VOY-002191,Capesize,10927.0,76693.4,763.22,5.38,35.02,1015734.19,24649.56,22619.87,1063003.62,27.05,2074330.99,25029.72
VOY-002192,Supramax,11914.1,159160.5,407.77,2.52,38.19,420424.22,4106.42,42220.12,466750.76,41.91,6669732.18,152392.69
VOY-002193,Handysize,8928.7,60553.1,756.24,5.82,28.62,216417.78,13198.74,8857.89,238474.42,20.39,1234946.74,28937.54
VOY-002194,Handysize,10497.8,84801.5,493.18,5.3,33.65,165939.72,7836.57,18172.01,191948.3,31.3,2654397.28,63231.22
VOY-002195,Panamax,3230.6,144946.3,754.91,2.01,10.35,250138.09,7579.53,37056.98,294774.6,26.88,3895705.89,291275.25
VOY-002196,Capesize,10166.6,52533.6,619.02,5.85,32.59,766499.22,21744.28,13448.16,801691.65,35.64,1872519.27,27857.33
VOY-002197,Panamax,8731.3,179960.8,516.73,5.0,27.99,462747.09,12921.73,53507.09,529175.92,43.44,7818041.29,220966.02
VOY-002198,Handysize,3849.9,123187.9,444.72,5.16,12.34,54875.92,6880.24,22568.2,84324.36,23.72,2922318.31,162202.59
VOY-002199,Supramax,10408.8,23326.2,690.36,1.57,33.36,621852.82,4346.15,5593.99,631792.96,34.7,809519.33,5087.27
VOY-002200,Handysize,6968.8,177457.1,489.5,2.05,22.34,109334.07,3013.34,52749.24,165096.65,37.31,6620860.34,264713.33
VOY-002201,Handysize,4396.6,63404.9,547.45,5.97,14.09,77145.3,9799.0,14688.03,101632.32,22.29,1413296.7,65393.35
VOY-002202,Handysize,3618.2,75085.0,535.74,3.68,11.6,62128.42,5917.74,19480.94,87527.11,35.39,2656963.37,168171.59
VOY-002203,Handysize,9615.9,35568.6,648.31,1.68,30.82,199809.77,3271.43,10767.1,213848.3,41.31,1469222.29,38624.12
VOY-002204,Handysize,3691.2,126511.5,769.45,2.98,11.83,91031.95,6872.87,29116.44,127021.26,28.56,3613771.18,235460.33
VOY-002205,Handysize,1629.3,143529.2,621.74,5.13,5.22,32468.34,9575.52,36652.49,78696.34,40.18,5767252.59,549304.89
VOY-002206,Capesize,6439.7,69391.0,616.1,2.91,20.64,483224.64,10761.6,13694.15,507680.39,17.15,1190355.41,28986.69
VOY-002207,Handysize,5968.5,85416.6,858.86,2.85,19.13,164297.15,7344.25,25214.18,196855.57,13.79,1177589.93,44619.16
VOY-002208,Capesize,5242.2,24218.9,755.13,2.92,16.8,482127.11,13240.04,6095.61,501462.76,35.58,861825.9,18270.18
VOY-002209,Handysize,5066.4,128018.8,494.59,3.82,16.24,80313.58,5664.01,35071.81,121049.39,19.19,2456840.42,116464.06
VOY-002210,Supramax,6486.1,63332.9,610.86,1.57,20.79,342873.48,3829.54,9788.07,356491.09,41.81,2648161.17,102507.56
VOY-002211,Panamax,3024.3,27194.3,792.82,2.96,9.69,245918.35,11718.54,8807.15,266444.05,41.83,1137416.95,68854.88
VOY-002212,Capesize,2896.2,19932.5,744.1,2.63,9.28,262478.41,11748.66,4144.99,278372.06,20.17,401951.01,10372.35
VOY-002213,Handysize,9750.4,52460.7,795.61,5.24,31.25,248640.76,12495.73,15895.9,277032.39,20.74,1088141.02,22230.26
VOY-002214,Supramax,6976.8,133859.1,569.89,3.66,22.36,344076.17,8350.23,17955.22,370381.62,34.6,4630990.53,163714.21
VOY-002215,Handysize,10179.2,77838.5,626.14,4.96,32.63,204280.52,9322.83,10719.99,224323.34,26.85,2089606.43,49623.49
VOY-002216,Supramax,1694.1,18614.3,710.62,2.52,5.43,104180.69,7153.59,5365.6,116699.88,23.48,436999.94,40307.27
VOY-002217,Handysize,3659.7,27223.8,492.44,4.02,11.73,57761.23,5935.61,8340.73,72037.57,21.46,584165.87,32521.13
VOY-002218,Supramax,8503.1,112141.5,513.88,3.94,27.25,378133.95,8108.8,22842.86,409085.62,10.56,1184459.99,24852.97
VOY-002219,Handysize,9226.2,36677.1,427.08,5.49,29.57,126291.48,7038.5,5111.05,138441.02,22.73,833578.46,19824.35
VOY-002220,Panamax,10982.0,94764.6,414.78,1.53,35.2,467189.72,3164.65,25388.63,495743.01,21.21,2010063.22,41234.26
VOY-002221,Capesize,8096.0,104460.6,519.89,4.38,25.95,512640.35,13675.54,15249.92,541565.8,26.54,2772813.8,73559.01
VOY-002222,Panamax,5239.8,97624.6,846.79,3.98,16.79,455075.35,16839.7,21296.0,493211.06,36.32,3545870.24,146964.15
VOY-002223,Capesize,2894.7,108456.6,783.24,5.66,9.28,276141.61,26613.58,30370.31,333125.51,8.45,916052.63,39015.06
VOY-002224,Capesize,6171.8,46968.9,641.78,4.45,19.78,482418.45,17126.32,15181.49,514726.26,36.42,1710600.38,49357.12
VOY-002225,Supramax,2370.8,52710.1,666.68,2.95,7.6,136779.66,7863.02,17300.47,161943.15,27.38,1443258.96,121482.79
VOY-002226,Handysize,3558.1,164624.1,792.59,2.57,11.4,90388.43,6101.97,25923.92,122414.32,42.04,6920775.22,486625.48
VOY-002227,Handysize,8458.0,99040.0,604.6,5.68,27.11,163899.77,10301.02,13067.09,187267.88,39.18,3880638.71,112643.4
VOY-002228,Supramax,11454.5,128009.9,705.46,1.53,36.71,699286.83,4310.35,21977.13,725574.32,12.69,1624744.68,23513.56
VOY-002229,Handysize,609.8,110123.0,660.68,2.2,1.95,12913.8,4361.18,24422.36,41697.34,19.48,2145233.53,506271.37
VOY-002230,Panamax,7267.9,122154.6,473.55,3.22,23.29,352996.86,7615.62,34340.57,394953.05,44.51,5436880.71,190183.01
VOY-002231,Handysize,9025.7,141646.3,494.46,2.55,28.93,143039.35,3789.89,42330.67,189159.91,40.77,5775617.58,177441.38
VOY-002232,Panamax,2234.2,85619.3,794.46,1.86,7.16,182053.42,7387.85,24062.08,213503.35,16.97,1453051.69,137409.24
VOY-002233,Handysize,7938.6,118960.9,481.24,3.6,25.44,122447.4,5196.02,15734.0,143377.43,9.97,1186374.22,35911.91
VOY-002234,Capesize,3899.8,31529.7,792.04,4.0,12.5,376197.76,19000.9,8563.88,403762.54,37.5,1182238.08,47187.07
VOY-002235,Handysize,1832.8,158442.2,543.95,2.52,5.87,31952.85,4104.23,46404.84,82461.92,28.65,4538925.02,531205.96
VOY-002236,Capesize,9737.5,125949.0,661.2,3.0,31.21,784166.64,11894.93,38351.83,834413.39,38.61,4862845.71,117762.09
VOY-002237,Panamax,9372.1,88630.1,466.67,1.58,30.04,448587.44,3694.37,10922.1,463203.91,17.57,1557564.57,34607.37
VOY-002238,Panamax,11103.7,82228.8,821.59,5.04,35.59,935664.28,20707.34,23736.63,980108.25,17.26,1418865.46,10798.94
VOY-002239,Panamax,2300.4,170790.5,761.88,5.98,7.37,179752.3,22785.61,26480.03,229017.94,44.64,7623286.97,553696.98
VOY-002240,Panamax,10131.3,78700.7,823.81,5.68,32.47,856031.22,23400.42,14965.67,894397.31,8.74,687504.6,-5422.68
VOY-002241,Capesize,9983.0,27641.1,460.98,2.17,32.0,560500.6,6005.11,4605.05,571110.76,29.7,821010.68,7313.87
VOY-002242,Capesize,2137.7,68161.9,866.2,1.69,6.85,225525.21,8788.0,22022.92,256336.13,33.28,2268543.98,235552.52
VOY-002243,Handysize,2648.2,26539.3,890.22,5.34,8.49,75561.16,14258.17,4302.35,94121.68,31.6,838566.39,53840.89
VOY-002244,Capesize,8043.4,96543.5,498.1,3.56,25.78,487962.33,10650.91,22730.24,521343.48,35.58,3434738.69,99284.02
VOY-002245,Panamax,7320.0,128086.7,617.2,2.36,23.46,463376.25,7268.1,30761.25,501405.6,26.73,3423573.83,113189.45
VOY-002246,Handysize,8444.4,64160.1,825.45,2.87,27.07,223410.43,7099.67,11044.68,241554.78,14.28,916473.51,22548.17
VOY-002247,Capesize,4401.9,159077.5,464.0,3.49,14.11,248762.18,9712.76,47818.66,306293.6,31.5,5010838.27,267342.01
VOY-002248,Handysize,10226.0,54690.2,795.76,2.0,32.78,260815.74,4769.27,8356.21,273941.22,13.24,724161.73,12947.3
VOY-002249,Panamax,2252.0,170967.6,595.7,2.26,7.22,137588.82,6729.93,26720.41,171039.16,16.01,2736588.33,270703.0
VOY-002250,Capesize,3206.3,141902.0,469.65,2.46,10.28,183406.38,6930.58,25885.36,216222.32,13.44,1907407.11,132786.09
VOY-002251,Supramax,6019.5,60563.2,547.85,3.76,19.29,285385.94,8249.48,7417.8,301053.22,26.04,1576848.54,55330.73
VOY-002252,Handysize,3839.7,38348.8,572.36,5.02,12.31,70438.37,8613.25,10048.45,89100.07,31.46,1206316.55,64493.44
VOY-002253,Handysize,2370.3,44358.6,582.41,4.2,7.6,44246.1,7338.51,11392.64,62977.24,8.51,377369.65,26649.8
VOY-002254,Handysize,5280.3,132205.1,654.9,2.43,16.92,110836.39,4773.51,23681.77,139291.67,17.64,2332344.53,113314.29
VOY-002255,Handysize,2484.8,91034.3,782.03,3.92,7.96,62280.56,9194.46,17336.01,88811.03,29.89,2720833.06,221493.67
VOY-002256,Supramax,10381.5,15854.8,809.87,2.78,33.27,727583.27,9021.53,2148.03,738752.84,25.05,397223.0,-9471.44
VOY-002257,Capesize,2465.1,54580.6,573.21,4.67,7.9,172094.7,16067.91,9499.73,197662.33,29.44,1606621.61,112064.22
VOY-002258,Supramax,11023.8,163077.1,689.79,2.57,35.33,658043.88,7077.51,41388.58,706509.97,8.88,1448889.37,19589.03
VOY-002259,Panamax,599.9,171364.9,412.62,3.14,1.92,25388.39,6482.85,50459.04,82330.29,35.2,6032877.74,1174810.89
VOY-002260,Supramax,9882.1,24550.8,428.13,1.81,31.67,366130.32,3096.9,6033.01,375260.24,8.46,207637.39,-5006.37
VOY-002261,Panamax,3155.6,61092.7,697.29,4.81,10.11,225675.49,16760.8,18012.62,260448.9,16.71,1020693.25,50949.98
VOY-002262,Handysize,6867.7,91142.3,877.77,2.2,22.01,193212.11,5805.71,16785.98,215803.8,31.5,2870823.91,109636.7
VOY-002263,Handysize,10057.9,93699.5,804.41,2.51,32.24,259316.09,6056.15,16544.37,281916.61,14.52,1360216.22,31033.44
VOY-002264,Panamax,1809.6,127583.3,676.16,2.54,5.8,125496.82,8595.28,34211.68,168303.78,11.41,1456050.89,154359.98
VOY-002265,Handysize,314.9,162688.1,585.02,2.79,1.01,5904.94,4888.25,52493.01,63286.2,37.68,6130726.66,1598981.43
VOY-002266,Capesize,8881.0,15270.2,597.96,2.57,28.46,646795.36,9228.55,2985.23,659009.13,14.6,222958.19,-14049.36
VOY-002267,Capesize,7244.8,64293.9,615.99,1.67,23.22,543530.36,6171.81,16258.22,565960.4,15.37,988417.27,16972.76
VOY-002268,Capesize,7952.7,23477.1,443.29,4.27,25.49,429373.72,11357.49,7700.37,448431.57,8.15,191308.62,-8639.97
VOY-002269,Panamax,9337.4,70317.5,675.66,1.56,29.93,647074.05,5268.73,11624.82,663967.59,44.0,3094298.79,77184.6
VOY-002270,Handysize,5099.0,90450.5,851.91,2.32,16.34,139228.13,5924.91,25079.96,170233.0,33.26,3008590.46,152098.73
VOY-002271,Handysize,5839.5,60857.4,823.06,5.5,18.72,154045.14,13580.08,18492.4,186117.62,13.36,813145.05,25893.04
VOY-002272,Panamax,7480.6,123168.4,539.25,4.85,23.98,413733.05,13069.36,22131.78,448934.18,32.18,3963551.89,121935.69
VOY-002273,Capesize,11791.1,38455.7,714.41,3.21,37.79,1025962.43,13779.75,11473.76,1051215.94,35.37,1360091.63,7532.33
VOY-002274,Capesize,4294.6,171895.8,606.27,3.84,13.76,317115.21,13956.89,56614.15,387686.25,11.06,1901796.91,86021.0
VOY-002275,Capesize,6271.8,127478.9,508.55,2.15,20.1,388468.71,6571.68,41283.78,436324.16,9.02,1149527.4,32046.02
VOY-002276,Capesize,8321.2,115439.2,779.62,4.02,26.67,790132.16,18795.55,26489.46,835417.17,27.08,3125826.64,74633.7
VOY-002277,Supramax,2323.9,104329.6,412.73,2.83,7.45,83001.16,4672.0,17669.8,105342.97,13.62,1420924.53,127997.38
VOY-002278,Panamax,8717.6,157209.3,552.97,3.12,27.94,494415.76,8622.07,21645.86,524683.69,34.02,5348721.83,155315.66
VOY-002279,Panamax,718.5,114308.4,787.3,2.57,2.3,58015.19,10133.34,19886.77,88035.29,37.31,4264692.5,856398.33
VOY-002280,Capesize,7026.5,12412.9,553.92,3.72,22.52,474042.48,12373.78,1997.89,488414.14,17.19,213377.53,-10480.02
VOY-002281,Handysize,10510.8,17587.1,403.37,1.74,33.69,135888.96,2109.49,3637.6,141636.05,13.95,245403.16,2928.67
VOY-002282,Panamax,1543.6,129483.9,458.63,1.74,4.95,72610.33,3979.5,30764.45,107354.29,31.3,4053445.6,590470.74
VOY-002283,Capesize,4992.9,54582.8,820.01,2.17,16.0,498656.63,10699.07,16265.71,525621.42,44.18,2411430.55,103744.29
VOY-002284,Capesize,1134.9,44635.2,708.88,5.66,3.64,97984.18,24055.54,6796.91,128836.64,18.37,819833.52,74354.35
VOY-002285,Handysize,11769.8,78130.4,658.01,5.97,37.72,248227.14,11787.93,12512.56,272527.63,26.95,2105840.98,41956.82
VOY-002286,Supramax,6405.4,25124.0,804.79,2.66,20.53,446103.94,8572.13,5221.81,459897.88,12.06,303036.05,-6763.34
VOY-002287,Supramax,6713.8,54574.8,636.99,3.9,21.52,370096.16,9934.86,7683.89,387714.91,19.28,1051958.14,26133.04
VOY-002288,Capesize,8361.8,129733.7,832.77,3.67,26.8,848110.04,18358.88,30957.32,897426.24,35.72,4633969.36,122610.48
VOY-002289,Panamax,10685.1,179831.1,882.16,3.16,34.25,966765.65,13918.72,44128.97,1024813.34,36.45,6554418.89,147839.8
VOY-002290,Panamax,1988.2,86750.5,533.47,2.59,6.37,108783.52,6898.68,26124.87,141807.07,23.63,2049788.4,212973.3
VOY-002291,Capesize,8057.2,119753.1,497.67,2.8,25.82,488371.92,8352.35,36976.63,533700.91,18.24,2184463.68,57675.55
VOY-002292,Capesize,11466.2,138511.7,533.79,4.64,36.75,745449.91,14871.42,28754.63,789075.96,30.0,4154970.53,81313.7
VOY-002293,Supramax,535.2,69270.9,490.46,3.22,1.72,22713.95,6316.67,18426.91,47457.52,10.16,703947.48,133027.07
VOY-002294,Capesize,9589.3,123996.6,732.96,5.36,30.73,856040.13,23570.91,21283.76,900894.8,23.37,2897208.33,55307.8
VOY-002295,Handysize,9741.7,107148.0,524.46,3.58,31.22,163754.57,5636.38,25738.86,195129.8,34.55,3702032.61,100756.61
VOY-002296,Capesize,2863.4,106946.9,612.22,2.65,9.18,213508.96,9738.18,24793.34,248040.48,10.11,1081337.19,70447.24
VOY-002297,Handysize,10843.8,173328.6,845.11,1.68,34.76,293724.52,4266.68,45326.55,343317.75,19.21,3329065.61,81939.23
VOY-002298,Supramax,9347.2,50489.8,607.32,2.23,29.96,491256.42,5418.11,12018.99,508693.53,39.03,1970516.16,45413.22
VOY-002299,Handysize,9645.1,161661.0,733.82,3.97,30.91,226852.16,8738.86,30795.67,266386.68,32.71,5288617.68,143971.5
VOY-002300,Handysize,562.8,19932.8,741.68,2.89,1.8,13379.04,6440.95,2733.44,22553.43,43.65,870004.78,180361.72
VOY-002301,Capesize,9962.8,140646.3,435.7,1.56,31.93,528680.46,4071.43,17953.87,550705.77,13.8,1941391.02,41526.09
VOY-002302,Handysize,9063.7,173589.9,817.94,2.02,29.05,237612.46,4957.76,29797.56,272367.79,38.28,6645219.65,205108.53
VOY-002303,Supramax,665.7,178142.9,712.27,5.59,2.13,41035.4,15937.82,27117.77,84090.99,22.64,4032791.59,510971.67
VOY-002304,Capesize,7660.1,142262.3,765.87,3.87,24.55,714531.32,17773.19,21927.54,754232.05,43.46,6182954.44,191021.87
VOY-002305,Handysize,4431.6,85850.7,631.49,2.37,14.2,89696.07,4489.19,25263.87,119449.13,26.7,2291931.15,131082.6
VOY-002306,Capesize,8398.4,20756.7,488.43,3.67,26.92,499603.99,10762.48,5902.76,516269.22,22.93,475921.89,-1318.95
VOY-002307,Handysize,3773.6,82821.7,532.02,3.39,12.09,64345.84,5418.15,12969.64,82733.63,40.81,3380343.65,212893.71
VOY-002308,Handysize,4970.0,17846.3,771.75,5.34,15.93,122936.36,12374.77,2300.81,137611.94,33.77,602588.71,21856.25
VOY-002309,Supramax,1015.8,125101.2,775.88,3.07,3.26,68201.72,9534.31,33478.5,111214.54,15.91,1990024.12,296917.3
VOY-002310,Panamax,955.3,179261.9,655.5,2.66,3.06,64222.31,8715.07,28399.44,101336.82,44.87,8043085.6,1388234.38
VOY-002311,Capesize,4618.7,105503.9,726.12,4.25,14.8,408465.0,18535.54,31690.8,458691.33,22.64,2388264.93,101247.29
VOY-002312,Handysize,11645.4,31325.4,876.14,4.54,37.32,327019.49,11937.79,6631.48,345588.76,28.41,890000.57,13003.47
VOY-002313,Handysize,11034.3,118854.3,837.07,1.57,35.37,296041.1,3948.47,16626.26,316615.82,31.92,3794272.29,94146.86
VOY-002314,Panamax,8517.5,93152.6,623.17,2.6,27.3,544389.92,8110.53,20894.28,573394.74,33.75,3143621.17,85953.49
VOY-002315,Capesize,9023.6,129660.2,432.97,3.96,28.92,475840.11,10286.44,25512.68,511639.22,39.44,5114022.92,139969.21
VOY-002316,Capesize,9935.4,86611.1,570.04,2.29,31.84,689798.52,7827.62,17796.37,715422.52,15.24,1319794.59,17706.39
VOY-002317,Panamax,9442.3,85385.1,483.46,3.65,30.26,468201.72,8820.27,24560.14,501582.12,16.46,1405409.78,26651.66
VOY-002318,Panamax,9796.2,133445.6,623.26,5.13,31.4,626217.06,15973.36,28698.31,670888.73,28.77,3839138.17,86744.97
VOY-002319,Panamax,645.1,72460.9,786.32,1.8,2.07,52022.79,7071.2,22571.34,81665.33,39.59,2869078.76,720997.17
VOY-002320,Panamax,10567.8,52427.7,564.18,2.28,33.87,611498.67,6427.4,16370.5,634296.57,28.82,1510741.34,24244.83
VOY-002321,Handysize,6995.1,130971.8,811.68,1.5,22.42,181980.98,3657.0,40399.23,226037.2,28.07,3675954.82,144214.6
VOY-002322,Handysize,1563.7,93736.8,744.28,4.63,5.01,37302.65,10327.93,21492.22,69122.8,40.42,3789053.26,385989.1
VOY-002323,Supramax,6706.5,50955.5,587.47,4.74,21.5,340947.39,11130.06,9652.52,361729.97,41.86,2132864.72,67519.15
VOY-002324,Handysize,1191.6,144239.3,484.59,5.23,3.82,18507.26,7609.74,29585.02,55702.02,42.59,6143438.49,672412.8
VOY-002325,Panamax,7868.0,103397.1,816.35,3.2,25.22,658773.48,13078.3,14904.02,686755.8,36.64,3788567.27,109133.6
VOY-002326,Supramax,1407.3,107834.3,699.0,5.55,4.51,85129.82,15509.08,29795.63,130434.53,22.05,2377599.72,223430.98
VOY-002327,Capesize,733.4,145599.7,407.94,5.3,2.35,36440.47,12972.23,38233.64,87646.34,13.86,2018725.3,252408.0
VOY-002328,Handysize,6990.4,165178.0,622.64,1.9,22.41,139502.63,3557.6,27665.23,170725.46,22.51,3718918.89,145957.4
VOY-002329,Supramax,8469.2,92535.4,841.17,3.06,27.14,616502.42,10301.61,25292.15,652096.18,24.62,2278238.07,53834.23
VOY-002330,Panamax,3644.0,165515.3,421.02,5.55,11.68,157351.53,11693.43,29788.81,198833.77,11.52,1907106.58,99121.06
VOY-002331,Capesize,3369.2,113409.0,443.39,4.87,10.8,181947.71,12965.23,22617.22,217530.16,21.69,2459788.5,143072.13
VOY-002332,Supramax,11812.3,15040.2,847.66,2.71,37.86,866493.65,9185.98,3015.75,878695.38,27.78,417786.11,-11361.1
VOY-002333,Handysize,3993.1,62963.8,510.83,1.92,12.8,65378.36,2943.44,19122.54,87444.34,33.16,2087803.14,135902.48
VOY-002334,Panamax,4755.0,179173.1,618.47,1.95,15.24,301624.77,6040.7,32360.44,340025.9,10.16,1820894.51,86127.44
VOY-002335,Capesize,5176.0,121507.5,714.88,3.49,16.59,450670.61,14958.29,18090.41,483719.3,9.94,1207715.48,36060.77
VOY-002336,Capesize,1113.2,88686.6,454.77,2.72,3.57,61660.83,7418.17,24055.83,93134.84,44.94,3985318.23,619109.5
VOY-002337,Handysize,1772.1,65494.9,405.07,3.38,5.68,23007.81,4113.24,10801.25,37922.3,9.95,651584.61,67697.59
VOY-002338,Handysize,9148.7,121864.4,852.9,1.68,29.32,250092.99,4311.08,24344.93,278749.0,12.46,1518435.42,39980.11
VOY-002339,Supramax,7587.4,127683.8,788.38,1.68,24.32,517652.68,5287.29,24953.5,547893.48,36.03,4600147.09,155884.59
VOY-002340,Supramax,1853.2,121312.1,867.88,5.63,5.94,139181.77,19545.11,31213.83,189940.72,44.23,5366095.78,447385.33
VOY-002341,Supramax,4105.7,44697.7,688.57,5.34,13.16,244648.55,14700.57,12763.45,272112.58,16.84,752611.24,25977.84
VOY-002342,Handysize,1137.4,108449.6,679.97,5.97,3.65,24789.36,12170.02,23968.15,60927.53,19.34,2097429.25,211878.49
VOY-002343,Handysize,8468.2,119257.6,631.77,4.4,27.14,171473.6,8344.62,38305.03,218123.25,28.54,3403533.13,100981.94
VOY-002344,Panamax,6396.5,172232.8,426.71,2.58,20.5,279944.75,5508.27,46410.32,331863.34,41.02,7064773.76,291679.29
VOY-002345,Capesize,1524.5,17622.6,756.23,2.89,4.89,140417.8,13117.4,2893.54,156428.74,24.67,434676.71,35776.71
VOY-002346,Panamax,1532.3,30675.9,844.45,4.04,4.91,132708.31,17041.81,6620.08,156370.2,39.95,1225411.16,119482.37
VOY-002347,Capesize,5409.9,136202.9,790.76,2.98,17.34,521025.41,14134.79,27747.69,562907.89,16.81,2289399.82,84971.5
VOY-002348,Supramax,11949.5,80857.4,609.6,1.53,38.3,630380.79,3735.29,21400.03,655516.11,13.9,1124146.65,11765.31
VOY-002349,Capesize,6435.8,91243.9,719.84,5.96,20.63,564241.73,25752.72,25525.92,615520.38,44.62,4071400.92,129968.06
VOY-002350,Capesize,10220.5,20732.7,878.18,5.93,32.76,1093161.66,31259.24,5674.64,1130095.54,39.46,818138.36,-8062.84
VOY-002351,Supramax,5578.3,161132.7,612.56,2.65,17.88,295701.97,6495.88,35500.85,337698.69,14.86,2394247.67,100171.83
VOY-002352,Supramax,2248.3,149886.0,784.25,4.87,7.21,152589.79,15277.74,44889.96,212757.49,40.41,6056406.39,483891.46
VOY-002353,Capesize,2292.3,67308.0,682.72,2.39,7.35,190611.37,9786.09,8796.02,209193.48,19.95,1342670.54,116418.84
VOY-002354,Panamax,10546.5,131402.0,797.43,3.69,33.8,862575.56,14702.16,25008.49,902286.22,20.05,2634992.27,46217.43
VOY-002355,Supramax,2520.4,65292.1,859.58,5.01,8.08,187487.11,17225.13,8478.59,213190.82,19.87,1297267.13,82829.79
VOY-002356,Panamax,3652.6,47858.3,534.34,2.7,11.71,200177.52,7226.84,12318.9,219723.26,27.05,1294766.03,74593.57
VOY-002357,Capesize,1004.7,25683.7,716.74,4.39,3.22,87705.94,18886.11,5517.98,112110.03,19.51,501158.72,51110.42
VOY-002358,Panamax,6957.6,144531.8,553.98,4.57,22.3,395319.82,12647.64,44010.09,451977.55,21.23,3068198.3,97380.66
VOY-002359,Capesize,4721.7,161061.9,696.08,4.6,15.13,400299.23,19198.58,35250.0,454747.81,44.6,7184040.14,341062.35
VOY-002360,Panamax,7186.8,84287.3,883.01,5.89,23.03,650877.92,25998.86,21326.75,698203.52,43.39,3657064.9,102300.02
VOY-002361,Supramax,7807.2,130685.9,810.81,4.64,25.02,547802.41,15050.74,38241.55,601094.69,43.51,5686614.17,171439.29
VOY-002362,Panamax,5525.9,140469.2,522.02,3.85,17.71,295861.73,10050.11,31911.12,337822.96,38.54,5414300.45,235438.08
VOY-002363,Capesize,2607.5,149195.7,637.75,5.34,8.36,202532.98,20428.62,34660.55,257622.15,35.78,5337601.76,370910.58
VOY-002364,Panamax,2221.3,160128.6,425.12,4.3,7.12,96851.84,9141.92,20030.64,126024.39,40.94,6555865.81,563022.07
VOY-002365,Panamax,2790.9,133393.4,730.76,2.91,8.95,209176.9,10624.52,25426.81,245228.23,10.95,1461267.64,102593.53
VOY-002366,Panamax,8127.3,152489.9,811.92,2.31,26.05,676794.87,9361.74,38746.0,724902.61,27.05,4125598.52,119932.42
VOY-002367,Supramax,2926.2,141595.8,585.33,1.53,9.38,148223.61,3589.35,42362.04,194175.0,27.0,3823420.96,332595.25
VOY-002368,Supramax,9714.3,14961.0,812.83,4.85,31.14,683316.21,15764.22,3214.68,702295.11,20.27,303202.52,-11090.76
VOY-002369,Handysize,2650.6,30393.3,499.48,3.15,8.5,42433.22,4723.4,7403.42,54560.04,21.67,658740.48,51871.03
VOY-002370,Handysize,9876.0,56299.6,850.37,4.01,31.65,269174.88,10226.27,15891.41,295292.57,18.72,1054177.95,21279.67
VOY-002371,Capesize,1565.9,43382.6,538.68,2.66,5.02,102736.35,8604.37,7406.27,118746.99,13.05,566300.72,58267.32
VOY-002372,Panamax,5623.6,59952.6,849.39,5.83,18.02,489912.86,24779.51,18395.47,533087.83,39.46,2365679.43,76808.6
VOY-002373,Handysize,1716.4,147279.1,468.7,3.21,5.5,25785.0,4511.87,28126.01,58422.88,26.83,3950886.75,446888.23
VOY-002374,Supramax,7686.1,101819.8,547.86,3.39,24.63,364400.96,7432.46,16678.47,388511.89,29.42,2995316.36,93012.45
VOY-002375,Handysize,9503.4,56401.4,818.8,2.63,30.46,249402.58,6449.97,12124.36,267976.91,24.2,1364718.97,33148.87
VOY-002376,Handysize,9585.5,147380.5,674.05,3.14,30.72,207086.55,6345.66,19456.84,232889.05,42.65,6285855.73,178760.51
VOY-002377,Capesize,3531.1,99255.4,685.15,5.2,11.32,294657.7,21375.98,30381.66,346415.34,14.86,1474517.07,68298.11
VOY-002378,Supramax,7178.7,139838.0,569.01,4.75,23.01,353488.39,10816.34,33967.89,398272.61,29.01,4056697.64,131783.77
VOY-002379,Panamax,4210.7,42368.3,445.12,5.07,13.5,192233.98,11274.92,10698.61,214207.51,10.85,459895.85,13236.07
VOY-002380,Panamax,11576.6,159610.9,453.1,3.78,37.1,537981.28,8571.34,20898.52,567451.15,9.49,1514560.12,23163.56
VOY-002381,Panamax,11989.9,151735.2,545.88,3.46,38.43,671284.62,9453.95,19315.77,700054.34,21.32,3235300.08,60517.5
VOY-002382,Supramax,5914.0,54338.7,569.16,5.27,18.96,291292.4,12007.8,13477.76,316777.96,30.04,1632205.7,54290.36
VOY-002383,Handysize,1644.8,69389.8,488.07,4.38,5.27,25730.88,6412.37,11643.08,43786.33,11.56,802203.66,78581.48
VOY-002384,Capesize,8879.1,99937.7,688.69,1.9,28.46,744766.53,7845.1,12531.15,765142.78,44.1,4407286.0,119975.98
VOY-002385,Supramax,1957.0,61052.9,785.05,5.02,6.27,132954.29,15779.3,11111.75,159845.35,10.47,639035.92,42415.8
VOY-002386,Capesize,6629.1,39955.5,565.33,4.79,21.25,456442.24,16262.02,13076.48,485780.74,33.53,1339632.84,32788.19
VOY-002387,Supramax,2850.8,29525.0,735.1,3.57,9.14,181351.39,10509.86,4232.85,196094.1,33.75,996497.38,62966.75
VOY-002388,Supramax,6899.3,124990.7,742.75,5.68,22.11,443463.69,16871.92,26066.97,486402.58,38.55,4818246.5,155865.7
VOY-002389,Handysize,7233.7,70708.3,654.93,3.89,23.18,151844.36,7644.32,12855.02,172343.7,25.12,1776515.77,59247.82
VOY-002390,Capesize,10228.1,139106.1,828.3,3.37,32.78,1031840.13,16732.7,21551.81,1070124.64,41.87,5824570.0,131522.74
VOY-002391,Panamax,11769.1,78499.1,579.34,4.99,37.72,699316.46,14458.42,24530.57,738305.44,18.07,1418517.94,15925.21
VOY-002392,Capesize,4699.1,76627.6,479.69,4.04,15.06,274537.75,11613.8,23127.05,309278.6,17.24,1320874.25,52973.32
VOY-002393,Handysize,8747.1,93223.2,744.75,1.89,28.04,208795.0,4229.37,16955.68,229980.05,12.03,1121754.71,29796.86
VOY-002394,Handysize,753.6,14538.9,580.23,1.5,2.42,14015.27,2618.94,1793.04,18427.25,29.74,432350.95,105591.99
VOY-002395,Panamax,10216.7,130821.2,567.65,5.46,32.75,594821.76,15497.07,36699.8,647018.63,22.57,2952990.63,60356.53
VOY-002396,Supramax,6476.4,115216.5,733.88,3.38,20.76,411310.39,9918.58,16897.83,438126.81,30.85,3554738.36,129124.38
VOY-002397,Panamax,4477.0,172483.0,825.71,2.81,14.35,379149.09,11585.1,31260.6,421994.79,19.9,3432791.78,175501.62
VOY-002398,Handysize,3550.0,110575.5,704.99,4.0,11.38,80216.04,8469.72,29709.78,118395.54,11.31,1251119.48,73634.95
VOY-002399,Supramax,5738.1,53294.9,723.69,2.14,18.39,359363.04,6201.42,14544.65,380109.11,36.27,1932775.66,75615.4
VOY-002400,Supramax,5652.7,79325.2,573.64,5.73,18.12,280608.0,13148.31,13508.49,307264.8,17.34,1375379.75,44788.86
VOY-002401,Panamax,11832.4,129027.8,683.95,2.47,37.92,830029.5,8456.36,38762.88,877248.74,15.35,1980404.58,27307.69
VOY-002402,Capesize,11360.1,30935.6,880.4,5.45,36.41,1218123.63,28763.89,6077.23,1252964.75,41.7,1289974.22,884.22
VOY-002403,Supramax,11646.0,106424.6,802.83,4.93,37.33,809110.88,15818.36,22314.4,847243.64,37.83,4025796.93,75227.09
VOY-002404,Handysize,3283.4,63271.4,849.99,4.86,10.52,89450.55,12398.41,9331.58,111180.54,14.49,916632.6,52349.82
VOY-002405,Panamax,11919.2,98480.6,467.36,2.13,38.2,571340.34,4984.73,17758.68,594083.75,29.89,2943697.42,58251.61
VOY-002406,Handysize,3528.1,81288.2,642.85,4.1,11.31,72693.62,7912.16,16681.78,97287.56,16.64,1352414.49,81445.25
VOY-002407,Handysize,10218.6,166918.8,652.3,4.77,32.75,213639.3,9337.39,43409.36,266386.06,38.81,6478234.44,165545.68
VOY-002408,Supramax,5995.2,171964.3,573.46,5.64,19.22,297523.87,12931.4,30374.51,340829.78,32.96,5668737.02,214377.7
VOY-002409,Supramax,7274.9,10195.9,414.71,5.39,23.32,261085.53,8934.47,2668.22,272688.23,27.15,276850.85,145.02
VOY-002410,Supramax,8032.3,166006.7,783.22,1.94,25.74,544417.02,6066.08,45081.57,595564.67,38.35,6366880.94,208496.33
VOY-002411,Supramax,6420.0,123163.3,892.5,2.81,20.58,495847.61,10037.05,20566.95,526451.61,34.67,4269469.18,160037.71
VOY-002412,Supramax,4772.5,63607.5,755.56,2.75,15.3,312052.95,8307.27,14876.81,335237.03,33.14,2108057.99,98243.25
VOY-002413,Handysize,10151.2,141722.8,732.77,4.03,32.54,238412.75,8862.76,38994.37,286269.87,19.69,2789976.48,68468.14
VOY-002414,Supramax,1670.7,46775.7,425.91,4.11,5.35,61579.53,7005.77,7877.56,76462.86,10.73,502079.64,44957.51
VOY-002415,Supramax,2539.7,62006.7,606.71,3.9,8.14,133342.37,9474.17,9981.04,152797.59,15.64,969541.78,67814.49
VOY-002416,Handysize,9265.5,140166.7,736.37,4.32,29.7,218680.11,9544.58,23150.96,251375.66,44.91,6295255.57,177668.86
VOY-002417,Capesize,5715.5,69063.5,887.95,4.7,18.32,618120.91,25035.7,13817.5,656974.11,12.01,829385.05,7490.19
VOY-002418,Handysize,5068.9,166902.5,879.68,5.95,16.25,142916.75,15699.98,43145.29,201762.02,20.47,3416049.23,144816.98
VOY-002419,Supramax,7658.5,97693.7,639.34,4.18,24.55,423725.09,10699.4,26726.98,461151.47,33.45,3268309.77,97707.61
VOY-002420,Supramax,7607.2,95884.0,826.43,5.4,24.38,544048.38,17857.47,18845.44,580751.28,33.47,3209311.17,88254.46
VOY-002421,Supramax,2969.5,81935.8,749.25,3.62,9.52,192540.64,10854.73,18161.91,221557.28,25.87,2119945.95,144478.59
VOY-002422,Supramax,1704.7,80207.2,863.98,1.8,5.46,127455.82,6203.6,25489.19,159148.61,39.04,3131459.57,409476.88
VOY-002423,Panamax,10709.2,62025.0,527.31,5.75,34.32,579189.6,15159.39,9903.88,604252.87,38.99,2418602.75,45274.84
VOY-002424,Capesize,3542.1,79368.0,571.12,5.88,11.35,246386.49,20153.01,16234.37,282773.86,36.12,2866637.96,149928.44
VOY-002425,Capesize,301.6,85608.4,588.47,5.87,0.97,21616.9,20717.73,11400.33,53734.96,15.77,1350010.51,189668.96
VOY-002426,Panamax,8350.2,52855.6,848.77,1.66,26.76,726912.38,7032.68,7978.12,741923.18,43.36,2291648.51,54528.16
VOY-002427,Supramax,7600.0,42024.7,502.75,3.94,24.36,330656.02,7921.38,13364.29,351941.69,22.1,928544.39,20376.15
VOY-002428,Capesize,1928.6,158611.4,709.45,3.67,6.18,166647.43,15616.93,49273.0,231537.36,10.99,1743644.55,153509.96
VOY-002429,Handysize,6160.0,27753.2,485.58,2.58,19.74,95869.38,3752.75,6550.08,106172.21,26.51,735781.53,28208.81
VOY-002430,Supramax,11308.3,66517.1,442.76,4.75,36.24,433289.74,8411.18,8042.07,449742.99,23.82,1584159.84,27672.86
VOY-002431,Supramax,3689.7,148663.9,750.37,1.7,11.83,239595.4,5102.9,43411.8,288110.09,17.58,2613259.89,171900.53
VOY-002432,Handysize,3525.0,92088.2,432.03,4.25,11.3,48810.54,5505.61,30011.98,84328.13,40.58,3737391.39,234985.22
VOY-002433,Panamax,4445.4,163684.5,669.82,1.64,14.25,305392.35,5483.34,38981.54,349857.23,27.51,4502648.02,261425.45
VOY-002434,Handysize,5377.5,116632.7,872.93,5.46,17.24,150453.66,14289.24,26955.31,191698.21,21.64,2524322.18,102795.66
VOY-002435,Handysize,11528.7,36086.5,745.41,5.58,36.95,275434.41,12475.07,6517.35,294426.82,21.72,783837.19,11507.55
VOY-002436,Supramax,9533.3,161616.9,429.18,4.4,30.56,354073.64,7550.03,46198.5,407822.17,9.44,1525563.29,31977.98
VOY-002437,Handysize,6398.5,139808.7,862.94,5.48,20.51,176972.45,14176.37,41900.6,233049.42,41.32,5777222.22,213367.9
VOY-002438,Supramax,1608.4,37734.5,574.97,5.31,5.16,80027.17,12219.4,11832.31,104078.88,39.23,1480277.89,131465.89
VOY-002439,Handysize,7761.8,124873.4,511.31,1.77,24.88,127200.42,2719.69,27175.74,157095.85,44.08,5503821.28,200624.32
VOY-002440,Handysize,7306.2,34099.7,800.84,5.11,23.42,187535.95,12279.79,6830.58,206646.32,33.49,1142057.09,32788.59
VOY-002441,Handysize,8084.9,64803.0,651.42,4.22,25.91,168804.35,8237.59,19754.23,196796.17,16.36,1060070.62,28653.3
VOY-002442,Handysize,359.4,141079.0,761.86,5.69,1.15,8775.03,12999.42,37399.37,59173.82,25.32,3571940.31,513610.21
VOY-002443,Capesize,7656.8,57453.8,890.28,3.36,24.54,830240.12,17926.79,12725.47,860892.39,40.08,2302876.66,51689.48
VOY-002444,Handysize,5280.7,176343.7,885.87,3.14,16.93,149935.73,8333.7,36615.48,194884.91,32.45,5723213.54,275574.98
VOY-002445,Supramax,11924.8,30984.3,731.21,1.7,38.22,754575.59,4969.09,7512.51,767057.19,41.17,1275532.34,12737.55
VOY-002446,Capesize,3611.3,107652.7,472.04,5.32,11.57,207622.94,15057.41,20354.18,243034.53,21.49,2313453.84,122574.73
VOY-002447,Panamax,6897.5,123273.5,699.95,3.96,22.11,495171.77,13852.15,36665.24,545689.15,10.92,1346493.79,30722.73
VOY-002448,Capesize,9301.5,173899.0,518.25,3.97,29.81,587113.54,12333.89,39816.94,639264.37,27.93,4857251.6,124869.71
VOY-002449,Handysize,3084.6,146252.1,803.14,2.31,9.89,79401.6,5562.62,31919.56,116883.77,11.69,1709865.7,130624.84
VOY-002450,Panamax,10960.9,175524.5,470.75,3.02,35.13,529217.18,7111.43,28831.66,565160.27,43.76,7680639.65,186501.6
VOY-002451,Supramax,3513.5,12219.8,868.54,1.62,11.26,264083.89,5635.57,2558.52,272277.98,20.83,254560.92,-1375.18
VOY-002452,Panamax,6851.1,164781.5,569.1,4.3,21.96,399893.07,12229.24,28477.37,440599.67,39.86,6568955.11,233405.27
VOY-002453,Capesize,7783.0,17260.5,888.16,4.36,24.95,841914.43,23252.06,3269.13,868435.62,25.36,437790.41,-14693.31
VOY-002454,Supramax,10103.0,102895.0,719.36,5.14,32.38,628929.99,14779.45,30331.57,674041.01,35.58,3661146.32,79618.58
VOY-002455,Handysize,1965.8,37055.8,818.47,3.56,6.3,51567.99,8736.8,7966.41,68271.19,30.84,1142887.26,109001.53
VOY-002456,Panamax,11010.1,35320.8,555.02,5.89,35.29,626747.75,16347.89,7427.0,650522.64,39.81,1406280.45,18352.63
VOY-002457,Capesize,6201.8,47962.0,650.7,3.79,19.88,491502.55,14786.26,9467.79,515756.6,38.75,1858754.63,56750.63
VOY-002458,Capesize,2330.4,151502.7,430.58,5.99,7.47,122214.68,15486.33,45860.18,183561.19,18.35,2780450.6,192880.38
VOY-002459,Panamax,6082.8,57392.4,586.22,3.0,19.5,365732.8,8782.26,8075.0,382590.06,10.33,592851.6,9348.11
VOY-002460,Handysize,1247.1,13481.2,646.84,2.99,4.0,25854.95,5810.53,3508.24,35173.73,38.55,519729.76,69307.1
VOY-002461,Handysize,7497.8,114417.0,403.67,5.32,24.03,97008.39,6439.1,31085.12,134532.61,28.35,3244158.44,105954.69
VOY-002462,Handysize,2375.4,43590.1,873.45,3.59,7.61,66500.26,9398.24,5867.5,81765.99,36.59,1594773.56,135087.44
VOY-002463,Panamax,8470.4,42939.9,845.99,1.88,27.15,734958.87,7950.31,10001.97,752911.15,18.36,788451.22,1224.33
VOY-002464,Panamax,1199.6,159493.9,803.8,4.29,3.84,98896.22,17254.34,33177.48,149328.04,24.36,3884786.88,459008.7
VOY-002465,Handysize,3306.4,55427.7,461.29,5.94,10.6,48884.8,8226.36,9514.22,66625.37,41.34,2291104.33,134474.62
VOY-002466,Handysize,8865.9,44331.4,631.06,3.72,28.42,179324.96,7040.1,11391.8,197756.86,24.57,1089444.09,27748.17
VOY-002467,Supramax,2014.6,114135.5,582.68,2.33,6.46,101583.03,5429.39,26545.07,133557.5,33.62,3836742.5,421467.89
VOY-002468,Capesize,6900.1,151007.5,840.39,4.92,22.12,706262.31,24798.71,28163.52,759224.55,12.47,1882655.19,41556.63
VOY-002469,Handysize,10047.2,176232.6,778.33,4.77,32.2,250640.86,11141.38,29450.35,291232.59,32.35,5701803.95,146334.1
VOY-002470,Handysize,11782.5,140531.5,563.65,1.8,37.76,212860.07,3037.19,32468.75,248366.01,16.95,2382703.52,53951.19
VOY-002471,Handysize,6787.6,115249.8,873.03,4.33,21.76,189929.51,11339.68,33820.18,235089.37,28.35,3266987.36,116232.38
VOY-002472,Handysize,918.1,128966.3,827.26,5.65,2.94,24342.47,14033.18,19938.23,58313.88,43.77,5644351.79,649766.97
VOY-002473,Capesize,4064.5,54155.7,433.96,2.59,13.03,214825.73,6751.6,12314.53,233891.86,43.24,2341575.04,134933.91
VOY-002474,Capesize,11720.9,146028.7,501.54,5.82,37.57,715969.2,17526.04,30793.9,764289.14,19.21,2805782.65,47048.51
VOY-002475,Capesize,11576.3,58308.5,727.26,5.95,37.1,1025388.07,25975.2,9401.14,1060764.4,14.77,861271.24,-4633.32
VOY-002476,Capesize,11851.7,179420.9,629.01,3.32,37.99,907967.34,12547.45,34860.1,955374.89,16.93,3037530.33,50402.04
VOY-002477,Handysize,6773.8,39644.3,723.77,3.69,21.71,157138.61,8017.95,9016.51,174173.06,29.67,1176273.56,39447.02
VOY-002478,Capesize,9218.0,153391.6,849.88,5.89,29.55,954171.59,30051.4,45575.82,1029798.81,41.85,6419673.78,152091.97
VOY-002479,Capesize,5710.7,36259.0,673.22,5.96,18.3,468245.05,24075.38,9952.76,502273.19,42.76,1550253.81,43191.35
VOY-002480,Handysize,9085.7,157980.8,806.79,5.68,29.12,234942.38,13749.48,51467.55,300159.41,27.38,4325329.53,115661.03
VOY-002481,Capesize,5267.0,106619.8,657.51,5.26,16.88,421784.88,20738.2,25598.55,468121.63,34.96,3727590.55,147233.77
VOY-002482,Panamax,1457.4,132852.1,719.51,5.81,4.67,107553.37,20912.03,31971.59,160437.0,39.84,5293022.57,489558.15
VOY-002483,Panamax,11044.5,125382.9,791.15,4.4,35.4,896189.31,17395.85,38112.84,951698.0,34.04,4268238.79,83337.48
VOY-002484,Handysize,8714.4,59408.6,662.44,1.59,27.93,185025.74,3168.95,8863.3,197057.99,14.77,877407.91,23042.89
VOY-002485,Panamax,9200.4,121364.5,543.93,5.62,29.49,513265.43,15274.94,24159.06,552699.43,13.34,1619405.18,30386.18
VOY-002486,Handysize,11218.6,95600.9,717.62,5.55,35.96,258033.8,11952.13,16343.4,286329.33,44.34,4239343.14,95233.31
VOY-002487,Capesize,3310.4,97715.4,782.67,1.78,10.61,315559.29,8337.36,13462.6,337359.25,16.96,1657196.24,106562.68
VOY-002488,Handysize,11259.6,105484.1,445.45,2.31,36.09,160757.15,3087.14,18109.29,181953.58,28.16,2970181.12,72613.0
VOY-002489,Handysize,3680.4,115129.8,467.89,5.45,11.8,55192.69,7643.67,26920.5,89756.86,19.38,2230837.75,124180.67
VOY-002490,Supramax,11671.3,117897.2,877.44,2.92,37.41,886229.75,10255.71,28341.18,924826.63,42.99,5068888.52,102753.46
VOY-002491,Panamax,11027.5,117770.9,735.74,4.0,35.34,832139.0,14723.32,19091.05,865953.37,39.62,4665908.35,96575.43
VOY-002492,Handysize,2028.7,103165.8,589.37,2.41,6.5,38321.83,4253.17,15649.45,58224.45,23.9,2465444.9,270240.7
VOY-002493,Panamax,1223.0,88483.9,837.49,5.95,3.92,105050.47,24908.04,13367.64,143326.16,26.01,2301241.04,218675.85
VOY-002494,Capesize,9783.7,45982.1,642.05,1.99,31.36,765066.38,7674.05,9247.91,781988.34,9.0,413770.2,-11040.96
VOY-002495,Handysize,7035.3,90629.8,458.3,2.01,22.55,103341.82,2764.46,24361.21,130467.49,25.17,2281165.4,87569.91
VOY-002496,Panamax,10208.3,148784.8,590.28,5.76,32.72,618023.04,17011.12,36039.6,671073.76,22.57,3357747.73,69815.47
VOY-002497,Handysize,2710.4,141532.7,450.63,3.89,8.69,39146.86,5261.91,19780.35,64189.11,14.15,2002929.53,154119.56
VOY-002498,Capesize,965.5,145346.5,823.59,1.59,3.09,96848.96,7842.51,22013.08,126704.56,27.54,4002402.24,827850.42
VOY-002499,Supramax,5968.7,127022.4,560.88,3.35,19.13,289709.77,7509.18,27534.06,324753.01,31.91,4053908.37,165905.19
VOY-002500,Capesize,4035.8,136482.0,855.25,4.18,12.94,420385.38,21468.92,31120.86,472975.15,13.3,1815573.49,78428.03
VOY-002501,Capesize,10455.5,91027.4,619.75,1.75,33.51,789203.52,6490.63,28392.6,824086.75,34.93,3180005.73,66821.98
VOY-002502,Capesize,2611.8,110069.4,414.05,2.07,8.37,131711.09,5145.72,30022.16,166878.98,10.18,1119974.7,91270.11
VOY-002503,Supramax,1224.8,40340.4,888.47,2.47,3.93,94172.02,8783.01,12715.35,115670.37,41.92,1691214.38,246292.46
VOY-002504,Handysize,3593.6,133961.1,522.29,2.71,11.52,60156.24,4238.65,24204.6,88599.49,36.52,4891684.38,337698.48
VOY-002505,Capesize,2496.3,165644.0,724.86,5.2,8.0,220381.98,22622.21,47146.93,290151.11,28.63,4742476.64,337236.98
VOY-002506,Handysize,7011.1,70539.8,594.84,4.06,22.47,133668.87,7240.41,17317.06,158226.34,27.19,1917925.94,66331.46
VOY-002507,Panamax,2169.9,150451.1,772.11,3.4,6.95,171833.39,13129.92,36163.92,221127.22,33.03,4970103.49,458582.18
VOY-002508,Capesize,1817.6,88954.9,850.1,4.36,5.83,188191.53,22242.12,20474.58,230908.23,27.57,2452105.5,218055.61
VOY-002509,Handysize,4853.9,134042.4,785.99,4.88,15.56,122278.82,11498.38,27132.54,160909.73,20.72,2777983.6,128076.35
VOY-002510,Handysize,5183.3,150873.9,476.99,3.61,16.61,79242.33,5164.21,40930.07,125336.61,11.85,1788318.93,82236.42
VOY-002511,Handysize,10247.5,12931.7,884.15,3.51,32.84,290394.46,9320.74,2219.39,301934.59,35.99,465398.47,4495.88
VOY-002512,Supramax,9234.4,138144.0,487.81,2.25,29.6,389823.53,4390.12,39781.08,433994.72,33.73,4659356.14,132676.05
VOY-002513,Supramax,6333.4,88026.4,775.67,1.71,20.3,425130.91,5303.23,26477.67,456911.81,23.63,2079652.75,73732.21
VOY-002514,Panamax,409.6,26897.6,550.18,5.59,1.31,23116.0,15375.26,7552.21,46043.47,40.66,1093746.63,151793.91
VOY-002515,Capesize,5746.9,97896.5,876.72,4.26,18.42,613654.57,22422.5,14491.86,650568.93,27.62,2704357.6,90546.03
VOY-002516,Handysize,8826.1,37801.8,843.39,3.1,28.29,238584.19,7836.86,9870.2,256291.24,39.61,1497452.81,39544.89
VOY-002517,Capesize,6750.6,114225.6,695.23,3.9,21.64,571607.82,16261.73,30915.91,618785.45,29.07,3320963.02,105823.4
VOY-002518,Panamax,10436.7,43505.0,577.55,5.89,33.45,618233.48,17020.03,8420.87,643674.37,37.2,1618415.77,24774.27
VOY-002519,Panamax,3432.3,44368.6,897.42,3.99,11.0,315918.2,17887.89,9855.34,343661.43,33.67,1493817.91,76741.2
VOY-002520,Panamax,8201.6,162067.8,671.33,2.91,26.29,564714.69,9752.73,40557.06,615024.47,26.27,4258292.61,124800.98
VOY-002521,Handysize,11721.6,53395.5,405.21,2.54,37.57,152233.41,3093.58,10268.9,165595.88,37.33,1993399.87,45564.99
VOY-002522,Panamax,11151.0,171795.9,603.41,3.63,35.74,690117.94,10941.61,42272.42,743331.98,23.2,3985928.31,82368.2
VOY-002523,Supramax,6088.4,120512.2,742.68,4.38,19.51,391301.54,13023.46,19269.61,423594.62,9.82,1183385.37,31793.1
VOY-002524,Panamax,5550.3,77478.1,896.65,3.4,17.79,510429.91,15238.36,14051.39,539719.65,44.06,3413530.47,135631.52
VOY-002525,Supramax,2941.0,59146.3,676.67,4.03,9.43,172219.65,10914.59,10636.79,193771.02,41.59,2459867.12,168372.71
VOY-002526,Supramax,872.4,163594.9,672.44,1.8,2.8,50765.82,4853.81,22154.18,77773.81,31.7,5186137.93,1110348.43
VOY-002527,Supramax,4388.0,23136.0,512.91,5.89,14.06,194768.83,12091.29,3904.48,210764.6,23.53,544335.4,16714.03
VOY-002528,Capesize,4364.7,97877.7,721.09,5.9,13.99,383332.44,25534.26,31197.83,440064.53,34.48,3375226.1,147559.46
VOY-002529,Supramax,3470.8,163416.1,527.38,2.11,11.12,158404.23,4460.66,41242.05,204106.93,14.9,2434608.22,168479.02
VOY-002530,Panamax,9541.0,152175.4,861.85,2.73,30.58,843372.72,11773.91,23813.77,878960.4,38.64,5880574.26,150142.66
VOY-002531,Capesize,10822.7,142603.0,821.66,4.47,34.69,1083068.74,22037.66,18960.78,1124067.18,44.38,6328631.59,132910.79
VOY-002532,Supramax,4665.2,161793.6,552.49,2.84,14.95,223049.99,6279.57,50283.27,279612.83,9.9,1601952.52,74313.56
VOY-002533,Panamax,2569.4,22918.3,786.82,2.05,8.24,207352.18,8065.19,5063.93,220481.3,44.36,1016574.66,77400.01
VOY-002534,Handysize,484.4,141662.7,447.55,5.44,1.55,6949.1,7299.04,17268.52,31516.67,33.73,4777597.03,679073.32
VOY-002535,Supramax,8388.6,72445.6,836.65,2.04,26.89,607353.57,6825.57,13799.53,627978.67,23.68,1715688.01,37603.13
VOY-002536,Handysize,8951.6,134045.4,826.93,4.01,28.69,237255.89,9951.38,41878.0,289085.27,23.92,3205775.72,89188.53
VOY-002537,Panamax,7962.1,122231.5,791.72,5.38,25.52,646536.15,21293.61,39446.49,707276.24,44.26,5409862.39,152194.48
VOY-002538,Capesize,11262.4,154853.0,888.36,2.03,36.1,1218559.16,10815.18,41248.18,1270622.51,13.67,2116463.58,22185.16
VOY-002539,Panamax,7041.3,72253.5,460.51,3.54,22.57,332571.35,8157.17,14820.31,355548.82,25.1,1813253.84,55827.34
VOY-002540,Handysize,934.1,156402.0,416.99,3.28,2.99,12484.48,4101.68,23421.23,40007.38,15.36,2401750.11,376508.63
VOY-002541,Handysize,5262.3,134787.7,799.23,2.82,16.87,134802.47,6766.67,34674.4,176243.54,39.08,5267590.94,258593.33
VOY-002542,Panamax,7558.9,146111.9,567.91,4.74,24.23,440284.56,13452.66,39681.27,493418.49,38.03,5556764.67,174810.86
VOY-002543,Panamax,10784.8,82247.5,875.5,5.15,34.57,968419.29,22557.41,11575.98,1002552.68,8.34,685988.62,-7969.94
VOY-002544,Panamax,4698.6,102699.4,877.21,4.07,15.06,422730.24,17834.01,21793.43,462357.69,19.5,2003073.11,80558.02
VOY-002545,Supramax,7347.3,176328.0,725.6,2.99,23.55,461349.85,8671.76,23714.55,493736.16,39.24,6918472.15,242106.67
VOY-002546,Supramax,4964.1,119825.7,517.36,3.49,15.91,222251.57,7216.31,27660.7,257128.59,31.94,3827278.56,184049.15
VOY-002547,Panamax,6678.2,105676.0,642.16,1.73,21.4,439843.1,5563.16,24035.08,469441.35,37.63,3976606.59,151582.11
VOY-002548,Panamax,4845.4,90638.7,529.7,4.46,15.53,263243.31,11813.23,11270.05,286326.59,28.04,2541316.49,112803.35
VOY-002549,Capesize,626.6,45650.9,543.01,5.62,2.01,41441.79,18295.52,14242.13,73979.43,20.88,953185.1,115323.37
VOY-002550,Capesize,3242.3,149026.2,428.81,2.78,10.39,169336.71,7145.38,22091.6,198573.69,13.27,1978055.84,135124.49
VOY-002551,Supramax,9328.3,114756.2,811.52,3.46,29.9,655100.68,11233.98,21292.22,687626.88,11.05,1267578.8,17385.13
VOY-002552,Panamax,7425.8,20068.0,878.4,2.08,23.8,669006.59,9131.02,4774.85,682912.46,21.88,439042.03,-9423.29
VOY-002553,Supramax,9691.8,66899.0,896.46,5.34,31.06,751873.36,19166.3,17138.1,788177.77,41.7,2789788.64,54976.52
VOY-002554,Handysize,2946.6,168764.0,800.69,1.7,9.44,75618.2,4079.62,43786.63,123484.45,21.07,3556618.07,308112.92
VOY-002555,Handysize,4300.0,53120.9,533.67,4.51,13.78,73550.54,7228.36,11855.8,92634.7,31.41,1668783.71,86143.71
VOY-002556,Handysize,11006.3,91906.9,408.66,5.58,35.28,144163.12,6841.84,26846.11,177851.08,44.62,4100943.05,96019.39
VOY-002557,Capesize,11374.7,17306.4,832.54,1.89,36.46,1153390.18,9461.46,2695.72,1165547.36,34.22,592293.3,-14947.32
VOY-002558,Panamax,10789.3,163559.4,645.21,2.18,34.58,713984.14,7028.23,39593.84,760606.21,27.16,4441461.47,100133.12
VOY-002559,Capesize,4266.3,102394.6,804.41,5.37,13.67,417982.06,25897.98,33076.58,476956.63,31.68,3244356.2,145347.32
VOY-002560,Panamax,9367.8,27303.6,608.48,3.86,30.03,584624.22,11734.04,8100.98,604459.23,21.9,597932.25,-192.64
VOY-002561,Panamax,7839.9,135891.7,695.68,1.93,25.13,559387.33,6716.8,35731.25,601835.39,16.95,2302703.12,62858.07
VOY-002562,Handysize,4408.5,157249.3,643.91,3.3,14.13,90984.25,6367.0,48262.83,145614.08,23.45,3688185.14,203293.83
VOY-002563,Capesize,3156.2,15781.5,509.14,3.87,10.12,195717.83,11808.55,3734.63,211261.01,8.6,135684.62,-5405.45
VOY-002564,Panamax,8271.4,38866.0,458.12,2.99,26.51,388644.93,6850.88,10979.9,406475.71,44.91,1745517.21,45388.27
VOY-002565,Supramax,839.1,89434.6,446.65,3.77,2.69,32434.48,6729.46,12654.01,51817.95,42.95,3841333.94,586962.02
VOY-002566,Supramax,9633.6,174815.6,861.08,4.3,30.88,717860.27,14799.21,39898.12,772557.6,28.55,4991024.27,119932.84
VOY-002567,Supramax,11201.7,10490.6,787.28,5.08,35.9,763171.24,16004.15,1613.56,780788.95,25.97,272442.49,-12403.22
VOY-002568,Handysize,9234.3,30939.8,642.39,4.04,29.6,190129.05,7787.92,5378.82,203295.79,39.06,1208635.38,29886.91
VOY-002569,Panamax,5385.2,135190.9,732.95,4.19,17.26,404833.23,15343.63,16293.33,436470.19,14.33,1936812.73,69955.43
VOY-002570,Capesize,7541.4,113530.5,783.52,3.75,24.17,719668.51,17637.15,32691.33,769996.99,27.77,3153122.01,85346.57
VOY-002571,Supramax,8663.5,58072.5,680.67,1.77,27.77,510313.48,4809.36,7315.26,522438.1,42.52,2469261.38,65917.78
VOY-002572,Supramax,6631.6,142644.7,520.99,5.87,21.25,298987.85,12230.29,43836.44,355054.58,8.72,1243189.24,32743.77
VOY-002573,Capesize,1499.5,165441.6,606.39,5.09,4.81,110747.77,18529.92,53820.28,183097.97,23.85,3945285.79,380050.62
VOY-002574,Capesize,4240.1,27802.5,881.56,1.93,13.59,455259.97,10230.25,8262.68,473752.91,22.44,623883.43,9670.7
VOY-002575,Handysize,4270.8,165777.5,645.3,1.55,13.69,88332.64,2999.54,49590.29,140922.47,29.26,4850765.18,309085.13
VOY-002576,Capesize,7513.2,76003.1,632.62,4.35,24.08,578885.21,16502.16,18042.93,613430.3,14.71,1117699.94,17738.3
VOY-002577,Panamax,4950.2,12829.6,687.7,5.23,15.87,349156.24,17991.52,2691.88,369839.64,33.14,425131.13,2620.64
VOY-002578,Supramax,2605.5,43983.8,683.6,3.54,8.35,154134.74,9686.86,12806.26,176627.86,26.57,1168809.46,83422.6
VOY-002579,Supramax,5914.6,113319.8,527.28,5.29,18.96,269884.32,11159.0,25443.84,306487.16,17.48,1980471.28,69036.57
VOY-002580,Handysize,4101.6,143233.4,702.37,1.96,13.15,92334.19,4132.77,44585.22,141052.18,10.86,1554965.33,93591.19
VOY-002581,Panamax,4880.2,11888.5,742.25,4.45,15.64,371518.94,16514.52,2432.07,390465.54,35.0,416058.58,1273.83
VOY-002582,Handysize,1904.4,38669.1,871.51,3.09,6.1,53195.99,8090.33,10927.3,72213.61,13.12,507216.05,47291.89
VOY-002583,Supramax,8535.9,83445.0,595.01,4.27,27.36,439522.48,10161.2,13674.58,463358.26,15.64,1305027.13,26611.42
VOY-002584,Panamax,3068.6,127414.7,591.57,5.09,9.84,186181.78,15050.31,27429.31,228661.39,19.46,2479130.23,150800.08
VOY-002585,Handysize,8926.3,102968.4,526.62,4.19,28.61,150665.3,6623.09,13464.81,170753.19,41.43,4266389.63,124859.01
VOY-002586,Supramax,3134.6,87329.4,878.97,3.67,10.05,238433.48,12915.11,24104.92,275453.51,36.53,3189943.18,212422.18
VOY-002587,Panamax,10692.5,93089.8,874.18,1.76,34.27,958679.25,7709.98,29828.36,996217.59,39.72,3697258.76,74956.47
VOY-002588,Capesize,7581.0,171078.7,625.03,5.57,24.3,577107.16,20885.11,41767.52,639759.8,12.92,2209846.09,52568.78
VOY-002589,Panamax,1849.7,157442.0,841.06,4.65,5.93,159558.8,19539.66,47193.62,226292.08,38.77,6103772.63,555794.12
VOY-002590,Supramax,9236.4,11705.5,836.49,5.93,29.6,668608.7,19832.31,3157.29,691598.3,15.08,176503.29,-14497.08
VOY-002591,Handysize,1391.3,42185.4,483.08,5.93,4.46,21542.29,8591.35,5542.74,35676.38,42.69,1800968.84,169943.89
VOY-002592,Panamax,7245.7,129966.2,580.26,1.82,23.22,431216.34,5286.98,23692.67,460195.99,32.71,4251284.08,151366.81
VOY-002593,Handysize,11829.2,49214.9,708.23,1.55,37.91,268521.93,3283.68,16201.01,288006.62,20.75,1021317.83,18583.79
VOY-002594,Panamax,10830.6,58445.8,515.93,4.94,34.71,573104.86,12753.12,18652.51,604510.49,23.56,1376939.49,19477.71
VOY-002595,Panamax,3607.3,166358.4,753.6,5.36,11.56,278813.59,20192.32,39858.99,338864.9,35.06,5831920.66,324636.25
VOY-002596,Panamax,2457.1,162780.6,872.2,2.2,7.88,219804.71,9587.42,33634.11,263026.24,20.26,3297787.13,301251.87
VOY-002597,Supramax,10987.6,21522.1,604.74,3.76,35.22,575017.35,9092.02,6113.96,590223.34,42.12,906594.11,8117.22
VOY-002598,Supramax,3142.0,42011.4,508.92,2.43,10.07,138377.02,4955.87,8698.02,152030.91,37.88,1591539.96,115115.09
VOY-002599,Panamax,2127.3,29133.6,560.47,4.29,6.82,122285.81,12024.97,5187.58,139498.35,15.16,441688.25,27201.48
VOY-002600,Capesize,9248.6,24250.6,722.65,5.94,29.64,814021.02,25746.1,3095.31,842862.43,12.4,300657.23,-15238.67
VOY-002601,Panamax,2862.9,78468.1,810.65,3.17,9.18,238028.56,12845.22,17673.95,268547.74,13.38,1050140.46,63312.73
VOY-002602,Supramax,8668.3,86866.7,462.48,5.37,27.78,346922.96,9932.35,24925.41,381780.72,44.52,3867591.62,105146.21
VOY-002603,Panamax,1213.8,101551.4,428.22,2.54,3.89,53311.24,5445.56,14829.08,73585.88,29.21,2965972.24,449561.61
VOY-002604,Handysize,9175.1,158360.5,446.43,2.27,29.41,131283.1,3045.46,25114.79,159443.35,40.71,6447450.54,198475.88
VOY-002605,Panamax,9330.8,23241.4,536.96,3.83,29.91,513872.22,10285.37,4968.8,529126.39,30.51,709165.35,5336.48
VOY-002606,Capesize,5590.6,161809.4,641.67,4.06,17.92,436916.75,15623.58,37190.62,489730.95,17.44,2821614.31,106107.03
VOY-002607,Supramax,2563.0,10194.9,546.57,4.73,8.21,121226.27,10333.87,2083.84,133643.98,34.86,355418.43,17136.87
VOY-002608,Capesize,456.2,87486.8,875.02,3.65,1.46,48616.71,19158.35,28083.21,95858.26,14.37,1256785.97,227133.0
VOY-002609,Capesize,10673.5,28018.1,568.03,2.57,34.21,738424.14,8747.96,8157.21,755329.31,26.69,747934.07,-201.09
VOY-002610,Supramax,6795.1,34101.6,524.71,2.98,21.78,308545.7,6252.28,6312.49,321110.47,33.35,1137277.09,32965.82
VOY-002611,Supramax,3810.8,115931.1,601.75,5.06,12.21,198442.69,12181.47,28108.45,238732.6,25.74,2984424.01,158941.65
VOY-002612,Handysize,6990.5,148256.2,700.36,4.19,22.41,156917.95,8811.17,47944.5,213673.62,10.55,1564287.7,50776.58
VOY-002613,Handysize,10871.7,96504.6,472.09,5.64,34.85,164501.82,7980.9,22358.92,194841.64,38.85,3749539.4,87813.04
VOY-002614,Handysize,11612.8,105841.2,515.12,2.27,37.22,191731.86,3505.47,21240.0,216477.33,25.0,2645779.76,61518.54
VOY-002615,Supramax,11804.7,61754.9,822.06,4.11,37.84,839782.51,13506.96,12830.77,866120.24,44.86,2770057.95,45393.38
VOY-002616,Capesize,11108.8,76827.0,532.83,3.18,35.61,720924.96,10181.47,15005.59,746112.02,34.9,2681321.32,49889.5
VOY-002617,Handysize,9264.1,43611.8,679.43,2.29,29.69,201742.16,4673.4,12926.84,219342.4,14.08,614260.48,12346.76
VOY-002618,Supramax,4646.5,113769.8,689.48,4.46,14.89,277241.91,12312.08,18585.39,308139.38,44.19,5027150.33,243789.39
VOY-002619,Capesize,5403.6,54963.6,519.67,5.57,17.32,342008.13,17360.09,12599.34,371967.56,23.76,1306037.28,40812.58
VOY-002620,Supramax,5397.7,107815.5,701.84,4.39,17.3,327836.04,12333.44,25742.06,365911.54,39.77,4287847.89,180787.57
VOY-002621,Supramax,9599.1,105812.1,564.62,3.81,30.77,469025.17,8606.42,19768.26,497399.85,26.02,2753489.81,65248.41
VOY-002622,Handysize,3330.1,174854.2,732.88,3.11,10.67,78223.55,6833.65,44535.96,129593.17,32.97,5765108.62,408915.15
VOY-002623,Panamax,4188.2,149891.9,864.9,4.58,13.42,371527.22,19816.88,35251.99,426596.09,33.34,4997736.05,253863.38
VOY-002624,Panamax,2035.2,57797.4,423.51,4.65,6.52,88404.67,9855.95,18490.73,116751.35,15.47,894102.03,69545.68
VOY-002625,Handysize,6399.9,102822.7,427.83,4.04,20.51,87758.19,5183.02,13639.73,106580.94,18.22,1873351.97,71964.08
VOY-002626,Handysize,8284.0,54347.9,796.19,4.5,26.55,211398.86,10755.32,14770.56,236924.75,34.13,1854934.11,52102.65
VOY-002627,Supramax,8186.6,132822.4,582.74,4.89,26.24,412846.61,11397.73,27542.54,451786.87,21.18,2812887.14,75849.78
VOY-002628,Panamax,8315.5,19492.3,463.74,2.42,26.65,395506.89,5618.42,3804.16,404929.47,41.46,808139.64,13867.81
VOY-002629,Handysize,3149.9,40685.7,618.33,1.82,10.1,62424.5,3373.41,9139.68,74937.59,15.98,650105.42,48275.62
VOY-002630,Handysize,11257.1,13943.6,426.03,4.75,36.08,153714.15,6073.16,1935.83,161723.13,27.25,379899.66,5343.24
VOY-002631,Panamax,5171.7,170457.6,662.54,4.19,16.58,351433.17,13870.6,37265.52,402569.29,10.19,1736131.65,64227.86
VOY-002632,Handysize,10755.1,73182.5,462.73,5.08,34.47,159509.32,7049.38,13344.65,179903.36,38.44,2813434.51,66588.33
VOY-002633,Capesize,11467.1,107090.9,777.27,4.46,36.75,1085553.23,20780.22,17967.57,1124301.02,10.3,1102815.97,-521.36
VOY-002634,Panamax,8986.1,52493.5,859.35,2.1,28.8,792022.7,9033.49,15591.45,816647.64,41.09,2157135.47,43375.63
VOY-002635,Capesize,2091.3,110936.6,486.38,1.56,6.7,123884.6,4547.7,30815.99,159248.29,19.1,2118924.93,237216.11
VOY-002636,Supramax,1117.2,79875.4,853.69,2.54,3.58,82535.16,8684.31,11647.98,102867.45,22.03,1759396.71,270501.86
VOY-002637,Panamax,11253.4,61752.1,547.44,5.79,36.07,631852.0,15850.44,12768.6,660471.03,11.89,734172.74,1760.69
VOY-002638,Panamax,8059.1,19423.1,427.31,4.94,25.83,353200.95,10554.71,5436.47,369192.13,9.2,178670.63,-6191.71
VOY-002639,Capesize,5165.1,73638.5,724.63,5.66,16.55,455851.57,24609.22,13851.62,494312.41,34.12,2512327.09,90840.3
VOY-002640,Supramax,5632.6,161330.6,658.76,4.07,18.05,321102.77,10732.01,38148.07,369982.85,41.85,6751818.53,288433.54
VOY-002641,Handysize,4641.3,74857.7,887.97,2.38,14.88,132094.68,6337.27,9647.9,148079.85,36.81,2755620.85,151118.18
VOY-002642,Supramax,382.9,61832.6,669.11,5.8,1.23,22172.93,15522.38,16890.43,54585.75,29.35,1814556.73,250458.68
VOY-002643,Supramax,8649.7,96145.5,820.42,3.58,27.72,614110.65,11749.02,20217.42,646077.09,27.59,2652958.69,64110.63
VOY-002644,Handysize,11041.0,80339.1,475.63,1.62,35.39,168315.27,2306.35,9734.46,180356.07,43.13,3465061.06,88765.7
VOY-002645,Supramax,11572.8,84407.0,656.35,2.56,37.09,657329.48,6718.8,26733.84,690782.12,36.5,3080656.03,60272.2
VOY-002646,Panamax,4371.9,10574.1,504.17,5.62,14.01,226065.9,14155.33,3438.73,243659.97,28.74,303900.01,3069.13
VOY-002647,Supramax,4984.5,170068.3,732.82,3.78,15.98,316103.37,11069.47,37925.81,365098.66,44.05,7491250.82,360773.03
VOY-002648,Capesize,4507.1,22297.2,710.89,4.3,14.45,390237.85,18321.27,6809.33,415368.45,37.29,831552.74,22206.87
VOY-002649,Handysize,8317.5,159076.4,861.28,3.46,26.66,229605.53,8935.83,41232.05,279773.4,13.71,2181163.5,63133.54
VOY-002650,Panamax,10649.0,112408.4,853.83,3.99,34.13,932558.17,17020.33,16246.79,965825.28,26.98,3033138.75,54234.32
VOY-002651,Handysize,3161.6,82456.9,487.56,4.25,10.13,49406.52,6211.46,21364.73,76982.71,10.49,864699.5,54778.94
VOY-002652,Panamax,1330.5,101670.4,410.67,4.19,4.26,56040.13,8607.0,12325.54,76972.68,37.59,3822119.26,442889.3
VOY-002653,Capesize,4922.4,155259.2,677.56,3.05,15.78,406215.05,12401.34,27539.92,446156.31,40.85,6343007.72,313205.15
VOY-002654,Capesize,2075.6,34211.3,547.99,4.31,6.65,138532.32,14158.4,10610.15,163300.87,23.16,792295.32,57396.27
VOY-002655,Handysize,7894.8,161198.4,758.6,3.84,25.3,191954.44,8737.85,33155.95,233848.24,10.92,1759960.58,52365.75
VOY-002656,Supramax,11468.7,172688.1,548.53,3.06,36.76,544403.09,6716.52,23646.91,574766.52,36.54,6309739.09,144023.28
VOY-002657,Panamax,3103.6,56640.6,632.47,5.71,9.95,201324.11,18065.9,17647.87,237037.89,43.25,2449573.36,141284.19
VOY-002658,Handysize,5397.4,133866.0,723.0,3.65,17.3,125074.69,7923.56,23903.84,156902.08,37.75,5053792.7,233715.26
VOY-002659,Supramax,4042.4,50999.1,431.59,1.62,12.96,150979.52,2791.85,13493.27,167264.64,32.32,1648294.51,101623.5
VOY-002660,Panamax,8577.8,153406.1,637.32,4.14,27.49,560699.49,13205.07,38365.85,612270.41,35.39,5428748.11,152242.66
VOY-002661,Handysize,9498.4,146312.7,470.12,4.06,30.44,143120.76,5721.82,20508.17,169350.76,11.04,1614575.06,41889.97
VOY-002662,Capesize,10314.2,57421.4,698.95,2.6,33.06,878027.54,10906.83,15677.57,904611.94,13.88,797111.31,-3014.68
VOY-002663,Panamax,863.9,101272.4,625.53,2.52,2.77,55424.4,7882.26,26188.33,89495.0,18.8,1903782.86,343023.88
VOY-002664,Panamax,8568.5,85973.4,820.21,2.71,27.46,720819.18,11095.06,11550.9,743465.14,37.17,3195890.08,81290.66
VOY-002665,Panamax,5126.5,93632.6,463.47,1.59,16.43,243688.73,3683.72,12296.77,259669.22,16.63,1557282.26,72006.85
VOY-002666,Capesize,1617.8,105244.6,412.25,4.49,5.19,81227.69,11105.95,30287.24,122620.87,12.42,1307406.8,122456.95
VOY-002667,Capesize,5196.3,140751.2,537.01,3.36,16.65,339862.94,10823.13,27180.73,377866.81,14.44,2033110.28,82704.95
VOY-002668,Capesize,11815.2,144983.3,875.54,3.98,37.87,1259925.27,20887.43,28434.2,1309246.89,12.72,1844057.36,12780.66
VOY-002669,Capesize,9567.2,143426.2,682.33,5.78,30.66,795068.65,23680.1,38395.05,857143.79,30.49,4372922.58,96459.86
VOY-002670,Supramax,2536.1,36704.8,842.37,1.76,8.13,184875.92,5941.27,11502.77,202319.96,32.19,1181346.52,98973.33
VOY-002671,Panamax,10824.6,31948.4,457.32,4.28,34.69,507722.75,9794.43,8356.53,525873.71,34.05,1087790.47,14416.34
VOY-002672,Supramax,9525.2,42978.1,467.43,3.93,30.53,385301.09,7349.72,6552.13,399202.95,39.63,1703261.91,37842.34
VOY-002673,Capesize,10183.8,41589.8,831.09,2.93,32.64,1030827.74,14629.52,6264.09,1051721.35,24.19,1005886.18,-1288.44
VOY-002674,Capesize,4104.5,90436.5,851.38,5.12,13.16,425609.69,26145.28,20245.52,472000.49,19.77,1788330.87,72034.36
VOY-002675,Panamax,11944.2,146722.6,408.47,3.98,38.28,500391.93,8119.75,33047.63,541559.31,30.23,4435891.5,92155.59
VOY-002676,Capesize,2382.1,39606.7,401.88,1.84,7.64,116598.33,4430.73,9838.5,130867.56,39.98,1583491.44,153351.73
VOY-002677,Capesize,3035.6,135770.1,656.81,3.64,9.73,242839.61,14363.51,24888.48,282091.6,40.27,5467700.37,387727.27
VOY-002678,Handysize,11597.6,62273.2,494.99,2.72,37.17,183997.37,4040.29,17866.67,205904.32,14.44,898953.88,17372.92
VOY-002679,Panamax,7473.5,170386.8,519.72,2.25,23.95,398372.87,5858.95,21289.77,425521.59,23.54,4010264.82,136780.48
VOY-002680,Capesize,7028.1,43858.5,567.79,5.36,22.53,486018.56,18251.71,7263.61,511533.88,40.93,1795242.11,46038.48
VOY-002681,Handysize,7554.4,86889.9,830.91,2.5,24.21,201185.85,6235.58,12004.52,219425.95,40.49,3518494.47,123494.62
VOY-002682,Capesize,8816.3,49912.1,455.68,5.26,28.26,489305.28,14384.02,8166.29,511855.59,44.65,2228770.45,51223.06
VOY-002683,Supramax,664.9,58759.7,896.66,3.09,2.13,51589.97,11080.2,9955.43,72625.6,8.37,491751.24,80288.73
VOY-002684,Supramax,1676.4,28939.0,789.87,2.66,5.37,114590.34,8413.35,5703.36,128707.05,15.58,450740.34,40073.49
VOY-002685,Handysize,5705.0,46779.8,645.67,4.82,18.29,118062.59,9330.95,5657.99,133051.53,44.62,2087177.28,84585.2
VOY-002686,Panamax,5572.5,108891.7,832.45,5.13,17.86,475776.33,21333.82,20608.11,517718.26,10.28,1119094.78,26162.77
VOY-002687,Capesize,2313.9,116347.7,816.35,4.28,7.42,230065.59,20962.9,36243.03,287271.53,15.5,1803240.72,129612.6
VOY-002688,Handysize,11842.5,119892.6,400.04,4.54,37.96,151841.93,5454.35,20199.6,177495.88,22.19,2660925.71,58431.4
VOY-002689,Handysize,4673.7,80560.4,725.53,2.77,14.98,108682.74,6033.64,18297.12,133013.49,19.15,1542662.34,79408.72
VOY-002690,Handysize,4839.7,76988.0,806.32,2.78,15.51,125074.61,6716.42,12564.01,144355.04,21.92,1687813.9,84395.79
VOY-002691,Handysize,11851.4,114900.9,570.66,3.61,37.99,216765.61,6181.73,37000.3,259947.64,24.85,2854978.35,62386.45
VOY-002692,Panamax,7437.8,127984.0,441.42,4.4,23.84,336735.44,9716.24,41786.31,388238.0,30.44,3895810.42,124200.0
VOY-002693,Panamax,10807.1,178983.3,571.27,4.87,34.64,633212.44,13899.22,42357.17,689468.83,17.11,3061925.83,60055.71
VOY-002694,Handysize,11199.8,14248.5,895.94,3.81,35.9,321614.59,10247.74,4589.99,336452.31,41.06,585092.09,6261.45
VOY-002695,Supramax,493.3,112662.1,506.15,3.44,1.58,21605.87,6962.22,29753.81,58321.9,19.36,2180839.34,422826.37
VOY-002696,Panamax,1018.4,35308.4,724.05,5.59,3.26,75628.44,20243.71,6955.65,102827.8,17.51,618177.31,58192.65
VOY-002697,Capesize,456.8,123745.7,600.94,4.73,1.46,33433.88,17071.1,21885.12,72390.11,32.62,4036369.09,639493.24
VOY-002698,Panamax,11811.1,62596.0,599.03,3.29,37.86,725658.07,9847.39,12463.64,747969.09,26.71,1671889.57,22455.91
VOY-002699,Panamax,3165.8,55584.8,770.83,4.98,10.15,250290.27,19200.57,14080.66,283571.5,11.36,631450.91,22994.7
VOY-002700,Supramax,7590.5,84953.2,523.8,4.67,24.33,344071.97,9791.11,28005.7,381868.78,13.54,1150533.09,26504.13
VOY-002701,Supramax,3832.0,112545.3,408.6,4.16,12.28,135497.93,6790.98,13542.27,155831.19,15.11,1700773.73,93990.81
VOY-002702,Supramax,4981.4,36043.5,806.67,3.87,15.97,347741.51,12478.13,5972.98,366192.61,10.54,379787.61,685.47
VOY-002703,Supramax,1344.3,34607.2,538.53,5.68,4.31,62649.05,12241.26,11224.29,86114.59,34.97,1210211.1,112505.88
VOY-002704,Handysize,377.7,153205.6,798.8,5.63,1.21,9668.82,13481.82,20139.16,43289.8,20.02,3066503.24,442230.07
VOY-002705,Panamax,4560.5,32840.0,582.1,2.81,14.62,272272.09,8175.55,10139.61,290587.25,30.87,1013829.2,41503.71
VOY-002706,Supramax,7025.2,77565.7,625.24,4.67,22.52,380116.94,11677.21,17147.67,408941.83,34.3,2660268.75,82812.97
VOY-002707,Handysize,10725.8,134679.5,485.03,4.6,34.38,166742.21,6690.71,39384.25,212817.17,44.19,5951505.18,147237.63
VOY-002708,Capesize,3099.1,103563.9,714.04,3.13,9.93,269520.36,13397.08,17528.72,300446.17,40.7,4215284.58,299754.73
VOY-002709,Supramax,7213.2,178309.1,885.71,5.48,23.12,552875.12,19413.81,45527.16,617816.09,26.51,4726577.24,143668.27
VOY-002710,Panamax,3250.0,83230.3,853.71,1.73,10.42,284570.62,7402.4,10100.62,302073.64,44.84,3731775.79,282260.16
VOY-002711,Capesize,6733.3,46341.2,791.25,4.87,21.58,648881.75,23127.67,14121.73,686131.15,28.69,1329424.64,24318.79
VOY-002712,Panamax,11121.0,159664.5,635.97,5.74,35.64,725391.12,18239.31,26121.05,769751.48,39.8,6354949.18,134973.23
VOY-002713,Panamax,9455.6,149362.2,423.43,2.21,30.31,410639.24,4682.99,32626.68,447948.9,44.39,6630514.63,190126.09
VOY-002714,Capesize,8835.2,55037.1,891.88,5.35,28.32,959739.86,28649.79,15682.98,1004072.63,40.19,2212060.53,35875.24
VOY-002715,Panamax,4753.9,67462.3,415.21,2.65,15.24,202446.37,5499.13,18237.72,226183.22,17.97,1212119.17,55124.05
VOY-002716,Handysize,11631.9,163807.5,624.28,5.29,37.28,232743.13,9905.66,32981.93,275630.72,15.93,2609443.19,54821.9
VOY-002717,Panamax,9976.9,137256.3,659.8,5.96,31.98,675155.59,19667.79,35298.48,730121.87,17.54,2407110.26,44202.14
VOY-002718,Panamax,8111.3,113052.7,619.06,4.5,26.0,515013.27,13915.88,32610.97,561540.13,36.89,4170283.7,118345.02
VOY-002719,Capesize,6970.0,73346.8,886.28,5.68,22.34,752365.63,30184.51,15736.18,798286.32,24.9,1826269.96,36692.8
VOY-002720,Supramax,8712.3,166799.0,778.04,4.63,27.92,586601.92,14395.22,22998.46,623995.6,16.11,2687477.02,63394.92
VOY-002721,Capesize,8593.9,65250.8,631.5,3.78,27.54,660988.91,14313.4,12500.86,687803.17,39.47,2575309.11,60261.26
VOY-002722,Panamax,4179.4,171375.1,606.88,4.93,13.4,260145.44,14951.49,45815.99,320912.92,26.15,4481186.77,227054.23
VOY-002723,Supramax,3884.4,126768.8,858.19,2.72,12.45,288476.1,9345.12,41655.34,339476.56,9.1,1153592.27,53658.36
VOY-002724,Supramax,8140.6,177702.0,574.59,3.47,26.09,404788.14,7969.95,30471.21,443229.3,20.35,3615544.53,107319.8
VOY-002725,Handysize,4522.3,66019.5,782.49,1.63,14.49,113418.03,3821.73,10836.57,128076.33,19.33,1275933.77,71195.48
VOY-002726,Panamax,321.9,47881.6,426.37,3.73,1.03,14075.86,7947.34,14729.35,36752.55,22.95,1098701.96,223119.98
VOY-002727,Supramax,1893.4,68747.3,634.85,3.54,6.07,104023.82,8977.54,22121.09,135122.46,40.87,2809800.27,278496.13
VOY-002728,Panamax,6031.2,75965.2,483.74,5.14,19.33,299234.76,12425.67,15675.4,327335.82,38.41,2918184.55,105887.07
VOY-002729,Panamax,8956.4,50720.5,739.31,1.68,28.71,679131.63,6224.88,6865.0,692221.51,18.99,962983.37,8909.49
VOY-002730,Handysize,2614.2,124633.8,868.18,5.46,8.38,72744.53,14231.3,22119.18,109095.01,19.69,2453999.03,169393.0
VOY-002731,Capesize,3983.8,110271.6,400.37,2.5,12.77,194261.12,6003.62,30494.16,230758.9,12.84,1415951.58,77627.41
VOY-002732,Capesize,8790.6,178173.3,844.4,4.33,28.17,904054.27,21913.03,49773.26,975740.56,40.66,7244201.77,192875.57
VOY-002733,Supramax,1890.3,172937.2,665.29,5.47,6.06,108830.11,14562.5,52943.84,176336.45,21.95,3796091.38,313920.33
VOY-002734,Capesize,8062.7,78269.5,765.48,4.32,25.84,751704.07,19864.29,12243.42,783811.78,44.82,3508306.53,90313.56
VOY-002735,Supramax,1707.6,57307.9,793.25,3.88,5.47,117223.72,12326.46,8533.02,138083.19,11.94,684060.46,58343.49
VOY-002736,Handysize,8839.8,66295.5,584.55,5.31,28.33,165617.88,9306.17,8471.05,183395.1,15.41,1021785.54,24922.77
VOY-002737,Handysize,2693.9,123183.1,830.74,4.47,8.63,71727.66,11132.43,35139.74,117999.83,32.8,4040055.83,299369.13
VOY-002738,Panamax,1614.6,84712.6,786.37,3.55,5.17,130221.63,13964.27,24783.63,168969.53,44.5,3769907.67,412643.91
VOY-002739,Capesize,5481.1,58932.9,561.33,4.67,17.57,374728.16,15719.47,13604.75,404052.38,15.15,892789.38,21980.47
VOY-002740,Capesize,5045.5,128183.7,661.39,2.57,16.17,406430.89,10192.52,36762.49,453385.9,39.98,5125338.97,249306.28
VOY-002741,Supramax,2542.7,34772.5,510.48,1.53,8.15,112327.13,3121.05,9258.62,124706.8,41.59,1446052.32,136528.26
VOY-002742,Supramax,4597.1,142872.0,581.48,2.88,14.73,231330.47,6707.25,28049.95,266087.67,34.82,4974239.29,267234.72
VOY-002743,Handysize,3083.2,18611.8,611.29,5.99,9.88,60407.27,10990.25,3667.37,75064.89,21.48,399703.49,20449.82
VOY-002744,Capesize,2676.0,38934.9,751.46,1.69,8.58,244917.08,7625.4,11788.45,264330.93,20.4,794352.35,51618.06
VOY-002745,Supramax,5636.3,71231.5,590.66,1.65,18.07,288100.28,3901.09,9717.93,301719.3,43.92,3128769.47,143387.24
VOY-002746,Panamax,9812.6,109440.5,682.15,2.96,31.45,686522.62,10084.97,24198.08,720805.67,15.8,1729597.58,29319.11
VOY-002747,Supramax,9883.5,46207.3,718.52,5.14,31.68,614547.36,14784.15,5709.97,635041.47,18.57,858095.93,6057.67
VOY-002748,Supramax,4688.5,72454.7,826.76,3.95,15.03,335445.73,13075.22,20430.1,368951.06,19.24,1393958.62,54001.99
VOY-002749,Handysize,3781.8,85533.2,708.82,5.82,12.12,85916.47,12378.91,14688.11,112983.49,30.0,2565849.62,136708.08
VOY-002750,Capesize,4224.4,153956.2,596.42,3.8,13.54,306861.18,13605.98,33770.88,354238.04,14.96,2303725.24,112415.76
VOY-002751,Handysize,11512.4,89166.3,504.0,1.76,36.9,185968.14,2667.21,21676.55,210311.89,38.61,3442454.36,83598.59
VOY-002752,Handysize,1174.5,16211.4,654.18,2.28,3.76,24625.82,4478.56,2672.78,31777.16,43.21,700502.35,110598.12
VOY-002753,Panamax,5860.5,148750.0,756.28,5.05,18.78,454582.36,19102.34,28491.41,502176.1,14.73,2190573.37,70836.13
VOY-002754,Panamax,7778.6,141214.8,855.66,5.08,24.93,682650.17,21712.53,24801.98,729164.68,44.94,6345849.46,187183.33
VOY-002755,Panamax,4172.3,162924.4,857.34,4.6,13.37,366878.91,19731.12,30747.98,417358.02,16.99,2768230.7,130781.98
VOY-002756,Panamax,11961.5,156667.3,734.94,3.15,38.34,901645.18,11567.36,31871.92,945084.47,25.33,3969114.83,72892.63
VOY-002757,Capesize,9015.8,102909.3,483.44,4.29,28.9,530854.01,12448.8,21969.77,565272.58,37.61,3870687.85,99595.1
VOY-002758,Capesize,7804.4,20647.1,537.51,5.72,25.01,510921.43,18463.08,2568.12,531952.62,27.27,563127.66,1014.18
VOY-002759,Supramax,8648.9,79478.7,848.45,4.14,27.72,635035.5,14065.77,16151.1,665252.38,38.55,3063917.61,75274.6
VOY-002760,Panamax,4742.4,157599.2,739.28,1.94,15.2,359585.78,7157.52,47001.75,413745.05,30.38,4787080.77,255209.03
VOY-002761,Supramax,7001.7,19274.6,524.88,5.01,22.44,318028.86,10513.19,4787.96,333330.01,43.87,845587.96,18662.38
VOY-002762,Handysize,10392.0,162092.8,694.86,1.93,33.31,231443.19,4015.3,45396.48,280854.97,34.63,5613893.98,151360.52
VOY-002763,Capesize,11507.2,29798.6,466.73,2.54,36.88,654132.92,7120.3,4994.56,666247.78,31.06,925466.1,6575.03
VOY-002764,Handysize,875.0,78984.3,687.69,5.44,2.8,19286.35,11226.69,19682.85,50195.89,18.37,1450674.66,169833.31
VOY-002765,Panamax,5862.9,173650.8,672.35,5.47,18.79,404297.86,18398.96,37272.96,459969.77,38.36,6660462.16,255540.21
VOY-002766,Capesize,8329.0,30553.5,537.26,4.87,26.7,545013.24,15699.29,9993.94,570706.47,15.74,480867.02,-2846.11
VOY-002767,Panamax,5755.1,158171.6,663.57,4.37,18.45,391685.87,14507.11,21989.81,428182.79,32.78,5184268.07,208432.46
VOY-002768,Supramax,2938.6,41198.3,607.92,2.89,9.42,154596.96,7028.51,11127.1,172752.57,20.91,861329.64,55940.6
VOY-002769,Handysize,6710.1,159194.8,682.99,5.6,21.51,146888.54,11482.58,33313.65,191684.77,31.14,4957917.47,175805.99
VOY-002770,Panamax,11672.4,39382.3,534.04,2.81,37.41,639338.65,7496.16,5117.58,651952.39,21.14,832550.43,4490.37
VOY-002771,Handysize,769.1,110197.4,448.73,2.65,2.47,11061.86,3565.53,35713.17,50340.56,41.19,4539009.27,877755.45
VOY-002772,Panamax,4766.5,116335.3,658.49,3.36,15.28,321917.75,11058.85,33874.16,366850.76,44.77,5208811.03,259815.78
VOY-002773,Supramax,7734.4,17322.5,854.91,2.64,24.79,572213.0,9028.86,2300.22,583542.08,29.77,515730.91,-2472.15
VOY-002774,Capesize,1457.8,57198.0,650.7,2.42,4.67,115530.24,9463.13,12949.03,137942.4,35.7,2042133.28,268343.36
VOY-002775,Capesize,4547.8,116517.5,700.06,1.64,14.58,387760.01,6883.02,22699.72,417342.76,19.14,2230406.71,111815.11
VOY-002776,Capesize,3821.0,116452.9,439.96,4.01,12.25,204745.27,10589.17,30323.38,245657.82,39.53,4603100.46,268014.88
VOY-002777,Handysize,5967.8,35809.0,759.47,5.13,19.13,145267.3,11692.78,9320.31,166280.39,18.35,657054.3,20230.13
VOY-002778,Handysize,5580.8,30806.6,635.4,4.63,17.89,113654.86,8831.87,7685.58,130172.31,28.3,871878.74,32934.73
VOY-002779,Handysize,9201.9,32416.3,628.99,3.08,29.49,185509.35,5818.64,9180.79,200508.77,33.97,1101103.39,27645.19
VOY-002780,Supramax,10977.1,51611.9,895.83,3.48,35.18,850989.04,12481.67,13536.45,877007.17,23.12,1193411.41,8182.95
VOY-002781,Supramax,824.6,38253.6,436.78,3.11,2.64,31168.77,5436.43,5625.1,42230.3,23.83,911431.89,151043.13
VOY-002782,Panamax,11394.1,152805.7,854.36,3.64,36.52,998428.62,15541.22,34618.9,1048588.73,37.71,5762548.27,117386.73
VOY-002783,Capesize,8720.6,38489.8,519.94,2.01,27.95,552246.69,6275.59,7667.25,566189.53,8.24,317317.5,-8306.17
VOY-002784,Supramax,6357.7,31309.2,618.25,1.79,20.38,340150.72,4420.42,4981.72,349552.85,17.36,543452.99,8748.11
VOY-002785,Panamax,6568.5,146195.5,600.81,2.36,21.05,404765.13,7100.43,23975.13,435840.69,41.68,6093224.43,241597.27
VOY-002786,Supramax,7900.1,145749.3,848.27,5.53,25.32,579929.28,18780.09,29606.58,628315.95,40.3,5873136.94,169978.66
VOY-002787,Capesize,4042.1,55160.4,430.99,2.63,12.96,212177.72,6808.56,13640.1,232626.38,24.24,1336948.49,70842.61
VOY-002788,Panamax,10838.6,118020.6,440.41,4.99,34.74,489583.18,10982.0,37578.88,538144.07,17.98,2121733.92,39862.67
VOY-002789,Panamax,10708.0,124296.5,457.83,2.95,34.32,502809.41,6756.65,40643.35,550209.41,8.28,1029707.88,12864.84
VOY-002790,Handysize,5540.4,154483.7,442.08,2.16,17.76,78503.28,2864.42,50574.71,131942.4,11.55,1784260.21,82958.7
VOY-002791,Panamax,7551.9,78239.2,488.76,1.87,24.2,378570.79,4566.82,16657.96,399795.57,25.96,2031393.66,62576.9
VOY-002792,Handysize,10092.8,78471.7,841.66,4.47,32.35,272265.52,11292.41,21179.45,304737.38,35.83,2811682.15,68084.43
VOY-002793,Capesize,11596.7,154171.6,590.65,3.06,37.17,834241.23,10847.03,38824.32,883912.58,32.69,5039979.13,103308.49
VOY-002794,Panamax,8324.2,89743.6,604.11,4.65,26.68,515764.95,14054.01,23408.17,553227.12,43.66,3918409.55,107401.12
VOY-002795,Handysize,5042.9,98469.0,645.03,3.72,16.16,104257.74,7193.87,16687.8,128139.41,33.2,3269419.88,158006.22
VOY-002796,Supramax,2169.3,143271.9,692.15,4.21,6.95,129936.2,11658.86,17274.75,158869.8,10.67,1528554.44,122686.75
VOY-002797,Capesize,9810.8,79453.1,563.13,5.17,31.44,672889.09,17475.78,24460.28,714825.15,26.96,2141657.7,38966.23
VOY-002798,Panamax,2485.7,73797.8,824.72,5.02,7.97,210259.31,20683.51,13331.81,244274.63,24.87,1835102.2,122531.62
VOY-002799,Supramax,3060.0,42745.9,812.14,3.61,9.81,215061.16,11739.66,13844.16,240644.99,37.97,1623012.09,102996.77
VOY-002800,Capesize,5318.9,92724.2,574.54,5.15,17.05,372195.25,17743.57,21721.82,411660.63,40.43,3748436.09,150339.49
VOY-002801,Capesize,11436.4,115804.7,421.55,2.13,36.66,587170.57,5390.87,25051.31,617612.76,38.04,4405623.36,97662.87
VOY-002802,Supramax,7380.8,153691.6,791.0,3.34,23.66,505236.14,10580.81,24723.91,540540.86,26.34,4047945.61,129900.65
VOY-002803,Capesize,6913.1,147732.8,750.19,5.1,22.16,631652.31,22956.04,31648.39,686256.75,9.44,1394923.64,25998.91
VOY-002804,Panamax,1824.1,46772.8,757.03,3.1,5.85,141629.29,11737.09,13093.69,166460.07,8.82,412438.17,27492.0
VOY-002805,Capesize,3241.6,179591.0,830.07,2.5,10.39,327719.47,12430.97,44118.7,384269.14,21.34,3832413.18,267595.89
VOY-002806,Handysize,672.2,131892.3,629.38,1.51,2.15,13560.39,2859.06,39161.34,55580.79,31.56,4162096.51,1119311.35
VOY-002807,Handysize,10620.9,119518.5,730.56,4.74,34.04,248691.28,10397.51,23742.89,282831.68,40.31,4818007.31,116930.35
VOY-002808,Supramax,7444.9,116102.7,626.33,2.04,23.86,403523.73,5108.52,31737.86,440370.11,31.61,3669551.0,124674.29
VOY-002809,Panamax,9525.6,77526.1,492.35,1.94,30.53,481012.1,4779.5,18350.82,504142.41,43.08,3339905.66,87329.02
VOY-002810,Supramax,2425.5,29990.2,739.11,3.31,7.77,155138.85,9788.96,6814.95,171742.76,34.91,1046999.65,78958.32
VOY-002811,Capesize,10685.1,89937.1,469.38,2.13,34.25,610849.16,5993.62,19152.6,635995.38,17.74,1595602.89,26380.8
VOY-002812,Supramax,4639.1,58769.1,792.34,3.07,14.87,318093.79,9717.16,14906.34,342717.29,12.61,740894.39,22201.1
VOY-002813,Capesize,2081.5,124254.6,602.69,4.53,6.67,152794.75,16396.43,39268.16,208459.35,24.23,3010328.48,250036.28
VOY-002814,Handysize,9136.3,105351.1,450.0,3.77,29.28,131773.23,5085.9,23877.28,160736.42,36.03,3796298.49,110000.36
VOY-002815,Supramax,1544.4,172874.0,466.42,1.97,4.95,62337.33,3680.56,40341.85,106359.74,24.15,4174168.52,587594.57
VOY-002816,Supramax,9300.2,120328.1,779.44,2.05,29.81,627313.82,6393.09,33196.55,666903.46,27.24,3278184.09,81964.18
VOY-002817,Panamax,9022.5,27983.9,492.98,3.42,28.92,456199.65,8429.09,4216.18,468844.91,32.73,915834.03,13822.39
VOY-002818,Supramax,11435.1,100676.3,508.23,5.85,36.65,502929.33,11895.59,32898.21,547723.13,8.18,823568.12,6490.08
VOY-002819,Capesize,4910.7,66841.0,570.85,5.62,15.74,341421.18,19256.43,9051.08,369728.7,33.35,2228913.02,87034.16
VOY-002820,Panamax,8464.3,137638.8,705.98,3.76,27.13,612889.34,13263.01,27761.95,653914.3,29.9,4114796.27,112051.64
VOY-002821,Capesize,5250.0,121682.0,684.03,1.87,16.83,437383.77,7683.69,38595.62,483663.08,21.33,2595407.21,112933.1
VOY-002822,Handysize,10606.0,42571.4,820.53,2.05,33.99,278926.02,5051.2,10676.92,294654.14,39.37,1675989.38,38321.93
VOY-002823,Capesize,9480.3,79861.3,625.81,2.62,30.39,722594.24,9820.14,24558.74,756973.12,35.42,2828373.75,62767.75
VOY-002824,Handysize,1764.9,57855.4,863.31,2.62,5.66,48836.07,6774.27,15979.96,71590.3,23.05,1333435.2,152535.3
VOY-002825,Handysize,10209.0,128333.3,717.8,3.7,32.72,234871.45,7962.15,41850.45,284684.04,33.71,4325658.26,110959.03
VOY-002826,Supramax,7642.6,58429.0,853.21,4.87,24.5,564294.58,16632.84,9719.16,590646.58,13.07,763785.84,5895.25
VOY-002827,Supramax,10345.4,163084.8,747.77,3.99,33.16,669465.54,11947.6,32097.8,713510.94,8.0,1305324.76,15929.16
VOY-002828,Panamax,7299.1,117428.6,721.24,5.03,23.39,539934.34,18156.11,34333.68,592424.13,20.59,2418060.06,64216.87
VOY-002829,Supramax,405.0,152407.3,622.63,1.93,1.3,21820.64,4794.91,39961.46,66577.01,37.14,5659752.1,1735260.7
VOY-002830,Panamax,3883.8,83511.9,824.95,5.43,12.45,328611.24,22408.33,12611.47,363631.03,14.69,1226753.39,48270.63
VOY-002831,Supramax,1741.2,35341.4,831.25,5.16,5.58,125251.12,17146.51,5510.08,147907.71,20.88,738051.89,54961.21
VOY-002832,Supramax,11578.3,90405.3,801.26,3.73,37.11,802841.98,11967.92,15620.86,830430.75,27.71,2505302.77,41006.5
VOY-002833,Handysize,9581.4,171225.9,833.7,5.88,30.71,256025.05,14701.35,22627.89,293354.29,23.78,4071006.8,103249.58
VOY-002834,Supramax,11031.4,160963.4,887.65,5.75,35.36,847387.75,20407.76,27256.5,895052.01,26.22,4220177.89,80893.63
VOY-002835,Handysize,11298.6,138939.2,441.43,2.38,36.21,159856.28,3154.4,29809.03,192819.71,39.14,5438463.55,135913.59
VOY-002836,Supramax,7635.1,105298.5,500.14,2.57,24.47,330459.34,5136.47,33130.01,368725.81,36.05,3796531.47,126772.99
VOY-002837,Handysize,8340.7,59535.6,637.93,5.49,26.73,170536.83,10513.87,8068.92,189119.62,34.51,2054852.74,57894.2
VOY-002838,Supramax,4091.5,148404.2,403.79,3.88,13.11,142969.39,6263.37,23694.64,172927.39,23.5,3488055.62,195104.69
VOY-002839,Supramax,1014.1,134665.2,881.57,2.61,3.25,77365.03,9192.26,23611.29,110168.58,29.93,4030171.31,669271.3
VOY-002840,Supramax,9185.1,21228.5,680.44,4.11,29.44,540856.63,11173.32,5678.35,557708.3,21.07,447202.74,-3294.27
VOY-002841,Capesize,3664.7,75562.5,722.47,5.42,11.75,322465.95,23508.7,13107.65,359082.3,33.86,2558223.66,128088.08
VOY-002842,Handysize,10342.6,158331.9,808.93,1.99,33.15,268155.19,4837.11,49158.4,322150.69,34.43,5452035.42,145973.1
VOY-002843,Capesize,6339.3,167368.6,719.75,3.4,20.32,555713.72,14691.19,47981.43,618386.34,11.3,1890489.29,53629.32
VOY-002844,Capesize,10806.4,63705.8,638.3,4.36,34.64,840109.53,16716.06,16936.98,873762.57,9.31,593194.63,-7193.94
VOY-002845,Capesize,5611.4,103591.9,851.71,3.11,17.99,582095.64,15877.55,19453.05,617426.25,19.19,1987666.91,64963.87
VOY-002846,Handysize,8372.3,37389.0,891.45,5.27,26.83,239214.43,14102.65,12285.94,265603.02,37.17,1389641.72,35008.33
VOY-002847,Capesize,4181.6,139032.0,725.26,5.53,13.4,369375.71,24046.92,34391.14,427813.77,17.21,2392918.87,103816.11
VOY-002848,Capesize,3725.2,143602.0,495.33,3.44,11.94,224735.23,10218.21,44434.66,279388.1,41.23,5920829.34,366854.06
VOY-002849,Panamax,369.2,46598.5,476.6,5.17,1.18,18047.23,12316.97,8632.26,38996.46,32.76,1526581.72,234189.03
VOY-002850,Capesize,6391.4,89204.9,695.83,1.54,20.49,541665.94,6436.6,15667.7,563770.23,34.68,3093472.4,114845.06
VOY-002851,Panamax,8348.3,149237.2,753.67,4.19,26.76,645321.82,15781.03,30211.1,691313.94,23.68,3533941.62,91860.32
VOY-002852,Capesize,5290.4,103924.7,552.96,3.08,16.96,356294.09,10225.87,22991.75,389511.71,12.47,1295578.02,45216.19
VOY-002853,Panamax,8048.7,106623.7,492.44,3.01,25.8,406513.84,7419.22,28449.49,442382.54,37.66,4015958.62,124038.46
VOY-002854,Supramax,493.2,85068.2,497.96,3.4,1.58,21251.52,6771.03,21081.8,49104.36,15.81,1344800.93,260178.67
VOY-002855,Panamax,1920.7,132971.6,651.49,3.68,6.16,128341.7,11998.8,23282.66,163623.17,33.37,4436876.41,434287.41
VOY-002856,Handysize,3421.2,16754.6,412.32,1.95,10.97,45211.66,2417.37,4620.18,52249.21,11.17,187103.03,10437.93
VOY-002857,Panamax,11931.7,99232.4,861.56,1.98,38.24,1054343.82,8548.89,28280.41,1091173.12,43.36,4303024.22,79842.73
VOY-002858,Supramax,4343.0,23483.2,770.4,3.09,13.92,289541.49,9531.09,3696.13,302768.72,28.23,662949.34,21171.25
VOY-002859,Panamax,11800.2,90061.6,655.27,5.5,37.82,793053.12,18019.09,15903.28,826975.49,29.53,2659771.98,42307.43
VOY-002860,Handysize,620.3,57585.7,828.67,5.48,1.99,16474.11,13633.3,7339.99,37447.39,36.79,2118819.99,278555.26
VOY-002861,Handysize,2307.1,110632.4,767.6,3.61,7.39,56759.75,8306.35,34916.73,99982.83,28.58,3161340.82,278268.0
VOY-002862,Supramax,4542.2,73011.3,766.6,4.4,14.56,301333.32,13486.82,21579.14,336399.28,36.86,2691051.27,124212.74
VOY-002863,Handysize,4454.7,56956.4,543.27,3.66,14.28,77567.03,5957.17,13094.8,96619.0,23.5,1338536.28,69253.77
VOY-002864,Panamax,7190.6,156305.6,812.46,3.81,23.05,599187.12,15493.57,41996.19,656676.87,19.32,3019331.23,87959.46
VOY-002865,Supramax,5251.5,25722.0,726.18,2.01,16.83,330021.46,5846.31,5863.48,341731.25,37.37,961130.56,32868.9
VOY-002866,Handysize,7238.1,106760.5,409.1,5.81,23.2,94907.34,7136.28,23913.84,125957.46,20.36,2173236.44,70562.56
VOY-002867,Capesize,11169.5,36964.1,487.03,3.62,35.8,662551.6,10581.82,10630.04,683763.46,26.28,971518.64,7299.57
VOY-002868,Supramax,9215.0,10504.8,759.82,5.12,29.54,605919.98,15551.55,2037.85,623509.37,40.0,420187.19,-5867.53
VOY-002869,Panamax,6655.4,63503.1,806.24,2.12,21.33,550336.61,8550.23,19310.79,578197.63,25.22,1601734.12,43643.34
VOY-002870,Handysize,640.9,35516.0,502.65,5.01,2.05,10324.7,7557.36,8851.02,26733.09,32.98,1171472.29,162012.36
VOY-002871,Handysize,8238.9,152379.7,745.51,3.38,26.41,196863.24,7550.99,44490.99,248905.22,11.94,1820171.31,52757.3
VOY-002872,Capesize,7022.6,40449.0,516.75,4.57,22.51,441986.38,14162.99,8939.2,465088.57,16.16,653605.57,6962.44
VOY-002873,Capesize,7058.0,44728.9,505.12,5.36,22.62,434213.95,16253.8,10675.18,461142.93,37.16,1661933.29,42908.81
VOY-002874,Supramax,681.2,21953.6,830.39,4.53,2.18,48953.36,15046.06,3371.53,67370.95,19.6,430191.86,54045.38
VOY-002875,Panamax,7242.4,38137.3,590.89,1.54,23.21,438923.48,4550.16,9248.21,452721.85,37.78,1440839.2,39919.14
VOY-002876,Capesize,5088.8,166614.3,726.69,5.36,16.31,450395.06,23356.27,53921.67,527673.0,24.12,4017957.61,161087.55
VOY-002877,Supramax,9802.6,28366.0,762.82,2.15,31.42,647100.86,6549.72,5159.73,658810.31,18.73,531193.19,-3802.09
VOY-002878,Panamax,4369.3,43176.6,678.99,5.63,14.0,304274.14,19125.17,6118.22,329517.52,15.17,655098.56,16579.57
VOY-002879,Capesize,11160.8,45947.0,641.59,5.03,35.77,872129.27,19366.28,10478.71,901974.26,31.04,1426285.01,12849.9
VOY-002880,Handysize,1851.4,36581.6,797.88,1.74,5.93,47346.16,4171.32,9558.76,61076.23,15.44,564797.09,65617.29
VOY-002881,Supramax,7033.9,10868.5,830.79,4.76,22.54,505704.98,15829.56,2898.08,524432.61,22.64,246069.23,-10193.42
VOY-002882,Capesize,5506.5,41315.8,778.21,3.81,17.65,521920.64,17812.92,11655.55,551389.11,17.7,731206.25,8377.59
VOY-002883,Panamax,2734.4,61824.3,438.64,2.9,8.76,123016.54,6349.78,11110.8,140477.12,41.2,2546932.62,206400.24
VOY-002884,Panamax,7979.6,125301.6,696.45,5.95,25.58,569990.21,20732.78,21681.52,612404.52,29.09,3644873.56,96179.32
VOY-002885,Supramax,11775.5,17150.7,444.94,2.51,37.74,453413.74,4468.05,4408.88,462290.66,40.97,702587.2,5969.73
VOY-002886,Capesize,5562.2,16506.4,697.49,4.27,17.83,472509.46,17889.78,3972.43,494371.67,11.87,195967.52,-13501.04
VOY-002887,Capesize,3596.7,127928.3,799.37,5.93,11.53,350174.32,28450.26,38058.43,416683.01,18.66,2387407.88,112872.37
VOY-002888,Capesize,2911.9,102864.8,627.91,5.14,9.33,222692.79,19355.99,12355.52,254404.31,10.56,1086629.64,57510.9
VOY-002889,Capesize,7571.2,65258.0,587.11,4.3,24.27,541395.65,15157.66,16386.69,572940.01,18.94,1236274.73,23218.09
VOY-002890,Handysize,6828.9,66380.0,755.72,2.35,21.89,165407.66,5327.75,14598.66,185334.07,17.18,1140180.15,39395.42
VOY-002891,Supramax,6858.7,22605.4,575.05,3.48,21.98,341319.09,8015.14,6502.64,355836.87,37.47,846939.96,19283.41
VOY-002892,Handysize,4463.9,162245.6,741.07,3.47,14.31,106026.47,7722.86,50848.97,164598.3,30.48,4945000.86,268847.98
VOY-002893,Supramax,2788.5,153010.5,879.68,3.08,8.94,212273.68,10839.88,24168.87,247282.43,34.01,5203174.91,412372.75
VOY-002894,Handysize,5304.3,159997.2,664.39,3.29,17.0,112953.5,6565.73,37109.93,156629.16,41.91,6705280.12,322670.23
VOY-002895,Handysize,5143.3,142396.7,548.79,4.25,16.48,90467.38,6994.06,42786.15,140247.6,26.58,3785545.22,175820.34
VOY-002896,Handysize,5029.2,94246.4,481.32,1.88,16.12,77585.04,2719.23,25146.62,105450.9,26.72,2518213.26,134023.28
VOY-002897,Panamax,2189.5,106925.9,767.02,2.7,7.02,172242.58,10343.76,32216.55,214802.88,10.05,1074826.45,88528.29
VOY-002898,Capesize,11198.6,46423.4,806.39,4.09,35.89,1099859.37,19804.28,15103.95,1134767.6,8.97,416498.92,-17962.98
VOY-002899,Supramax,3251.7,30955.9,424.77,5.25,10.42,119530.26,8912.98,4314.12,132757.35,16.5,510908.0,24135.24
VOY-002900,Handysize,6366.1,156660.0,720.8,4.79,20.4,147072.25,10347.72,49645.16,207065.13,41.43,6491085.52,249471.75
VOY-002901,Capesize,4622.0,64378.2,769.43,2.98,14.81,433135.2,13778.82,11086.56,458000.58,39.87,2566765.2,118479.17
VOY-002902,Handysize,318.8,174192.0,865.17,4.48,1.02,8841.16,11631.01,42230.71,62702.88,8.3,1445795.57,251330.09
VOY-002903,Handysize,4763.0,97799.7,730.88,2.8,15.27,111576.52,6145.78,23262.69,140984.99,35.71,3492038.13,185458.66
VOY-002904,Handysize,3774.7,96249.7,754.4,3.0,12.1,91270.09,6800.63,30495.39,128566.11,42.81,4120371.27,264302.33
VOY-002905,Panamax,1422.4,161660.9,864.46,1.53,4.56,126117.93,6592.22,52058.84,184768.99,30.04,4855542.6,767679.76
VOY-002906,Panamax,10773.6,67096.3,762.16,5.64,34.53,842172.56,21500.12,22044.64,885717.32,32.97,2211892.98,33012.01
VOY-002907,Panamax,5910.3,71413.6,594.75,5.44,18.94,360529.55,16162.95,20603.87,397296.37,20.7,1478284.81,44341.93
VOY-002908,Handysize,7192.9,65177.3,532.47,3.56,23.05,122756.19,5689.16,7959.91,136405.26,10.89,709698.42,21539.79
VOY-002909,Capesize,11330.9,165540.7,794.33,5.13,36.32,1096209.81,24444.78,50679.85,1171334.43,39.03,6460948.93,127627.1
VOY-002910,Capesize,7046.1,22012.1,433.57,2.46,22.58,372085.38,6410.33,3243.18,381738.89,34.3,754980.68,14901.12
VOY-002911,Capesize,10463.7,150061.3,726.03,3.39,33.54,925265.45,14784.64,34521.23,974571.32,28.75,4314257.99,90429.48
VOY-002912,Capesize,10966.4,82080.0,701.27,5.84,35.15,936650.63,24558.67,15130.06,976339.36,36.01,2955685.1,48294.04
VOY-002913,Handysize,1830.1,162868.5,692.48,5.07,5.87,40618.23,10525.46,25358.95,76502.64,13.57,2209572.75,195118.87
VOY-002914,Panamax,10545.1,103141.9,554.46,1.88,33.8,599668.53,5219.77,30790.56,635678.86,43.13,4448161.49,106848.72
VOY-002915,Capesize,2316.9,18870.1,866.76,4.19,7.43,244582.54,21801.74,4072.69,270456.97,13.26,250141.6,-1748.61
VOY-002916,Handysize,11051.5,169317.0,802.85,2.9,35.42,284382.1,6977.35,55397.95,346757.41,15.25,2582504.05,58346.53
VOY-002917,Panamax,9763.0,18363.9,832.39,4.83,31.29,833504.79,20100.22,3698.76,857303.78,40.63,746174.01,-3076.57
VOY-002918,Panamax,2022.3,153993.6,871.43,4.54,6.48,180744.39,19785.57,43315.53,243845.49,10.09,1553574.6,118822.23
VOY-002919,Handysize,3394.4,169762.8,570.85,2.64,10.88,62105.46,4514.41,54009.7,120629.57,18.4,3123996.69,222216.12
VOY-002920,Handysize,1309.5,75438.9,729.1,3.7,4.2,30601.07,8092.13,22936.21,61629.41,14.86,1120966.17,134149.44
VOY-002921,Capesize,5517.2,42952.1,451.96,2.22,17.68,303701.21,6030.29,6164.68,315896.18,26.53,1139494.89,41372.12
VOY-002922,Panamax,3375.2,21626.9,692.34,2.29,10.82,239671.49,7930.8,4278.67,251880.97,41.39,895103.39,49067.04
VOY-002923,Supramax,10983.1,26728.8,681.94,5.06,35.2,648154.11,13798.3,6159.41,668111.82,22.91,612478.35,-1381.83
VOY-002924,Panamax,6437.4,17334.2,833.71,3.77,20.63,550451.17,15722.62,4087.32,570261.11,33.34,577927.01,314.12
VOY-002925,Handysize,7971.4,155451.2,427.8,2.58,25.55,109300.29,3307.35,41895.86,154503.5,13.53,2103883.33,69307.53
VOY-002926,Supramax,845.2,18006.6,732.77,2.81,2.71,53595.71,8245.41,5681.34,67522.46,27.11,488072.68,76158.91
VOY-002927,Capesize,1491.8,169845.4,812.77,3.35,4.78,147675.86,16354.3,37074.41,201104.56,21.36,3628736.06,421340.99
VOY-002928,Capesize,4210.6,65881.0,440.82,2.67,13.5,226068.98,7066.02,18386.99,251522.0,36.78,2423199.38,134326.13
VOY-002929,Panamax,9860.5,175407.3,797.69,1.73,31.6,806729.35,6903.9,28485.89,842119.13,26.48,4644607.32,114067.93
VOY-002930,Panamax,7260.5,99510.1,539.45,3.55,23.27,401711.61,9562.41,18136.27,429410.29,28.85,2871060.86,91051.79
VOY-002931,Capesize,10410.3,120263.9,524.47,4.23,33.37,664991.61,13302.42,25182.48,703476.51,42.81,5148470.56,118237.84
VOY-002932,Panamax,10131.3,82814.3,507.07,2.24,32.47,526894.0,5684.03,24434.55,557012.59,33.28,2756444.05,63358.74
VOY-002933,Handysize,4716.7,22290.1,690.08,2.43,15.12,104324.43,5037.58,5273.99,114635.99,25.41,566414.07,25740.91
VOY-002934,Capesize,9795.9,76991.9,713.36,5.5,31.4,851103.71,23527.3,11749.25,886380.26,9.38,722204.71,-4449.93
VOY-002935,Capesize,3225.1,65399.4,624.05,3.3,10.34,245126.57,12367.33,17493.98,274987.89,36.54,2389881.86,155052.29
VOY-002936,Handysize,11882.6,151161.3,892.41,5.42,38.09,339876.92,14509.34,29450.14,383836.4,12.19,1842540.77,33529.68
VOY-002937,Capesize,4210.7,94399.8,852.72,4.22,13.5,437313.8,21612.07,18932.32,477858.19,23.31,2200904.38,97236.71
VOY-002938,Panamax,3025.0,170497.3,662.82,2.68,9.7,205645.21,8885.56,47966.75,262497.52,17.51,2985441.44,220005.28
VOY-002939,Supramax,4555.7,17898.9,492.85,1.53,14.6,194301.83,3007.83,5626.89,202936.56,35.24,630696.28,26523.82
VOY-002940,Panamax,10588.9,139946.8,444.72,5.73,33.94,482979.93,12741.56,43310.52,539032.02,20.93,2928839.67,60243.74
VOY-002941,Handysize,11769.6,64007.3,755.62,4.01,37.72,285041.55,9083.49,16076.7,310201.74,24.36,1559306.34,29932.9
VOY-002942,Handysize,1926.8,138289.0,411.8,3.96,6.18,25431.58,4891.81,23134.61,53458.01,12.81,1771895.04,169546.59
VOY-002943,Supramax,11265.6,84547.7,729.35,3.71,36.11,711055.85,10829.96,20170.09,742055.9,29.06,2456897.89,43064.86
VOY-002944,Handysize,3605.0,117904.2,832.48,2.49,11.55,96188.33,6214.16,37661.7,140064.19,10.11,1192449.16,74942.36
VOY-002945,Panamax,7581.5,79771.2,594.77,5.18,24.3,462487.11,15416.73,17916.04,495819.88,43.95,3505857.48,102091.4
VOY-002946,Supramax,5899.5,86294.0,521.78,5.21,18.91,266389.79,10875.18,27715.86,304980.82,40.04,3455346.4,130615.77
VOY-002947,Panamax,2097.0,61594.2,778.44,4.3,6.72,167421.93,16718.72,9503.9,193644.54,25.96,1598945.1,127563.85
VOY-002948,Panamax,9830.1,174577.8,808.02,2.99,31.51,814654.6,12090.5,57267.17,884012.26,23.57,4115001.18,93653.89
VOY-002949,Panamax,10694.5,22627.8,809.33,1.72,34.28,887734.25,6968.16,4019.37,898721.77,17.41,393969.91,-14021.2
VOY-002950,Handysize,3178.4,36383.0,877.37,4.61,10.19,89380.44,12134.96,5566.85,107082.25,41.98,1527477.63,95987.97
VOY-002951,Handysize,8741.5,52516.7,400.16,4.4,28.02,112115.06,5276.25,8532.47,125923.79,42.18,2214908.88,64449.61
VOY-002952,Handysize,2978.5,75758.0,635.02,3.67,9.55,60623.29,6983.37,11935.62,79542.28,32.28,2445321.14,179058.84
VOY-002953,Handysize,10306.1,157085.9,718.27,1.53,33.03,237261.46,3289.99,30951.61,271503.06,18.9,2969681.47,78073.88
VOY-002954,Handysize,5579.8,126126.9,731.18,4.89,17.88,130763.57,10722.31,39808.57,181294.45,33.53,4228977.58,177748.48
VOY-002955,Supramax,10065.8,84022.1,562.39,4.86,32.26,489884.7,10936.61,15819.65,516640.95,42.46,3567745.66,82187.42
VOY-002956,Capesize,3226.6,70711.6,758.92,2.43,10.34,298242.6,11073.97,23068.45,332385.02,37.79,2672485.29,183197.97
VOY-002957,Supramax,6686.0,155148.4,522.25,4.69,21.43,302173.43,9797.85,24660.1,336631.37,12.14,1883418.54,59218.9
VOY-002958,Handysize,5248.9,113100.0,884.33,3.76,16.82,148774.19,9964.9,20919.56,179658.65,17.58,1988699.83,87904.7
VOY-002959,Panamax,1283.8,85459.2,737.18,3.38,4.11,97062.58,12456.51,20531.38,130050.46,14.11,1205611.73,143521.26
VOY-002960,Supramax,9782.4,61158.6,532.4,5.93,31.35,450707.48,12638.37,10641.68,473987.53,26.47,1618902.58,30704.24
VOY-002961,Capesize,3515.6,142909.2,600.52,5.2,11.27,257134.81,18731.49,32085.27,307951.58,29.36,4195927.41,236112.41
VOY-002962,Capesize,1396.7,178245.5,839.33,5.24,4.48,142774.15,26394.43,21434.35,190602.93,35.69,6362054.18,635075.73
VOY-002963,Handysize,5548.1,21494.5,632.0,5.76,17.78,112385.67,10917.74,4228.03,127531.45,19.32,415338.02,12225.9
VOY-002964,Supramax,1222.4,122306.7,505.37,3.2,3.92,53460.89,6469.14,27854.28,87784.32,36.32,4441771.02,611674.38
VOY-002965,Supramax,3693.2,52837.5,733.61,2.97,11.84,234463.24,8718.87,11153.12,254335.22,18.19,960856.06,47710.86
VOY-002966,Supramax,7970.2,115559.9,848.04,4.28,25.55,584917.99,14511.71,36821.33,636251.03,34.93,4036494.47,114011.54
VOY-002967,Supramax,11477.8,60930.1,706.0,5.76,36.79,701252.38,16263.59,12632.97,730148.94,39.39,2400237.58,39252.91
VOY-002968,Supramax,4999.4,68432.5,835.0,1.66,16.02,361257.69,5554.27,18302.98,385114.94,23.77,1626495.4,70186.83
VOY-002969,Capesize,6800.9,148844.9,516.47,3.22,21.8,427804.49,9986.79,31794.48,469585.77,40.89,6086532.03,224492.59
VOY-002970,Handysize,5628.0,16350.6,521.49,2.5,18.04,94068.59,3912.69,4051.64,102032.93,11.23,183622.04,3972.3
VOY-002971,Panamax,2227.7,124063.6,721.67,3.33,7.14,164891.41,12015.16,37449.75,214356.31,26.83,3328666.49,297451.48
VOY-002972,Capesize,6270.0,102444.4,557.77,2.86,20.1,425944.62,9583.07,30241.03,465768.72,17.38,1780741.65,57273.11
VOY-002973,Handysize,8021.6,132168.5,411.88,3.86,25.71,105895.29,4773.7,21390.23,132059.22,12.09,1598427.13,49583.85
VOY-002974,Supramax,8093.6,52722.1,646.76,1.52,25.94,452994.55,3927.56,7095.03,464017.13,33.49,1765664.73,47402.82
VOY-002975,Capesize,3720.8,44444.5,495.96,5.28,11.93,224758.2,15711.21,9109.25,249578.66,26.12,1160837.57,52963.81
VOY-002976,Capesize,721.7,120526.0,608.43,5.54,2.31,53480.64,20241.26,39417.47,113139.37,34.71,4183376.74,517982.81
VOY-002977,Panamax,920.5,11321.3,637.2,5.26,2.95,60155.61,16764.68,2720.92,79641.21,41.34,468017.1,47292.53
VOY-002978,Supramax,2226.2,15198.3,665.02,2.48,7.14,128115.79,6605.11,2171.07,136891.97,11.64,176876.72,4157.2
VOY-002979,Capesize,4677.0,17508.6,697.2,3.67,14.99,397153.52,15341.3,4242.63,416737.44,43.64,764004.37,18612.42
VOY-002980,Panamax,2032.4,78584.4,694.15,1.86,6.51,144697.67,6440.11,11977.79,163115.57,24.85,1952833.14,213833.09
VOY-002981,Handysize,5262.5,76850.7,824.52,2.46,16.87,139070.52,6078.23,17275.06,162423.82,22.25,1709892.12,80079.26
VOY-002982,Panamax,11870.9,179134.4,606.7,3.73,38.05,738675.8,11315.56,58153.97,808145.33,32.02,5735172.69,117933.25
VOY-002983,Capesize,11996.8,28963.7,683.02,3.59,38.45,998001.19,14707.87,4300.52,1017009.58,9.69,280760.48,-17512.93
VOY-002984,Handysize,3454.6,108994.9,477.28,4.41,11.07,52846.51,6308.8,32026.22,91181.52,41.74,4549065.07,288004.97
VOY-002985,Handysize,2551.4,32965.4,500.24,3.68,8.18,40907.12,5520.68,9752.94,56180.74,21.59,711827.95,55299.61
VOY-002986,Handysize,1311.5,147119.3,559.89,1.59,4.2,23534.67,2671.54,25246.13,51452.35,17.04,2506661.24,423754.74
VOY-002987,Capesize,3462.0,160423.2,420.09,3.03,11.1,177129.08,7634.22,27186.37,211949.68,22.5,3609822.69,240559.9
VOY-002988,Panamax,1228.6,35158.8,558.63,3.67,3.94,70392.06,10257.23,6323.82,86973.11,44.05,1548682.63,192077.43
VOY-002989,Capesize,7749.6,156645.6,871.35,2.89,24.84,822436.0,15104.16,40195.88,877736.04,43.33,6787300.34,213129.86
VOY-002990,Handysize,8371.5,178744.5,583.79,5.93,26.83,156640.23,10377.6,58787.25,225805.08,19.86,3550433.41,101493.49
VOY-002991,Handysize,9886.4,166804.4,618.85,1.56,31.69,196097.21,2888.15,31259.26,230244.62,41.21,6873658.97,199845.08
VOY-002992,Supramax,2993.1,63281.9,663.11,5.51,9.59,171756.61,14625.54,14346.86,200729.01,11.79,745833.92,36082.2
VOY-002993,Supramax,5709.9,19666.9,673.64,5.58,18.3,332858.42,15040.6,2698.14,350597.16,15.96,313832.87,-1539.37
VOY-002994,Supramax,6326.0,18431.5,781.12,3.14,20.28,427615.74,9808.28,5457.52,442881.54,40.5,746422.98,12963.7
VOY-002995,Handysize,8322.0,93076.7,460.48,4.03,26.67,122823.97,5572.28,24149.96,152546.21,39.98,3721002.1,116210.24
VOY-002996,Handysize,309.4,161094.1,802.63,3.07,0.99,7959.27,7400.25,25280.41,40639.92,39.29,6329267.8,1547026.23
VOY-002997,Handysize,1184.2,142252.6,844.97,5.74,3.8,32072.37,14561.56,33108.92,79742.85,13.24,1883216.43,189042.21
VOY-002998,Capesize,7491.0,112685.9,432.51,4.22,24.01,394606.85,10953.08,30063.56,435623.49,29.43,3316593.39,102052.5
VOY-002999,Panamax,11236.6,122864.7,750.52,4.04,36.01,864955.54,15143.4,18651.14,898750.08,23.7,2912239.77,50274.0
VOY-003000,Capesize,5771.4,130674.0,842.52,5.96,18.5,592232.02,30145.1,20528.58,642905.69,38.38,5015853.67,178769.33
VOY-003001,Panamax,10613.3,163594.6,603.47,1.93,34.02,656902.01,5829.15,30312.52,693043.68,35.33,5780389.51,141515.51
VOY-003002,Handysize,3081.8,119862.2,484.3,4.64,9.88,47837.66,6735.58,28268.66,82841.89,17.3,2073094.65,137129.64
VOY-003003,Supramax,1276.4,121373.3,784.91,5.72,4.09,86702.42,17946.4,29201.98,133850.8,32.56,3951743.9,389295.51
VOY-003004,Supramax,4441.6,56390.7,442.71,5.32,14.24,170163.7,9425.93,16406.44,195996.06,21.26,1198960.6,51279.43
VOY-003005,Supramax,11180.7,84529.0,661.14,2.31,35.84,639689.31,6096.74,14228.14,660014.19,18.11,1530952.64,22834.68
VOY-003006,Supramax,6682.8,173057.7,496.3,5.16,21.42,287015.04,10234.5,51030.92,348280.47,44.27,7661883.88,275210.93
VOY-003007,Supramax,9005.8,130724.8,827.02,5.34,28.86,644537.8,17675.12,43087.6,705300.52,23.25,3039878.88,68247.01
VOY-003008,Handysize,10976.2,14919.5,887.69,4.91,35.18,312292.26,13064.26,3913.7,329270.22,9.15,136543.99,-4807.84
VOY-003009,Handysize,10678.3,121287.8,500.3,3.73,34.23,171230.68,5592.92,23717.61,200541.22,40.76,4943228.44,124966.21
VOY-003010,Capesize,7736.3,85277.3,735.8,5.53,24.8,693297.21,24406.57,15762.4,733466.18,27.65,2358134.27,53576.67
VOY-003011,Capesize,11124.2,69894.3,435.39,4.52,35.65,589904.06,11820.37,12476.62,614201.05,24.75,1729818.52,27765.97
VOY-003012,Panamax,6444.6,25686.4,558.26,1.56,20.66,369001.37,4359.21,5102.83,378463.41,34.25,879860.26,22567.51
VOY-003013,Supramax,3474.6,90951.6,437.21,3.55,11.14,131462.87,6214.42,19427.44,157104.73,25.6,2328049.45,147784.09
VOY-003014,Supramax,8135.1,48074.9,746.84,3.18,26.07,525775.66,9495.75,10068.47,545339.87,8.0,384659.52,-5492.82
VOY-003015,Capesize,8903.4,106049.9,555.33,5.72,28.54,602195.47,19069.67,29623.67,650888.81,20.1,2131619.47,43220.56
VOY-003016,Supramax,5545.5,57479.3,860.03,4.01,17.77,412722.2,13780.44,11926.05,438428.69,31.95,1836480.35,64190.51
VOY-003017,Handysize,748.9,104372.9,665.38,4.13,2.4,15970.96,8237.2,30873.06,55081.22,10.45,1090183.26,158590.9
VOY-003018,Supramax,9934.9,81643.9,576.3,2.2,31.84,495474.65,5065.1,9824.31,510364.06,24.48,1998392.99,43714.46
VOY-003019,Panamax,8355.4,128887.8,560.54,5.2,26.78,480361.78,14561.85,42283.46,537207.1,26.22,3379869.95,88900.87
VOY-003020,Panamax,1230.7,32324.1,610.74,4.52,3.94,77089.67,13791.29,4273.0,95153.96,22.03,712184.37,72928.86
VOY-003021,Supramax,4429.7,26034.2,829.83,4.45,14.2,318104.09,14784.56,7333.98,340222.63,36.27,944181.73,32380.83
VOY-003022,Handysize,11730.4,178653.2,591.58,5.19,37.6,222417.59,9206.29,34193.22,265817.1,34.5,6163801.39,137852.62
VOY-003023,Handysize,7013.0,103859.2,646.26,4.4,22.48,145262.63,8533.45,14698.63,168494.71,44.48,4619820.96,165605.8
VOY-003024,Panamax,6285.7,66440.8,843.29,1.61,20.15,543656.69,6786.56,8881.93,559325.18,19.35,1285473.15,33377.1
VOY-003025,Panamax,364.5,40003.5,463.72,1.52,1.17,17334.69,3515.51,10923.38,31773.58,8.4,335961.03,113315.59
VOY-003026,Handysize,4729.7,52759.5,441.47,2.04,15.16,66923.6,2708.35,10142.97,79774.92,24.36,1284984.46,70053.05
VOY-003027,Supramax,1211.6,97394.0,464.63,5.85,3.88,48714.86,10866.2,20630.65,80211.7,36.96,3599903.01,361736.58
VOY-003028,Supramax,2361.7,148216.3,458.57,1.79,7.57,93721.11,3286.65,36407.95,133415.71,35.8,5305523.42,552493.5
VOY-003029,Panamax,3519.1,97418.0,885.27,4.76,11.28,319521.1,21049.51,22772.83,363343.44,9.15,891291.98,32925.48
VOY-003030,Panamax,6972.6,126763.2,754.72,5.58,22.35,539729.95,21070.65,31428.67,592229.27,29.04,3680595.52,110567.79
VOY-003031,Handysize,11835.4,74239.4,575.57,3.26,37.93,218336.12,5634.15,22614.34,246584.61,23.64,1754820.97,36610.47
VOY-003032,Capesize,1703.4,56764.5,731.33,3.16,5.46,151722.76,13846.26,16267.0,181836.01,13.39,759816.91,67089.67
VOY-003033,Handysize,5482.3,33343.2,562.21,4.35,17.57,98788.99,7337.99,7664.46,113791.44,34.16,1138973.65,46764.81
VOY-003034,Panamax,1110.4,122461.9,460.38,1.68,3.56,52431.41,3855.79,32687.68,88974.88,26.02,3186063.31,591722.38
VOY-003035,Panamax,8833.5,12987.6,845.42,3.43,28.31,765950.29,14485.9,3002.59,783438.77,36.31,471622.84,-9824.29
VOY-003036,Handysize,8119.6,38390.9,770.53,5.04,26.02,200527.16,11643.18,8007.05,220177.39,41.31,1585836.07,43966.58
VOY-003037,Capesize,4055.8,26042.1,689.08,1.52,13.0,340391.02,6295.54,5783.28,352469.84,23.83,620680.2,18468.98
VOY-003038,Panamax,4273.9,139384.5,843.91,2.1,13.7,369926.95,8851.69,38167.38,416946.02,42.98,5990990.89,352874.13
VOY-003039,Handysize,4757.2,126326.2,582.3,3.92,15.25,88785.91,6843.87,32960.43,128590.21,17.46,2206170.88,108403.94
VOY-003040,Supramax,5555.1,131942.3,679.5,3.05,17.8,326657.11,8301.25,29064.39,364022.76,11.22,1480428.7,53521.3
VOY-003041,Supramax,7432.5,36419.0,513.67,2.64,23.82,330394.27,5417.89,6161.42,341973.58,9.44,343752.32,67.23
VOY-003042,Panamax,2215.4,93436.6,691.13,3.13,7.1,157036.87,10813.29,28179.65,196029.81,17.87,1669633.99,144052.0
VOY-003043,Supramax,8537.2,39534.3,679.96,3.3,27.36,502352.17,8974.21,5097.08,516423.46,28.34,1120577.17,19703.54
VOY-003044,Supramax,9480.0,146231.1,809.63,4.29,30.38,664206.75,13900.58,35099.88,713207.21,14.38,2103271.4,40086.19
VOY-003045,Supramax,11503.0,67206.9,849.67,2.91,36.87,845807.53,9889.75,20733.63,876430.91,9.34,627736.8,-6251.99
VOY-003046,Capesize,7437.9,171309.7,534.83,4.73,23.84,484500.75,15188.66,22514.07,522203.47,8.08,1383709.68,30151.58
VOY-003047,Panamax,9164.7,168482.5,678.74,3.13,29.37,637992.66,10633.96,45899.61,694526.23,11.76,1980588.45,39562.11
VOY-003048,Supramax,1551.2,135834.0,554.1,5.5,4.97,74382.95,12192.65,41619.54,128195.14,27.9,3790119.09,349655.34
VOY-003049,Panamax,11469.4,154021.8,855.79,5.64,36.76,1006710.87,24126.65,26806.59,1057644.11,26.15,4028299.06,70063.57
VOY-003050,Capesize,11920.1,80715.6,430.13,4.66,38.21,624459.83,12038.5,17291.26,653789.59,17.5,1412397.86,17695.46
VOY-003051,Capesize,8331.6,85491.3,799.68,5.52,26.7,811471.09,26494.39,12396.58,850362.06,12.89,1102361.52,7819.83
VOY-003052,Handysize,9731.5,151104.9,458.89,4.65,31.19,143132.04,6407.04,21416.64,170955.71,29.67,4483652.32,120316.62
VOY-003053,Panamax,7665.4,134151.2,478.33,5.27,24.57,376057.6,12609.46,30945.36,419612.42,30.02,4027741.32,120912.33
VOY-003054,Panamax,6693.7,120012.2,515.16,5.42,21.45,353673.86,13953.31,16929.04,384556.21,9.27,1112424.83,27087.34
VOY-003055,Capesize,6332.4,134499.6,523.75,4.08,20.3,403938.47,12817.64,18027.3,434783.41,42.98,5780894.81,219328.69
VOY-003056,Handysize,9682.5,22264.9,705.28,3.02,31.03,218875.76,6392.45,5830.13,231098.34,24.34,541826.61,9124.3
VOY-003057,Capesize,10520.1,74991.8,490.51,3.41,33.72,628486.04,10036.84,9557.16,648080.04,12.6,945134.15,8000.69
VOY-003058,Capesize,4103.8,156831.0,778.58,2.61,13.15,389151.86,12205.43,47933.32,449290.61,25.33,3973013.72,223500.66
VOY-003059,Capesize,1245.4,15092.0,754.57,2.87,3.99,114453.27,13000.24,3974.52,131428.02,20.62,311146.02,26186.52
VOY-003060,Panamax,1168.3,66774.7,680.52,2.22,3.74,81543.76,7548.3,11588.37,100680.43,28.92,1930823.94,306917.26
VOY-003061,Handysize,11757.5,37617.8,432.41,3.06,37.68,162952.17,3973.26,11214.15,178139.59,37.84,1423495.5,30563.06
VOY-003062,Handysize,4085.0,178357.6,432.03,2.72,13.09,56564.77,3529.46,33029.92,93124.15,44.29,7898693.8,493521.46
VOY-003063,Capesize,1212.3,116430.0,617.96,3.87,3.89,91241.82,14347.93,16286.41,121876.16,17.89,2082484.65,252813.1
VOY-003064,Supramax,7622.3,132828.9,679.87,4.28,24.43,448456.76,11645.78,27119.8,487222.34,38.22,5076267.56,159826.16
VOY-003065,Panamax,5255.5,162629.6,507.98,4.21,16.84,273812.32,10699.39,46765.69,331277.39,30.19,4909202.0,217406.18
VOY-003066,Handysize,1064.9,163344.3,417.68,2.14,3.41,14256.44,2685.18,46420.67,63362.29,9.05,1477877.0,254584.06
VOY-003067,Capesize,3278.2,60383.8,667.05,4.39,10.51,266331.3,17567.74,18499.04,302398.08,30.46,1839136.49,103160.86
VOY-003068,Supramax,11794.6,33537.1,876.01,4.43,37.8,894132.69,15536.77,10959.5,920628.96,12.53,420302.06,-11845.65
VOY-003069,Handysize,6678.5,174151.8,839.1,5.62,21.41,179614.14,14151.54,40647.69,234413.38,44.83,7807947.57,280218.73
VOY-003070,Capesize,8738.8,137356.1,738.43,2.74,28.01,785935.89,12152.24,42345.85,840433.99,10.24,1406752.09,18415.84
VOY-003071,Handysize,8879.0,50774.9,642.69,5.24,28.46,182899.35,10107.43,13964.87,206971.65,26.06,1323337.62,33126.09
VOY-003072,Capesize,1906.9,11123.4,477.15,3.68,6.11,110816.12,10542.62,2842.59,124201.33,21.06,234233.83,11234.46
VOY-003073,Panamax,9159.8,168198.4,614.16,4.93,29.36,576982.51,15150.49,34520.19,626653.19,39.04,6565748.0,173191.16
VOY-003074,Panamax,8783.2,154023.6,496.57,5.34,28.15,447331.32,13246.19,33954.29,494531.8,35.81,5516305.89,149964.03
VOY-003075,Panamax,2962.5,174965.6,769.73,5.11,9.5,233881.94,19680.47,40745.27,294307.68,15.19,2657895.05,161790.47
VOY-003076,Handysize,6022.1,13955.8,455.49,1.57,19.3,87916.11,2141.9,4471.07,94529.08,10.11,141100.34,2231.59
VOY-003077,Supramax,1462.4,74683.6,694.78,3.36,4.69,87926.96,9330.08,19715.05,116972.1,18.35,1370396.45,155812.72
VOY-003078,Supramax,8899.4,117853.0,709.1,1.81,28.52,546104.54,5127.03,19773.08,571004.65,41.63,4906156.56,142927.07
VOY-003079,Capesize,7227.7,31051.9,609.34,1.69,23.17,536397.69,6172.41,4322.67,546892.77,41.81,1298266.59,30231.53
VOY-003080,Supramax,11437.6,178647.9,549.2,1.67,36.66,543592.66,3676.16,39395.76,586664.57,25.83,4614955.59,105088.61
VOY-003081,Panamax,342.8,52417.5,835.1,2.38,1.1,29357.63,9917.28,11197.25,50472.15,12.5,655219.14,174093.97
VOY-003082,Capesize,7075.3,74616.2,571.16,3.29,22.68,492188.06,11263.89,15975.82,519427.77,23.66,1765326.73,47985.63
VOY-003083,Panamax,9028.1,128106.6,451.55,2.1,28.94,418115.75,4737.78,36098.5,458952.03,39.58,5070042.2,148577.99
VOY-003084,Handysize,5254.1,162854.4,430.13,2.61,16.84,72434.16,3374.31,37955.75,113764.23,21.98,3579608.5,178148.17
VOY-003085,Supramax,11916.9,30574.3,454.25,2.88,38.2,468451.17,5231.68,9082.59,482765.44,35.19,1075895.28,14440.32
VOY-003086,Panamax,763.4,29987.4,495.16,1.64,2.45,38768.24,4070.35,9647.84,52486.43,18.05,541208.39,119469.1
VOY-003087,Handysize,4550.9,49983.8,420.8,3.06,14.59,61378.83,3862.6,12822.67,78064.1,36.29,1813827.29,98366.44
VOY-003088,Panamax,1920.6,31327.1,651.88,2.82,6.16,128411.17,9191.35,5608.31,143210.82,35.55,1113806.62,108134.53
VOY-003089,Panamax,11428.5,177593.1,462.27,4.18,36.63,541852.37,9655.25,21409.29,572916.91,30.78,5465744.89,119901.32
VOY-003090,Panamax,11437.1,77228.0,816.09,3.61,36.66,957299.32,14719.28,14501.26,986519.87,36.07,2785276.11,44673.44
VOY-003091,Handysize,7632.2,28908.2,820.05,4.17,24.46,200604.16,10247.19,8662.23,219513.58,40.28,1164381.4,33005.55
VOY-003092,Handysize,2891.1,19452.7,535.16,5.38,9.27,49590.62,8645.3,4662.88,62898.8,23.15,450254.28,26438.4
VOY-003093,Panamax,9431.9,175669.9,585.33,3.08,30.23,566237.33,9003.21,22065.81,597306.36,10.07,1769115.33,35182.32
VOY-003094,Handysize,9954.0,134099.8,478.67,2.51,31.9,152714.16,3600.84,21088.64,177403.63,14.88,1994801.81,52813.81
VOY-003095,Capesize,2302.8,96200.2,832.53,5.68,7.38,233502.47,28393.39,28681.95,290577.82,33.06,3180311.97,221181.66
VOY-003096,Capesize,5754.3,106061.5,601.18,2.64,18.44,421337.69,9515.52,25382.99,456236.2,36.95,3918720.81,164244.04
VOY-003097,Capesize,970.2,17737.8,673.19,2.69,3.11,79545.96,10864.77,3477.36,93888.09,40.64,720801.32,108099.0
VOY-003098,Supramax,5309.7,126907.2,416.73,4.99,17.02,191484.88,8323.13,27439.05,227247.06,15.06,1911383.62,76512.36
VOY-003099,Handysize,11220.8,28424.1,834.71,3.29,35.96,300194.4,8241.05,3922.79,312358.24,23.97,681244.14,9397.14
VOY-003100,Panamax,11673.3,70273.7,583.49,1.76,37.41,698587.32,5132.96,14414.86,718135.15,14.99,1053205.59,8553.44
VOY-003101,Supramax,802.2,109124.4,508.41,4.47,2.57,35293.21,9080.45,35175.67,79549.33,39.61,4322163.32,602974.93
VOY-003102,Supramax,1785.2,115087.2,665.64,4.39,5.72,102832.48,11679.51,24262.57,138774.56,24.63,2834071.12,266642.8
VOY-003103,Handysize,11517.7,105266.6,459.23,1.79,36.92,169530.2,2465.04,25350.02,197345.27,32.46,3417093.62,83186.81
VOY-003104,Handysize,9580.5,23227.1,650.14,2.78,30.71,199636.53,5427.42,4606.3,209670.25,9.2,213693.5,120.13
VOY-003105,Capesize,3278.9,71826.6,895.12,1.6,10.51,357470.15,8608.22,20215.67,386294.04,33.29,2391104.02,165520.2
VOY-003106,Capesize,3464.6,108415.9,879.44,5.59,11.1,371098.43,29474.59,15662.37,416235.38,26.49,2872048.94,147139.8
VOY-003107,Panamax,3469.6,159030.3,591.31,4.34,11.12,210418.38,12837.01,31895.22,255150.61,39.12,6220870.97,385822.32
VOY-003108,Panamax,10783.6,114898.1,609.02,2.13,34.56,673581.85,6493.07,22444.13,702519.04,30.75,3533305.61,77143.4
VOY-003109,Panamax,8670.0,163803.2,758.27,5.74,27.79,674273.79,21745.51,33106.59,729125.88,20.68,3388266.06,79320.28
VOY-003110,Supramax,10392.0,96497.4,897.15,5.93,33.31,806818.73,21264.76,12507.71,840591.2,37.04,3573834.53,69666.09
VOY-003111,Capesize,5530.5,60462.7,883.47,5.56,17.73,595090.42,29451.1,15395.63,639937.14,32.92,1990256.27,57998.59
VOY-003112,Handysize,11609.7,49428.0,848.95,3.83,37.21,315899.64,9745.6,6081.0,331726.24,22.64,1119260.88,19190.73
VOY-003113,Handysize,5383.2,75428.7,472.72,3.07,17.25,81562.38,4359.66,22708.48,108630.51,14.2,1071033.69,47343.44
VOY-003114,Capesize,3316.6,49570.6,851.06,3.83,10.63,343779.51,19558.36,12242.05,375579.91,21.94,1087821.31,49254.83
VOY-003115,Panamax,10208.2,82667.6,758.13,2.2,32.72,793757.13,8322.95,11993.52,814073.6,38.2,3157964.45,67133.11
VOY-003116,Panamax,4483.6,58688.8,537.21,5.61,14.37,247037.28,15081.86,19181.12,281300.26,9.45,554870.75,13688.5
VOY-003117,Capesize,3514.8,35048.2,816.0,2.1,11.27,349318.88,10259.75,8465.48,368044.11,36.76,1288504.21,68891.23
VOY-003118,Supramax,6755.5,163907.9,405.44,2.98,21.65,237024.21,4827.63,39517.0,281368.84,25.52,4182829.95,158408.13
VOY-003119,Capesize,8863.1,97682.1,751.76,2.01,28.41,811507.71,9055.17,24739.62,845302.5,23.3,2276412.73,47052.98
VOY-003120,Panamax,10676.1,122517.5,729.91,4.27,34.22,799246.65,15566.51,20863.7,835676.87,18.62,2280756.46,37550.46
VOY-003121,Supramax,4007.6,108009.3,805.53,5.64,12.84,279370.96,18188.25,27712.92,325272.13,9.21,994521.33,36195.66
VOY-003122,Panamax,7046.8,155274.9,595.53,2.8,22.59,430420.75,8350.92,45041.61,483813.27,26.86,4170502.0,145199.96
VOY-003123,Supramax,6355.5,61662.3,447.29,4.24,20.37,246011.12,7583.99,14857.24,268452.35,30.87,1903605.48,66445.0
VOY-003124,Capesize,5948.5,142390.4,897.46,4.28,19.07,650209.13,23072.58,42931.48,716213.19,8.88,1264674.8,23488.19
VOY-003125,Panamax,9860.2,23389.1,638.99,5.41,31.6,646210.3,17287.74,3218.99,666717.03,37.1,867684.64,5429.5
VOY-003126,Panamax,7063.9,147479.7,662.0,5.91,22.64,479624.99,19565.91,41266.48,540457.38,10.5,1548176.72,35294.25
VOY-003127,Handysize,11952.8,19672.6,550.63,2.68,38.31,210946.45,4430.64,5202.61,220579.69,31.83,626121.69,9893.07
VOY-003128,Capesize,8120.9,62454.6,558.88,3.9,26.03,552777.55,13068.24,19340.58,585186.37,11.5,718274.15,4447.3
VOY-003129,Panamax,3781.0,88448.7,601.64,5.14,12.12,233315.26,15459.23,15408.85,264183.34,25.86,2287194.91,117224.01
VOY-003130,Handysize,11042.4,42725.1,858.5,2.12,35.39,303842.15,5456.33,9189.63,318488.11,10.73,458265.76,3726.31
VOY-003131,Handysize,10943.5,85965.1,689.17,4.87,35.08,241728.66,10065.45,24733.23,276527.34,24.36,2094133.38,45504.11
VOY-003132,Panamax,8242.4,165974.4,868.66,3.96,26.42,734338.7,17208.8,52028.24,803575.73,43.23,7175426.79,209738.6
VOY-003133,Capesize,4725.7,170892.0,492.84,2.73,15.15,283664.56,8060.32,24853.85,316578.72,33.25,5682185.41,300217.59
VOY-003134,Supramax,4528.0,130586.5,826.11,3.69,14.51,323710.35,12189.27,30690.87,366590.49,10.71,1397963.86,56663.53
VOY-003135,Capesize,2286.9,176262.3,565.43,4.46,7.33,157492.81,15126.81,50050.67,222670.28,10.44,1841010.2,137280.13
VOY-003136,Capesize,1382.3,50859.4,661.31,4.44,4.43,111336.99,17614.07,8416.44,137367.49,37.87,1925857.94,201640.41
VOY-003137,Supramax,10459.7,63505.0,813.9,5.24,33.52,736717.5,17043.26,15555.58,769316.34,31.92,2026863.81,32444.78
VOY-003138,Capesize,9006.6,88959.6,810.04,3.41,28.87,888577.52,16561.16,15273.07,920411.75,17.19,1529007.17,18856.75
VOY-003139,Supramax,6575.6,85238.7,401.56,3.15,21.08,228503.34,5063.73,20168.25,253735.32,37.33,3181922.04,120858.74
VOY-003140,Capesize,6567.5,126233.0,507.95,5.87,21.05,406303.37,17903.11,26159.71,450366.19,9.46,1193821.39,27612.97
VOY-003141,Capesize,10965.8,130374.6,708.89,4.27,35.15,946784.69,18147.55,37896.28,1002828.52,30.34,3956152.33,74931.63
VOY-003142,Capesize,7862.2,28994.9,640.94,2.61,25.2,613752.5,10047.4,9071.16,632871.06,13.5,391299.27,-8685.88
VOY-003143,Supramax,1405.3,50024.9,833.65,3.28,4.5,101381.63,10945.73,8692.88,121020.24,19.09,954882.12,107088.83
VOY-003144,Panamax,11459.7,94657.3,896.21,5.9,36.73,1053356.77,26436.36,20425.73,1100218.86,31.64,2995242.78,44453.56
VOY-003145,Panamax,8401.7,74232.4,762.16,1.7,26.93,656762.18,6477.38,12181.49,675421.06,33.56,2491399.94,63432.93
VOY-003146,Capesize,4371.5,176442.7,811.61,2.11,14.01,432119.82,10288.54,35619.39,478027.75,44.29,7814428.68,455001.55
VOY-003147,Handysize,2408.1,60989.2,444.61,3.93,7.72,34316.74,5244.7,19344.01,58905.45,28.05,1711034.98,141808.29
VOY-003148,Capesize,8102.4,96564.6,726.4,4.27,25.97,716829.96,18613.09,15534.51,750977.57,32.59,3146933.91,79231.76
VOY-003149,Panamax,2970.0,57436.9,884.51,4.65,9.52,269439.46,20576.2,10158.24,300173.9,32.38,1859538.58,110031.9
VOY-003150,Capesize,8665.8,135936.3,860.2,5.04,27.77,907894.05,26013.44,24179.66,958087.16,10.7,1454754.72,15135.33
VOY-003151,Handysize,2923.7,33940.5,628.21,4.05,9.37,58868.14,7633.49,8086.19,74587.82,44.12,1497354.19,106008.5
VOY-003152,Supramax,3339.8,125433.9,753.96,1.58,10.7,217907.79,4767.44,18667.32,241342.55,14.36,1801069.01,126959.66
VOY-003153,Capesize,7867.9,48664.7,411.83,4.64,25.22,394641.02,11454.16,10257.8,416352.98,40.88,1989340.61,52691.16
VOY-003154,Supramax,10879.2,73842.5,421.63,2.48,34.87,396955.79,4179.54,23890.75,425026.09,10.56,779611.74,9494.26
VOY-003155,Panamax,2140.5,88570.7,860.47,1.53,6.86,188907.49,6587.3,27209.3,222704.09,18.06,1599761.42,164098.16
VOY-003156,Supramax,4515.9,144161.8,756.63,3.68,14.47,295689.46,11146.58,25309.25,332145.29,27.27,3931006.48,198207.43
VOY-003157,Capesize,9487.0,135891.1,660.33,5.68,30.41,762995.61,22489.21,43489.09,828973.92,32.34,4394667.81,98818.36
VOY-003158,Supramax,4952.8,72388.1,636.44,2.74,15.87,272784.39,6979.33,17540.37,297304.09,20.27,1467181.72,62842.4
VOY-003159,Supramax,930.8,102874.6,820.7,3.57,2.98,66105.28,11714.06,16536.5,94355.83,23.09,2375516.69,348185.82
VOY-003160,Capesize,832.3,48112.6,437.94,3.25,2.67,44391.08,8542.63,7397.15,60330.86,15.9,765121.73,119080.99
VOY-003161,Supramax,6648.0,155817.0,708.41,5.53,21.31,407555.03,15669.53,37578.12,460802.69,23.78,3705400.67,120898.28
VOY-003162,Handysize,5255.4,70408.1,801.31,1.71,16.84,134973.96,4105.16,8506.36,147585.48,25.44,1791028.3,88586.22
VOY-003163,Supramax,2500.3,71957.1,505.69,4.06,8.01,109415.86,8221.88,8778.24,126415.98,10.39,747559.49,51425.76
VOY-003164,Panamax,1048.9,78837.0,538.43,1.55,3.36,57923.16,4174.41,18833.82,80931.38,42.54,3353368.2,666153.5
VOY-003165,Handysize,9542.5,94773.8,686.96,4.56,30.59,210105.92,9395.3,13174.59,232675.81,36.21,3431309.77,91015.13
VOY-003166,Panamax,6637.6,28067.3,655.9,3.23,21.27,446523.71,10608.65,4716.81,461849.17,23.45,658273.41,8014.29
VOY-003167,Handysize,1760.2,142507.5,627.98,4.31,5.64,35429.46,8111.75,39574.06,83115.27,22.34,3184225.09,311748.11
VOY-003168,Supramax,6774.7,56937.6,415.53,4.88,21.71,243610.57,8106.99,14656.67,266374.22,20.58,1171601.01,34042.32
VOY-003169,Handysize,4235.7,17864.3,481.41,2.36,13.58,65355.94,3404.01,5243.19,74003.14,33.07,590757.34,32433.02
VOY-003170,Handysize,9217.4,20578.0,653.54,3.93,29.54,193072.97,7703.11,5295.2,206071.28,17.03,350363.65,4310.87
VOY-003171,Panamax,4931.6,168127.5,668.65,2.58,15.81,338208.59,8620.92,36985.06,383814.57,44.8,7532722.45,388842.06
VOY-003172,Capesize,8774.3,179208.4,445.86,5.86,28.12,476473.08,15672.82,25361.05,517506.96,33.06,5925412.64,159142.92
VOY-003173,Supramax,6557.3,22832.8,755.48,5.32,21.02,428704.65,16084.29,5421.59,450210.53,43.72,998194.79,20804.6
VOY-003174,Capesize,3724.8,160674.4,694.48,4.26,11.94,315062.48,17769.56,44648.95,377480.98,27.66,4444492.38,251003.31
VOY-003175,Supramax,4126.5,26682.1,825.42,4.16,13.23,294759.29,13727.26,8011.68,316498.23,12.16,324359.51,452.22
VOY-003176,Panamax,389.2,60866.4,454.35,4.14,1.25,18138.24,9398.69,13697.7,41234.64,11.99,729926.9,127896.75
VOY-003177,Supramax,5186.8,26127.4,844.64,5.54,16.62,379127.13,18731.15,5122.68,402980.95,18.46,482300.57,3578.02
VOY-003178,Supramax,2695.6,10041.6,859.04,5.79,8.64,200390.34,19906.21,2544.33,222840.88,27.87,279883.4,3952.27
VOY-003179,Panamax,11283.4,84246.3,795.06,2.46,36.16,920094.63,9781.44,26195.35,956071.43,15.89,1338332.88,9896.69
VOY-003180,Handysize,1379.9,99625.6,601.63,5.95,4.42,26608.47,10740.87,28115.01,65464.35,31.01,3088894.45,291451.99
VOY-003181,Handysize,4539.7,52663.2,461.02,3.95,14.55,67079.15,5458.91,15163.59,87701.66,23.77,1251894.71,62938.45
VOY-003182,Handysize,4651.0,63524.8,684.61,4.22,14.91,102055.59,8672.72,12103.64,122831.95,27.73,1761731.36,85672.89
VOY-003183,Panamax,2986.7,91843.0,627.13,3.0,9.57,192109.42,9411.61,15614.84,217135.87,41.27,3790776.87,284199.82
VOY-003184,Supramax,2603.6,115232.6,521.78,5.72,8.34,117564.19,11943.77,14764.53,144272.49,8.98,1035017.91,63318.88
VOY-003185,Supramax,7274.3,102170.2,755.37,3.34,23.31,475510.23,10085.35,31293.55,516889.13,25.76,2631968.01,79356.75
VOY-003186,Supramax,6281.3,52766.9,483.1,3.13,20.13,262599.97,6048.34,11860.71,280509.02,44.81,2364334.42,89578.67
VOY-003187,Panamax,9213.0,84390.1,749.97,3.38,29.53,708662.67,12663.92,20395.12,741721.71,27.29,2303426.85,47459.37
VOY-003188,Panamax,5828.9,40700.9,700.41,4.09,18.68,418732.52,14321.84,11601.01,444655.37,38.28,1558191.84,48899.49
VOY-003189,Supramax,5573.5,94961.8,792.06,4.18,17.86,382024.08,13236.11,22604.54,417864.72,31.74,3014448.46,117804.5
VOY-003190,Handysize,3871.1,36244.8,623.16,5.77,12.41,77316.7,10777.92,7730.88,95825.5,25.3,916821.86,45178.03
VOY-003191,Capesize,6413.6,120512.8,727.04,3.77,20.56,567918.46,16423.94,21008.44,605350.84,40.12,4835201.48,173914.87
VOY-003192,Supramax,11167.6,29501.0,561.05,3.21,35.79,542216.52,7214.15,6691.74,556122.41,36.49,1076458.91,13339.12
VOY-003193,Capesize,7564.4,72927.8,600.34,4.45,24.24,553091.93,16036.67,17046.6,586175.2,40.12,2925548.57,81519.82
VOY-003194,Capesize,6175.3,166145.6,578.02,2.0,19.79,434737.26,6926.13,26011.43,467674.82,12.85,2135741.33,76553.42
VOY-003195,Panamax,3664.6,101627.7,709.18,3.41,11.75,266554.89,12081.05,21167.56,299803.49,21.57,2192027.47,124877.08
VOY-003196,Panamax,2440.5,173853.2,423.81,1.65,7.82,106085.21,3495.85,37704.67,147285.72,33.69,5856576.84,602759.86
VOY-003197,Capesize,3980.4,102101.7,519.76,5.64,12.76,251976.02,17601.61,31600.75,301178.38,37.78,3857065.48,193234.88
VOY-003198,Supramax,11192.9,157127.4,790.62,3.06,35.87,765803.78,9676.96,32490.09,807970.83,14.51,2280626.21,37823.79
VOY-003199,Capesize,9919.5,44517.3,425.13,4.89,31.79,513622.79,12468.78,13470.28,539561.86,31.3,1393556.74,23281.27
VOY-003200,Handysize,6873.3,10001.0,666.07,3.77,22.03,146733.25,7536.12,2938.48,157207.85,26.82,268178.2,4300.99
VOY-003201,Handysize,4125.6,39746.5,403.43,1.6,13.22,53345.49,1938.93,9066.83,64351.25,21.99,874129.46,54622.67
VOY-003202,Handysize,11302.4,69123.5,877.67,4.47,36.23,317941.23,11765.11,20616.7,350323.04,31.88,2203989.61,45551.2
VOY-003203,Supramax,10385.5,150410.1,759.75,2.91,33.29,682824.27,8834.87,31210.74,722869.88,19.6,2947723.54,61470.0
VOY-003204,Panamax,4893.8,118118.2,776.97,5.3,15.69,389983.44,20596.11,30531.95,441111.5,33.54,3961429.59,167739.22
VOY-003205,Capesize,8707.2,118943.8,492.25,5.79,27.91,522031.6,17094.38,31315.25,570441.23,26.44,3144810.47,76400.96
VOY-003206,Handysize,8936.9,22943.8,643.67,2.98,28.64,184372.96,5757.24,4263.31,194393.52,23.91,548621.69,11200.74
VOY-003207,Supramax,1599.3,73353.5,867.67,3.74,5.13,120088.27,12982.07,19456.57,152526.91,36.06,2645074.52,281120.0
VOY-003208,Handysize,3662.9,25550.6,591.0,4.57,11.74,69384.34,8102.81,6677.62,84164.77,17.12,437348.05,21654.0
VOY-003209,Capesize,3753.3,168598.2,603.54,1.51,12.03,275898.86,5469.48,32309.86,313678.2,18.26,3078682.98,204207.77
VOY-003210,Panamax,7282.3,57684.4,629.54,2.5,23.34,470201.89,7881.58,10915.95,488999.42,26.45,1525616.6,40109.71
VOY-003211,Capesize,4773.9,113158.9,541.76,2.8,15.3,315000.33,9094.99,15228.27,339323.59,33.41,3780646.41,190139.54
VOY-003212,Capesize,9099.2,33335.9,777.22,1.81,29.16,861346.71,8437.99,7694.36,877479.07,8.35,278225.17,-19347.21
VOY-003213,Capesize,11487.6,114750.1,740.3,2.84,36.82,1035786.76,12611.31,35779.29,1084177.35,29.22,3353048.92,57210.12
VOY-003214,Handysize,2716.7,134793.9,493.25,5.42,8.71,42949.38,8025.81,30756.61,81731.8,40.93,5517636.34,384672.1
VOY-003215,Handysize,9062.9,95153.9,830.14,2.5,29.05,241137.31,6232.48,26781.65,274151.44,28.53,2714901.4,77360.79
VOY-003216,Supramax,2891.1,148098.3,631.43,2.14,9.27,157976.93,5412.29,38249.93,201639.15,8.66,1282678.21,94752.69
VOY-003217,Handysize,8777.5,100768.8,646.05,2.12,28.13,181753.02,4111.52,15416.19,201280.73,11.72,1180874.03,32378.67
VOY-003218,Supramax,5020.1,47306.8,687.47,3.06,16.09,298659.63,8418.11,12501.13,319578.87,23.3,1102281.85,40869.38
VOY-003219,Supramax,10801.0,136611.1,882.89,2.32,34.62,825236.75,8195.04,42799.59,876231.38,26.83,3665327.35,75505.5
VOY-003220,Supramax,5527.7,136772.7,556.41,1.67,17.72,266159.89,3723.46,22022.21,291905.57,18.79,2570291.41,117503.83
VOY-003221,Panamax,7230.8,16249.1,403.84,5.77,23.18,299492.43,11651.86,4631.56,315775.85,27.01,438819.4,4250.78
VOY-003222,Handysize,3359.6,43102.3,409.26,5.71,10.77,44068.56,7014.89,6018.94,57102.39,42.03,1811771.58,106464.67
VOY-003223,Capesize,2182.9,67416.0,444.78,5.78,7.0,118252.75,15436.34,10882.88,144571.97,14.42,972265.5,64760.41
VOY-003224,Handysize,621.1,157962.8,795.13,2.99,1.99,15827.81,7130.59,29377.77,52336.16,10.76,1700249.35,330914.94
VOY-003225,Capesize,7012.4,91243.4,442.29,1.83,22.48,377745.79,4859.93,26413.63,409019.35,26.18,2388493.91,81436.68
VOY-003226,Panamax,7014.1,96336.8,415.73,4.51,22.48,299076.19,9368.18,22048.99,330493.36,18.12,1745405.86,52427.4
VOY-003227,Handysize,2245.6,170423.8,880.56,3.76,7.2,63377.59,9933.85,32204.32,105515.77,23.93,4078757.59,362592.44
VOY-003228,Capesize,6563.0,147513.9,750.83,2.2,21.04,600169.59,9931.54,26904.06,637005.19,19.3,2847629.62,95122.25
VOY-003229,Panamax,1484.6,128110.3,835.15,3.37,4.76,127162.66,14086.67,40654.84,181904.17,14.59,1869288.54,207507.7
VOY-003230,Capesize,665.2,84995.2,488.15,5.36,2.13,39547.3,15705.62,19043.05,74295.97,29.76,2529070.77,327555.84
VOY-003231,Supramax,6441.7,160404.4,796.06,2.02,20.65,443764.71,6418.0,49554.18,499736.88,38.39,6158254.19,249692.02
VOY-003232,Supramax,11935.2,22272.7,581.54,2.52,38.25,600646.42,5854.12,3094.54,609595.07,19.7,438865.31,-4187.59
VOY-003233,Panamax,11375.8,114517.6,716.04,3.24,36.46,835441.87,11583.33,32345.33,879370.53,28.24,3233971.92,59315.55
VOY-003234,Handysize,1215.5,144751.9,669.62,4.19,3.9,26086.62,8421.45,45707.08,80215.16,25.03,3622688.66,437997.69
VOY-003235,Handysize,1366.2,39578.7,892.98,3.32,4.38,39102.05,8893.74,12450.08,60445.87,42.77,1692707.63,212018.13
VOY-003236,Handysize,6522.0,51739.5,633.19,3.28,20.9,132360.43,6231.86,15534.91,154127.19,29.06,1503580.93,55798.49
VOY-003237,Panamax,3586.0,88613.0,647.65,2.92,11.49,238202.16,9453.06,25348.98,273004.2,10.57,936828.83,46058.28
VOY-003238,Capesize,10377.5,117628.3,842.84,5.03,33.26,1065287.9,25449.74,20692.15,1111429.79,40.03,4708118.43,93923.69
VOY-003239,Supramax,5988.7,112702.9,456.89,1.62,19.19,236781.65,2954.16,15559.49,255295.29,32.26,3635831.83,162439.98
VOY-003240,Supramax,3720.8,136094.8,654.86,2.07,11.93,210861.08,5414.61,23089.43,239365.11,22.16,3016534.4,198472.36
VOY-003241,Panamax,4717.9,136914.4,889.07,4.14,15.12,430212.4,18416.89,16704.09,465333.38,27.98,3830620.6,174687.7
VOY-003242,Handysize,1464.7,159237.2,425.68,3.31,4.69,19983.48,4231.63,50288.26,74503.37,39.09,6225363.79,768072.5
VOY-003243,Supramax,2975.4,109771.2,846.21,1.64,9.54,217885.44,5544.86,14657.42,238087.73,41.25,4527604.86,383863.36
VOY-003244,Capesize,756.9,162845.4,512.1,4.65,2.43,47210.64,14290.71,35369.17,96870.51,14.09,2295253.59,310631.77
VOY-003245,Handysize,3213.6,76999.1,817.76,2.11,10.3,84229.32,5174.29,10193.61,99597.22,21.43,1650453.7,124977.66
VOY-003246,Panamax,2498.9,134170.4,774.96,5.54,8.01,198617.0,21467.21,19906.08,239990.29,26.52,3558390.33,244911.24
VOY-003247,Capesize,10582.6,147553.2,613.03,5.71,33.92,790136.43,21008.38,40993.21,852138.01,23.32,3440274.16,65307.2
VOY-003248,Supramax,11374.6,65810.6,871.22,3.76,36.46,857577.88,13103.3,17952.7,888633.88,33.59,2210477.64,32867.79
VOY-003249,Supramax,1557.9,85709.3,550.32,4.74,4.99,74192.56,10430.76,26832.07,111455.39,34.97,2996964.36,296507.85
VOY-003250,Panamax,5925.2,78089.6,407.14,5.32,18.99,247423.04,10826.99,21388.87,279638.91,14.59,1139444.58,35369.09
VOY-003251,Capesize,5084.1,10920.7,841.33,4.6,16.3,520968.03,23217.79,1989.6,546175.42,43.17,471498.71,-3573.97
VOY-003252,Panamax,5142.8,26808.5,499.86,3.24,16.48,263662.31,8093.0,6961.81,278717.13,16.16,433110.03,7828.68
VOY-003253,Capesize,2866.3,78077.2,618.3,3.25,9.19,215850.61,12053.63,14778.97,242683.2,30.74,2400197.24,173488.18
VOY-003254,Supramax,947.4,171096.5,652.61,4.96,3.04,53505.41,12949.0,38630.1,105084.52,42.54,7278925.06,897071.24
VOY-003255,Panamax,7281.3,155114.6,868.13,1.63,23.34,648316.01,7072.7,41003.74,696392.44,32.7,5072632.46,175281.64
VOY-003256,Supramax,9312.6,48538.5,894.4,2.7,29.85,720792.85,9643.74,12378.02,742814.61,39.02,1894067.73,35375.59
VOY-003257,Supramax,3416.9,95837.9,533.84,1.93,10.95,157850.99,4129.77,12283.22,174263.98,16.3,1562524.55,107738.3
VOY-003258,Supramax,2192.7,160143.3,783.82,3.47,7.03,148729.54,10866.15,25176.9,184772.59,18.53,2966905.81,265127.58
VOY-003259,Supramax,6589.4,108358.7,808.52,3.42,21.12,461045.81,11058.82,14893.39,486998.02,12.99,1407518.12,37512.07
VOY-003260,Capesize,4857.8,160057.9,512.56,2.18,15.57,303256.35,6706.96,49341.31,359304.62,38.6,6177534.39,327775.43
VOY-003261,Supramax,4624.9,142626.1,599.26,4.07,14.82,239842.62,9764.97,43035.96,292643.54,35.22,5023460.85,250346.03
VOY-003262,Capesize,9105.1,131860.1,542.62,5.55,29.18,601743.47,18067.99,28113.87,647925.33,18.18,2397491.37,50372.58
VOY-003263,Panamax,2051.5,81997.8,801.1,3.8,6.58,168560.73,15214.92,23301.92,207077.57,24.29,1991939.92,172054.01
VOY-003264,Handysize,5665.9,48231.0,521.25,5.65,18.16,94659.2,8841.28,7273.0,110773.48,44.12,2127750.44,84697.26
VOY-003265,Handysize,8571.9,82397.7,527.41,5.05,27.47,144902.11,7984.3,11275.52,164161.93,35.49,2923971.68,84864.05
VOY-003266,Supramax,5589.1,150402.6,882.79,3.72,17.91,426981.41,13149.31,20418.86,460549.57,43.15,6489400.81,278628.13
VOY-003267,Capesize,9595.5,93387.6,676.16,2.79,30.75,790213.78,11309.39,17853.15,819376.31,30.33,2832737.64,60024.07
VOY-003268,Capesize,7446.2,45580.1,686.98,3.58,23.87,623024.54,14758.5,11728.12,649511.16,34.74,1583443.77,34027.3
VOY-003269,Handysize,6138.8,125382.1,610.28,1.96,19.68,120076.87,3584.02,31159.44,154820.33,21.0,2633328.13,114569.2
VOY-003270,Capesize,4116.3,117517.7,416.74,3.33,13.19,208927.54,8337.29,30429.54,247694.37,21.43,2517983.73,137363.95
VOY-003271,Supramax,3977.5,151838.9,448.64,5.59,12.75,154424.35,10040.51,39606.64,204071.5,40.09,6087044.11,320714.32
VOY-003272,Capesize,9053.6,130526.9,585.07,2.71,29.02,645142.24,9529.85,41715.89,696387.99,11.56,1509490.16,25623.46
VOY-003273,Supramax,10043.3,127569.7,547.84,3.03,32.19,476143.37,6636.0,24138.05,506917.42,34.45,4394583.66,110388.06
VOY-003274,Capesize,11025.6,51323.1,811.55,4.9,35.34,1089803.15,23875.12,7341.9,1121020.17,22.11,1134880.8,344.43
VOY-003275,Panamax,11339.5,46109.4,602.2,5.32,36.34,700368.49,16008.92,13461.33,729838.73,29.36,1353719.54,14975.06
VOY-003276,Capesize,10416.4,91416.2,770.73,4.88,33.39,977789.14,22563.09,28516.77,1028869.0,14.8,1353122.87,8473.92
VOY-003277,Capesize,11487.4,83613.2,452.73,4.93,36.82,633425.63,13386.73,17343.26,664155.63,9.3,777643.12,2718.47
VOY-003278,Capesize,10381.0,138086.0,434.77,4.85,33.27,549698.86,12652.55,22810.39,585161.79,26.7,3687226.12,81370.49
VOY-003279,Panamax,9054.8,127796.4,423.23,5.33,29.02,393046.44,11269.04,16557.34,420872.81,11.42,1459716.94,30245.56
VOY-003280,Capesize,5244.1,44136.4,851.39,1.97,16.81,543785.18,10060.69,8162.9,562008.76,11.73,517804.44,-2354.12
VOY-003281,Supramax,3829.9,95819.6,440.92,5.26,12.28,146138.67,9281.13,26865.25,182285.05,13.39,1283459.51,62788.75
VOY-003282,Capesize,5314.1,129999.3,830.54,5.47,17.03,537555.78,27283.14,19125.58,583964.5,14.36,1867046.71,57007.02
VOY-003283,Handysize,8611.9,119156.6,669.18,1.67,27.6,184708.34,3362.6,15690.11,203761.05,13.23,1576454.41,46886.18
VOY-003284,Panamax,328.8,50892.3,814.63,5.5,1.05,27473.94,22395.06,9118.81,58987.81,10.11,514649.95,69543.87
VOY-003285,Supramax,1101.0,107222.0,681.09,5.85,3.53,64894.42,15939.59,19513.24,100347.25,37.83,4056444.75,421775.83
VOY-003286,Handysize,5768.8,117832.5,794.43,2.7,18.49,146888.58,6443.91,25613.02,178945.51,25.91,3052847.73,135603.13
VOY-003287,Capesize,10076.5,147916.0,657.82,3.61,32.3,807324.9,14255.28,18153.09,839733.27,18.66,2759388.82,53459.87
VOY-003288,Supramax,3046.1,103152.9,825.72,4.22,9.76,217666.3,13948.61,31590.6,263205.51,41.54,4285299.74,287571.91
VOY-003289,Capesize,3267.2,53635.1,545.46,3.08,10.47,217055.4,10078.91,6973.43,234107.74,41.46,2223951.18,146834.94
VOY-003290,Capesize,9834.8,29894.6,721.58,5.16,31.52,864329.25,22338.29,4178.96,890846.5,21.42,640455.1,-6826.12
VOY-003291,Panamax,4525.8,20195.1,514.46,2.63,14.51,238806.22,6775.53,5262.1,250843.86,20.25,409021.13,9228.56
VOY-003292,Handysize,5090.9,34853.5,739.68,3.09,16.32,120694.1,6855.42,8227.99,135777.51,8.8,306858.02,8815.68
VOY-003293,Panamax,10277.0,11891.1,816.05,2.35,32.94,860157.07,9585.39,3731.59,873474.05,8.96,106559.6,-21732.9
VOY-003294,Supramax,10118.5,112191.1,458.93,5.29,32.43,401859.98,9715.94,29044.6,440620.52,17.95,2013488.46,41694.26
VOY-003295,Supramax,4312.6,62273.8,402.35,4.58,13.82,150158.79,7377.79,10970.48,168507.06,43.74,2724098.97,138842.3
VOY-003296,Supramax,6974.8,67400.8,477.54,4.19,22.36,288239.91,8009.92,8202.38,304452.22,9.15,616437.8,11751.55
VOY-003297,Capesize,4307.5,20400.0,507.05,4.89,13.81,266014.28,14869.45,4683.58,285567.31,18.81,383769.66,5253.2
VOY-003298,Capesize,6398.0,80937.0,665.49,4.92,20.51,518578.54,19652.08,9827.17,548057.79,27.37,2215263.62,65565.57
VOY-003299,Panamax,1000.0,92902.2,763.22,2.96,3.21,78276.98,11300.45,19097.66,108675.09,18.07,1678644.12,254603.94
VOY-003300,Handysize,6820.3,74880.5,426.86,2.14,21.86,93311.43,2743.13,19555.4,115609.96,10.32,773064.69,27391.48
VOY-003301,Panamax,9877.0,98656.0,495.01,4.95,31.66,501456.37,12258.79,31426.59,545141.74,33.49,3304151.73,75361.87
VOY-003302,Capesize,6910.0,138585.4,495.3,5.7,22.15,416850.24,16934.18,22395.28,456179.7,42.47,5885862.22,194991.05
VOY-003303,Capesize,10878.1,66817.9,479.8,1.78,34.87,635687.11,5117.28,11345.9,652150.3,11.79,788072.0,3709.33
VOY-003304,Supramax,7492.4,58588.8,838.73,4.96,24.01,543814.39,16652.93,10302.96,570770.28,29.55,1731355.03,40050.99
VOY-003305,Panamax,10040.7,102655.3,781.49,2.47,32.18,804790.68,9635.47,20320.66,834746.81,44.8,4599165.98,108648.95
VOY-003306,Capesize,11702.7,176366.5,853.77,1.53,37.51,1216904.92,7819.77,36629.9,1261354.58,14.27,2516142.97,32145.05
VOY-003307,Handysize,3727.0,44120.2,847.08,2.04,11.95,101187.62,5182.88,11441.4,117811.89,44.66,1970494.02,132477.37
VOY-003308,Capesize,1988.5,73139.9,870.45,4.48,6.37,210815.44,23408.27,16176.88,250400.59,15.41,1127144.12,80764.98
VOY-003309,Capesize,3857.0,103977.5,749.13,4.96,12.36,351914.55,22306.17,31707.6,405928.31,20.34,2115393.98,98671.06
VOY-003310,Handysize,2818.2,179068.5,450.86,5.28,9.03,40725.02,7137.65,55455.56,103318.24,11.45,2049885.07,136030.98
VOY-003311,Handysize,9132.8,93519.7,751.06,3.49,29.27,219848.67,7870.61,29141.11,256860.39,24.84,2322821.15,63054.31
VOY-003312,Panamax,10388.4,32494.4,834.05,4.0,33.3,888659.48,16666.61,10717.35,916043.45,36.93,1200000.17,7614.25
VOY-003313,Capesize,10132.5,98446.6,674.62,3.47,32.48,832538.14,14032.38,18846.13,865416.64,34.9,3436036.86,71519.73
VOY-003314,Handysize,8504.7,26590.0,610.33,2.6,27.26,166367.03,4768.39,4078.42,175213.84,23.28,619145.96,14865.67
VOY-003315,Panamax,11845.5,53892.0,508.22,3.89,37.97,617446.83,9893.98,6785.79,634126.61,12.9,695439.52,1464.71
VOY-003316,Supramax,10361.5,21186.5,463.46,4.04,33.21,415565.77,7492.79,4415.02,427473.58,19.69,417243.33,-274.63
VOY-003317,Capesize,7822.4,136232.1,728.01,2.55,25.07,693600.8,11159.22,37460.8,742220.81,37.3,5081050.06,157052.91
VOY-003318,Handysize,6935.8,99650.7,757.5,3.27,22.23,168393.63,7437.97,28886.51,204718.12,25.92,2582810.49,93246.9
VOY-003319,Capesize,8552.2,113055.7,434.4,2.09,27.41,452474.57,5456.98,21813.77,479745.32,17.25,1950091.51,49834.75
VOY-003320,Panamax,11785.2,150233.6,703.84,4.73,37.77,850752.09,16643.77,34133.1,901528.95,34.89,5241451.01,102109.83
VOY-003321,Supramax,3387.6,175979.4,723.91,3.23,10.86,212218.56,9340.92,23224.26,244783.75,42.01,7392388.58,507518.65
VOY-003322,Panamax,6873.1,153698.3,579.57,3.05,22.03,408559.75,8851.56,49202.83,466614.14,27.9,4288371.24,152360.48
VOY-003323,Handysize,8584.7,89127.3,750.76,3.32,27.52,206572.47,7483.67,18671.04,232727.17,20.44,1821417.2,51517.51
VOY-003324,Panamax,7150.2,176589.7,708.3,1.56,22.92,519435.21,5510.86,48042.56,572988.62,43.28,7643669.24,288914.59
VOY-003325,Capesize,1687.8,145635.2,769.26,3.35,5.41,158132.94,15485.03,23631.23,197249.21,9.27,1349561.91,131473.55
VOY-003326,Panamax,1349.7,85431.3,603.41,1.72,4.33,83532.78,5193.99,26736.16,115462.92,35.1,2998405.12,476703.21
VOY-003327,Panamax,10609.2,84531.4,784.0,1.67,34.0,853091.79,6546.16,26679.3,886317.25,28.35,2396159.63,42323.62
VOY-003328,Capesize,10527.3,103483.1,444.49,1.7,33.74,569913.3,4543.57,33297.33,607754.2,27.58,2853748.83,63365.71
VOY-003329,Capesize,9269.0,64796.5,668.02,5.77,29.71,754135.87,23106.75,16504.38,793747.0,44.0,2850896.78,57991.28
VOY-003330,Supramax,3996.5,132882.1,745.32,5.13,12.81,257767.04,15280.97,38776.24,311824.25,11.45,1521628.36,67455.52
VOY-003331,Panamax,3874.5,119897.8,659.97,4.94,12.42,262260.03,16306.29,19092.78,297659.09,44.38,5321182.18,289377.33
VOY-003332,Supramax,2086.0,83720.2,708.84,2.31,6.69,127961.26,6539.08,22971.99,157472.33,30.65,2565708.66,267810.74
VOY-003333,Handysize,10429.3,54747.9,688.31,3.81,33.43,230084.39,7861.49,6572.67,244518.54,13.22,723985.03,12877.0
VOY-003334,Capesize,9341.8,121956.2,733.76,1.5,29.94,834860.62,6625.36,21356.98,862842.96,38.1,4647079.58,120338.57
VOY-003335,Handysize,418.2,109944.7,679.07,5.72,1.34,9102.08,11648.08,33788.28,54538.44,21.8,2397049.53,331890.96
VOY-003336,Supramax,8342.5,69935.5,731.3,5.35,26.74,527963.22,15649.43,12544.33,556156.97,29.93,2093024.54,47894.36
VOY-003337,Handysize,2807.6,77913.6,548.04,2.25,9.0,49316.35,3702.2,15290.77,68309.33,13.29,1035825.55,85998.04
VOY-003338,Panamax,7673.2,149758.4,789.0,5.09,24.59,620932.14,20076.72,21581.36,662590.22,20.22,3027759.47,79681.87
VOY-003339,Capesize,3378.9,71862.5,595.88,5.01,10.83,245224.53,17919.0,21891.68,285035.21,32.45,2331748.88,129197.24
VOY-003340,Capesize,6226.4,146744.2,696.27,4.21,19.96,528007.19,17586.18,37058.02,582651.39,11.32,1661527.64,44644.51
VOY-003341,Capesize,3155.8,112363.5,729.22,5.2,10.11,280277.12,22743.45,14279.14,317299.71,14.83,1666906.63,88136.2
VOY-003342,Panamax,7996.7,126955.5,736.91,4.84,25.63,604390.05,17816.38,23867.14,646073.58,42.29,5368837.79,155018.29
VOY-003343,Panamax,6774.6,144255.5,400.71,2.49,21.71,278429.04,4994.64,27530.2,310953.89,34.19,4932754.52,190932.55
VOY-003344,Capesize,1004.4,92876.6,716.53,2.34,3.22,87652.5,10052.26,19703.94,117408.7,42.55,3952112.27,690018.01
VOY-003345,Supramax,10033.9,150698.7,600.43,4.96,32.16,521364.57,11907.46,24370.27,557642.3,39.13,5896701.19,143840.52
VOY-003346,Handysize,1469.8,107592.7,477.2,2.26,4.71,22479.72,3240.61,19678.39,45398.72,36.02,3875375.11,549146.34
VOY-003347,Capesize,7188.1,137197.1,863.28,4.74,23.04,755781.23,24569.04,37069.34,817419.6,44.8,6146301.6,191809.89
VOY-003348,Capesize,10060.4,159239.7,817.11,4.18,32.24,1001205.7,20477.54,22666.3,1044349.54,28.43,4527537.57,95635.11
VOY-003349,Panamax,6802.1,85770.6,769.36,2.01,21.8,536738.03,7739.84,26665.88,571143.75,41.93,3596185.74,127030.57
VOY-003350,Handysize,8831.7,145332.3,877.89,2.66,28.31,248502.49,7001.69,34577.53,290081.7,40.0,5813553.05,178375.43
VOY-003351,Handysize,2484.9,179089.9,815.84,5.95,7.96,64978.2,14554.93,43328.56,122861.7,42.21,7558715.79,534516.2
VOY-003352,Supramax,5747.4,81478.6,816.17,3.33,18.42,405937.89,10856.84,18828.59,435623.33,14.51,1181984.62,34320.94
VOY-003353,Supramax,5909.1,101823.1,429.41,2.57,18.94,219583.68,4415.25,14508.08,238507.02,39.3,4001227.18,174928.93
VOY-003354,Capesize,8586.6,152678.9,468.01,5.16,27.52,489447.86,14490.22,37159.0,541097.07,12.43,1897665.63,41508.94
VOY-003355,Panamax,1328.0,21453.5,487.96,2.26,4.26,66460.92,5508.35,6212.97,78182.24,38.26,820829.96,114008.99
VOY-003356,Capesize,1772.3,88643.9,465.63,3.99,5.68,100509.26,11147.19,23589.56,135246.01,28.18,2498263.86,244353.78
VOY-003357,Handysize,8798.1,62825.9,477.5,3.28,28.2,134651.19,4702.88,14136.02,153490.08,19.18,1205155.71,33405.1
VOY-003358,Capesize,5104.8,133255.2,725.46,1.92,16.36,451048.71,8372.77,17325.28,476746.76,26.76,3566243.62,168962.05
VOY-003359,Supramax,2135.3,93231.7,838.36,4.67,6.84,154918.14,15665.53,30336.08,200919.74,30.64,2856226.34,230586.67
VOY-003360,Panamax,2386.5,101070.9,878.26,2.94,7.65,214969.88,12909.4,30760.84,258640.12,14.7,1485716.06,115884.58
VOY-003361,Panamax,11642.8,109534.8,487.02,5.14,37.32,581574.62,12520.24,22117.12,616211.98,9.1,997084.04,8970.49
VOY-003362,Handysize,7839.9,51459.7,502.64,2.58,25.13,126304.4,3890.56,16055.03,146249.99,35.11,1806700.26,59926.69
VOY-003363,Supramax,9578.3,49060.7,594.98,3.7,30.7,493172.74,8799.88,9887.98,511860.61,24.56,1204763.39,20144.09
VOY-003364,Supramax,5708.1,58649.6,479.03,1.56,18.3,236628.75,2987.46,14668.4,254284.62,42.99,2521235.96,114179.47
VOY-003365,Panamax,10048.4,73464.5,882.88,4.11,32.21,909905.64,18156.85,23370.18,951432.67,13.22,971324.51,547.69
VOY-003366,Panamax,4141.2,11331.4,814.05,3.13,13.27,345753.97,12724.89,3032.87,361511.74,11.6,131389.47,-14032.43
VOY-003367,Handysize,3903.4,53967.3,536.12,2.07,12.51,67074.01,3330.5,12563.58,82968.09,9.83,530594.25,30697.78
VOY-003368,Panamax,5199.9,84919.2,507.64,3.23,16.67,270734.31,8188.54,15936.31,294859.17,22.01,1869412.53,79153.9
VOY-003369,Supramax,2153.6,14810.0,790.92,2.08,6.9,147406.12,6589.94,1965.31,155961.36,11.87,175832.98,2211.47
VOY-003370,Handysize,7306.6,176876.1,492.26,3.33,23.42,115279.48,4912.33,55843.82,176035.63,9.34,1651677.87,55174.49
VOY-003371,Capesize,7203.7,28354.6,464.09,3.89,23.09,407182.7,10838.06,8620.99,426641.75,21.06,597117.93,6318.37
VOY-003372,Panamax,2450.6,15678.5,529.16,2.36,7.85,133004.13,6253.63,4944.71,144202.47,24.62,386081.29,23671.38
VOY-003373,Handysize,5113.2,122858.1,683.93,3.36,16.39,112084.97,6892.95,21942.3,140920.22,37.51,4608195.02,226215.51
VOY-003374,Handysize,419.1,172487.2,820.45,4.22,1.34,11020.7,10397.87,48759.08,70177.66,12.73,2195769.7,381770.08
VOY-003375,Handysize,11310.3,26760.3,828.99,4.87,36.25,300518.13,12110.1,7167.0,319795.23,26.49,708918.81,9463.04
VOY-003376,Handysize,9591.6,81143.8,463.06,5.62,30.74,142354.81,7810.81,24975.86,175141.48,18.02,1462030.64,35388.17
VOY-003377,Supramax,8080.6,86744.4,593.66,5.83,25.9,415134.97,13843.57,22728.63,451707.17,10.93,947777.85,15634.62
VOY-003378,Capesize,1958.9,120612.9,446.53,5.51,6.28,106534.16,14768.55,27258.46,148561.17,35.61,4295618.42,351715.52
VOY-003379,Supramax,4161.8,26408.9,497.56,1.53,13.34,179195.87,3045.07,6035.98,188276.92,20.51,541661.86,23766.54
VOY-003380,Supramax,10946.7,153731.1,818.7,2.86,35.09,775559.71,9352.63,23817.75,808730.09,35.85,5511119.57,123937.8
VOY-003381,Handysize,2507.3,62882.4,426.08,4.02,8.04,34240.99,5140.46,8393.83,47775.29,11.14,700287.37,54115.74
VOY-003382,Capesize,1994.3,42075.4,610.06,4.27,6.39,148181.44,15613.56,13328.31,177123.32,24.44,1028519.92,79885.79
VOY-003383,Supramax,9546.3,15514.8,614.96,3.19,30.6,508034.6,7839.13,4757.54,520631.27,17.49,271382.79,-7377.73
VOY-003384,Capesize,976.2,178450.7,510.6,1.52,3.13,60706.22,4645.02,31909.34,97260.59,22.69,4048815.82,850723.3
VOY-003385,Handysize,7148.5,106402.5,665.91,3.8,22.91,152574.06,7584.27,32803.04,192961.37,24.05,2558525.63,88570.17
VOY-003386,Handysize,343.0,138901.1,617.13,4.5,1.1,6785.32,8334.45,32517.64,47637.42,31.23,4337471.95,765872.93
VOY-003387,Capesize,10406.4,68136.4,699.53,4.54,33.35,886611.83,19059.09,20094.65,925765.57,17.47,1190486.54,6985.71
VOY-003388,Capesize,11458.8,57166.8,588.6,3.02,36.73,821468.15,10682.1,10279.46,842429.7,36.71,2098704.71,31603.01
VOY-003389,Panamax,1940.2,64809.6,565.46,1.63,6.22,112525.62,4615.31,16180.44,133321.38,41.02,2658537.31,321637.73
VOY-003390,Capesize,3650.7,56248.4,491.49,1.52,11.7,218530.07,4475.84,14075.68,237081.58,36.71,2064897.18,138275.6
VOY-003391,Supramax,2924.2,162272.2,555.34,3.46,9.37,140530.27,7696.56,48814.48,197041.32,13.17,2136851.54,151108.98
VOY-003392,Supramax,11315.9,13761.9,742.65,5.49,36.27,727253.71,16315.51,3101.32,746670.54,13.18,181397.43,-13535.79
VOY-003393,Panamax,8657.8,18069.8,717.02,5.42,27.75,636698.9,19443.66,3742.14,659884.7,42.86,774400.92,3452.09
VOY-003394,Panamax,9857.1,75540.5,834.19,3.3,31.59,843354.27,13757.91,15479.24,872591.42,44.52,3363290.96,71383.8
VOY-003395,Capesize,4124.8,142374.6,718.9,2.7,13.22,361157.06,11646.06,25142.38,397945.49,39.25,5587862.1,325990.49
VOY-003396,Panamax,10773.5,132947.6,576.54,5.11,34.53,637064.03,14722.21,16614.46,668400.7,41.44,5508845.69,122118.29
VOY-003397,Panamax,11570.3,158533.4,465.49,3.49,37.08,552388.06,8115.29,20308.36,580811.71,29.8,4724872.15,102143.48
VOY-003398,Handysize,9701.6,71036.8,865.69,1.76,31.09,269185.24,4559.05,16492.4,290236.69,33.21,2359190.74,62981.38
VOY-003399,Handysize,9748.0,137416.8,822.91,5.81,31.24,257106.33,14352.71,33696.72,305155.76,28.35,3895460.08,96885.42
VOY-003400,Handysize,7881.9,121921.0,713.57,5.78,25.26,180266.99,12366.0,31864.53,224497.51,28.01,3414998.04,102789.59
VOY-003401,Handysize,6124.7,130425.8,670.69,3.03,19.63,131659.81,6090.06,17003.64,154753.51,21.56,2812107.66,117284.94
VOY-003402,Capesize,9271.9,22705.3,778.25,1.75,29.72,878850.11,8152.22,4988.7,891991.03,20.49,465283.25,-13562.03
VOY-003403,Supramax,10456.6,158302.6,646.99,3.03,33.51,585455.55,7848.44,30336.22,623640.22,32.02,5069387.37,121643.33
VOY-003404,Handysize,4858.1,163517.1,444.01,1.94,15.57,69135.41,2582.96,42077.7,113796.06,44.66,7303087.95,410583.22
VOY-003405,Handysize,4276.5,51620.3,617.25,4.97,13.71,84604.86,9199.29,12351.95,106156.09,16.94,874619.34,41150.06
VOY-003406,Supramax,959.0,78386.9,563.68,4.07,3.07,46782.34,9172.88,13002.65,68957.87,42.3,3315725.69,454594.39
VOY-003407,Capesize,7976.0,169387.3,860.89,5.77,25.56,836294.49,29792.67,50240.91,916328.08,15.4,2608567.42,54010.14
VOY-003408,Handysize,3957.8,39692.9,639.0,3.71,12.69,81059.66,7107.49,10842.96,99010.12,29.39,1166716.62,65132.22
VOY-003409,Supramax,7368.2,122368.8,893.62,5.76,23.62,569802.77,20594.92,33616.6,624014.29,8.42,1030757.63,13845.31
VOY-003410,Supramax,6300.2,36200.7,406.51,5.0,20.19,221636.47,8125.84,7077.47,236839.77,32.2,1165500.49,36865.85
VOY-003411,Handysize,6797.5,15119.9,892.1,2.01,21.79,194359.63,5372.9,2216.29,201948.82,39.39,595616.76,16544.55
VOY-003412,Handysize,2618.1,101581.0,892.73,3.46,8.39,74913.17,9264.73,17920.08,102097.97,34.47,3501656.0,286862.19
VOY-003413,Handysize,6466.0,121402.7,437.38,4.3,20.72,90644.75,5640.9,33860.05,130145.7,37.45,4546074.25,176471.38
VOY-003414,Capesize,11283.0,73521.5,494.29,3.62,36.16,679255.73,10724.7,16467.67,706448.1,42.65,3135461.89,61061.76
VOY-003415,Panamax,4804.6,134977.8,736.85,3.25,15.4,363102.59,11967.05,35284.54,410354.18,35.94,4851534.07,238164.07
VOY-003416,Supramax,10013.2,171778.2,574.52,2.61,32.09,497839.94,5998.24,42527.28,546365.46,39.72,6823153.22,180868.25
VOY-003417,Supramax,9518.2,28659.5,824.45,4.84,30.51,679090.76,15950.17,6679.84,701720.78,31.88,913562.89,5993.77
VOY-003418,Supramax,6443.2,158361.0,556.02,3.99,20.65,310026.32,8867.38,26251.31,345145.01,32.83,5199564.93,197027.57
VOY-003419,Panamax,8467.2,104446.0,509.47,4.23,27.14,442442.72,10773.08,25292.26,478508.06,18.92,1975786.28,47733.07
VOY-003420,Supramax,4330.2,45464.8,773.38,2.69,13.88,289809.43,8309.9,12834.69,310954.02,9.39,426881.0,6998.28
VOY-003421,Capesize,4808.0,61579.6,469.37,3.89,15.41,274857.37,10966.89,9942.77,295767.03,12.97,798819.12,26058.73
VOY-003422,Capesize,1593.2,157869.6,617.26,3.32,5.11,119775.74,12290.99,30409.59,162476.32,10.82,1707988.14,183441.98
VOY-003423,Supramax,2330.3,86977.0,777.56,3.8,7.47,156806.1,11820.99,23931.39,192558.48,34.11,2966601.62,246150.62
VOY-003424,Supramax,683.9,17604.4,702.6,2.38,2.19,41583.44,6680.84,4547.96,52812.23,42.77,752952.07,153229.46
VOY-003425,Handysize,7848.9,108829.4,583.41,5.27,25.16,146767.39,9224.38,23728.47,179720.24,12.47,1357237.24,38699.67
VOY-003426,Supramax,5763.1,68178.1,433.68,1.77,18.47,216288.02,3069.52,10584.32,229941.86,29.1,1983852.43,86651.08
VOY-003427,Supramax,8178.6,69258.7,565.35,4.79,26.21,400139.05,10825.9,15626.83,426591.78,44.86,3107221.96,86469.68
VOY-003428,Capesize,9841.8,166677.4,745.03,5.05,31.54,893054.29,22556.19,34106.71,949717.18,13.74,2290572.28,36645.13
VOY-003429,Panamax,5036.0,73890.7,609.17,4.73,16.14,314644.78,14398.45,17980.36,347023.59,39.45,2914910.14,123052.65
VOY-003430,Capesize,4737.4,19858.9,625.22,2.84,15.18,360752.31,10657.42,4697.84,376107.57,14.79,293659.12,-4574.1
VOY-003431,Capesize,1187.4,27531.1,722.07,2.14,3.81,104427.36,9275.69,4230.83,117933.88,11.39,313464.72,32879.56
VOY-003432,Capesize,530.3,154648.7,884.55,2.69,1.7,57126.6,14279.52,39968.04,111374.16,33.06,5112885.18,1139273.45
VOY-003433,Supramax,10215.9,153532.2,518.64,4.76,32.74,458517.81,9871.38,23683.71,492072.9,31.32,4809101.0,115115.67
VOY-003434,Capesize,431.1,130534.8,821.63,4.22,1.38,43143.7,20784.0,26262.39,90190.09,31.16,4067305.47,710474.17
VOY-003435,Handysize,7704.7,169751.8,887.88,5.65,24.69,219258.42,15047.29,44269.52,278575.23,42.71,7250643.15,229768.79
VOY-003436,Handysize,10301.9,159573.7,696.36,1.72,33.02,229929.26,3594.31,37184.13,270707.7,33.77,5389436.14,147346.44
VOY-003437,Handysize,7017.8,163614.1,671.96,3.17,22.49,151142.15,6386.24,42621.73,200150.13,42.16,6898182.49,261021.9
VOY-003438,Capesize,8439.3,109767.7,517.58,2.55,27.05,532001.35,7921.79,24617.44,564540.58,30.53,3350758.86,94129.42
VOY-003439,Supramax,3969.0,103136.9,529.78,2.84,12.72,181966.47,6020.32,28432.17,216418.96,34.09,3515675.73,212004.78
VOY-003440,Capesize,7570.1,78560.9,609.82,2.52,24.26,562251.29,9204.99,19320.46,590776.74,12.85,1009829.87,15648.56
VOY-003441,Capesize,8273.7,103950.3,444.84,4.88,26.52,448267.14,13037.97,19625.2,480930.31,9.31,968253.55,15518.26
VOY-003442,Supramax,7373.6,54888.1,894.02,1.72,23.63,570477.93,6158.81,17848.32,594485.07,23.18,1272559.98,26742.55
VOY-003443,Supramax,11126.4,42365.7,540.14,4.14,35.66,520083.71,8944.12,11568.31,540596.14,18.28,774343.62,5872.86
VOY-003444,Handysize,7696.2,125721.7,419.12,2.34,24.67,103385.96,2942.94,16744.46,123073.36,28.74,3612932.4,129215.61
VOY-003445,Supramax,8983.6,125003.9,418.6,3.47,28.79,325435.11,5803.77,33229.75,364468.64,15.1,1886934.89,47193.88
VOY-003446,Panamax,7142.0,55767.5,577.29,2.85,22.89,422870.51,8223.97,16798.74,447893.22,16.09,897356.98,17461.64
VOY-003447,Supramax,1962.7,22449.1,748.74,3.44,6.29,127171.25,10297.95,5714.31,143183.51,28.51,640021.56,51067.65
VOY-003448,Panamax,4082.8,68017.8,721.83,5.16,13.09,302262.14,18640.07,15657.38,336559.6,25.9,1761474.84,78075.77
VOY-003449,Panamax,8654.9,100619.9,758.73,3.76,27.74,673511.21,14256.78,15863.06,703631.05,31.1,3129296.32,77009.77
VOY-003450,Supramax,6416.7,64942.9,816.73,4.61,20.57,453528.48,15058.84,20947.8,489535.12,40.36,2620786.43,84654.26
VOY-003451,Handysize,2313.4,33129.6,480.49,5.7,7.41,35627.48,8220.92,4287.13,48135.53,16.22,537509.61,37305.79
VOY-003452,Capesize,10062.7,116582.4,697.22,5.21,32.25,854506.09,21782.47,25493.18,901781.73,22.13,2580274.49,44808.47
VOY-003453,Supramax,3840.6,115284.4,875.4,3.67,12.31,290946.34,12857.36,32061.79,335865.5,39.49,4552123.4,263822.1
VOY-003454,Handysize,4632.6,111026.4,607.08,3.12,14.85,90139.99,5678.48,15292.6,111111.06,29.29,3251553.3,174797.95
VOY-003455,Handysize,5258.7,14326.1,751.95,2.07,16.85,126740.33,4659.02,2843.4,134242.75,8.26,118299.39,-842.67
VOY-003456,Capesize,6349.3,156795.3,633.42,5.24,20.35,489832.16,19902.94,19653.74,529388.85,24.73,3876979.12,130830.55
VOY-003457,Panamax,7865.2,49777.5,441.71,3.77,25.21,356321.75,8332.46,10803.69,375457.9,33.21,1652932.44,44078.24
VOY-003458,Handysize,11454.1,78340.0,647.6,2.24,36.71,237746.04,4348.5,15600.07,257694.61,32.4,2538196.82,58549.49
VOY-003459,Supramax,9414.9,38573.6,786.51,1.92,30.18,640814.45,6026.81,8721.38,655562.64,23.76,916656.85,8135.89
VOY-003460,Panamax,1580.8,121152.2,704.28,4.08,5.07,114187.54,14364.2,16486.96,145038.71,42.33,5128863.5,544933.96
VOY-003461,Supramax,4407.0,35573.7,634.54,3.54,14.12,241996.99,8985.89,10183.96,261166.83,23.91,850576.97,33365.62
VOY-003462,Capesize,5137.4,123288.3,676.89,1.75,16.47,423534.87,7116.49,24313.5,454964.86,31.54,3888825.33,188485.47
VOY-003463,Supramax,4762.8,112086.5,808.5,2.77,15.27,333232.54,8968.58,18699.24,360900.36,37.6,4214888.08,213652.78
VOY-003464,Handysize,3154.8,41466.6,820.26,2.45,10.11,82941.19,6034.76,7951.56,96927.51,40.62,1684331.8,126345.43
VOY-003465,Panamax,8478.0,104682.4,707.86,3.79,27.17,615509.31,13412.27,21526.3,650447.88,32.18,3368410.33,87782.3
VOY-003466,Panamax,4877.7,132115.2,580.95,3.8,15.63,290635.8,11040.04,28390.82,330066.66,30.92,4084471.66,193183.81
VOY-003467,Supramax,7651.8,22866.1,630.72,2.52,24.53,417647.13,6361.79,7194.43,431203.35,24.21,553595.93,4525.22
VOY-003468,Capesize,2277.8,89953.3,465.32,2.31,7.3,129091.15,6436.63,12516.82,148044.6,25.43,2287729.95,222742.56
VOY-003469,Handysize,9971.7,111815.2,873.22,1.98,31.96,279086.17,5193.04,18854.61,303133.82,18.73,2093772.28,52754.42
VOY-003470,Handysize,10319.5,160742.7,722.18,4.66,33.08,238862.7,10094.2,29740.93,278697.83,30.14,4844628.18,121001.14
VOY-003471,Capesize,5428.6,10598.9,643.18,1.72,17.4,425254.37,6644.17,2385.42,434283.96,35.89,380380.49,-2819.08
VOY-003472,Handysize,743.5,80035.5,737.03,5.53,2.38,17562.71,12226.32,14818.9,44607.92,13.14,1051660.67,127274.88
VOY-003473,Capesize,10720.7,131819.3,636.82,5.63,34.36,831516.19,21526.94,31494.35,884537.48,31.1,4100010.48,80396.62
VOY-003474,Handysize,2775.9,160236.7,766.97,2.36,8.9,68238.44,5424.34,22565.59,96228.37,23.78,3811073.44,330072.9
VOY-003475,Panamax,5858.3,74038.3,615.56,3.81,18.78,369861.72,11736.55,22836.07,404434.34,17.3,1280931.98,38800.31
VOY-003476,Supramax,3717.2,17566.9,632.0,3.84,11.91,203300.04,9702.68,3152.25,216154.98,9.87,173383.76,-2715.26
VOY-003477,Panamax,2813.8,86326.8,620.0,5.08,9.02,178930.99,15758.14,14897.66,209586.8,36.78,3174774.79,210266.62
VOY-003478,Handysize,6354.3,95632.0,637.55,1.71,20.37,129846.07,3271.51,12935.07,146052.65,38.33,3665923.99,159436.7
VOY-003479,Handysize,1873.3,145081.1,565.99,3.38,6.0,33983.68,5730.82,25644.62,65359.12,11.64,1689199.67,173127.84
VOY-003480,Supramax,8803.7,49986.7,472.52,4.47,28.22,359993.84,8448.86,11455.35,379898.04,10.41,520521.7,4302.12
VOY-003481,Handysize,6728.3,18389.7,667.53,5.1,21.57,143953.64,10214.31,4112.63,158280.59,9.0,165483.77,270.13
VOY-003482,Capesize,9650.1,178961.8,445.14,4.03,30.93,523191.99,10759.94,31850.14,565802.07,33.16,5933875.28,153555.24
VOY-003483,Supramax,11236.1,63332.3,736.81,3.22,36.01,716440.44,9483.14,19046.42,744970.0,43.39,2747688.55,51049.82
VOY-003484,Supramax,829.4,128333.2,754.47,2.45,2.66,54155.09,7389.64,28990.52,90535.25,14.65,1880653.88,350516.56
VOY-003485,Capesize,6369.6,178280.5,587.22,4.84,20.42,455554.44,17055.16,23173.46,495783.06,33.4,5953695.63,216103.12
VOY-003486,Supramax,3853.7,77015.3,756.61,2.89,12.35,252323.04,8755.71,16221.51,277300.26,29.24,2251845.51,129523.47
VOY-003487,Supramax,3096.8,98405.5,555.29,5.77,9.93,148812.83,12815.51,32064.35,193692.68,42.2,4152223.4,252210.88
VOY-003488,Capesize,10753.3,136511.0,562.58,4.2,34.47,736804.02,14168.2,30657.18,781629.4,33.65,4594217.47,98610.52
VOY-003489,Handysize,1629.1,97213.0,680.56,3.01,5.22,35534.5,6147.63,20714.62,62396.75,20.16,1959390.21,230428.55
VOY-003490,Supramax,11014.1,93777.0,609.21,3.05,35.3,580664.17,7435.24,12124.85,600224.26,41.12,3855980.01,84889.47
VOY-003491,Capesize,1515.1,155539.2,576.39,5.28,4.86,106365.02,18248.2,21161.65,145774.87,21.54,3350264.57,316250.57
VOY-003492,Handysize,6241.7,124967.7,788.86,4.32,20.01,157815.84,10217.25,26677.26,194710.36,40.61,5074872.26,200641.03
VOY-003493,Panamax,3071.2,27482.3,612.65,5.82,9.84,192983.61,17819.72,8143.78,218947.11,8.9,244467.44,1629.56
VOY-003494,Capesize,8780.2,48786.2,763.51,3.63,28.14,816489.71,16633.73,7159.12,840282.56,18.16,886138.6,1443.26
VOY-003495,Handysize,5828.8,17440.8,689.75,3.55,18.68,128858.01,7339.93,5068.47,141266.41,11.68,203640.98,2805.98
VOY-003496,Supramax,10750.2,40596.1,891.64,4.58,34.46,829502.85,16334.26,13270.55,859107.65,12.56,509933.87,-8945.0
VOY-003497,Supramax,8966.6,105600.1,684.79,4.76,28.74,531364.99,13044.99,23702.33,568112.31,14.26,1506254.85,28003.13
VOY-003498,Supramax,5669.2,126558.7,835.65,2.82,18.17,409976.33,9434.9,25911.86,445323.1,8.11,1026204.48,27669.97
VOY-003499,Capesize,1550.2,117677.5,669.07,1.67,4.97,126327.55,6712.48,20143.31,153183.34,23.85,2806345.44,399524.86
VOY-003500,Handysize,5622.1,148411.5,876.93,5.75,18.02,158019.7,15128.62,40082.89,213231.21,40.98,6082007.08,246896.35
VOY-003501,Panamax,445.0,157451.9,768.51,5.33,1.43,35079.1,20481.85,48164.14,103725.09,18.36,2891416.16,412582.81
VOY-003502,Panamax,4888.1,161706.4,495.14,2.04,15.67,248233.71,5046.17,31483.41,284763.29,11.33,1832760.41,87431.19
VOY-003503,Capesize,1070.3,146602.8,856.55,1.87,3.43,111660.68,9626.26,40722.95,162009.88,39.51,5792635.15,1061653.92
VOY-003504,Capesize,7342.4,76394.9,802.93,5.12,23.53,718030.16,24650.54,16932.76,759613.45,41.72,3186824.64,84719.37
VOY-003505,Supramax,345.2,114875.1,876.8,4.52,1.11,26195.95,15866.22,17942.05,60004.22,24.26,2786718.74,484278.99
VOY-003506,Handysize,8861.9,110272.6,447.22,5.66,28.4,127026.26,7597.4,18786.69,153410.35,8.49,936049.61,22974.16
VOY-003507,Supramax,835.3,136786.2,482.42,4.91,2.68,34873.23,9465.28,37067.61,81406.11,11.29,1544130.25,192907.67
VOY-003508,Handysize,5548.4,167159.8,505.46,2.26,17.78,89887.17,3425.56,51904.01,145216.73,23.94,4001891.36,192426.43
VOY-003509,Capesize,5104.8,173357.7,853.02,5.81,16.36,530361.58,29761.3,50538.06,610660.95,43.77,7587122.79,314587.53
VOY-003510,Supramax,7288.2,155074.8,765.18,3.46,23.36,482608.2,10588.42,48654.3,541850.92,28.33,4393308.92,143608.55
VOY-003511,Panamax,7616.9,64005.1,789.98,4.88,24.41,617147.89,19257.05,16713.25,653118.2,11.62,743968.85,3101.92
VOY-003512,Capesize,7123.9,101253.5,671.79,2.87,22.83,582880.98,11561.47,21845.83,616288.28,8.47,857931.28,9401.97
VOY-003513,Capesize,11917.4,48002.3,675.35,2.22,38.2,980255.98,8977.15,10316.33,999549.47,17.08,820039.03,-4441.97
VOY-003514,Handysize,2302.4,97326.9,895.22,1.88,7.38,66064.03,5057.26,18808.22,89929.5,41.79,4066928.98,429356.47
VOY-003515,Supramax,9308.4,20949.3,830.39,4.48,29.83,668910.15,14869.87,4165.64,687945.66,19.99,418689.54,-7847.42
VOY-003516,Handysize,4497.2,91384.6,798.09,5.92,14.41,115037.71,14166.95,21318.33,150522.99,29.07,2656155.87,123240.73
VOY-003517,Panamax,5080.9,111667.8,416.79,2.84,16.28,217196.05,5908.21,30337.32,253441.58,40.38,4508840.43,222562.75
VOY-003518,Panamax,7576.1,121061.5,596.88,2.77,24.28,463797.78,8275.46,39517.1,511590.35,18.52,2241483.32,63939.0
VOY-003519,Supramax,4802.8,59388.0,801.45,4.0,15.39,333104.4,12831.51,12876.46,358812.37,20.64,1225644.44,44691.11
VOY-003520,Capesize,11768.6,171537.1,778.65,5.17,37.72,1116083.53,24147.19,49959.86,1190190.57,22.46,3853383.74,62095.74
VOY-003521,Handysize,3347.3,127954.3,794.91,1.6,10.73,85281.01,3819.15,22715.29,111815.46,25.75,3294834.7,258154.45
VOY-003522,Supramax,8905.1,141644.5,441.14,4.73,28.54,339954.14,8347.36,42499.26,390800.76,35.41,5016052.72,139011.37
VOY-003523,Panamax,1043.4,135494.2,751.95,2.37,3.34,80473.38,8911.36,41297.71,130682.46,36.76,4980506.44,848680.72
VOY-003524,Supramax,844.3,38717.0,798.68,3.71,2.71,58356.23,11839.58,6134.85,76330.66,24.46,947041.97,135792.15
VOY-003525,Panamax,8619.0,162307.8,533.23,5.85,27.62,471377.04,15584.88,52188.97,539150.9,8.31,1348612.81,24184.4
VOY-003526,Capesize,8759.2,23686.0,757.86,4.33,28.07,808501.08,19673.49,7446.38,835620.95,38.12,902880.08,2075.85
VOY-003527,Capesize,4240.9,40481.0,798.56,2.14,13.59,412471.54,10268.24,8086.14,430825.92,41.05,1661722.87,78223.76
VOY-003528,Capesize,6874.7,118896.4,651.21,3.84,22.03,545262.22,14992.84,34677.41,594932.47,22.27,2648197.35,79364.03
VOY-003529,Handysize,1847.0,130270.9,820.23,5.57,5.92,48555.52,13717.89,28357.47,90630.88,18.25,2377982.3,198994.04
VOY-003530,Panamax,983.3,35527.4,591.66,3.06,3.15,59670.25,9045.82,9095.97,77812.04,29.8,1058879.27,157996.87
VOY-003531,Supramax,1282.7,94233.0,844.83,3.35,4.11,93778.59,11311.14,23867.86,128957.59,18.36,1729833.87,214640.02
VOY-003532,Handysize,1351.5,47207.9,700.86,1.52,4.33,30360.03,3186.92,13679.26,47226.22,40.09,1892398.93,315547.56
VOY-003533,Handysize,7895.8,32727.3,756.16,4.45,25.31,191363.43,10105.51,10673.36,212142.3,44.45,1454655.13,41748.43
VOY-003534,Panamax,10860.4,108822.4,772.31,3.25,34.81,860263.04,12552.99,34703.83,907519.86,43.45,4728429.61,100392.86
VOY-003535,Handysize,11081.3,84502.9,691.24,1.96,35.52,245506.68,4063.68,11841.09,261411.46,23.92,2021412.45,46962.79
VOY-003536,Supramax,9867.3,100438.3,608.27,4.1,31.63,519402.59,9968.8,13081.27,542452.66,34.75,3489999.24,82511.12
VOY-003537,Supramax,5728.5,176709.8,772.73,4.92,18.36,383069.26,15207.72,33597.73,431874.71,35.53,6278957.82,251157.4
VOY-003538,Panamax,5223.8,130566.3,414.74,2.13,16.74,222208.33,4412.77,32123.51,258744.61,39.16,5113042.43,257237.93
VOY-003539,Supramax,3690.9,23676.0,855.31,4.89,11.83,273189.67,16727.06,6142.13,296058.85,11.71,277147.56,-1131.12
VOY-003540,Handysize,4305.6,106622.4,620.96,2.42,13.8,85692.11,4502.12,30472.19,120666.43,23.2,2473748.69,145101.55
VOY-003541,Capesize,2679.8,24055.1,647.62,2.54,8.59,211376.04,9862.01,6358.99,227597.03,14.66,352543.22,11228.89
VOY-003542,Capesize,6092.1,129905.3,577.7,5.73,19.53,428643.78,19870.97,16182.95,464697.7,28.95,3760335.52,130475.05
VOY-003543,Handysize,11674.6,10786.5,542.14,3.5,37.42,202860.26,5687.63,3180.99,211728.88,41.76,450434.96,5834.1
VOY-003544,Supramax,11097.5,153083.4,537.49,5.05,35.57,516181.69,10850.34,35971.53,563003.56,34.99,5355634.05,117999.35
VOY-003545,Capesize,4220.0,145847.4,694.12,3.99,13.53,356763.37,16622.73,31889.69,405275.78,44.83,6538783.22,350144.11
VOY-003546,Capesize,3412.6,72014.9,884.23,5.91,10.94,367521.41,31356.58,21532.72,420410.7,36.04,2595352.38,129090.57
VOY-003547,Panamax,2930.7,155075.3,816.2,4.3,9.39,245341.54,17553.94,44148.34,307043.82,33.78,5238344.37,360085.47
VOY-003548,Capesize,1553.9,153923.5,717.34,4.82,4.98,135759.74,20766.28,38065.39,194591.41,34.85,5364427.17,527256.99
VOY-003549,Panamax,4833.3,72618.6,594.21,1.84,15.49,294563.22,5459.58,10288.63,310311.43,16.37,1188677.4,50687.62
VOY-003550,Handysize,11929.6,11856.9,487.06,1.73,38.24,186230.47,2531.83,2846.49,191608.8,38.55,457098.08,6642.42
VOY-003551,Handysize,8140.8,36197.4,739.79,5.23,26.09,193030.07,11610.46,5581.15,210221.68,16.61,601142.74,12480.0
VOY-003552,Supramax,5085.9,178580.6,798.81,1.74,16.3,351578.79,5548.61,29943.69,387071.08,32.8,5858011.71,303308.63
VOY-003553,Supramax,6840.2,168469.1,735.96,5.52,21.92,435642.36,16243.99,54921.58,506807.93,19.11,3218973.34,98833.55
VOY-003554,Handysize,10165.1,28637.8,421.64,3.33,32.58,137373.49,4210.62,7653.5,149237.6,31.97,915524.05,21339.6
VOY-003555,Supramax,6322.3,67976.8,762.67,4.84,20.26,417275.28,14758.46,17997.46,450031.2,39.03,2653305.64,87774.08
VOY-003556,Panamax,10327.4,16208.0,500.31,3.79,33.1,529945.15,9491.33,2937.12,542373.6,20.53,332767.55,-5681.17
VOY-003557,Supramax,9308.5,156125.1,779.61,5.19,29.83,628007.28,16193.96,46006.06,690207.3,37.84,5907373.52,148943.45
VOY-003558,Panamax,6540.4,46761.5,404.1,2.53,20.96,271076.33,5110.31,8871.09,285057.73,17.04,796711.49,21779.72
VOY-003559,Capesize,4563.1,60826.2,674.66,5.94,14.63,374947.5,24039.14,18946.34,417932.99,34.47,2096623.51,81633.47
VOY-003560,Handysize,3765.0,134101.4,667.57,2.94,12.07,80558.2,5887.94,34630.06,121076.2,9.32,1249584.68,75196.84
VOY-003561,Handysize,8521.5,28399.6,548.77,5.79,27.31,149883.5,9534.54,4787.97,164206.0,27.92,792875.15,18990.76
VOY-003562,Capesize,11846.0,145653.8,441.85,3.57,37.97,637500.44,9452.09,40958.78,687911.31,39.65,5775492.87,122494.17
VOY-003563,Supramax,10702.5,64774.4,515.23,3.22,34.3,477191.06,6626.25,21245.97,505063.28,10.22,661930.48,4181.1
VOY-003564,Handysize,9911.4,138944.3,866.22,2.64,31.77,275175.23,6863.47,37125.86,319164.55,38.06,5287756.01,144400.17
VOY-003565,Panamax,2670.4,52188.2,744.62,5.05,8.56,203944.78,18790.62,9596.05,232331.45,26.68,1392207.51,85246.62
VOY-003566,Panamax,9247.5,66604.8,525.96,2.73,29.64,498852.92,7184.35,9156.68,515193.95,38.05,2534594.09,62382.52
VOY-003567,Capesize,6713.3,20439.3,884.98,2.94,21.52,723602.38,15629.75,6532.11,745764.24,29.93,611795.31,-5476.94
VOY-003568,Capesize,5511.4,76839.5,699.23,3.18,17.66,469368.59,13345.99,14433.63,497148.21,43.1,3311988.71,135030.38
VOY-003569,Supramax,5923.0,163386.3,885.05,3.01,18.98,453643.82,10668.01,32920.1,497231.93,27.41,4478074.31,180969.49
VOY-003570,Panamax,9769.9,101982.5,438.47,4.35,31.31,439365.29,9538.05,17296.24,466199.58,33.54,3420810.02,82844.98
VOY-003571,Supramax,4748.3,20538.5,538.68,2.67,15.22,221346.79,5749.42,5794.58,232890.79,14.57,299345.01,3715.2
VOY-003572,Panamax,7268.6,22173.2,466.55,5.04,23.3,347812.63,11764.76,3528.06,363105.45,12.78,283362.48,-2813.77
VOY-003573,Panamax,11489.1,179842.9,641.43,4.29,36.82,755840.86,13761.25,25855.03,795457.14,10.05,1807300.0,24610.09
VOY-003574,Capesize,10574.1,44428.0,652.63,3.51,33.89,840502.2,13736.6,13019.95,867258.75,42.35,1881608.05,27122.03
VOY-003575,Panamax,6512.4,125814.6,417.98,3.33,20.87,279185.92,6952.25,29136.83,315275.0,40.87,5142112.03,199458.8
VOY-003576,Supramax,5299.3,55733.8,655.52,5.64,16.98,300615.48,14785.24,10669.66,326070.39,41.6,2318747.37,88079.53
VOY-003577,Supramax,10317.5,138591.6,860.17,3.84,33.07,768014.67,13224.41,39637.59,820876.68,27.87,3862217.51,82393.36
VOY-003578,Handysize,3882.5,22520.8,681.56,5.6,12.44,84813.73,11448.57,7002.12,103264.42,23.46,528390.13,23561.57
VOY-003579,Panamax,3720.4,129580.5,752.63,4.25,11.92,287186.56,15993.74,29590.09,332770.39,44.71,5793699.95,337628.97
VOY-003580,Handysize,11990.1,152869.9,882.85,3.29,38.43,339276.04,8710.4,24767.57,372754.01,39.26,6001256.21,134916.51
VOY-003581,Handysize,8102.6,46461.5,500.21,4.83,25.97,129903.79,7252.3,11655.04,148811.13,35.74,1660493.15,49076.31
VOY-003582,Supramax,10910.1,170116.3,791.32,5.35,34.97,747120.63,16944.57,37727.83,801793.03,22.79,3876898.76,76264.47
VOY-003583,Capesize,5410.5,148768.0,799.23,1.79,17.34,526666.18,8585.74,25431.89,560683.81,18.49,2750986.42,114485.33
VOY-003584,Supramax,9523.2,113652.6,582.08,1.99,30.52,479708.74,4644.2,18099.38,502452.33,43.45,4937729.81,136395.65
VOY-003585,Handysize,8104.2,152581.8,792.49,1.61,25.98,205850.49,3829.48,34783.2,244463.17,8.06,1230240.7,35734.91
VOY-003586,Supramax,8401.9,25991.2,501.8,3.49,26.93,364849.71,6997.81,5106.7,376954.22,40.38,1049603.92,22115.34
VOY-003587,Panamax,8341.5,153966.5,819.31,3.61,26.74,700955.35,14798.46,38526.08,754279.88,18.25,2810494.75,67754.43
VOY-003588,Handysize,7158.6,41588.3,748.59,2.26,22.94,171758.6,5066.22,5665.46,182490.29,30.14,1253536.89,42501.38
VOY-003589,Supramax,6925.5,13635.6,723.4,3.41,22.2,433544.55,9881.0,3882.15,447307.7,9.63,131357.54,-12336.12
VOY-003590,Supramax,3315.1,96969.2,783.12,4.0,10.63,224662.33,12517.24,11708.84,248888.41,28.13,2727688.52,169534.37
VOY-003591,Capesize,3884.0,32304.5,742.97,2.04,12.45,351463.25,9109.43,8991.74,369564.42,24.85,802925.47,29903.18
VOY-003592,Handysize,5341.1,119875.8,430.44,5.06,17.12,73687.72,6536.63,16699.43,96923.78,12.12,1452378.79,61108.87
VOY-003593,Supramax,10506.4,74651.6,586.7,4.0,33.67,533433.54,9388.37,17329.98,560151.89,19.4,1448416.96,23577.04
VOY-003594,Capesize,9492.8,147390.7,730.84,5.09,30.43,844981.68,22312.84,39165.61,906460.13,34.98,5155713.22,119650.24
VOY-003595,Panamax,4347.9,10546.4,649.56,5.97,13.94,289665.69,19378.04,3233.25,312276.98,33.37,351896.49,1990.71
VOY-003596,Handysize,6405.7,158724.6,729.17,5.81,20.53,149706.77,12704.66,26119.16,188530.59,25.94,4117494.19,149170.33
VOY-003597,Panamax,11308.6,136834.1,456.72,2.18,36.25,529723.25,4984.54,29618.02,564325.81,29.33,4013237.38,89749.55
VOY-003598,Handysize,4488.6,90247.2,605.57,4.26,14.39,87120.99,7735.29,14461.1,109317.38,9.15,825978.08,38438.55
VOY-003599,Supramax,9089.6,58231.9,562.4,1.55,29.13,442385.17,3483.58,16922.28,462791.03,11.17,650424.59,6115.45
VOY-003600,Handysize,5829.5,110467.2,538.42,3.73,18.68,100599.2,6027.92,29117.29,135744.41,29.28,3234045.67,138217.76
VOY-003601,Capesize,3656.6,37125.0,851.23,4.02,11.72,379095.31,20538.89,9660.41,409294.61,23.91,887755.61,30395.46
VOY-003602,Panamax,7650.6,162706.5,630.67,2.94,24.52,494870.62,9256.23,40275.88,544402.73,12.29,2000261.2,53024.36
VOY-003603,Supramax,4026.6,109728.4,773.35,2.72,12.91,269479.14,8423.54,31809.97,309712.66,16.35,1794060.18,94975.13
VOY-003604,Capesize,1627.6,49976.2,624.21,4.14,5.22,123739.82,15505.27,11474.05,150719.14,10.36,517519.78,39201.91
VOY-003605,Supramax,5934.6,100110.0,814.32,3.58,19.02,418212.23,11670.8,20718.93,450601.96,8.37,837871.45,17132.56
VOY-003606,Panamax,1847.9,176909.3,710.75,3.6,5.92,134704.07,12790.87,41891.15,189386.1,11.99,2120940.65,202854.61
VOY-003607,Capesize,3899.4,79440.9,563.43,3.08,12.5,267588.77,10404.39,10331.54,288324.7,28.11,2232717.6,124833.88
VOY-003608,Panamax,3146.8,168103.8,423.62,3.52,10.09,136723.09,7450.45,37020.65,181194.19,32.5,5463598.89,388315.73
VOY-003609,Capesize,9074.9,75533.5,857.25,5.0,29.09,947491.23,25735.49,22521.66,995748.38,21.84,1649964.1,19191.03
VOY-003610,Capesize,3686.7,124473.8,874.5,2.73,11.82,392672.0,14336.82,18196.24,425205.06,21.29,2649672.04,152896.75
VOY-003611,Supramax,4017.9,95095.5,470.29,2.69,12.88,163520.0,5057.35,24272.19,192849.53,17.57,1670478.22,94925.18
VOY-003612,Handysize,7545.2,140068.0,833.29,3.62,24.18,201516.83,9046.69,29790.28,240353.8,16.58,2322688.34,74898.35
VOY-003613,Handysize,1456.6,81753.8,479.01,3.19,4.67,22362.49,4590.08,12506.49,39459.06,18.1,1479897.86,183201.3
VOY-003614,Panamax,5901.6,23266.4,569.79,4.44,18.92,344887.35,12645.24,5495.34,363027.93,37.93,882449.13,22241.35
VOY-003615,Supramax,1250.1,56733.1,812.86,5.39,4.01,87940.08,17521.53,14448.77,119910.39,18.92,1073633.89,101506.2
VOY-003616,Capesize,5180.7,58672.9,623.79,4.78,16.6,393598.65,17901.02,18534.81,430034.48,12.75,748057.51,14869.4
VOY-003617,Capesize,9362.2,106945.8,882.99,2.79,30.01,1006841.89,14796.64,32265.06,1053903.58,38.62,4129943.41,93781.69
VOY-003618,Handysize,11949.0,151201.8,736.57,1.98,38.3,282093.53,4382.01,44102.25,330577.79,9.03,1365468.7,25691.73
VOY-003619,Supramax,5906.9,156237.0,710.74,3.48,18.93,363308.93,9882.78,36827.3,410019.02,23.15,3616595.87,143095.86
VOY-003620,Panamax,10652.5,113184.6,544.83,3.89,34.14,595257.43,10590.02,31723.74,637571.18,32.76,3708309.88,80744.82
VOY-003621,Panamax,9088.8,133956.7,525.15,4.18,29.13,489537.01,10982.32,18834.4,519353.73,40.06,5365933.91,145484.98
VOY-003622,Supramax,11494.3,82596.3,520.95,5.49,36.84,518194.17,11437.19,10010.69,539642.05,31.54,2605134.78,48795.71
VOY-003623,Handysize,4558.1,77574.1,892.83,1.82,14.61,130436.09,4878.16,9703.8,145018.05,11.17,866341.21,43901.45
VOY-003624,Supramax,578.7,65111.7,605.9,5.6,1.85,30341.17,13580.48,12467.77,56389.42,37.75,2457667.85,321970.53
VOY-003625,Supramax,8089.8,21338.6,624.89,1.86,25.93,437471.5,4655.61,5810.23,447937.34,39.14,835117.65,13931.64
VOY-003626,Panamax,8988.8,65966.1,690.28,2.47,28.81,636390.21,8527.36,9197.53,654115.09,16.74,1104012.77,14382.42
VOY-003627,Capesize,4093.9,14430.1,479.79,2.9,13.12,239235.29,8341.71,1882.03,249459.02,14.61,210823.38,-2411.82
VOY-003628,Capesize,4918.3,126842.6,757.36,2.21,15.76,453674.72,10056.18,23309.82,487040.71,19.66,2493633.42,111621.6
VOY-003629,Panamax,2047.8,95580.5,789.38,5.65,6.56,165797.16,22306.67,17408.77,205512.59,35.36,3379623.13,259847.07
VOY-003630,Capesize,9419.0,153439.5,700.32,2.57,30.19,803398.86,10812.86,50411.97,864623.7,8.71,1336038.1,14388.94
VOY-003631,Capesize,9984.4,106291.4,711.96,3.63,32.0,865778.96,15511.87,18751.4,900042.22,29.09,3092432.85,61527.57
VOY-003632,Panamax,9032.3,53767.0,770.38,3.22,28.95,713675.6,12414.1,15567.67,741657.37,38.8,2086265.66,41793.73
VOY-003633,Panamax,1643.2,128832.8,836.7,2.9,5.27,141015.88,12146.28,22619.4,175781.56,10.53,1357114.63,144590.76
VOY-003634,Capesize,405.9,149145.3,870.24,4.27,1.3,43023.53,22295.61,21172.31,86491.45,32.16,4796215.67,845396.31
VOY-003635,Handysize,1597.4,131411.2,412.61,4.74,5.12,21124.38,5867.28,26841.26,53832.92,32.61,4285043.78,429140.27
VOY-003636,Capesize,7596.9,28057.3,665.37,5.44,24.35,615644.61,21716.01,4512.2,641872.82,40.04,1123391.26,16164.53
VOY-003637,Handysize,8075.0,115083.2,508.82,4.12,25.88,131690.55,6285.04,23689.43,161665.02,41.78,4808508.03,154901.6
VOY-003638,Handysize,3681.4,133626.9,545.91,3.88,11.8,64412.78,6362.34,37250.46,108025.57,28.59,3820113.18,236678.04
VOY-003639,Supramax,10386.9,162926.5,487.49,2.27,33.29,438190.75,4417.44,20991.51,463599.7,38.3,6239410.43,162438.63
VOY-003640,Capesize,4990.2,65093.6,631.73,4.85,15.99,383955.72,18379.53,12356.33,414691.58,36.24,2358899.47,93277.67
VOY-003641,Capesize,1832.3,160585.7,723.3,2.64,5.87,161414.48,11478.49,34099.9,206992.87,27.4,4400360.37,492315.91
VOY-003642,Supramax,3746.7,166986.3,612.15,4.15,12.01,198476.75,10170.17,44588.65,253235.57,22.4,3739754.7,215723.55
VOY-003643,Capesize,8907.4,60735.0,618.34,2.55,28.55,670829.23,9458.27,19707.08,699994.57,29.47,1790104.3,35053.1
VOY-003644,Panamax,9438.3,19074.0,576.56,4.24,30.25,558131.11,12236.63,3574.41,573942.16,9.17,174927.1,-11567.07
VOY-003645,Handysize,4725.6,22885.9,603.09,1.61,15.15,91344.36,2915.98,6873.25,101133.58,27.27,624195.78,31213.22
VOY-003646,Panamax,4729.8,17652.5,594.06,2.41,15.16,288185.05,7171.53,4679.37,300035.95,20.48,361495.54,3497.17
VOY-003647,Handysize,6032.7,149890.0,634.25,1.88,19.34,122636.37,3576.65,24877.56,151090.58,11.76,1763397.73,75997.19
VOY-003648,Handysize,1365.9,131146.7,497.74,3.3,4.38,21791.0,4922.9,22261.94,48975.84,25.36,3326320.76,427029.34
VOY-003649,Handysize,479.5,107983.8,812.96,3.02,1.54,12495.08,7353.3,23749.98,43598.35,35.47,3829844.8,831776.5
VOY-003650,Panamax,1193.2,24544.8,530.57,2.02,3.82,64929.48,5345.89,7869.46,78144.84,30.75,754638.52,115849.02
VOY-003651,Panamax,11241.1,90294.1,537.9,1.86,36.03,620162.06,4999.41,25897.28,651058.76,31.7,2862243.02,58360.79
VOY-003652,Panamax,4716.5,88694.7,844.16,5.41,15.12,408360.13,22818.22,17258.94,448437.3,36.23,3213142.16,134711.21
VOY-003653,Capesize,1492.4,85169.6,490.13,4.55,4.78,89090.33,13384.42,23079.72,125554.47,14.42,1228051.96,118106.73
VOY-003654,Supramax,1660.5,80909.7,824.52,2.75,5.32,118480.7,9059.89,13687.04,141227.64,29.28,2368759.76,276056.92
VOY-003655,Supramax,4904.8,15578.9,863.14,3.84,15.72,366361.73,13257.59,3015.2,382634.52,26.91,419257.24,1872.29
VOY-003656,Supramax,11131.8,67244.5,731.15,4.46,35.68,704339.66,13058.37,12188.98,729587.01,21.92,1473913.9,18541.49
VOY-003657,Supramax,5039.5,153312.1,736.98,3.32,16.15,321403.12,9785.25,48494.79,379683.17,28.53,4373442.85,205106.49
VOY-003658,Capesize,334.3,39234.3,797.04,4.06,1.07,32453.45,19404.65,10181.41,62039.52,34.63,1358817.1,252825.19
VOY-003659,Capesize,8440.5,83252.4,741.51,2.67,27.05,762281.18,11898.37,10797.44,784976.99,36.32,3023395.23,75298.24
VOY-003660,Capesize,6122.9,159088.1,800.44,3.58,19.62,596918.93,17191.13,31301.11,645411.16,35.74,5685191.88,217191.97
VOY-003661,Handysize,7604.6,87212.0,813.12,4.22,24.37,198187.86,10301.65,15346.72,223836.23,40.77,3555850.32,116517.32
VOY-003662,Capesize,4489.2,131397.7,861.22,1.57,14.39,470875.38,8129.19,39099.19,518103.76,25.15,3304572.2,174574.32
VOY-003663,Capesize,8964.9,33580.7,711.0,3.01,28.73,776334.69,12850.89,10149.84,799335.42,16.95,569311.91,-7245.71
VOY-003664,Supramax,9355.7,141296.3,556.29,5.48,29.99,450388.78,12186.15,20991.2,483566.13,35.05,4951848.31,125998.85
VOY-003665,Handysize,4901.7,145009.3,625.94,4.05,15.71,98339.4,7602.14,18702.72,124644.26,40.93,5934880.02,294054.36
VOY-003666,Handysize,4387.2,53069.7,780.04,1.96,14.06,109686.41,4587.91,12791.61,127065.93,29.13,1546178.29,88571.6
VOY-003667,Supramax,5034.5,76827.4,766.22,5.96,16.14,333826.62,18259.72,14746.21,366832.55,23.8,1828189.24,66142.48
VOY-003668,Capesize,3252.9,23835.3,481.39,3.01,10.43,190718.08,8681.28,6843.17,206242.52,36.0,857997.5,48524.56
VOY-003669,Panamax,2055.8,121218.7,580.08,3.7,6.59,122308.7,10742.24,26342.65,159393.58,44.26,5365158.71,505773.37
VOY-003670,Panamax,3405.3,120695.3,851.58,2.51,10.91,297428.47,10670.85,30427.11,338526.43,19.49,2351852.71,150017.14
VOY-003671,Panamax,7638.7,160180.4,430.38,2.77,24.48,337185.84,5959.74,41735.23,384880.8,40.69,6518021.96,225048.68
VOY-003672,Handysize,10361.3,139862.6,784.02,2.33,33.21,260366.04,5491.8,28215.19,294073.02,19.83,2773539.94,69757.52
VOY-003673,Supramax,6469.2,110769.7,580.92,3.26,20.73,325216.79,7574.04,36351.69,369142.52,12.1,1340036.76,40463.9
VOY-003674,Supramax,5868.2,164404.5,551.8,2.32,18.81,280220.81,5130.03,23760.14,309110.98,33.85,5565089.99,248713.45
VOY-003675,Handysize,6895.1,88707.0,797.06,4.51,22.1,176148.15,10789.4,28654.4,215591.96,21.82,1935843.84,64642.37
VOY-003676,Handysize,4934.3,125072.9,462.21,5.58,15.81,73098.77,7743.91,37362.83,118205.5,36.7,4590360.34,208982.98
VOY-003677,Panamax,8442.4,119144.8,402.17,4.83,27.06,348234.29,9721.57,37154.87,395110.73,8.83,1052294.92,20605.56
VOY-003678,Supramax,666.9,20940.5,757.65,4.03,2.14,43724.4,12208.05,5324.47,61256.92,8.53,178574.06,19027.36
VOY-003679,Supramax,11277.8,119742.9,535.22,3.4,36.15,522352.22,7272.93,19683.7,549308.85,19.57,2343224.65,45365.05
VOY-003680,Handysize,1237.0,106036.6,650.85,4.71,3.96,25805.13,9202.56,28740.72,63748.4,22.83,2420672.52,271598.55
VOY-003681,Panamax,908.1,27435.9,472.26,1.57,2.91,43987.91,3699.45,6868.8,54556.15,26.24,720016.87,148625.99
VOY-003682,Capesize,3909.7,21374.9,813.71,2.05,12.53,387470.43,9988.33,6824.93,404283.69,44.89,959560.27,38092.96
VOY-003683,Supramax,699.6,49599.8,529.82,1.74,2.24,32076.66,3678.27,9666.65,45421.58,39.01,1934683.58,474936.38
VOY-003684,Capesize,4912.8,101481.0,897.62,4.54,15.75,537088.38,24472.06,29404.41,590964.85,25.6,2597916.87,98913.58
VOY-003685,Panamax,6268.0,69761.5,779.29,4.42,20.09,500986.92,17217.81,14408.99,532613.72,20.97,1463064.83,37964.23
VOY-003686,Capesize,11849.6,94807.2,853.65,2.1,37.98,1232012.85,10751.02,13887.95,1256651.82,22.66,2148715.07,22257.84
VOY-003687,Panamax,7249.5,117655.7,621.18,1.76,23.24,461876.16,5478.84,32927.26,500282.26,15.33,1804212.36,52157.9
VOY-003688,Handysize,7996.7,147936.7,497.94,3.15,25.63,127623.19,4712.67,20149.21,152485.07,22.68,3355133.12,111260.16
VOY-003689,Handysize,7161.8,174046.5,507.53,5.51,22.95,116501.93,8388.34,28049.41,152939.68,33.63,5853475.21,200274.05
VOY-003690,Capesize,5935.8,167598.5,486.22,3.69,19.03,351513.58,10757.1,21495.24,383765.92,42.52,7126141.48,296858.48
VOY-003691,Panamax,4833.2,42432.6,894.74,5.76,15.49,443533.4,25762.62,6501.79,475797.8,17.63,748197.59,12819.04
VOY-003692,Handysize,2700.5,57333.4,603.22,4.32,8.66,52211.27,7817.26,13658.3,73686.84,9.63,551968.4,36861.18
VOY-003693,Capesize,3236.6,58377.8,488.79,3.59,10.37,192683.52,10538.74,16233.02,219455.29,39.39,2299588.63,148930.19
VOY-003694,Supramax,9377.5,59861.1,681.35,2.95,30.06,552929.62,8050.77,13405.8,574386.18,17.97,1075489.21,15180.28
VOY-003695,Panamax,1647.7,13039.9,731.96,5.07,5.28,123694.12,18571.68,3106.05,145371.85,43.57,568094.48,40821.27
VOY-003696,Supramax,1404.1,22962.4,861.93,4.7,4.5,104729.74,16199.99,6995.52,127925.25,9.08,208521.64,8761.47
VOY-003697,Handysize,10659.4,94133.1,816.83,3.76,34.16,279065.93,9218.0,14382.21,302666.13,17.77,1672306.26,36113.14
VOY-003698,Panamax,3622.4,53302.4,855.45,2.13,11.61,317822.87,9115.43,16368.42,343306.72,22.98,1224875.86,64154.55
VOY-003699,Supramax,1259.6,111498.7,599.86,5.65,4.04,65387.69,13547.56,13974.87,92910.12,24.37,2716948.06,270985.39
VOY-003700,Supramax,1626.9,24486.8,861.85,3.27,5.21,121340.06,11261.06,5301.84,137902.96,29.41,720135.18,68651.35
VOY-003701,Supramax,1870.9,75928.4,592.88,1.64,6.0,95992.17,3888.68,16761.03,116641.88,20.56,1560724.78,189107.77
VOY-003702,Panamax,1326.3,83214.6,795.06,4.21,4.25,108155.27,16725.8,16083.22,140964.29,31.14,2591166.79,289674.61
VOY-003703,Panamax,5317.3,107588.0,540.43,5.86,17.04,294730.32,15832.66,32341.13,342904.11,29.99,3226703.89,125920.05
VOY-003704,Panamax,11233.7,119410.8,760.7,5.87,36.01,876457.67,22308.04,37037.48,935803.19,32.79,3915573.29,71166.29
VOY-003705,Panamax,8683.2,133185.8,555.78,5.11,27.83,494966.58,14204.46,32562.69,541733.74,32.92,4384327.65,116646.73
VOY-003706,Panamax,2053.0,110671.9,884.79,5.39,6.58,186303.41,23848.55,23084.07,233236.04,15.3,1693410.21,121978.04
VOY-003707,Capesize,7199.7,30341.8,709.05,4.39,23.08,621759.65,18677.15,6222.29,646659.09,40.09,1216465.84,20745.84
VOY-003708,Capesize,11359.1,80134.4,800.78,2.85,36.41,1107868.49,13672.94,11237.74,1132779.16,28.88,2313901.17,30089.84
VOY-003709,Handysize,5653.9,128616.9,710.94,3.89,18.12,128832.79,8304.51,30934.5,168071.8,39.29,5053685.16,221920.52
VOY-003710,Supramax,11517.3,72029.5,651.93,3.29,36.91,649775.21,8572.59,13688.64,672036.44,31.68,2282250.98,40053.31
VOY-003711,Capesize,3417.7,158202.1,567.83,4.62,10.95,236360.78,15748.23,44934.87,297043.88,19.71,3117794.95,181090.44
VOY-003712,Supramax,3517.3,170382.6,522.03,3.88,11.27,158895.08,8109.93,31263.34,198268.35,43.07,7337723.48,471027.84
VOY-003713,Supramax,4066.5,61885.9,736.37,3.6,13.03,259135.78,10597.11,16668.38,286401.27,25.63,1586396.36,78164.76
VOY-003714,Handysize,2118.0,175998.9,484.95,3.49,6.79,32920.31,5077.4,52479.82,90477.53,9.61,1691063.22,155724.74
VOY-003715,Capesize,9334.0,166279.1,570.04,2.35,29.92,648046.94,8028.47,36539.3,692614.71,16.04,2666850.57,61189.85
VOY-003716,Capesize,2603.5,23334.9,823.45,2.32,8.34,261113.7,11469.29,7649.21,280232.2,37.11,865870.18,54906.86
VOY-003717,Capesize,7391.2,46272.0,472.55,2.25,23.69,425397.42,6373.12,8323.17,440093.7,43.8,2026667.14,61169.25
VOY-003718,Handysize,3253.4,173176.1,521.01,2.74,10.43,54327.89,4278.6,35683.39,94289.87,30.75,5325522.12,397365.37
VOY-003719,Handysize,1330.9,129733.1,418.11,4.07,4.27,17835.2,5108.92,18695.27,41639.39,16.74,2172375.44,255524.46
VOY-003720,Supramax,5718.2,104240.6,666.07,3.4,18.33,329602.59,9047.9,23789.75,362440.24,24.85,2590402.53,102559.09
VOY-003721,Capesize,4431.1,55240.4,895.34,2.1,14.2,483202.44,11262.19,16770.14,511234.77,26.12,1442739.47,57152.17
VOY-003722,Panamax,9827.9,65547.5,684.43,5.4,31.5,689894.92,18470.67,17935.34,726300.93,41.57,2724942.48,54168.24
VOY-003723,Panamax,6184.4,155225.4,874.4,2.89,19.82,554626.25,12630.34,36684.47,603941.07,8.46,1312934.38,31218.63
VOY-003724,Handysize,6415.2,50126.1,619.02,5.87,20.56,127278.7,10892.76,11714.9,149886.36,37.98,1904010.91,66376.0
VOY-003725,Supramax,8281.7,79186.2,743.07,3.49,26.54,532541.46,10374.44,9821.18,552737.09,32.06,2538785.69,66126.25
VOY-003726,Capesize,5497.4,178461.6,675.16,3.36,17.62,452056.02,13608.3,40968.92,506633.24,9.6,1713694.6,57536.28
VOY-003727,Handysize,9186.8,179286.9,437.46,2.06,29.44,128809.6,2705.5,57183.45,188698.54,44.75,8023720.92,248680.57
VOY-003728,Panamax,9237.9,61419.3,561.31,4.86,29.61,531825.96,13648.35,13142.07,558616.38,37.51,2304098.06,50635.37
VOY-003729,Supramax,10406.5,161328.6,628.28,5.65,33.35,565804.13,14206.93,27212.42,607223.47,30.63,4940832.66,111097.26
VOY-003730,Handysize,936.7,49762.3,698.21,3.72,3.0,20961.47,7786.46,9227.85,37975.77,37.68,1874852.65,273365.28
VOY-003731,Supramax,2790.0,13233.2,819.2,2.62,8.94,197791.3,8569.51,3363.38,209724.18,29.96,396465.14,16157.43
VOY-003732,Capesize,1516.4,10888.4,687.54,5.09,4.86,126981.19,20987.0,1424.19,149392.38,24.6,267830.56,11906.04
VOY-003733,Panamax,1209.3,88291.5,841.13,5.63,3.88,104326.83,23662.46,17786.42,145775.71,42.83,3781793.97,382646.27
VOY-003734,Supramax,5943.8,46127.8,452.95,5.74,19.05,232984.04,10399.79,7761.17,251145.0,31.87,1470091.99,49169.27
VOY-003735,Panamax,10890.8,37681.3,401.92,3.8,34.91,448942.26,7641.92,7208.4,463792.59,31.02,1168716.63,18210.83
VOY-003736,Supramax,10578.6,137181.6,843.2,4.73,33.91,771913.09,15946.66,35572.87,823432.62,19.29,2646836.59,47196.97
VOY-003737,Panamax,2773.7,170065.4,761.73,3.46,8.89,216700.47,13162.14,33039.34,262901.96,10.19,1733434.84,119109.56
VOY-003738,Handysize,3067.1,23217.6,777.56,4.96,9.83,76437.6,11573.78,5973.06,93984.43,39.0,905525.59,54863.38
VOY-003739,Panamax,7233.7,77516.3,671.78,4.16,23.18,498408.15,13987.83,10670.66,523066.65,30.56,2368601.31,67480.24
VOY-003740,Panamax,3585.0,11748.9,854.39,5.66,11.49,314153.42,24176.31,3218.38,341548.11,25.89,304120.55,-2182.41
VOY-003741,Capesize,8386.6,40207.9,403.19,2.25,26.88,411839.16,5439.07,12577.41,429855.64,25.87,1040108.25,20950.31
VOY-003742,Panamax,5666.9,55681.0,643.48,3.83,18.16,374005.18,12313.69,9821.32,396140.18,24.79,1380340.09,44755.83
VOY-003743,Panamax,9768.2,61191.5,657.17,5.13,31.31,658393.91,16843.8,17275.31,692513.02,11.78,720900.01,779.13
VOY-003744,Capesize,11016.8,21564.6,522.12,4.4,35.31,700568.78,13797.35,5520.98,719887.11,9.85,212452.32,-12777.1
VOY-003745,Supramax,3373.9,153932.1,770.44,2.92,10.81,224948.98,9009.05,33130.54,267088.57,20.8,3202366.4,213673.06
VOY-003746,Panamax,1671.5,29412.9,416.36,4.06,5.36,71378.02,8459.84,5093.65,84931.51,24.02,706584.94,65985.76
VOY-003747,Capesize,6470.6,16995.6,758.87,5.35,20.74,598059.77,24381.48,5321.85,627763.11,11.92,202573.75,-16294.57
VOY-003748,Panamax,8869.5,157836.8,467.92,3.89,28.43,425668.5,9096.73,50211.86,484977.09,10.06,1587595.14,34119.76
VOY-003749,Handysize,9680.9,42820.3,561.42,5.85,31.03,174200.11,9858.0,10369.77,194427.88,44.75,1916112.78,46681.55
VOY-003750,Panamax,7066.4,164500.7,593.07,1.8,22.65,429836.46,5350.78,52728.84,487916.07,21.9,3602260.26,127359.46
VOY-003751,Handysize,6405.1,129197.0,820.56,4.7,20.53,168454.64,11577.37,37006.87,217038.88,16.69,2156771.55,76874.94
VOY-003752,Handysize,10292.5,129382.5,726.89,5.26,32.99,239792.24,11472.05,22739.98,274004.27,12.39,1602945.83,34744.11
VOY-003753,Handysize,6483.5,18651.0,816.27,4.27,20.78,169624.36,10446.87,2432.52,182503.74,27.74,517409.41,13371.35
VOY-003754,Supramax,6192.6,177102.6,858.53,4.61,19.85,460085.5,15842.75,53600.42,529528.67,23.89,4231289.95,151330.32
VOY-003755,Capesize,9803.0,163436.0,814.78,1.97,31.42,972818.86,9619.81,23909.94,1006348.62,36.69,5996925.08,149473.44
VOY-003756,Handysize,10251.1,89273.8,554.48,1.7,32.86,182178.25,2820.12,26526.87,211525.24,28.44,2538935.74,67360.94
VOY-003757,Capesize,4112.0,11689.6,544.95,2.0,13.18,272922.86,6554.3,1508.74,280985.89,16.88,197266.4,-5513.6
VOY-003758,Panamax,4985.5,117788.6,884.58,2.7,15.98,452317.75,11923.69,24177.56,488419.0,40.38,4756411.63,228539.84
VOY-003759,Capesize,6969.2,104275.2,818.44,4.23,22.34,694704.83,20772.62,17852.22,733329.67,16.35,1705041.61,36575.45
VOY-003760,Panamax,6119.0,31020.1,546.36,4.39,19.61,342885.02,11989.48,8974.78,363849.28,8.86,274714.9,-3713.79
VOY-003761,Supramax,6292.3,98787.3,570.28,3.01,20.17,310529.86,6860.4,12070.63,329460.89,15.33,1514549.52,51136.55
VOY-003762,Supramax,5017.1,15325.7,486.84,3.31,16.08,211371.78,6451.14,2195.92,220018.84,23.82,365078.32,7479.9
VOY-003763,Capesize,322.4,114725.8,899.61,2.74,1.03,35327.86,14770.29,34087.77,84185.93,20.14,2310714.99,590613.44
VOY-003764,Panamax,8878.9,26804.7,869.12,3.4,28.46,791469.47,14771.09,5630.12,811870.68,42.75,1145883.79,10484.72
VOY-003765,Panamax,4578.6,110847.1,746.54,1.96,14.68,350578.21,7319.68,26536.5,384434.38,30.08,3333791.25,177287.02
VOY-003766,Panamax,3298.6,55456.5,817.9,4.92,10.57,276713.3,20119.33,13812.05,310644.68,29.24,1621607.98,84620.14
VOY-003767,Panamax,5563.5,137000.3,715.72,3.28,17.83,408401.8,11725.99,40130.77,460258.56,19.63,2689988.76,105632.07
VOY-003768,Handysize,9905.2,171477.9,608.56,4.16,31.75,193203.31,7602.54,26336.58,227142.43,10.05,1723738.81,41674.24
VOY-003769,Panamax,4037.0,47000.3,483.29,2.13,12.94,200105.69,5137.46,14720.75,219963.9,32.53,1529034.46,86894.96
VOY-003770,Handysize,10011.8,83069.7,494.09,3.44,32.09,158548.79,5092.14,27332.32,190973.25,44.38,3686819.35,98406.43
VOY-003771,Handysize,5275.6,81337.2,433.78,3.75,16.91,73348.21,4885.03,19601.4,97834.65,15.24,1239332.28,55243.79
VOY-003772,Capesize,779.8,52471.9,783.92,4.3,2.5,74453.68,20247.57,9819.8,104521.05,14.41,755976.39,95743.99
VOY-003773,Supramax,3605.8,77314.5,832.18,2.52,11.56,259678.56,8371.94,11022.95,279073.45,21.33,1649121.52,97358.15
VOY-003774,Panamax,5649.2,49585.8,826.68,3.27,18.11,478987.34,13516.69,6708.01,499212.04,15.55,770983.81,12713.49
VOY-003775,Capesize,11511.0,42629.1,763.27,3.84,36.89,1070085.43,17570.9,10137.43,1097793.76,11.83,504508.39,-14565.97
VOY-003776,Supramax,7690.4,97130.0,575.4,4.49,24.65,382936.23,10332.24,15747.11,409015.57,20.06,1948579.98,52837.36
VOY-003777,Capesize,4705.2,148447.1,495.9,1.68,15.08,284183.91,4984.93,20639.61,309808.45,24.37,3617294.34,197389.61
VOY-003778,Panamax,11141.0,125000.8,669.96,3.44,35.71,765534.04,11515.08,26966.53,804015.64,30.87,3858153.23,78019.56
VOY-003779,Capesize,2812.2,49188.9,829.3,4.06,9.01,284042.63,20191.13,13290.46,317524.23,26.91,1323804.49,76984.06
VOY-003780,Supramax,4142.3,103954.6,649.77,5.42,13.28,232921.03,14091.11,16856.9,263869.05,38.16,3967356.93,198067.72
VOY-003781,Handysize,10793.0,112393.2,879.87,4.36,34.59,304370.88,11505.04,35849.47,351725.39,44.58,5010941.83,119615.71
VOY-003782,Handysize,9682.2,120023.3,467.03,2.77,31.03,144933.18,3879.19,34602.47,183414.84,11.81,1417329.08,36504.91
VOY-003783,Panamax,1791.1,138604.5,510.33,3.49,5.74,93747.37,8897.79,31350.25,133995.41,41.82,5796832.39,613684.56
VOY-003784,Capesize,1599.5,31675.6,421.97,4.94,5.13,82205.47,12503.12,8505.6,103214.19,30.76,974345.13,86550.54
VOY-003785,Panamax,4202.4,98589.7,769.67,4.97,13.47,331735.83,19126.51,21541.31,372403.65,10.17,1002322.04,34161.88
VOY-003786,Supramax,1580.8,156126.2,710.06,2.2,5.07,97138.16,6250.76,50147.07,153535.99,14.17,2212223.71,283269.63
VOY-003787,Handysize,5394.7,55950.2,411.34,4.85,17.29,71122.43,5988.83,17248.0,94359.26,32.49,1817635.82,77822.12
VOY-003788,Panamax,8577.0,118597.4,441.76,3.14,27.49,388610.78,6938.29,32711.28,428260.35,37.14,4405083.77,129827.49
VOY-003789,Capesize,10552.5,54808.7,887.58,3.6,33.82,1140743.71,19155.61,16330.74,1176230.06,43.19,2367445.73,31834.55
VOY-003790,Panamax,6246.7,76445.7,773.98,3.5,20.02,495880.04,13535.83,21860.14,531276.01,41.26,3154257.93,111525.24
VOY-003791,Capesize,2373.8,159900.2,589.59,2.7,7.61,170459.53,9539.55,45788.88,225787.96,40.56,6485753.05,607472.88
VOY-003792,Capesize,8538.1,124909.7,576.38,3.19,27.37,599379.29,11037.26,34047.43,644463.99,33.63,4201149.12,116393.76
VOY-003793,Supramax,8444.1,41167.7,405.12,4.2,27.06,296031.9,6799.9,11253.42,314085.22,16.49,678724.79,11664.53
VOY-003794,Supramax,1326.4,71084.9,609.05,5.06,4.25,69912.23,12325.15,17745.45,99982.84,30.91,2196993.05,225228.71
VOY-003795,Capesize,2278.3,141765.4,686.06,3.45,7.3,190371.18,14205.07,31409.53,235985.78,44.31,6281464.24,562209.32
VOY-003796,Supramax,3512.3,89762.0,581.99,4.31,11.26,176893.39,10030.42,14787.16,201710.97,18.7,1678976.61,94904.02
VOY-003797,Panamax,874.3,156884.4,504.6,4.94,2.8,45248.91,12467.56,25550.48,83266.95,17.72,2780457.38,348301.74
VOY-003798,Handysize,5351.3,150681.5,402.82,2.96,17.15,69090.15,3575.6,30701.42,103367.17,44.07,6641257.97,325102.89
VOY-003799,Supramax,7143.6,79844.3,619.88,1.53,22.9,383207.99,3797.81,22300.55,409306.35,31.02,2477071.81,84648.04
VOY-003800,Handysize,10973.5,135908.0,898.46,5.62,35.17,316002.26,15147.24,29575.61,360725.11,32.56,4424659.23,99627.55
VOY-003801,Panamax,6972.2,39338.1,658.76,3.02,22.35,471076.28,9960.78,6009.21,487046.26,12.85,505398.45,723.36
VOY-003802,Handysize,4662.9,100190.9,547.14,4.56,14.95,81770.27,7492.55,28926.16,118188.98,19.15,1918943.02,92299.66
VOY-003803,Supramax,4717.9,71878.7,887.87,5.75,15.12,362502.3,20413.89,17444.85,400361.03,24.03,1727464.44,63590.16
VOY-003804,Capesize,11674.3,44813.5,751.97,3.7,37.42,1069197.01,16713.34,11943.19,1097853.54,32.16,1441059.5,8346.05
VOY-003805,Supramax,2738.5,145446.4,687.8,3.09,8.78,163000.51,8504.6,26789.75,198294.86,24.82,3610424.75,287491.32
VOY-003806,Panamax,9208.1,170907.0,742.54,4.09,29.51,701270.44,15202.11,24979.92,741452.47,9.24,1579801.19,24944.99
VOY-003807,Supramax,5319.1,108391.5,469.35,5.67,17.05,216047.87,10649.42,18985.64,245682.93,18.52,2007312.82,77533.46
VOY-003808,Capesize,11847.2,81873.3,469.52,2.58,37.97,677485.56,7269.79,10973.14,695728.49,20.37,1667728.81,23968.95
VOY-003809,Supramax,11431.2,37992.9,535.15,5.81,36.64,529395.0,12436.82,7919.65,549751.47,29.27,1112146.66,13248.91
VOY-003810,Supramax,4986.5,129821.0,801.07,5.31,15.98,345677.77,17012.69,30751.37,393441.84,38.41,4986072.96,215700.89
VOY-003811,Handysize,1951.4,90610.9,668.21,1.63,6.25,41792.3,3275.76,11202.5,56270.56,30.42,2755986.85,342234.61
VOY-003812,Panamax,5692.8,64141.3,482.08,2.51,18.25,281479.47,6058.81,12881.09,300419.37,14.09,903685.97,29059.33
VOY-003813,Capesize,1822.5,82937.4,497.36,3.33,5.84,110397.34,9927.74,26032.54,146357.61,43.94,3644087.97,381510.56
VOY-003814,Capesize,6749.3,113039.3,436.99,5.08,21.63,359220.51,13323.16,31293.11,403836.77,15.69,1773289.66,51264.26
VOY-003815,Supramax,4399.0,112789.3,570.42,2.53,14.1,217148.94,5765.6,32773.55,255688.09,26.95,3039117.54,167410.26
VOY-003816,Handysize,990.9,55226.3,702.79,2.58,3.18,22319.62,5431.01,7401.4,35152.03,39.78,2196812.81,375824.12
VOY-003817,Supramax,7583.5,23592.2,548.78,5.63,24.31,360143.96,12357.24,7563.5,380064.7,33.73,795771.82,13886.7
VOY-003818,Capesize,1069.4,15787.8,782.27,3.57,3.43,101889.21,16775.63,2827.84,121492.68,29.45,464943.45,49052.18
VOY-003819,Supramax,6694.3,121223.9,688.35,2.32,21.46,398767.76,6375.56,19849.77,424993.09,13.86,1680315.52,52807.9
VOY-003820,Supramax,6537.0,15277.8,436.76,5.57,20.95,247073.73,9735.06,4075.51,260884.3,23.52,359266.28,3709.12
VOY-003821,Handysize,3640.0,97735.1,475.31,1.56,11.67,55453.06,2230.44,17545.12,75228.62,24.08,2353339.3,172179.96
VOY-003822,Handysize,9213.8,48829.4,581.89,3.62,29.53,171839.29,6317.16,15239.64,193396.09,42.52,2076319.5,56799.99
VOY-003823,Capesize,5525.7,15655.6,589.68,4.7,17.71,396857.44,16627.9,4884.78,418370.13,33.62,526331.3,4817.51
VOY-003824,Handysize,6571.6,32396.9,598.51,4.31,21.06,126062.65,7740.53,4324.6,138127.78,29.39,952196.86,32082.89
VOY-003825,Panamax,7823.2,122285.7,571.5,1.7,25.07,458557.83,4849.37,30228.83,493636.03,32.33,3953968.9,129254.88
VOY-003826,Handysize,4764.5,177918.1,530.8,4.3,15.27,81056.23,6852.89,45932.49,133841.62,10.48,1864041.67,88391.66
VOY-003827,Panamax,10858.6,131276.7,716.49,4.17,34.8,797949.14,14942.17,36104.04,848995.34,33.49,4396923.85,91033.04
VOY-003828,Handysize,6709.6,112338.0,502.36,1.89,21.51,108032.33,2852.2,25425.45,136309.98,30.63,3441461.83,141259.72
VOY-003829,Handysize,307.1,136894.2,466.52,4.02,0.98,4592.65,5629.13,37133.34,47355.12,23.22,3179342.79,625577.44
VOY-003830,Panamax,3008.8,17257.8,602.14,5.52,9.64,185816.62,16604.3,2982.55,205403.47,27.84,480453.23,18144.66
VOY-003831,Capesize,6752.6,106545.0,616.29,3.99,21.64,506851.77,14765.42,25675.39,547292.59,14.19,1512394.14,37646.39
VOY-003832,Handysize,9993.2,57583.4,572.49,4.76,32.03,183365.23,8176.83,17450.56,208992.62,12.36,711556.72,13660.18
VOY-003833,Capesize,6722.4,111529.0,717.91,3.74,21.55,587793.46,16115.72,25839.01,629748.19,14.15,1578557.35,37520.62
VOY-003834,Handysize,1192.5,115642.7,442.98,3.93,3.82,16931.88,5219.75,31050.52,53202.15,20.82,2408024.17,303848.95
VOY-003835,Supramax,1537.7,132637.1,453.23,5.37,4.93,60311.71,9727.78,28282.05,98321.54,22.08,2928066.25,274883.78
VOY-003836,Handysize,5185.6,63464.9,439.57,2.23,16.62,73059.05,2935.96,10695.44,86690.45,11.91,755589.89,35491.03
VOY-003837,Supramax,3897.6,19473.4,549.39,3.64,12.49,185305.06,7990.77,3868.38,197164.21,18.86,367335.14,10550.95
VOY-003838,Panamax,737.9,127106.2,531.88,5.3,2.37,40253.89,14095.92,40616.0,94965.81,33.21,4220577.45,538208.25
VOY-003839,Handysize,10227.3,137271.4,461.53,5.53,32.78,151289.19,7661.76,35134.18,194085.12,9.21,1264536.63,27939.27
VOY-003840,Capesize,5193.9,24322.4,767.8,1.74,16.65,485702.43,8024.91,7056.3,500783.64,8.52,207169.76,-15966.79
VOY-003841,Handysize,9030.0,134155.0,439.65,3.37,28.94,127246.54,4442.86,16878.97,148568.37,36.26,4864325.84,145949.54
VOY-003842,Supramax,4948.5,150118.3,577.05,2.01,15.86,247112.98,4648.43,47983.07,299744.48,42.43,6369025.98,339550.11
VOY-003843,Supramax,847.7,50503.4,466.01,5.94,2.72,34186.7,11078.73,13920.48,59185.92,11.6,585848.96,60812.76
VOY-003844,Handysize,2409.5,100050.4,705.23,3.24,7.72,54463.81,6846.98,20001.21,81312.0,15.69,1569452.75,135790.54
VOY-003845,Supramax,4691.6,10476.1,692.17,5.54,15.04,281023.75,15330.71,3196.74,299551.2,18.99,198992.69,-4887.58
VOY-003846,Panamax,3638.6,144173.3,720.46,4.6,11.66,268867.19,16565.75,36940.09,322373.02,26.06,3757518.97,211254.48
VOY-003847,Panamax,6383.9,10044.1,669.13,5.39,20.46,438115.19,18032.91,2213.28,458361.37,23.62,237261.94,-8552.8
VOY-003848,Capesize,3883.8,146732.9,582.6,1.53,12.45,275584.7,5348.38,37307.25,318240.33,8.26,1212452.16,63972.75
VOY-003849,Capesize,2457.0,125734.7,662.13,3.27,7.88,198143.96,13001.39,30231.54,241376.9,31.19,3921519.64,330124.0
VOY-003850,Panamax,1435.3,58352.0,818.87,6.0,4.6,120547.33,24548.17,18339.23,163434.73,19.31,1126527.75,90892.02
VOY-003851,Capesize,7352.7,55070.3,419.25,3.0,23.57,375444.79,7548.17,12611.76,395604.72,20.16,1110448.36,26907.14
VOY-003852,Handysize,8065.7,44306.4,551.85,4.13,25.85,142661.89,6842.64,6907.04,156411.57,35.72,1582468.41,47559.28
VOY-003853,Panamax,11568.4,96490.3,526.65,2.38,37.08,624874.23,6276.74,30497.01,661647.97,8.24,794649.83,3370.4
VOY-003854,Capesize,11763.0,50235.4,563.59,3.11,37.7,807444.76,10522.98,6539.54,824507.27,20.19,1014395.02,4652.55
VOY-003855,Panamax,10014.2,128152.1,684.02,1.99,32.1,702561.74,6802.52,28989.86,738354.13,30.51,3909625.1,93037.55
VOY-003856,Capesize,6975.5,172030.6,899.71,4.27,22.36,764376.65,23050.53,26695.61,814122.79,21.37,3675757.23,107469.08
VOY-003857,Handysize,9848.9,172202.0,407.64,5.07,31.57,128680.8,6202.29,49714.08,184597.18,14.1,2427688.45,61221.94
VOY-003858,Capesize,7712.6,151536.9,716.94,2.18,24.72,673454.69,9377.32,19837.51,702669.52,16.66,2525019.13,67746.1
VOY-003859,Capesize,5719.1,76707.5,711.45,4.32,18.33,495561.95,18455.43,23050.94,537068.31,16.16,1239419.95,31003.76
VOY-003860,Supramax,6148.4,179954.7,797.18,4.32,19.71,424161.05,13768.53,52065.22,489994.81,34.81,6264449.22,240357.37
VOY-003861,Panamax,10889.8,44577.9,521.05,5.55,34.9,581963.73,14467.08,9757.65,606188.46,20.37,908127.58,7463.36
VOY-003862,Panamax,4755.7,118579.8,725.54,1.68,15.24,353892.72,6109.85,35839.88,395842.46,42.47,5036660.15,274167.74
VOY-003863,Capesize,5555.5,123566.1,418.43,4.92,17.81,283124.33,12349.81,37348.06,332822.2,24.94,3082297.77,120988.48
VOY-003864,Handysize,5569.8,172278.9,736.95,5.09,17.85,131560.33,11254.18,23057.24,165871.75,11.75,2024588.81,81016.37
VOY-003865,Supramax,6927.8,151171.5,619.44,3.88,22.2,371369.84,9621.86,25074.48,406066.18,19.5,2948585.61,97459.87
VOY-003866,Handysize,2554.5,54081.7,893.96,2.49,8.19,73193.86,6679.09,11761.06,91634.01,31.79,1719421.74,152442.11
VOY-003867,Capesize,6551.6,84811.4,857.84,4.6,21.0,684518.78,23660.55,26959.57,735138.9,42.71,3622278.72,112797.47
VOY-003868,Handysize,1578.0,67499.2,735.7,2.45,5.06,37210.06,5406.65,18336.84,60953.56,44.85,3027607.13,395161.6
VOY-003869,Handysize,2184.2,41062.6,607.7,5.73,7.0,42542.31,10439.43,11570.66,64552.39,19.69,808337.34,58442.86
VOY-003870,Panamax,10893.5,145559.4,636.48,3.47,34.91,711125.73,11042.92,37723.17,759891.82,43.5,6331200.51,145143.11
VOY-003871,Supramax,11619.0,157263.5,708.0,2.5,37.24,711890.09,7093.83,31485.28,750469.2,24.13,3794897.01,76598.47
VOY-003872,Handysize,8435.1,10911.4,571.63,2.77,27.04,154541.83,4756.35,1906.19,161204.37,8.03,87671.24,-2466.8
VOY-003873,Capesize,11362.3,69184.8,761.47,4.68,36.42,1053779.95,21368.4,17978.49,1093126.85,9.75,674532.14,-10186.14
VOY-003874,Supramax,4052.4,23615.5,825.26,2.46,12.99,289411.14,8123.03,7515.38,305049.55,37.33,881459.4,37309.84
VOY-003875,Panamax,6526.0,135785.2,664.11,5.33,20.92,444507.95,17689.64,18296.64,480494.23,23.94,3251311.46,105579.69
VOY-003876,Capesize,806.0,171234.4,831.55,5.12,2.58,81634.24,25535.67,50826.26,157996.17,23.56,4033529.14,503216.63
VOY-003877,Panamax,1508.3,99387.9,889.99,2.04,4.83,137675.38,9071.19,21052.96,167799.52,21.87,2173128.5,291783.87
VOY-003878,Panamax,10974.4,159580.2,815.44,3.5,35.17,917845.34,14285.87,24411.01,956542.21,34.05,5433788.24,115756.27
VOY-003879,Handysize,3351.1,53534.6,890.6,3.77,10.74,95657.12,10074.78,10152.37,115884.26,24.77,1325864.3,83380.28
VOY-003880,Supramax,4915.1,23148.0,460.52,5.0,15.75,195879.87,9201.69,5129.85,210211.41,27.18,629267.71,20196.5
VOY-003881,Panamax,6946.8,23590.1,576.52,1.64,22.27,410762.32,4731.18,2856.93,418350.43,34.31,809424.2,16358.36
VOY-003882,Supramax,2236.6,18221.7,669.83,5.66,7.17,129649.14,15154.37,3950.4,148753.91,15.37,280079.25,10240.04
VOY-003883,Supramax,1063.4,129177.8,842.97,3.15,3.41,77575.44,10635.27,29175.26,117385.97,18.72,2418396.76,350632.54
VOY-003884,Capesize,4290.2,18234.0,486.54,3.27,13.75,254232.29,9544.23,3785.64,267562.17,28.63,522079.25,14953.86
VOY-003885,Panamax,2297.7,110053.3,405.58,5.75,7.36,95579.4,11664.35,30253.8,137497.55,38.2,4203721.8,310011.51
VOY-003886,Handysize,3349.0,175731.0,870.82,1.52,10.73,93474.08,3981.39,30623.95,128079.42,16.11,2831636.36,220554.36
VOY-003887,Panamax,7301.3,18055.7,728.21,4.12,23.4,545325.51,15010.71,2176.27,562512.49,24.74,446694.24,-4207.86
VOY-003888,Supramax,8916.8,54025.4,438.08,2.7,28.58,338043.82,4731.19,9386.88,352161.88,42.73,2308443.44,62541.93
VOY-003889,Handysize,8680.8,160094.1,885.09,1.91,27.82,246260.17,5083.25,35600.95,286944.36,38.2,6116329.85,196027.95
VOY-003890,Panamax,2818.5,50459.5,724.31,3.08,9.03,209380.8,11139.54,11410.38,231930.72,17.87,901627.03,55303.12
VOY-003891,Capesize,4010.9,56763.9,895.98,1.54,12.86,437690.01,8294.12,11511.06,457495.19,41.78,2371802.5,132954.9
VOY-003892,Panamax,1414.6,17088.6,740.83,2.82,4.53,107481.69,10438.93,4290.66,122211.29,31.9,545161.8,57528.34
VOY-003893,Handysize,9522.2,46845.6,665.04,4.88,30.52,202970.48,9745.44,7006.67,219722.59,9.09,425788.18,5820.31
VOY-003894,Handysize,7860.3,162359.2,814.73,5.47,25.19,205257.63,13369.31,32514.44,251141.38,19.0,3084505.18,92402.59
VOY-003895,Handysize,11561.4,118625.6,426.97,4.85,37.06,158217.39,6212.24,30357.61,194787.24,28.13,3336422.27,74969.34
VOY-003896,Supramax,8330.3,11809.3,788.64,1.59,26.7,568525.97,5002.37,2685.89,576214.23,44.18,521757.22,-1925.26
VOY-003897,Panamax,7230.3,46771.7,650.72,4.35,23.17,482553.26,14143.68,13812.23,510509.17,31.29,1463703.82,34634.94
VOY-003898,Supramax,4560.0,112640.8,556.74,1.75,14.62,219694.36,3895.13,20068.84,243658.32,24.93,2807854.06,156694.26
VOY-003899,Panamax,5994.4,140383.5,675.93,2.95,19.21,415568.93,9960.9,39999.47,465529.3,23.25,3264592.78,126310.28
VOY-003900,Capesize,4738.3,55844.2,655.84,1.58,15.19,378488.55,6200.4,16841.97,401530.92,23.16,1293409.68,53206.46
VOY-003901,Supramax,3072.7,131541.1,412.77,3.25,9.85,109756.2,5371.83,38420.66,153548.69,32.8,4314058.1,317551.98
VOY-003902,Supramax,7576.5,82898.0,704.66,4.43,24.28,462019.94,12487.66,12940.62,487448.22,32.93,2730072.01,78101.73
VOY-003903,Panamax,11490.1,178144.0,846.12,2.23,36.83,997130.71,9427.64,41371.34,1047929.69,17.42,3103007.77,52619.04
VOY-003904,Panamax,7287.2,128736.3,893.52,5.6,23.36,667825.51,25002.96,15914.02,708742.49,19.34,2489653.71,61510.38
VOY-003905,Supramax,3722.4,105290.7,602.3,4.57,11.93,194016.99,11008.45,27428.13,232453.58,19.6,2063476.83,110971.21
VOY-003906,Capesize,5450.5,144777.5,460.01,5.71,17.47,305372.64,15772.26,23695.31,344840.21,22.0,3185380.56,122521.18
VOY-003907,Supramax,5557.0,126643.5,660.77,3.49,17.81,317759.7,9224.28,38894.33,365878.31,33.61,4257107.76,182679.78
VOY-003908,Capesize,9973.0,112497.6,746.66,5.13,31.96,906929.56,22990.41,29969.45,959889.42,42.25,4752649.99,102240.48
VOY-003909,Panamax,11119.4,76846.4,508.22,5.07,35.64,579602.61,12884.42,11929.67,604416.7,40.39,3104069.44,61402.35
VOY-003910,Capesize,8254.5,163339.5,878.14,3.34,26.46,882838.97,17614.49,45679.36,946132.82,43.62,7124855.78,207341.22
VOY-003911,Supramax,9591.1,67969.9,697.84,2.83,30.74,579207.81,7890.29,14961.49,602059.59,40.33,2741408.69,63732.65
VOY-003912,Supramax,7232.8,118951.7,584.91,4.71,23.18,366101.93,11009.96,29108.98,406220.87,14.26,1696259.76,46258.24
VOY-003913,Handysize,8518.5,96636.4,836.46,2.83,27.3,228377.33,7106.63,30046.37,265530.32,25.05,2421113.49,71531.38
VOY-003914,Panamax,8878.4,168778.6,827.4,2.55,28.46,753439.61,10538.29,31612.39,795590.29,20.66,3487413.81,86822.2
VOY-003915,Supramax,3967.0,111083.0,423.79,3.89,12.71,145485.23,6591.26,32270.6,184347.09,19.78,2197306.52,121241.06
VOY-003916,Supramax,9335.7,174049.6,654.41,1.88,29.92,528697.77,4930.06,36640.06,570267.89,33.72,5868688.28,166588.01
VOY-003917,Handysize,9839.9,65524.7,484.45,5.42,31.54,152787.09,7877.33,13830.1,174494.51,28.19,1847268.6,45261.32
VOY-003918,Panamax,8769.9,12514.0,726.6,4.36,28.11,653562.95,15842.27,2967.58,672372.8,32.39,405371.22,-8223.19
VOY-003919,Capesize,11016.8,169589.7,611.39,4.64,35.31,820363.46,17033.29,42823.16,880219.91,35.63,6042535.67,129207.62
VOY-003920,Handysize,1331.6,53644.7,806.46,5.8,4.27,34418.46,14043.03,15990.29,64451.78,13.82,741386.05,67207.97
VOY-003921,Capesize,9486.6,61599.6,845.79,4.78,30.41,977249.14,24265.22,17959.14,1019473.5,14.73,907608.47,-3179.12
VOY-003922,Capesize,2776.0,38828.4,629.55,4.28,8.9,212851.81,16158.31,10480.55,239490.67,34.41,1336030.8,83228.33
VOY-003923,Supramax,1894.5,37364.0,654.83,4.53,6.07,107354.29,11857.8,11661.33,130873.43,22.37,835760.85,66504.68
VOY-003924,Panamax,3841.8,48518.2,543.21,1.82,12.31,214043.7,4943.51,11838.47,230825.68,28.65,1389956.45,82011.95
VOY-003925,Handysize,2320.4,76212.4,433.82,1.5,7.44,32263.82,1958.02,20048.98,54270.82,42.26,3220862.73,354136.92
VOY-003926,Capesize,8255.3,173591.0,671.48,4.53,26.46,675146.97,18234.24,33371.55,726752.76,29.38,5099346.35,141118.8
VOY-003927,Panamax,6336.0,178828.6,731.18,3.94,20.31,475152.73,14415.71,32857.0,522425.44,24.52,4384620.38,159260.65
VOY-003928,Panamax,2004.8,134800.6,409.92,4.9,6.43,84285.26,10048.54,22051.62,116385.42,29.23,3940336.74,337558.62
VOY-003929,Panamax,4692.4,73282.2,580.34,2.03,15.04,279303.47,5891.59,13677.63,298872.7,20.96,1535722.13,72456.91
VOY-003930,Handysize,3992.8,109058.7,727.56,5.87,12.8,93108.15,12812.06,35413.85,141334.06,17.36,1893421.76,93858.57
VOY-003931,Capesize,11440.1,133138.3,604.4,1.97,36.67,842142.44,7144.96,31680.84,880968.24,17.81,2371449.48,38576.2
VOY-003932,Handysize,4181.5,157750.1,517.99,5.56,13.4,69423.31,8643.61,24702.35,102769.27,31.19,4919886.68,254005.95
VOY-003933,Capesize,4580.3,42438.1,799.07,3.29,14.68,445771.3,15764.32,8039.7,469575.32,34.78,1476085.92,56014.86
VOY-003934,Panamax,10425.7,92549.9,770.27,3.88,33.42,823646.82,14937.73,16314.52,854899.07,35.74,3308177.11,65781.62
VOY-003935,Panamax,10321.0,86849.6,422.39,5.83,33.08,447127.61,12305.23,18410.09,477842.92,32.72,2841501.76,60752.03
VOY-003936,Supramax,9147.2,135103.5,719.05,4.06,29.32,569189.34,11674.25,32065.92,612929.52,15.68,2118007.75,45093.57
VOY-003937,Capesize,7700.0,53125.8,529.68,1.83,24.68,496742.05,5805.52,9618.89,512166.45,40.27,2139254.47,61385.18
VOY-003938,Handysize,11370.7,76800.2,701.15,3.33,36.44,255531.71,6999.63,19415.56,281946.9,27.5,2111726.19,46006.27
VOY-003939,Supramax,7994.3,52707.0,732.39,4.94,25.62,506677.67,14485.79,9749.06,530912.51,11.68,615445.99,2765.47
VOY-003940,Capesize,4223.9,72904.1,880.63,3.81,13.54,453033.7,20117.39,19212.78,492363.87,15.5,1130259.01,36775.97
VOY-003941,Panamax,7215.5,162345.9,430.63,4.73,23.13,318686.98,10180.45,32315.36,361182.8,32.16,5221725.6,174496.7
VOY-003942,Panamax,7850.4,157535.7,741.83,2.18,25.16,597297.5,8088.64,27163.77,632549.9,14.88,2344809.1,62623.47
VOY-003943,Handysize,6076.2,158863.5,777.72,4.27,19.47,151460.76,9962.05,46262.54,207685.35,10.05,1597052.68,58512.94
VOY-003944,Capesize,1302.3,143359.4,495.09,2.34,4.17,78528.06,6960.06,44373.72,129861.84,29.22,4189611.42,622939.36
VOY-003945,Supramax,10358.6,85320.4,849.88,5.24,33.2,761844.68,17825.59,18118.12,797788.39,16.25,1386318.22,15308.68
VOY-003946,Capesize,1108.3,34362.8,836.08,5.44,3.55,112863.21,27303.94,8359.16,148526.31,32.27,1108981.86,106773.53
VOY-003947,Handysize,3777.6,147727.3,748.53,5.65,12.11,90629.11,12691.56,40747.8,144068.46,37.38,5522782.92,302866.53
VOY-003948,Handysize,9468.8,132057.9,838.68,5.23,30.35,254526.37,13162.17,32194.53,299883.07,15.92,2102031.67,50650.75
VOY-003949,Handysize,10404.7,118083.6,526.32,3.48,33.35,175519.96,5499.67,16123.09,197142.72,25.24,2980892.3,75580.67
VOY-003950,Supramax,11202.1,138387.6,899.14,4.81,35.9,871641.35,17308.59,45174.57,934124.51,11.0,1522778.18,14457.32
VOY-003951,Supramax,889.1,163999.9,805.11,5.09,2.85,61948.16,16397.95,53692.8,132038.91,16.21,2658130.51,318084.12
VOY-003952,Supramax,1417.4,65574.0,493.77,4.02,4.54,60565.46,7940.78,9827.04,78333.29,35.03,2297155.69,259102.07
VOY-003953,Panamax,11232.1,17651.5,454.93,1.57,36.0,524081.71,3571.29,4628.09,532281.09,21.85,385679.87,-3902.05
VOY-003954,Capesize,2816.6,18375.2,665.16,3.11,9.03,228182.53,12431.58,3612.2,244226.31,21.84,401258.29,12932.32
VOY-003955,Capesize,8794.2,122647.3,652.39,1.84,28.19,698766.44,7214.62,21907.51,727888.56,38.7,4746783.36,133830.38
VOY-003956,Handysize,9791.6,126011.5,536.33,5.39,31.38,168316.93,8673.0,33615.31,210605.23,39.22,4941868.94,128659.23
VOY-003957,Capesize,5029.9,15647.7,457.71,4.84,16.12,280400.64,13280.64,3053.34,296734.61,33.33,521547.51,10727.13
VOY-003958,Panamax,2245.9,117968.3,458.1,2.59,7.2,105525.16,5926.71,23271.07,134722.94,35.98,4244709.66,419984.21
VOY-003959,Capesize,9705.7,74317.4,865.86,1.86,31.11,1023534.18,9655.87,22278.5,1055468.55,9.47,703906.82,-10664.16
VOY-003960,Capesize,11370.4,28075.9,785.39,3.28,36.44,1087661.58,15468.71,7342.54,1110472.84,25.43,713849.87,-9983.88
VOY-003961,Handysize,11022.1,156353.8,581.34,2.21,35.33,205372.05,3862.49,46967.48,256202.01,16.31,2550301.89,61107.39
VOY-003962,Capesize,1573.3,169173.5,817.13,4.61,5.04,156573.13,22618.41,36692.38,215883.92,31.39,5309867.47,527552.4
VOY-003963,Panamax,677.0,177446.7,476.17,5.73,2.17,33065.06,13650.6,24449.57,71165.23,23.62,4190901.44,521258.91
VOY-003964,Supramax,8433.8,83587.9,562.5,2.07,27.03,410536.3,4654.36,10237.58,425428.24,13.34,1115101.09,23700.12
VOY-003965,Panamax,11610.5,137566.8,450.35,2.44,37.21,536292.81,5489.8,26203.21,567985.83,35.63,4901740.4,109296.88
VOY-003966,Supramax,11881.4,113894.4,446.97,3.25,38.08,459577.05,5802.64,33465.8,498845.49,17.42,1983922.42,35934.85
VOY-003967,Capesize,6495.8,161029.3,795.64,1.85,20.82,629474.51,8829.27,33762.82,672066.61,12.47,2008430.84,58950.27
VOY-003968,Capesize,6493.8,90375.6,704.76,4.71,20.81,557408.92,19898.38,11760.68,589067.97,31.41,2838604.9,88150.6
VOY-003969,Handysize,3684.3,113448.8,402.91,4.33,11.81,47579.18,5228.02,34794.04,87601.24,13.45,1526274.33,89170.64
VOY-003970,Handysize,11562.9,79182.0,596.31,5.06,37.06,220998.19,9047.5,12267.77,242313.46,19.18,1518524.43,30300.75
VOY-003971,Handysize,9114.7,171483.2,833.93,1.67,29.21,243622.01,4180.92,40059.88,287862.82,15.33,2628807.06,75795.69
VOY-003972,Supramax,2697.1,175349.3,630.9,1.68,8.64,147250.67,4238.68,33696.76,185186.11,39.68,6958431.1,656065.34
VOY-003973,Handysize,8196.3,142089.7,652.5,2.95,26.27,171413.91,5775.22,25727.9,202917.04,27.98,3975273.72,129099.28
VOY-003974,Panamax,10400.8,133317.6,704.56,4.58,33.34,751593.33,16130.6,18194.06,785917.99,18.51,2468090.43,44367.12
VOY-003975,Supramax,723.4,171640.2,662.71,3.87,2.32,41486.61,10270.9,44137.07,95894.59,33.74,5791387.8,919642.02
VOY-003976,Capesize,10996.2,102103.1,559.46,1.68,35.24,749275.78,5623.11,31811.53,786710.42,8.01,817454.08,832.72
VOY-003977,Handysize,5965.7,127118.5,683.4,4.47,19.12,130671.27,9169.23,15652.66,155493.17,19.1,2427953.34,96319.01
VOY-003978,Panamax,7482.6,61964.8,406.48,5.07,23.98,311953.38,10301.3,11833.03,334087.72,25.77,1596668.08,43460.33
VOY-003979,Capesize,11478.1,147572.7,645.23,4.02,36.79,902007.03,15553.52,20341.84,937902.39,30.91,4561092.08,88789.94
VOY-003980,Capesize,10395.8,54791.0,783.59,3.22,33.32,992138.03,15144.86,8474.48,1015757.38,33.81,1852480.4,22898.17
VOY-003981,Handysize,11860.0,32289.4,803.09,4.97,38.01,305276.76,11969.36,10539.31,327785.42,37.87,1222946.72,20827.0
VOY-003982,Panamax,8060.4,51011.5,537.46,2.58,25.83,444317.8,6934.17,16508.2,467760.17,30.86,1574394.15,38945.52
VOY-003983,Capesize,3540.1,129402.2,468.17,5.53,11.35,201859.53,15547.49,24745.33,242152.35,11.75,1520103.12,75702.59
VOY-003984,Capesize,11942.6,109184.8,607.17,2.08,38.28,883155.08,7586.95,14138.9,904880.93,30.38,3317236.19,59770.71
VOY-003985,Handysize,9144.9,91438.5,579.58,3.86,29.31,169877.47,6714.77,29922.29,206514.53,39.23,3586850.02,101902.28
VOY-003986,Capesize,8796.9,156944.5,682.02,5.11,28.2,730731.05,20898.77,30117.72,781747.54,18.52,2906648.51,63806.43
VOY-003987,Handysize,3264.7,145787.6,800.61,5.42,10.46,83774.59,13006.35,28250.98,125031.93,36.05,5256269.24,323147.38
VOY-003988,Supramax,7218.7,56610.4,418.62,3.97,23.14,261512.36,6649.46,11124.56,279286.38,43.39,2456192.39,80305.18
VOY-003989,Handysize,10546.2,29037.0,654.99,5.32,33.8,221397.88,10447.06,6934.15,238779.09,42.0,1219431.74,25068.68
VOY-003990,Handysize,10669.9,68992.8,458.19,2.11,34.2,156695.07,2894.65,18336.97,177926.69,30.44,2099938.87,52941.66
VOY-003991,Supramax,6197.6,174405.4,871.22,4.02,19.86,467261.49,14006.89,28049.27,509317.65,42.95,7491380.65,292339.71
VOY-003992,Panamax,7996.4,163113.9,628.62,3.91,25.63,515556.01,12295.28,43980.7,571832.0,31.36,5114736.35,153781.96
VOY-003993,Supramax,8988.8,83806.1,414.55,2.86,28.81,322468.59,4746.48,11203.87,338418.94,23.3,1952695.58,50967.45
VOY-003994,Panamax,8946.9,168866.7,492.14,3.41,28.68,451606.85,8395.9,41991.6,501994.35,19.26,3251534.44,85687.28
VOY-003995,Handysize,9215.0,175501.2,529.14,3.68,29.54,156281.29,5845.61,21754.24,183881.14,30.79,5403820.39,157143.57
VOY-003996,Handysize,9467.5,10613.6,625.85,2.25,30.34,189910.99,4233.07,1353.42,195497.48,43.32,459747.22,8106.02
VOY-003997,Panamax,11873.9,62437.9,451.32,4.89,38.06,549629.69,11028.63,11787.48,572445.8,38.01,2373240.62,41932.74
VOY-003998,Panamax,6465.0,128531.1,644.44,4.86,20.72,427316.38,15662.1,22199.42,465177.9,26.21,3369141.55,113515.89
VOY-003999,Handysize,6011.2,62497.0,450.58,5.31,19.27,86810.43,7175.04,19690.01,113675.47,43.6,2725036.47,106262.8
VOY-004000,Handysize,8458.6,34076.1,602.97,2.41,27.11,163469.49,4363.36,6232.85,174065.7,44.54,1517781.48,45514.13
